------------------------------------------
IncrediBuild Console 10.36.0 (build 18415)
------------------------------------------
Build Log            02-Oct-26 11:53:14 AM
------------------------------------------

 
Build ID: {DC7469E3-71EB-42A0-ACBE-8104D43F7D6A}
 
"Compiling: threadx/common/src/txe_event_flags_create.c"
clang -Wall -Wextra -g -O0 -DTX_INCLUDE_USER_DEFINE_FILE -Ithreadx/common/inc -Ithreadx_port/inc -I. -c threadx/common/src/txe_event_flags_create.c -o build_threadx/tx_common/txe_event_flags_create.o
"Compiling: threadx/common/src/txe_mutex_delete.c"
clang -Wall -Wextra -g -O0 -DTX_INCLUDE_USER_DEFINE_FILE -Ithreadx/common/inc -Ithreadx_port/inc -I. -c threadx/common/src/txe_mutex_delete.c -o build_threadx/tx_common/txe_mutex_delete.o
"Compiling: threadx/common/src/txe_semaphore_prioritize.c"
clang -Wall -Wextra -g -O0 -DTX_INCLUDE_USER_DEFINE_FILE -Ithreadx/common/inc -Ithreadx_port/inc -I. -c threadx/common/src/txe_semaphore_prioritize.c -o build_threadx/tx_common/txe_semaphore_prioritize.o
"Compiling: threadx/common/src/txe_thread_reset.c"
clang -Wall -Wextra -g -O0 -DTX_INCLUDE_USER_DEFINE_FILE -Ithreadx/common/inc -Ithreadx_port/inc -I. -c threadx/common/src/txe_thread_reset.c -o build_threadx/tx_common/txe_thread_reset.o
"Compiling: threadx/common/src/txe_semaphore_get.c"
"Compiling: threadx/common/src/txe_event_flags_info_get.c"
clang -Wall -Wextra -g -O0 -DTX_INCLUDE_USER_DEFINE_FILE -Ithreadx/common/inc -Ithreadx_port/inc -I. -c threadx/common/src/txe_semaphore_get.c -o build_threadx/tx_common/txe_semaphore_get.o
clang -Wall -Wextra -g -O0 -DTX_INCLUDE_USER_DEFINE_FILE -Ithreadx/common/inc -Ithreadx_port/inc -I. -c threadx/common/src/txe_event_flags_info_get.c -o build_threadx/tx_common/txe_event_flags_info_get.o
"Compiling: threadx/common/src/txe_timer_create.c"
clang -Wall -Wextra -g -O0 -DTX_INCLUDE_USER_DEFINE_FILE -Ithreadx/common/inc -Ithreadx_port/inc -I. -c threadx/common/src/txe_timer_create.c -o build_threadx/tx_common/txe_timer_create.o
"Compiling: threadx/common/src/txe_block_release.c"
"Compiling: threadx/common/src/txe_byte_pool_info_get.c"
clang -Wall -Wextra -g -O0 -DTX_INCLUDE_USER_DEFINE_FILE -Ithreadx/common/inc -Ithreadx_port/inc -I. -c threadx/common/src/txe_block_release.c -o build_threadx/tx_common/txe_block_release.o
clang -Wall -Wextra -g -O0 -DTX_INCLUDE_USER_DEFINE_FILE -Ithreadx/common/inc -Ithreadx_port/inc -I. -c threadx/common/src/txe_byte_pool_info_get.c -o build_threadx/tx_common/txe_byte_pool_info_get.o
"Compiling: threadx/common/src/txe_queue_send_notify.c"
clang -Wall -Wextra -g -O0 -DTX_INCLUDE_USER_DEFINE_FILE -Ithreadx/common/inc -Ithreadx_port/inc -I. -c threadx/common/src/txe_queue_send_notify.c -o build_threadx/tx_common/txe_queue_send_notify.o
"Compiling: threadx/common/src/txe_mutex_put.c"
clang -Wall -Wextra -g -O0 -DTX_INCLUDE_USER_DEFINE_FILE -Ithreadx/common/inc -Ithreadx_port/inc -I. -c threadx/common/src/txe_mutex_put.c -o build_threadx/tx_common/txe_mutex_put.o
"Compiling: threadx/common/src/txe_semaphore_delete.c"
clang -Wall -Wextra -g -O0 -DTX_INCLUDE_USER_DEFINE_FILE -Ithreadx/common/inc -Ithreadx_port/inc -I. -c threadx/common/src/txe_semaphore_delete.c -o build_threadx/tx_common/txe_semaphore_delete.o
"Compiling: threadx/common/src/txe_timer_deactivate.c"
clang -Wall -Wextra -g -O0 -DTX_INCLUDE_USER_DEFINE_FILE -Ithreadx/common/inc -Ithreadx_port/inc -I. -c threadx/common/src/txe_timer_deactivate.c -o build_threadx/tx_common/txe_timer_deactivate.o
"Compiling: threadx/common/src/txe_timer_info_get.c"
clang -Wall -Wextra -g -O0 -DTX_INCLUDE_USER_DEFINE_FILE -Ithreadx/common/inc -Ithreadx_port/inc -I. -c threadx/common/src/txe_timer_info_get.c -o build_threadx/tx_common/txe_timer_info_get.o
"Compiling: threadx/common/src/txe_mutex_prioritize.c"
clang -Wall -Wextra -g -O0 -DTX_INCLUDE_USER_DEFINE_FILE -Ithreadx/common/inc -Ithreadx_port/inc -I. -c threadx/common/src/txe_mutex_prioritize.c -o build_threadx/tx_common/txe_mutex_prioritize.o
"Compiling: threadx/common/src/txe_event_flags_set.c"
"Compiling: threadx/common/src/txe_event_flags_get.c"
clang -Wall -Wextra -g -O0 -DTX_INCLUDE_USER_DEFINE_FILE -Ithreadx/common/inc -Ithreadx_port/inc -I. -c threadx/common/src/txe_event_flags_set.c -o build_threadx/tx_common/txe_event_flags_set.o
clang -Wall -Wextra -g -O0 -DTX_INCLUDE_USER_DEFINE_FILE -Ithreadx/common/inc -Ithreadx_port/inc -I. -c threadx/common/src/txe_event_flags_get.c -o build_threadx/tx_common/txe_event_flags_get.o
"Compiling: threadx/common/src/txe_thread_delete.c"
clang -Wall -Wextra -g -O0 -DTX_INCLUDE_USER_DEFINE_FILE -Ithreadx/common/inc -Ithreadx_port/inc -I. -c threadx/common/src/txe_thread_delete.c -o build_threadx/tx_common/txe_thread_delete.o
"Compiling: threadx/common/src/txe_thread_info_get.c"
clang -Wall -Wextra -g -O0 -DTX_INCLUDE_USER_DEFINE_FILE -Ithreadx/common/inc -Ithreadx_port/inc -I. -c threadx/common/src/txe_thread_info_get.c -o build_threadx/tx_common/txe_thread_info_get.o
"Compiling: threadx/common/src/txe_semaphore_put_notify.c"
"Compiling: threadx/common/src/txe_block_pool_create.c"
clang -Wall -Wextra -g -O0 -DTX_INCLUDE_USER_DEFINE_FILE -Ithreadx/common/inc -Ithreadx_port/inc -I. -c threadx/common/src/txe_semaphore_put_notify.c -o build_threadx/tx_common/txe_semaphore_put_notify.o
clang -Wall -Wextra -g -O0 -DTX_INCLUDE_USER_DEFINE_FILE -Ithreadx/common/inc -Ithreadx_port/inc -I. -c threadx/common/src/txe_block_pool_create.c -o build_threadx/tx_common/txe_block_pool_create.o
"Compiling: threadx/common/src/txe_block_pool_info_get.c"
clang -Wall -Wextra -g -O0 -DTX_INCLUDE_USER_DEFINE_FILE -Ithreadx/common/inc -Ithreadx_port/inc -I. -c threadx/common/src/txe_block_pool_info_get.c -o build_threadx/tx_common/txe_block_pool_info_get.o
"Compiling: threadx/common/src/txe_queue_delete.c"
"Compiling: threadx/common/src/txe_semaphore_ceiling_put.c"
"Compiling: threadx/common/src/txe_block_allocate.c"
clang -Wall -Wextra -g -O0 -DTX_INCLUDE_USER_DEFINE_FILE -Ithreadx/common/inc -Ithreadx_port/inc -I. -c threadx/common/src/txe_semaphore_ceiling_put.c -o build_threadx/tx_common/txe_semaphore_ceiling_put.o
clang -Wall -Wextra -g -O0 -DTX_INCLUDE_USER_DEFINE_FILE -Ithreadx/common/inc -Ithreadx_port/inc -I. -c threadx/common/src/txe_queue_delete.c -o build_threadx/tx_common/txe_queue_delete.o
clang -Wall -Wextra -g -O0 -DTX_INCLUDE_USER_DEFINE_FILE -Ithreadx/common/inc -Ithreadx_port/inc -I. -c threadx/common/src/txe_block_allocate.c -o build_threadx/tx_common/txe_block_allocate.o
"Compiling: threadx/common/src/txe_queue_front_send.c"
"Compiling: threadx/common/src/txe_mutex_info_get.c"
"Compiling: threadx/common/src/txe_block_pool_delete.c"
"Compiling: threadx/common/src/txe_thread_time_slice_change.c"
"Compiling: threadx/common/src/txe_thread_relinquish.c"
clang -Wall -Wextra -g -O0 -DTX_INCLUDE_USER_DEFINE_FILE -Ithreadx/common/inc -Ithreadx_port/inc -I. -c threadx/common/src/txe_thread_time_slice_change.c -o build_threadx/tx_common/txe_thread_time_slice_change.o
clang -Wall -Wextra -g -O0 -DTX_INCLUDE_USER_DEFINE_FILE -Ithreadx/common/inc -Ithreadx_port/inc -I. -c threadx/common/src/txe_mutex_info_get.c -o build_threadx/tx_common/txe_mutex_info_get.o
clang -Wall -Wextra -g -O0 -DTX_INCLUDE_USER_DEFINE_FILE -Ithreadx/common/inc -Ithreadx_port/inc -I. -c threadx/common/src/txe_queue_front_send.c -o build_threadx/tx_common/txe_queue_front_send.o
clang -Wall -Wextra -g -O0 -DTX_INCLUDE_USER_DEFINE_FILE -Ithreadx/common/inc -Ithreadx_port/inc -I. -c threadx/common/src/txe_block_pool_delete.c -o build_threadx/tx_common/txe_block_pool_delete.o
clang -Wall -Wextra -g -O0 -DTX_INCLUDE_USER_DEFINE_FILE -Ithreadx/common/inc -Ithreadx_port/inc -I. -c threadx/common/src/txe_thread_relinquish.c -o build_threadx/tx_common/txe_thread_relinquish.o
"Compiling: threadx/common/src/txe_byte_pool_delete.c"
"Compiling: threadx/common/src/txe_semaphore_create.c"
clang -Wall -Wextra -g -O0 -DTX_INCLUDE_USER_DEFINE_FILE -Ithreadx/common/inc -Ithreadx_port/inc -I. -c threadx/common/src/txe_byte_pool_delete.c -o build_threadx/tx_common/txe_byte_pool_delete.o
clang -Wall -Wextra -g -O0 -DTX_INCLUDE_USER_DEFINE_FILE -Ithreadx/common/inc -Ithreadx_port/inc -I. -c threadx/common/src/txe_semaphore_create.c -o build_threadx/tx_common/txe_semaphore_create.o
"Compiling: threadx/common/src/txe_mutex_create.c"
"Compiling: threadx/common/src/txe_byte_allocate.c"
clang -Wall -Wextra -g -O0 -DTX_INCLUDE_USER_DEFINE_FILE -Ithreadx/common/inc -Ithreadx_port/inc -I. -c threadx/common/src/txe_mutex_create.c -o build_threadx/tx_common/txe_mutex_create.o
clang -Wall -Wextra -g -O0 -DTX_INCLUDE_USER_DEFINE_FILE -Ithreadx/common/inc -Ithreadx_port/inc -I. -c threadx/common/src/txe_byte_allocate.c -o build_threadx/tx_common/txe_byte_allocate.o
"Compiling: threadx/common/src/txe_byte_pool_prioritize.c"
clang -Wall -Wextra -g -O0 -DTX_INCLUDE_USER_DEFINE_FILE -Ithreadx/common/inc -Ithreadx_port/inc -I. -c threadx/common/src/txe_byte_pool_prioritize.c -o build_threadx/tx_common/txe_byte_pool_prioritize.o
"Compiling: threadx/common/src/txe_thread_priority_change.c"
clang -Wall -Wextra -g -O0 -DTX_INCLUDE_USER_DEFINE_FILE -Ithreadx/common/inc -Ithreadx_port/inc -I. -c threadx/common/src/txe_thread_priority_change.c -o build_threadx/tx_common/txe_thread_priority_change.o
"Compiling: threadx/common/src/txe_thread_preemption_change.c"
"Compiling: threadx/common/src/txe_semaphore_info_get.c"
clang -Wall -Wextra -g -O0 -DTX_INCLUDE_USER_DEFINE_FILE -Ithreadx/common/inc -Ithreadx_port/inc -I. -c threadx/common/src/txe_thread_preemption_change.c -o build_threadx/tx_common/txe_thread_preemption_change.o
clang -Wall -Wextra -g -O0 -DTX_INCLUDE_USER_DEFINE_FILE -Ithreadx/common/inc -Ithreadx_port/inc -I. -c threadx/common/src/txe_semaphore_info_get.c -o build_threadx/tx_common/txe_semaphore_info_get.o
"Compiling: threadx/common/src/txe_thread_wait_abort.c"
clang -Wall -Wextra -g -O0 -DTX_INCLUDE_USER_DEFINE_FILE -Ithreadx/common/inc -Ithreadx_port/inc -I. -c threadx/common/src/txe_thread_wait_abort.c -o build_threadx/tx_common/txe_thread_wait_abort.o
"Compiling: threadx/common/src/txe_thread_create.c"
"Compiling: threadx/common/src/txe_timer_change.c"
clang -Wall -Wextra -g -O0 -DTX_INCLUDE_USER_DEFINE_FILE -Ithreadx/common/inc -Ithreadx_port/inc -I. -c threadx/common/src/txe_thread_create.c -o build_threadx/tx_common/txe_thread_create.o
clang -Wall -Wextra -g -O0 -DTX_INCLUDE_USER_DEFINE_FILE -Ithreadx/common/inc -Ithreadx_port/inc -I. -c threadx/common/src/txe_timer_change.c -o build_threadx/tx_common/txe_timer_change.o
"Compiling: threadx/common/src/txe_event_flags_delete.c"
clang -Wall -Wextra -g -O0 -DTX_INCLUDE_USER_DEFINE_FILE -Ithreadx/common/inc -Ithreadx_port/inc -I. -c threadx/common/src/txe_event_flags_delete.c -o build_threadx/tx_common/txe_event_flags_delete.o
"Compiling: threadx/common/src/txe_semaphore_put.c"
clang -Wall -Wextra -g -O0 -DTX_INCLUDE_USER_DEFINE_FILE -Ithreadx/common/inc -Ithreadx_port/inc -I. -c threadx/common/src/txe_semaphore_put.c -o build_threadx/tx_common/txe_semaphore_put.o
"Compiling: threadx/common/src/txe_timer_activate.c"
clang -Wall -Wextra -g -O0 -DTX_INCLUDE_USER_DEFINE_FILE -Ithreadx/common/inc -Ithreadx_port/inc -I. -c threadx/common/src/txe_timer_activate.c -o build_threadx/tx_common/txe_timer_activate.o
"Compiling: threadx/common/src/txe_thread_entry_exit_notify.c"
clang -Wall -Wextra -g -O0 -DTX_INCLUDE_USER_DEFINE_FILE -Ithreadx/common/inc -Ithreadx_port/inc -I. -c threadx/common/src/txe_thread_entry_exit_notify.c -o build_threadx/tx_common/txe_thread_entry_exit_notify.o
"Compiling: threadx/common/src/txe_queue_create.c"
clang -Wall -Wextra -g -O0 -DTX_INCLUDE_USER_DEFINE_FILE -Ithreadx/common/inc -Ithreadx_port/inc -I. -c threadx/common/src/txe_queue_create.c -o build_threadx/tx_common/txe_queue_create.o
"Compiling: threadx/common/src/txe_thread_resume.c"
clang -Wall -Wextra -g -O0 -DTX_INCLUDE_USER_DEFINE_FILE -Ithreadx/common/inc -Ithreadx_port/inc -I. -c threadx/common/src/txe_thread_resume.c -o build_threadx/tx_common/txe_thread_resume.o
"Compiling: threadx/common/src/txe_timer_delete.c"
clang -Wall -Wextra -g -O0 -DTX_INCLUDE_USER_DEFINE_FILE -Ithreadx/common/inc -Ithreadx_port/inc -I. -c threadx/common/src/txe_timer_delete.c -o build_threadx/tx_common/txe_timer_delete.o
"Compiling: threadx/common/src/txe_event_flags_set_notify.c"
clang -Wall -Wextra -g -O0 -DTX_INCLUDE_USER_DEFINE_FILE -Ithreadx/common/inc -Ithreadx_port/inc -I. -c threadx/common/src/txe_event_flags_set_notify.c -o build_threadx/tx_common/txe_event_flags_set_notify.o
"Compiling: threadx/common/src/txe_queue_info_get.c"
clang -Wall -Wextra -g -O0 -DTX_INCLUDE_USER_DEFINE_FILE -Ithreadx/common/inc -Ithreadx_port/inc -I. -c threadx/common/src/txe_queue_info_get.c -o build_threadx/tx_common/txe_queue_info_get.o
"Compiling: threadx/common/src/txe_queue_prioritize.c"
clang -Wall -Wextra -g -O0 -DTX_INCLUDE_USER_DEFINE_FILE -Ithreadx/common/inc -Ithreadx_port/inc -I. -c threadx/common/src/txe_queue_prioritize.c -o build_threadx/tx_common/txe_queue_prioritize.o
"Compiling: threadx/common/src/txe_queue_send.c"
clang -Wall -Wextra -g -O0 -DTX_INCLUDE_USER_DEFINE_FILE -Ithreadx/common/inc -Ithreadx_port/inc -I. -c threadx/common/src/txe_queue_send.c -o build_threadx/tx_common/txe_queue_send.o
"Compiling: threadx/common/src/txe_byte_release.c"
clang -Wall -Wextra -g -O0 -DTX_INCLUDE_USER_DEFINE_FILE -Ithreadx/common/inc -Ithreadx_port/inc -I. -c threadx/common/src/txe_byte_release.c -o build_threadx/tx_common/txe_byte_release.o
"Compiling: threadx/common/src/txe_thread_suspend.c"
clang -Wall -Wextra -g -O0 -DTX_INCLUDE_USER_DEFINE_FILE -Ithreadx/common/inc -Ithreadx_port/inc -I. -c threadx/common/src/txe_thread_suspend.c -o build_threadx/tx_common/txe_thread_suspend.o
"Compiling: threadx/common/src/txe_block_pool_prioritize.c"
clang -Wall -Wextra -g -O0 -DTX_INCLUDE_USER_DEFINE_FILE -Ithreadx/common/inc -Ithreadx_port/inc -I. -c threadx/common/src/txe_block_pool_prioritize.c -o build_threadx/tx_common/txe_block_pool_prioritize.o
"Compiling: threadx/common/src/txe_queue_receive.c"
clang -Wall -Wextra -g -O0 -DTX_INCLUDE_USER_DEFINE_FILE -Ithreadx/common/inc -Ithreadx_port/inc -I. -c threadx/common/src/txe_queue_receive.c -o build_threadx/tx_common/txe_queue_receive.o
"Compiling: threadx/common/src/txe_byte_pool_create.c"
clang -Wall -Wextra -g -O0 -DTX_INCLUDE_USER_DEFINE_FILE -Ithreadx/common/inc -Ithreadx_port/inc -I. -c threadx/common/src/txe_byte_pool_create.c -o build_threadx/tx_common/txe_byte_pool_create.o
"Compiling: threadx/common/src/txe_thread_terminate.c"
clang -Wall -Wextra -g -O0 -DTX_INCLUDE_USER_DEFINE_FILE -Ithreadx/common/inc -Ithreadx_port/inc -I. -c threadx/common/src/txe_thread_terminate.c -o build_threadx/tx_common/txe_thread_terminate.o
"Compiling: threadx/common/src/txe_mutex_get.c"
clang -Wall -Wextra -g -O0 -DTX_INCLUDE_USER_DEFINE_FILE -Ithreadx/common/inc -Ithreadx_port/inc -I. -c threadx/common/src/txe_mutex_get.c -o build_threadx/tx_common/txe_mutex_get.o
"Compiling: threadx/common/src/txe_queue_flush.c"
clang -Wall -Wextra -g -O0 -DTX_INCLUDE_USER_DEFINE_FILE -Ithreadx/common/inc -Ithreadx_port/inc -I. -c threadx/common/src/txe_queue_flush.c -o build_threadx/tx_common/txe_queue_flush.o
"Compiling: threadx/common/src/tx_block_allocate.c"
clang -Wall -Wextra -g -O0 -DTX_INCLUDE_USER_DEFINE_FILE -Ithreadx/common/inc -Ithreadx_port/inc -I. -c threadx/common/src/tx_block_allocate.c -o build_threadx/tx_common/tx_block_allocate.o
"Compiling: threadx/common/src/tx_block_pool_cleanup.c"
clang -Wall -Wextra -g -O0 -DTX_INCLUDE_USER_DEFINE_FILE -Ithreadx/common/inc -Ithreadx_port/inc -I. -c threadx/common/src/tx_block_pool_cleanup.c -o build_threadx/tx_common/tx_block_pool_cleanup.o
"Compiling: threadx/common/src/tx_block_pool_create.c"
clang -Wall -Wextra -g -O0 -DTX_INCLUDE_USER_DEFINE_FILE -Ithreadx/common/inc -Ithreadx_port/inc -I. -c threadx/common/src/tx_block_pool_create.c -o build_threadx/tx_common/tx_block_pool_create.o
"Compiling: threadx/common/src/tx_block_pool_delete.c"
clang -Wall -Wextra -g -O0 -DTX_INCLUDE_USER_DEFINE_FILE -Ithreadx/common/inc -Ithreadx_port/inc -I. -c threadx/common/src/tx_block_pool_delete.c -o build_threadx/tx_common/tx_block_pool_delete.o
"Compiling: threadx/common/src/tx_block_pool_info_get.c"
"Compiling: threadx/common/src/tx_block_pool_initialize.c"
"Compiling: threadx/common/src/tx_block_pool_performance_info_get.c"
"Compiling: threadx/common/src/tx_block_pool_prioritize.c"
clang -Wall -Wextra -g -O0 -DTX_INCLUDE_USER_DEFINE_FILE -Ithreadx/common/inc -Ithreadx_port/inc -I. -c threadx/common/src/tx_block_pool_info_get.c -o build_threadx/tx_common/tx_block_pool_info_get.o
"Compiling: threadx/common/src/tx_byte_pool_delete.c"
"Compiling: threadx/common/src/tx_block_pool_performance_system_info_get.c"
clang -Wall -Wextra -g -O0 -DTX_INCLUDE_USER_DEFINE_FILE -Ithreadx/common/inc -Ithreadx_port/inc -I. -c threadx/common/src/tx_block_pool_initialize.c -o build_threadx/tx_common/tx_block_pool_initialize.o
"Compiling: threadx/common/src/tx_block_release.c"
"Compiling: threadx/common/src/tx_byte_pool_cleanup.c"
clang -Wall -Wextra -g -O0 -DTX_INCLUDE_USER_DEFINE_FILE -Ithreadx/common/inc -Ithreadx_port/inc -I. -c threadx/common/src/tx_block_pool_performance_info_get.c -o build_threadx/tx_common/tx_block_pool_performance_info_get.o
"Compiling: threadx/common/src/tx_byte_pool_create.c"
"Compiling: threadx/common/src/tx_byte_allocate.c"
clang -Wall -Wextra -g -O0 -DTX_INCLUDE_USER_DEFINE_FILE -Ithreadx/common/inc -Ithreadx_port/inc -I. -c threadx/common/src/tx_block_pool_performance_system_info_get.c -o build_threadx/tx_common/tx_block_pool_performance_system_info_get.o
clang -Wall -Wextra -g -O0 -DTX_INCLUDE_USER_DEFINE_FILE -Ithreadx/common/inc -Ithreadx_port/inc -I. -c threadx/common/src/tx_block_pool_prioritize.c -o build_threadx/tx_common/tx_block_pool_prioritize.o
clang -Wall -Wextra -g -O0 -DTX_INCLUDE_USER_DEFINE_FILE -Ithreadx/common/inc -Ithreadx_port/inc -I. -c threadx/common/src/tx_block_release.c -o build_threadx/tx_common/tx_block_release.o
clang -Wall -Wextra -g -O0 -DTX_INCLUDE_USER_DEFINE_FILE -Ithreadx/common/inc -Ithreadx_port/inc -I. -c threadx/common/src/tx_byte_allocate.c -o build_threadx/tx_common/tx_byte_allocate.o
"Compiling: threadx/common/src/tx_byte_pool_info_get.c"
clang -Wall -Wextra -g -O0 -DTX_INCLUDE_USER_DEFINE_FILE -Ithreadx/common/inc -Ithreadx_port/inc -I. -c threadx/common/src/tx_byte_pool_cleanup.c -o build_threadx/tx_common/tx_byte_pool_cleanup.o
clang -Wall -Wextra -g -O0 -DTX_INCLUDE_USER_DEFINE_FILE -Ithreadx/common/inc -Ithreadx_port/inc -I. -c threadx/common/src/tx_byte_pool_create.c -o build_threadx/tx_common/tx_byte_pool_create.o
clang -Wall -Wextra -g -O0 -DTX_INCLUDE_USER_DEFINE_FILE -Ithreadx/common/inc -Ithreadx_port/inc -I. -c threadx/common/src/tx_byte_pool_delete.c -o build_threadx/tx_common/tx_byte_pool_delete.o
"Compiling: threadx/common/src/tx_byte_pool_initialize.c"
clang -Wall -Wextra -g -O0 -DTX_INCLUDE_USER_DEFINE_FILE -Ithreadx/common/inc -Ithreadx_port/inc -I. -c threadx/common/src/tx_byte_pool_info_get.c -o build_threadx/tx_common/tx_byte_pool_info_get.o
"Compiling: threadx/common/src/tx_byte_pool_performance_info_get.c"
clang -Wall -Wextra -g -O0 -DTX_INCLUDE_USER_DEFINE_FILE -Ithreadx/common/inc -Ithreadx_port/inc -I. -c threadx/common/src/tx_byte_pool_initialize.c -o build_threadx/tx_common/tx_byte_pool_initialize.o
"Compiling: threadx/common/src/tx_byte_pool_performance_system_info_get.c"
clang -Wall -Wextra -g -O0 -DTX_INCLUDE_USER_DEFINE_FILE -Ithreadx/common/inc -Ithreadx_port/inc -I. -c threadx/common/src/tx_byte_pool_performance_info_get.c -o build_threadx/tx_common/tx_byte_pool_performance_info_get.o
clang -Wall -Wextra -g -O0 -DTX_INCLUDE_USER_DEFINE_FILE -Ithreadx/common/inc -Ithreadx_port/inc -I. -c threadx/common/src/tx_byte_pool_performance_system_info_get.c -o build_threadx/tx_common/tx_byte_pool_performance_system_info_get.o
"Compiling: threadx/common/src/tx_byte_pool_prioritize.c"
clang -Wall -Wextra -g -O0 -DTX_INCLUDE_USER_DEFINE_FILE -Ithreadx/common/inc -Ithreadx_port/inc -I. -c threadx/common/src/tx_byte_pool_prioritize.c -o build_threadx/tx_common/tx_byte_pool_prioritize.o
"Compiling: threadx/common/src/tx_byte_pool_search.c"
clang -Wall -Wextra -g -O0 -DTX_INCLUDE_USER_DEFINE_FILE -Ithreadx/common/inc -Ithreadx_port/inc -I. -c threadx/common/src/tx_byte_pool_search.c -o build_threadx/tx_common/tx_byte_pool_search.o
"Compiling: threadx/common/src/tx_byte_release.c"
"Compiling: threadx/common/src/tx_event_flags_cleanup.c"
clang -Wall -Wextra -g -O0 -DTX_INCLUDE_USER_DEFINE_FILE -Ithreadx/common/inc -Ithreadx_port/inc -I. -c threadx/common/src/tx_byte_release.c -o build_threadx/tx_common/tx_byte_release.o
clang -Wall -Wextra -g -O0 -DTX_INCLUDE_USER_DEFINE_FILE -Ithreadx/common/inc -Ithreadx_port/inc -I. -c threadx/common/src/tx_event_flags_cleanup.c -o build_threadx/tx_common/tx_event_flags_cleanup.o
"Compiling: threadx/common/src/tx_event_flags_delete.c"
"Compiling: threadx/common/src/tx_event_flags_create.c"
"Compiling: threadx/common/src/tx_event_flags_get.c"
clang -Wall -Wextra -g -O0 -DTX_INCLUDE_USER_DEFINE_FILE -Ithreadx/common/inc -Ithreadx_port/inc -I. -c threadx/common/src/tx_event_flags_create.c -o build_threadx/tx_common/tx_event_flags_create.o
clang -Wall -Wextra -g -O0 -DTX_INCLUDE_USER_DEFINE_FILE -Ithreadx/common/inc -Ithreadx_port/inc -I. -c threadx/common/src/tx_event_flags_delete.c -o build_threadx/tx_common/tx_event_flags_delete.o
clang -Wall -Wextra -g -O0 -DTX_INCLUDE_USER_DEFINE_FILE -Ithreadx/common/inc -Ithreadx_port/inc -I. -c threadx/common/src/tx_event_flags_get.c -o build_threadx/tx_common/tx_event_flags_get.o
"Compiling: threadx/common/src/tx_event_flags_info_get.c"
"Compiling: threadx/common/src/tx_event_flags_initialize.c"
clang -Wall -Wextra -g -O0 -DTX_INCLUDE_USER_DEFINE_FILE -Ithreadx/common/inc -Ithreadx_port/inc -I. -c threadx/common/src/tx_event_flags_info_get.c -o build_threadx/tx_common/tx_event_flags_info_get.o
clang -Wall -Wextra -g -O0 -DTX_INCLUDE_USER_DEFINE_FILE -Ithreadx/common/inc -Ithreadx_port/inc -I. -c threadx/common/src/tx_event_flags_initialize.c -o build_threadx/tx_common/tx_event_flags_initialize.o
"Compiling: threadx/common/src/tx_event_flags_performance_info_get.c"
clang -Wall -Wextra -g -O0 -DTX_INCLUDE_USER_DEFINE_FILE -Ithreadx/common/inc -Ithreadx_port/inc -I. -c threadx/common/src/tx_event_flags_performance_info_get.c -o build_threadx/tx_common/tx_event_flags_performance_info_get.o
"Compiling: threadx/common/src/tx_event_flags_performance_system_info_get.c"
clang -Wall -Wextra -g -O0 -DTX_INCLUDE_USER_DEFINE_FILE -Ithreadx/common/inc -Ithreadx_port/inc -I. -c threadx/common/src/tx_event_flags_performance_system_info_get.c -o build_threadx/tx_common/tx_event_flags_performance_system_info_get.o
"Compiling: threadx/common/src/tx_event_flags_set_notify.c"
clang -Wall -Wextra -g -O0 -DTX_INCLUDE_USER_DEFINE_FILE -Ithreadx/common/inc -Ithreadx_port/inc -I. -c threadx/common/src/tx_event_flags_set_notify.c -o build_threadx/tx_common/tx_event_flags_set_notify.o
"Compiling: threadx/common/src/tx_event_flags_set.c"
clang -Wall -Wextra -g -O0 -DTX_INCLUDE_USER_DEFINE_FILE -Ithreadx/common/inc -Ithreadx_port/inc -I. -c threadx/common/src/tx_event_flags_set.c -o build_threadx/tx_common/tx_event_flags_set.o
"Compiling: threadx/common/src/tx_initialize_high_level.c"
clang -Wall -Wextra -g -O0 -DTX_INCLUDE_USER_DEFINE_FILE -Ithreadx/common/inc -Ithreadx_port/inc -I. -c threadx/common/src/tx_initialize_high_level.c -o build_threadx/tx_common/tx_initialize_high_level.o
"Compiling: threadx/common/src/tx_initialize_kernel_enter.c"
"Compiling: threadx/common/src/tx_initialize_kernel_setup.c"
clang -Wall -Wextra -g -O0 -DTX_INCLUDE_USER_DEFINE_FILE -Ithreadx/common/inc -Ithreadx_port/inc -I. -c threadx/common/src/tx_initialize_kernel_enter.c -o build_threadx/tx_common/tx_initialize_kernel_enter.o
"Compiling: threadx/common/src/tx_mutex_cleanup.c"
clang -Wall -Wextra -g -O0 -DTX_INCLUDE_USER_DEFINE_FILE -Ithreadx/common/inc -Ithreadx_port/inc -I. -c threadx/common/src/tx_initialize_kernel_setup.c -o build_threadx/tx_common/tx_initialize_kernel_setup.o
clang -Wall -Wextra -g -O0 -DTX_INCLUDE_USER_DEFINE_FILE -Ithreadx/common/inc -Ithreadx_port/inc -I. -c threadx/common/src/tx_mutex_cleanup.c -o build_threadx/tx_common/tx_mutex_cleanup.o
"Compiling: threadx/common/src/tx_mutex_create.c"
clang -Wall -Wextra -g -O0 -DTX_INCLUDE_USER_DEFINE_FILE -Ithreadx/common/inc -Ithreadx_port/inc -I. -c threadx/common/src/tx_mutex_create.c -o build_threadx/tx_common/tx_mutex_create.o
"Compiling: threadx/common/src/tx_mutex_delete.c"
"Compiling: threadx/common/src/tx_mutex_get.c"
clang -Wall -Wextra -g -O0 -DTX_INCLUDE_USER_DEFINE_FILE -Ithreadx/common/inc -Ithreadx_port/inc -I. -c threadx/common/src/tx_mutex_delete.c -o build_threadx/tx_common/tx_mutex_delete.o
clang -Wall -Wextra -g -O0 -DTX_INCLUDE_USER_DEFINE_FILE -Ithreadx/common/inc -Ithreadx_port/inc -I. -c threadx/common/src/tx_mutex_get.c -o build_threadx/tx_common/tx_mutex_get.o
"Compiling: threadx/common/src/tx_mutex_info_get.c"
clang -Wall -Wextra -g -O0 -DTX_INCLUDE_USER_DEFINE_FILE -Ithreadx/common/inc -Ithreadx_port/inc -I. -c threadx/common/src/tx_mutex_info_get.c -o build_threadx/tx_common/tx_mutex_info_get.o
"Compiling: threadx/common/src/tx_mutex_initialize.c"
clang -Wall -Wextra -g -O0 -DTX_INCLUDE_USER_DEFINE_FILE -Ithreadx/common/inc -Ithreadx_port/inc -I. -c threadx/common/src/tx_mutex_initialize.c -o build_threadx/tx_common/tx_mutex_initialize.o
"Compiling: threadx/common/src/tx_mutex_performance_info_get.c"
clang -Wall -Wextra -g -O0 -DTX_INCLUDE_USER_DEFINE_FILE -Ithreadx/common/inc -Ithreadx_port/inc -I. -c threadx/common/src/tx_mutex_performance_info_get.c -o build_threadx/tx_common/tx_mutex_performance_info_get.o
"Compiling: threadx/common/src/tx_mutex_prioritize.c"
"Compiling: threadx/common/src/tx_mutex_performance_system_info_get.c"
clang -Wall -Wextra -g -O0 -DTX_INCLUDE_USER_DEFINE_FILE -Ithreadx/common/inc -Ithreadx_port/inc -I. -c threadx/common/src/tx_mutex_prioritize.c -o build_threadx/tx_common/tx_mutex_prioritize.o
"Compiling: threadx/common/src/tx_mutex_priority_change.c"
clang -Wall -Wextra -g -O0 -DTX_INCLUDE_USER_DEFINE_FILE -Ithreadx/common/inc -Ithreadx_port/inc -I. -c threadx/common/src/tx_mutex_performance_system_info_get.c -o build_threadx/tx_common/tx_mutex_performance_system_info_get.o
"Compiling: threadx/common/src/tx_mutex_put.c"
clang -Wall -Wextra -g -O0 -DTX_INCLUDE_USER_DEFINE_FILE -Ithreadx/common/inc -Ithreadx_port/inc -I. -c threadx/common/src/tx_mutex_priority_change.c -o build_threadx/tx_common/tx_mutex_priority_change.o
clang -Wall -Wextra -g -O0 -DTX_INCLUDE_USER_DEFINE_FILE -Ithreadx/common/inc -Ithreadx_port/inc -I. -c threadx/common/src/tx_mutex_put.c -o build_threadx/tx_common/tx_mutex_put.o
"Compiling: threadx/common/src/tx_queue_cleanup.c"
"Compiling: threadx/common/src/tx_queue_create.c"
"Compiling: threadx/common/src/tx_queue_front_send.c"
"Compiling: threadx/common/src/tx_queue_delete.c"
"Compiling: threadx/common/src/tx_queue_flush.c"
clang -Wall -Wextra -g -O0 -DTX_INCLUDE_USER_DEFINE_FILE -Ithreadx/common/inc -Ithreadx_port/inc -I. -c threadx/common/src/tx_queue_cleanup.c -o build_threadx/tx_common/tx_queue_cleanup.o
clang -Wall -Wextra -g -O0 -DTX_INCLUDE_USER_DEFINE_FILE -Ithreadx/common/inc -Ithreadx_port/inc -I. -c threadx/common/src/tx_queue_create.c -o build_threadx/tx_common/tx_queue_create.o
"Compiling: threadx/common/src/tx_queue_info_get.c"
clang -Wall -Wextra -g -O0 -DTX_INCLUDE_USER_DEFINE_FILE -Ithreadx/common/inc -Ithreadx_port/inc -I. -c threadx/common/src/tx_queue_delete.c -o build_threadx/tx_common/tx_queue_delete.o
clang -Wall -Wextra -g -O0 -DTX_INCLUDE_USER_DEFINE_FILE -Ithreadx/common/inc -Ithreadx_port/inc -I. -c threadx/common/src/tx_queue_flush.c -o build_threadx/tx_common/tx_queue_flush.o
clang -Wall -Wextra -g -O0 -DTX_INCLUDE_USER_DEFINE_FILE -Ithreadx/common/inc -Ithreadx_port/inc -I. -c threadx/common/src/tx_queue_front_send.c -o build_threadx/tx_common/tx_queue_front_send.o
clang -Wall -Wextra -g -O0 -DTX_INCLUDE_USER_DEFINE_FILE -Ithreadx/common/inc -Ithreadx_port/inc -I. -c threadx/common/src/tx_queue_info_get.c -o build_threadx/tx_common/tx_queue_info_get.o
"Compiling: threadx/common/src/tx_queue_initialize.c"
"Compiling: threadx/common/src/tx_queue_performance_info_get.c"
clang -Wall -Wextra -g -O0 -DTX_INCLUDE_USER_DEFINE_FILE -Ithreadx/common/inc -Ithreadx_port/inc -I. -c threadx/common/src/tx_queue_initialize.c -o build_threadx/tx_common/tx_queue_initialize.o
clang -Wall -Wextra -g -O0 -DTX_INCLUDE_USER_DEFINE_FILE -Ithreadx/common/inc -Ithreadx_port/inc -I. -c threadx/common/src/tx_queue_performance_info_get.c -o build_threadx/tx_common/tx_queue_performance_info_get.o
"Compiling: threadx/common/src/tx_queue_performance_system_info_get.c"
clang -Wall -Wextra -g -O0 -DTX_INCLUDE_USER_DEFINE_FILE -Ithreadx/common/inc -Ithreadx_port/inc -I. -c threadx/common/src/tx_queue_performance_system_info_get.c -o build_threadx/tx_common/tx_queue_performance_system_info_get.o
"Compiling: threadx/common/src/tx_queue_prioritize.c"
clang -Wall -Wextra -g -O0 -DTX_INCLUDE_USER_DEFINE_FILE -Ithreadx/common/inc -Ithreadx_port/inc -I. -c threadx/common/src/tx_queue_prioritize.c -o build_threadx/tx_common/tx_queue_prioritize.o
"Compiling: threadx/common/src/tx_queue_receive.c"
clang -Wall -Wextra -g -O0 -DTX_INCLUDE_USER_DEFINE_FILE -Ithreadx/common/inc -Ithreadx_port/inc -I. -c threadx/common/src/tx_queue_receive.c -o build_threadx/tx_common/tx_queue_receive.o
"Compiling: threadx/common/src/tx_queue_send_notify.c"
clang -Wall -Wextra -g -O0 -DTX_INCLUDE_USER_DEFINE_FILE -Ithreadx/common/inc -Ithreadx_port/inc -I. -c threadx/common/src/tx_queue_send_notify.c -o build_threadx/tx_common/tx_queue_send_notify.o
"Compiling: threadx/common/src/tx_queue_send.c"
clang -Wall -Wextra -g -O0 -DTX_INCLUDE_USER_DEFINE_FILE -Ithreadx/common/inc -Ithreadx_port/inc -I. -c threadx/common/src/tx_queue_send.c -o build_threadx/tx_common/tx_queue_send.o
"Compiling: threadx/common/src/tx_semaphore_ceiling_put.c"
clang -Wall -Wextra -g -O0 -DTX_INCLUDE_USER_DEFINE_FILE -Ithreadx/common/inc -Ithreadx_port/inc -I. -c threadx/common/src/tx_semaphore_ceiling_put.c -o build_threadx/tx_common/tx_semaphore_ceiling_put.o
"Compiling: threadx/common/src/tx_semaphore_cleanup.c"
clang -Wall -Wextra -g -O0 -DTX_INCLUDE_USER_DEFINE_FILE -Ithreadx/common/inc -Ithreadx_port/inc -I. -c threadx/common/src/tx_semaphore_cleanup.c -o build_threadx/tx_common/tx_semaphore_cleanup.o
"Compiling: threadx/common/src/tx_semaphore_create.c"
clang -Wall -Wextra -g -O0 -DTX_INCLUDE_USER_DEFINE_FILE -Ithreadx/common/inc -Ithreadx_port/inc -I. -c threadx/common/src/tx_semaphore_create.c -o build_threadx/tx_common/tx_semaphore_create.o
"Compiling: threadx/common/src/tx_semaphore_delete.c"
clang -Wall -Wextra -g -O0 -DTX_INCLUDE_USER_DEFINE_FILE -Ithreadx/common/inc -Ithreadx_port/inc -I. -c threadx/common/src/tx_semaphore_delete.c -o build_threadx/tx_common/tx_semaphore_delete.o
"Compiling: threadx/common/src/tx_semaphore_get.c"
clang -Wall -Wextra -g -O0 -DTX_INCLUDE_USER_DEFINE_FILE -Ithreadx/common/inc -Ithreadx_port/inc -I. -c threadx/common/src/tx_semaphore_get.c -o build_threadx/tx_common/tx_semaphore_get.o
threadx/common/src/tx_block_allocate.c:122:5: warning: cast to smaller integer type 'ULONG' (aka 'unsigned long') from 'TX_THREAD *' (aka 'struct TX_THREAD_STRUCT *') [-Wpointer-to-int-cast] (Local CPU 18)
  122 |     TX_TRACE_IN_LINE_INSERT(TX_TRACE_BLOCK_ALLOCATE, pool_ptr, 0, wait_option, pool_ptr -> tx_block_pool_available, TX_TRACE_BLOCK_POOL_EVENTS)
      |     ^~~~~~~~~~~~~~~~~~~~~~~~~~~~~~~~~~~~~~~~~~~~~~~~~~~~~~~~~~~~~~~~~~~~~~~~~~~~~~~~~~~~~~~~~~~~~~~~~~~~~~~~~~~~~~~~~~~~~~~~~~~~~~~~~~~~~~~~~~~
threadx/common/inc/tx_trace.h:485:41: note: expanded from macro 'TX_TRACE_IN_LINE_INSERT'
  485 |                     trace_priority =    (ULONG) trace_thread_ptr; \
      |                                         ^~~~~~~~~~~~~~~~~~~~~~~~
threadx/common/src/tx_block_allocate.c:122:5: warning: cast to smaller integer type 'ULONG' (aka 'unsigned long') from 'TX_THREAD *' (aka 'struct TX_THREAD_STRUCT *') [-Wpointer-to-int-cast]
  122 |     TX_TRACE_IN_LINE_INSERT(TX_TRACE_BLOCK_ALLOCATE, pool_ptr, 0, wait_option, pool_ptr -> tx_block_pool_available, TX_TRACE_BLOCK_POOL_EVENTS)
      |     ^~~~~~~~~~~~~~~~~~~~~~~~~~~~~~~~~~~~~~~~~~~~~~~~~~~~~~~~~~~~~~~~~~~~~~~~~~~~~~~~~~~~~~~~~~~~~~~~~~~~~~~~~~~~~~~~~~~~~~~~~~~~~~~~~~~~~~~~~~~
threadx/common/inc/tx_trace.h:493:81: note: expanded from macro 'TX_TRACE_IN_LINE_INSERT'
  493 |                 trace_event_ptr -> tx_trace_buffer_entry_thread_pointer =       (ULONG) trace_thread_ptr; \
      |                                                                                 ^~~~~~~~~~~~~~~~~~~~~~~~
threadx/common/src/tx_block_allocate.c:122:5: warning: cast to smaller integer type 'ULONG' (aka 'unsigned long') from 'TX_BLOCK_POOL *' (aka 'struct TX_BLOCK_POOL_STRUCT *') [-Wpointer-to-int-cast]
  122 |     TX_TRACE_IN_LINE_INSERT(TX_TRACE_BLOCK_ALLOCATE, pool_ptr, 0, wait_option, pool_ptr -> tx_block_pool_available, TX_TRACE_BLOCK_POOL_EVENTS)
      |     ^~~~~~~~~~~~~~~~~~~~~~~~~~~~~~~~~~~~~~~~~~~~~~~~~~~~~~~~~~~~~~~~~~~~~~~~~~~~~~~~~~~~~~~~~~~~~~~~~~~~~~~~~~~~~~~~~~~~~~~~~~~~~~~~~~~~~~~~~~~
threadx/common/inc/tx_trace.h:497:17: note: expanded from macro 'TX_TRACE_IN_LINE_INSERT'
  497 |                 TX_TRACE_INFO_FIELD_ASSIGNMENT((a),(b),(c),(d)) \
      |                 ^~~~~~~~~~~~~~~~~~~~~~~~~~~~~~~~~~~~~~~~~~~~~~~
threadx/common/inc/tx_trace.h:457:114: note: expanded from macro 'TX_TRACE_INFO_FIELD_ASSIGNMENT'
  457 | #define TX_TRACE_INFO_FIELD_ASSIGNMENT(a,b,c,d)  trace_event_ptr -> tx_trace_buffer_entry_information_field_1 =  (ULONG) (a); trace_event_ptr -> tx_trace_buffer_entry_information_field_2 =  (ULONG) (b); trace_event_ptr -> tx_trace_buffer_entry_information_field_3 =  (ULONG) (c); trace_event_ptr -> tx_trace_buffer_entry_information_field_4 =  (ULONG) (d);
      |                                                                                                                  ^~~~~~~~~~~
threadx/common/src/tx_block_allocate.c:122:5: warning: cast to smaller integer type 'ULONG' (aka 'unsigned long') from 'TX_TRACE_BUFFER_ENTRY *' (aka 'struct TX_TRACE_BUFFER_ENTRY_STRUCT *') [-Wpointer-to-int-cast]
  122 |     TX_TRACE_IN_LINE_INSERT(TX_TRACE_BLOCK_ALLOCATE, pool_ptr, 0, wait_option, pool_ptr -> tx_block_pool_available, TX_TRACE_BLOCK_POOL_EVENTS)
      |     ^~~~~~~~~~~~~~~~~~~~~~~~~~~~~~~~~~~~~~~~~~~~~~~~~~~~~~~~~~~~~~~~~~~~~~~~~~~~~~~~~~~~~~~~~~~~~~~~~~~~~~~~~~~~~~~~~~~~~~~~~~~~~~~~~~~~~~~~~~~
threadx/common/inc/tx_trace.h:503:87: note: expanded from macro 'TX_TRACE_IN_LINE_INSERT'
  503 |                     _tx_trace_header_ptr -> tx_trace_header_buffer_current_pointer =  (ULONG) trace_event_ptr; \
      |                                                                                       ^~~~~~~~~~~~~~~~~~~~~~~
threadx/common/src/tx_block_allocate.c:122:5: warning: cast to smaller integer type 'ULONG' (aka 'unsigned long') from 'TX_TRACE_BUFFER_ENTRY *' (aka 'struct TX_TRACE_BUFFER_ENTRY_STRUCT *') [-Wpointer-to-int-cast]
  122 |     TX_TRACE_IN_LINE_INSERT(TX_TRACE_BLOCK_ALLOCATE, pool_ptr, 0, wait_option, pool_ptr -> tx_block_pool_available, TX_TRACE_BLOCK_POOL_EVENTS)
      |     ^~~~~~~~~~~~~~~~~~~~~~~~~~~~~~~~~~~~~~~~~~~~~~~~~~~~~~~~~~~~~~~~~~~~~~~~~~~~~~~~~~~~~~~~~~~~~~~~~~~~~~~~~~~~~~~~~~~~~~~~~~~~~~~~~~~~~~~~~~~
threadx/common/inc/tx_trace.h:510:87: note: expanded from macro 'TX_TRACE_IN_LINE_INSERT'
  510 |                     _tx_trace_header_ptr -> tx_trace_header_buffer_current_pointer =  (ULONG) trace_event_ptr; \
      |                                                                                       ^~~~~~~~~~~~~~~~~~~~~~~
threadx/common/src/tx_block_allocate.c:189:75: warning: cast to smaller integer type 'ULONG' (aka 'unsigned long') from 'void *' [-Wvoid-pointer-to-int-cast]
  189 |                 entry_ptr -> tx_trace_buffer_entry_information_field_2 =  TX_POINTER_TO_ULONG_CONVERT(*block_ptr);
      |                                                                           ^~~~~~~~~~~~~~~~~~~~~~~~~~~~~~~~~~~~~~~
threadx/common/inc/tx_api.h:2062:58: note: expanded from macro 'TX_POINTER_TO_ULONG_CONVERT'
 2062 | #define TX_POINTER_TO_ULONG_CONVERT(a)                  ((ULONG) ((VOID *) (a)))
      |                                                          ^~~~~~~~~~~~~~~~~~~~~~
threadx/common/src/tx_block_allocate.c:333:83: warning: cast to smaller integer type 'ULONG' (aka 'unsigned long') from 'void *' [-Wvoid-pointer-to-int-cast]
  333 |                         entry_ptr -> tx_trace_buffer_entry_information_field_2 =  TX_POINTER_TO_ULONG_CONVERT(*block_ptr);
      |                                                                                   ^~~~~~~~~~~~~~~~~~~~~~~~~~~~~~~~~~~~~~~
threadx/common/inc/tx_api.h:2062:58: note: expanded from macro 'TX_POINTER_TO_ULONG_CONVERT'
 2062 | #define TX_POINTER_TO_ULONG_CONVERT(a)                  ((ULONG) ((VOID *) (a)))
      |                                                          ^~~~~~~~~~~~~~~~~~~~~~
7 warnings generated.
"Compiling: threadx/common/src/tx_semaphore_info_get.c"
clang -Wall -Wextra -g -O0 -DTX_INCLUDE_USER_DEFINE_FILE -Ithreadx/common/inc -Ithreadx_port/inc -I. -c threadx/common/src/tx_semaphore_info_get.c -o build_threadx/tx_common/tx_semaphore_info_get.o
threadx/common/src/tx_block_pool_info_get.c:91:5: warning: cast to smaller integer type 'ULONG' (aka 'unsigned long') from 'TX_THREAD *' (aka 'struct TX_THREAD_STRUCT *') [-Wpointer-to-int-cast] (Local CPU 15)
   91 |     TX_TRACE_IN_LINE_INSERT(TX_TRACE_BLOCK_POOL_INFO_GET, pool_ptr, 0, 0, 0, TX_TRACE_BLOCK_POOL_EVENTS)
      |     ^~~~~~~~~~~~~~~~~~~~~~~~~~~~~~~~~~~~~~~~~~~~~~~~~~~~~~~~~~~~~~~~~~~~~~~~~~~~~~~~~~~~~~~~~~~~~~~~~~~~
threadx/common/inc/tx_trace.h:485:41: note: expanded from macro 'TX_TRACE_IN_LINE_INSERT'
  485 |                     trace_priority =    (ULONG) trace_thread_ptr; \
      |                                         ^~~~~~~~~~~~~~~~~~~~~~~~
threadx/common/src/tx_block_pool_info_get.c:91:5: warning: cast to smaller integer type 'ULONG' (aka 'unsigned long') from 'TX_THREAD *' (aka 'struct TX_THREAD_STRUCT *') [-Wpointer-to-int-cast]
   91 |     TX_TRACE_IN_LINE_INSERT(TX_TRACE_BLOCK_POOL_INFO_GET, pool_ptr, 0, 0, 0, TX_TRACE_BLOCK_POOL_EVENTS)
      |     ^~~~~~~~~~~~~~~~~~~~~~~~~~~~~~~~~~~~~~~~~~~~~~~~~~~~~~~~~~~~~~~~~~~~~~~~~~~~~~~~~~~~~~~~~~~~~~~~~~~~
threadx/common/inc/tx_trace.h:493:81: note: expanded from macro 'TX_TRACE_IN_LINE_INSERT'
  493 |                 trace_event_ptr -> tx_trace_buffer_entry_thread_pointer =       (ULONG) trace_thread_ptr; \
      |                                                                                 ^~~~~~~~~~~~~~~~~~~~~~~~
threadx/common/src/tx_block_pool_info_get.c:91:5: warning: cast to smaller integer type 'ULONG' (aka 'unsigned long') from 'TX_BLOCK_POOL *' (aka 'struct TX_BLOCK_POOL_STRUCT *') [-Wpointer-to-int-cast]
   91 |     TX_TRACE_IN_LINE_INSERT(TX_TRACE_BLOCK_POOL_INFO_GET, pool_ptr, 0, 0, 0, TX_TRACE_BLOCK_POOL_EVENTS)
      |     ^~~~~~~~~~~~~~~~~~~~~~~~~~~~~~~~~~~~~~~~~~~~~~~~~~~~~~~~~~~~~~~~~~~~~~~~~~~~~~~~~~~~~~~~~~~~~~~~~~~~
threadx/common/inc/tx_trace.h:497:17: note: expanded from macro 'TX_TRACE_IN_LINE_INSERT'
  497 |                 TX_TRACE_INFO_FIELD_ASSIGNMENT((a),(b),(c),(d)) \
      |                 ^~~~~~~~~~~~~~~~~~~~~~~~~~~~~~~~~~~~~~~~~~~~~~~
threadx/common/inc/tx_trace.h:457:114: note: expanded from macro 'TX_TRACE_INFO_FIELD_ASSIGNMENT'
  457 | #define TX_TRACE_INFO_FIELD_ASSIGNMENT(a,b,c,d)  trace_event_ptr -> tx_trace_buffer_entry_information_field_1 =  (ULONG) (a); trace_event_ptr -> tx_trace_buffer_entry_information_field_2 =  (ULONG) (b); trace_event_ptr -> tx_trace_buffer_entry_information_field_3 =  (ULONG) (c); trace_event_ptr -> tx_trace_buffer_entry_information_field_4 =  (ULONG) (d);
      |                                                                                                                  ^~~~~~~~~~~
threadx/common/src/tx_block_pool_info_get.c:91:5: warning: cast to smaller integer type 'ULONG' (aka 'unsigned long') from 'TX_TRACE_BUFFER_ENTRY *' (aka 'struct TX_TRACE_BUFFER_ENTRY_STRUCT *') [-Wpointer-to-int-cast]
   91 |     TX_TRACE_IN_LINE_INSERT(TX_TRACE_BLOCK_POOL_INFO_GET, pool_ptr, 0, 0, 0, TX_TRACE_BLOCK_POOL_EVENTS)
      |     ^~~~~~~~~~~~~~~~~~~~~~~~~~~~~~~~~~~~~~~~~~~~~~~~~~~~~~~~~~~~~~~~~~~~~~~~~~~~~~~~~~~~~~~~~~~~~~~~~~~~
threadx/common/inc/tx_trace.h:503:87: note: expanded from macro 'TX_TRACE_IN_LINE_INSERT'
  503 |                     _tx_trace_header_ptr -> tx_trace_header_buffer_current_pointer =  (ULONG) trace_event_ptr; \
      |                                                                                       ^~~~~~~~~~~~~~~~~~~~~~~
threadx/common/src/tx_block_pool_info_get.c:91:5: warning: cast to smaller integer type 'ULONG' (aka 'unsigned long') from 'TX_TRACE_BUFFER_ENTRY *' (aka 'struct TX_TRACE_BUFFER_ENTRY_STRUCT *') [-Wpointer-to-int-cast]
   91 |     TX_TRACE_IN_LINE_INSERT(TX_TRACE_BLOCK_POOL_INFO_GET, pool_ptr, 0, 0, 0, TX_TRACE_BLOCK_POOL_EVENTS)
      |     ^~~~~~~~~~~~~~~~~~~~~~~~~~~~~~~~~~~~~~~~~~~~~~~~~~~~~~~~~~~~~~~~~~~~~~~~~~~~~~~~~~~~~~~~~~~~~~~~~~~~
threadx/common/inc/tx_trace.h:510:87: note: expanded from macro 'TX_TRACE_IN_LINE_INSERT'
  510 |                     _tx_trace_header_ptr -> tx_trace_header_buffer_current_pointer =  (ULONG) trace_event_ptr; \
      |                                                                                       ^~~~~~~~~~~~~~~~~~~~~~~
5 warnings generated.
threadx/common/src/tx_block_pool_create.c:193:9: warning: cast to smaller integer type 'ULONG' (aka 'unsigned long') from 'TX_THREAD *' (aka 'struct TX_THREAD_STRUCT *') [-Wpointer-to-int-cast] (Local CPU 13)
  193 |         TX_TRACE_IN_LINE_INSERT(TX_TRACE_BLOCK_POOL_CREATE, pool_ptr, TX_POINTER_TO_ULONG_CONVERT(pool_start), blocks, block_size, TX_TRACE_BLOCK_POOL_EVENTS)
      |         ^~~~~~~~~~~~~~~~~~~~~~~~~~~~~~~~~~~~~~~~~~~~~~~~~~~~~~~~~~~~~~~~~~~~~~~~~~~~~~~~~~~~~~~~~~~~~~~~~~~~~~~~~~~~~~~~~~~~~~~~~~~~~~~~~~~~~~~~~~~~~~~~~~~~~~
threadx/common/inc/tx_trace.h:485:41: note: expanded from macro 'TX_TRACE_IN_LINE_INSERT'
  485 |                     trace_priority =    (ULONG) trace_thread_ptr; \
      |                                         ^~~~~~~~~~~~~~~~~~~~~~~~
threadx/common/src/tx_block_pool_create.c:193:9: warning: cast to smaller integer type 'ULONG' (aka 'unsigned long') from 'TX_THREAD *' (aka 'struct TX_THREAD_STRUCT *') [-Wpointer-to-int-cast]
  193 |         TX_TRACE_IN_LINE_INSERT(TX_TRACE_BLOCK_POOL_CREATE, pool_ptr, TX_POINTER_TO_ULONG_CONVERT(pool_start), blocks, block_size, TX_TRACE_BLOCK_POOL_EVENTS)
      |         ^~~~~~~~~~~~~~~~~~~~~~~~~~~~~~~~~~~~~~~~~~~~~~~~~~~~~~~~~~~~~~~~~~~~~~~~~~~~~~~~~~~~~~~~~~~~~~~~~~~~~~~~~~~~~~~~~~~~~~~~~~~~~~~~~~~~~~~~~~~~~~~~~~~~~~
threadx/common/inc/tx_trace.h:493:81: note: expanded from macro 'TX_TRACE_IN_LINE_INSERT'
  493 |                 trace_event_ptr -> tx_trace_buffer_entry_thread_pointer =       (ULONG) trace_thread_ptr; \
      |                                                                                 ^~~~~~~~~~~~~~~~~~~~~~~~
threadx/common/src/tx_block_pool_create.c:193:9: warning: cast to smaller integer type 'ULONG' (aka 'unsigned long') from 'TX_BLOCK_POOL *' (aka 'struct TX_BLOCK_POOL_STRUCT *') [-Wpointer-to-int-cast]
  193 |         TX_TRACE_IN_LINE_INSERT(TX_TRACE_BLOCK_POOL_CREATE, pool_ptr, TX_POINTER_TO_ULONG_CONVERT(pool_start), blocks, block_size, TX_TRACE_BLOCK_POOL_EVENTS)
      |         ^~~~~~~~~~~~~~~~~~~~~~~~~~~~~~~~~~~~~~~~~~~~~~~~~~~~~~~~~~~~~~~~~~~~~~~~~~~~~~~~~~~~~~~~~~~~~~~~~~~~~~~~~~~~~~~~~~~~~~~~~~~~~~~~~~~~~~~~~~~~~~~~~~~~~~
threadx/common/inc/tx_trace.h:497:17: note: expanded from macro 'TX_TRACE_IN_LINE_INSERT'
  497 |                 TX_TRACE_INFO_FIELD_ASSIGNMENT((a),(b),(c),(d)) \
      |                 ^~~~~~~~~~~~~~~~~~~~~~~~~~~~~~~~~~~~~~~~~~~~~~~
threadx/common/inc/tx_trace.h:457:114: note: expanded from macro 'TX_TRACE_INFO_FIELD_ASSIGNMENT'
  457 | #define TX_TRACE_INFO_FIELD_ASSIGNMENT(a,b,c,d)  trace_event_ptr -> tx_trace_buffer_entry_information_field_1 =  (ULONG) (a); trace_event_ptr -> tx_trace_buffer_entry_information_field_2 =  (ULONG) (b); trace_event_ptr -> tx_trace_buffer_entry_information_field_3 =  (ULONG) (c); trace_event_ptr -> tx_trace_buffer_entry_information_field_4 =  (ULONG) (d);
      |                                                                                                                  ^~~~~~~~~~~
threadx/common/src/tx_block_pool_create.c:193:71: warning: cast to smaller integer type 'ULONG' (aka 'unsigned long') from 'void *' [-Wvoid-pointer-to-int-cast]
  193 |         TX_TRACE_IN_LINE_INSERT(TX_TRACE_BLOCK_POOL_CREATE, pool_ptr, TX_POINTER_TO_ULONG_CONVERT(pool_start), blocks, block_size, TX_TRACE_BLOCK_POOL_EVENTS)
      |         ~~~~~~~~~~~~~~~~~~~~~~~~~~~~~~~~~~~~~~~~~~~~~~~~~~~~~~~~~~~~~~^~~~~~~~~~~~~~~~~~~~~~~~~~~~~~~~~~~~~~~~~~~~~~~~~~~~~~~~~~~~~~~~~~~~~~~~~~~~~~~~~~~~~~~~
threadx/common/inc/tx_api.h:2062:58: note: expanded from macro 'TX_POINTER_TO_ULONG_CONVERT'
 2062 | #define TX_POINTER_TO_ULONG_CONVERT(a)                  ((ULONG) ((VOID *) (a)))
      |                                                          ^
threadx/common/inc/tx_trace.h:497:53: note: expanded from macro 'TX_TRACE_IN_LINE_INSERT'
  497 |                 TX_TRACE_INFO_FIELD_ASSIGNMENT((a),(b),(c),(d)) \
      |                 ~~~~~~~~~~~~~~~~~~~~~~~~~~~~~~~~~~~~^~~~~~~~~~~
threadx/common/inc/tx_trace.h:457:200: note: expanded from macro 'TX_TRACE_INFO_FIELD_ASSIGNMENT'
  457 | #define TX_TRACE_INFO_FIELD_ASSIGNMENT(a,b,c,d)  trace_event_ptr -> tx_trace_buffer_entry_information_field_1 =  (ULONG) (a); trace_event_ptr -> tx_trace_buffer_entry_information_field_2 =  (ULONG) (b); trace_event_ptr -> tx_trace_buffer_entry_information_field_3 =  (ULONG) (c); trace_event_ptr -> tx_trace_buffer_entry_information_field_4 =  (ULONG) (d);
      |                                                                                                                                                                                                        ^
threadx/common/src/tx_block_pool_create.c:193:9: warning: cast to smaller integer type 'ULONG' (aka 'unsigned long') from 'TX_TRACE_BUFFER_ENTRY *' (aka 'struct TX_TRACE_BUFFER_ENTRY_STRUCT *') [-Wpointer-to-int-cast]
  193 |         TX_TRACE_IN_LINE_INSERT(TX_TRACE_BLOCK_POOL_CREATE, pool_ptr, TX_POINTER_TO_ULONG_CONVERT(pool_start), blocks, block_size, TX_TRACE_BLOCK_POOL_EVENTS)
      |         ^~~~~~~~~~~~~~~~~~~~~~~~~~~~~~~~~~~~~~~~~~~~~~~~~~~~~~~~~~~~~~~~~~~~~~~~~~~~~~~~~~~~~~~~~~~~~~~~~~~~~~~~~~~~~~~~~~~~~~~~~~~~~~~~~~~~~~~~~~~~~~~~~~~~~~
threadx/common/inc/tx_trace.h:503:87: note: expanded from macro 'TX_TRACE_IN_LINE_INSERT'
  503 |                     _tx_trace_header_ptr -> tx_trace_header_buffer_current_pointer =  (ULONG) trace_event_ptr; \
      |                                                                                       ^~~~~~~~~~~~~~~~~~~~~~~
threadx/common/src/tx_block_pool_create.c:193:9: warning: cast to smaller integer type 'ULONG' (aka 'unsigned long') from 'TX_TRACE_BUFFER_ENTRY *' (aka 'struct TX_TRACE_BUFFER_ENTRY_STRUCT *') [-Wpointer-to-int-cast]
  193 |         TX_TRACE_IN_LINE_INSERT(TX_TRACE_BLOCK_POOL_CREATE, pool_ptr, TX_POINTER_TO_ULONG_CONVERT(pool_start), blocks, block_size, TX_TRACE_BLOCK_POOL_EVENTS)
      |         ^~~~~~~~~~~~~~~~~~~~~~~~~~~~~~~~~~~~~~~~~~~~~~~~~~~~~~~~~~~~~~~~~~~~~~~~~~~~~~~~~~~~~~~~~~~~~~~~~~~~~~~~~~~~~~~~~~~~~~~~~~~~~~~~~~~~~~~~~~~~~~~~~~~~~~
threadx/common/inc/tx_trace.h:510:87: note: expanded from macro 'TX_TRACE_IN_LINE_INSERT'
  510 |                     _tx_trace_header_ptr -> tx_trace_header_buffer_current_pointer =  (ULONG) trace_event_ptr; \
      |                                                                                       ^~~~~~~~~~~~~~~~~~~~~~~
6 warnings generated.
threadx/common/src/tx_block_pool_delete.c:92:5: warning: cast to smaller integer type 'ULONG' (aka 'unsigned long') from 'TX_THREAD *' (aka 'struct TX_THREAD_STRUCT *') [-Wpointer-to-int-cast] (Local CPU 16)
   92 |     TX_TRACE_IN_LINE_INSERT(TX_TRACE_BLOCK_POOL_DELETE, pool_ptr, TX_POINTER_TO_ULONG_CONVERT(&thread_ptr), 0, 0, TX_TRACE_BLOCK_POOL_EVENTS)
      |     ^~~~~~~~~~~~~~~~~~~~~~~~~~~~~~~~~~~~~~~~~~~~~~~~~~~~~~~~~~~~~~~~~~~~~~~~~~~~~~~~~~~~~~~~~~~~~~~~~~~~~~~~~~~~~~~~~~~~~~~~~~~~~~~~~~~~~~~~~
threadx/common/inc/tx_trace.h:485:41: note: expanded from macro 'TX_TRACE_IN_LINE_INSERT'
  485 |                     trace_priority =    (ULONG) trace_thread_ptr; \
      |                                         ^~~~~~~~~~~~~~~~~~~~~~~~
threadx/common/src/tx_block_pool_delete.c:92:5: warning: cast to smaller integer type 'ULONG' (aka 'unsigned long') from 'TX_THREAD *' (aka 'struct TX_THREAD_STRUCT *') [-Wpointer-to-int-cast]
   92 |     TX_TRACE_IN_LINE_INSERT(TX_TRACE_BLOCK_POOL_DELETE, pool_ptr, TX_POINTER_TO_ULONG_CONVERT(&thread_ptr), 0, 0, TX_TRACE_BLOCK_POOL_EVENTS)
      |     ^~~~~~~~~~~~~~~~~~~~~~~~~~~~~~~~~~~~~~~~~~~~~~~~~~~~~~~~~~~~~~~~~~~~~~~~~~~~~~~~~~~~~~~~~~~~~~~~~~~~~~~~~~~~~~~~~~~~~~~~~~~~~~~~~~~~~~~~~
threadx/common/inc/tx_trace.h:493:81: note: expanded from macro 'TX_TRACE_IN_LINE_INSERT'
  493 |                 trace_event_ptr -> tx_trace_buffer_entry_thread_pointer =       (ULONG) trace_thread_ptr; \
      |                                                                                 ^~~~~~~~~~~~~~~~~~~~~~~~
threadx/common/src/tx_block_pool_delete.c:92:5: warning: cast to smaller integer type 'ULONG' (aka 'unsigned long') from 'TX_BLOCK_POOL *' (aka 'struct TX_BLOCK_POOL_STRUCT *') [-Wpointer-to-int-cast]
   92 |     TX_TRACE_IN_LINE_INSERT(TX_TRACE_BLOCK_POOL_DELETE, pool_ptr, TX_POINTER_TO_ULONG_CONVERT(&thread_ptr), 0, 0, TX_TRACE_BLOCK_POOL_EVENTS)
      |     ^~~~~~~~~~~~~~~~~~~~~~~~~~~~~~~~~~~~~~~~~~~~~~~~~~~~~~~~~~~~~~~~~~~~~~~~~~~~~~~~~~~~~~~~~~~~~~~~~~~~~~~~~~~~~~~~~~~~~~~~~~~~~~~~~~~~~~~~~
threadx/common/inc/tx_trace.h:497:17: note: expanded from macro 'TX_TRACE_IN_LINE_INSERT'
  497 |                 TX_TRACE_INFO_FIELD_ASSIGNMENT((a),(b),(c),(d)) \
      |                 ^~~~~~~~~~~~~~~~~~~~~~~~~~~~~~~~~~~~~~~~~~~~~~~
threadx/common/inc/tx_trace.h:457:114: note: expanded from macro 'TX_TRACE_INFO_FIELD_ASSIGNMENT'
  457 | #define TX_TRACE_INFO_FIELD_ASSIGNMENT(a,b,c,d)  trace_event_ptr -> tx_trace_buffer_entry_information_field_1 =  (ULONG) (a); trace_event_ptr -> tx_trace_buffer_entry_information_field_2 =  (ULONG) (b); trace_event_ptr -> tx_trace_buffer_entry_information_field_3 =  (ULONG) (c); trace_event_ptr -> tx_trace_buffer_entry_information_field_4 =  (ULONG) (d);
      |                                                                                                                  ^~~~~~~~~~~
threadx/common/src/tx_block_pool_delete.c:92:67: warning: cast to smaller integer type 'ULONG' (aka 'unsigned long') from 'void *' [-Wvoid-pointer-to-int-cast]
   92 |     TX_TRACE_IN_LINE_INSERT(TX_TRACE_BLOCK_POOL_DELETE, pool_ptr, TX_POINTER_TO_ULONG_CONVERT(&thread_ptr), 0, 0, TX_TRACE_BLOCK_POOL_EVENTS)
      |     ~~~~~~~~~~~~~~~~~~~~~~~~~~~~~~~~~~~~~~~~~~~~~~~~~~~~~~~~~~~~~~^~~~~~~~~~~~~~~~~~~~~~~~~~~~~~~~~~~~~~~~~~~~~~~~~~~~~~~~~~~~~~~~~~~~~~~~~~~
threadx/common/inc/tx_api.h:2062:58: note: expanded from macro 'TX_POINTER_TO_ULONG_CONVERT'
 2062 | #define TX_POINTER_TO_ULONG_CONVERT(a)                  ((ULONG) ((VOID *) (a)))
      |                                                          ^
threadx/common/inc/tx_trace.h:497:53: note: expanded from macro 'TX_TRACE_IN_LINE_INSERT'
  497 |                 TX_TRACE_INFO_FIELD_ASSIGNMENT((a),(b),(c),(d)) \
      |                 ~~~~~~~~~~~~~~~~~~~~~~~~~~~~~~~~~~~~^~~~~~~~~~~
threadx/common/inc/tx_trace.h:457:200: note: expanded from macro 'TX_TRACE_INFO_FIELD_ASSIGNMENT'
  457 | #define TX_TRACE_INFO_FIELD_ASSIGNMENT(a,b,c,d)  trace_event_ptr -> tx_trace_buffer_entry_information_field_1 =  (ULONG) (a); trace_event_ptr -> tx_trace_buffer_entry_information_field_2 =  (ULONG) (b); trace_event_ptr -> tx_trace_buffer_entry_information_field_3 =  (ULONG) (c); trace_event_ptr -> tx_trace_buffer_entry_information_field_4 =  (ULONG) (d);
      |                                                                                                                                                                                                        ^
threadx/common/src/tx_block_pool_delete.c:92:5: warning: cast to smaller integer type 'ULONG' (aka 'unsigned long') from 'TX_TRACE_BUFFER_ENTRY *' (aka 'struct TX_TRACE_BUFFER_ENTRY_STRUCT *') [-Wpointer-to-int-cast]
   92 |     TX_TRACE_IN_LINE_INSERT(TX_TRACE_BLOCK_POOL_DELETE, pool_ptr, TX_POINTER_TO_ULONG_CONVERT(&thread_ptr), 0, 0, TX_TRACE_BLOCK_POOL_EVENTS)
      |     ^~~~~~~~~~~~~~~~~~~~~~~~~~~~~~~~~~~~~~~~~~~~~~~~~~~~~~~~~~~~~~~~~~~~~~~~~~~~~~~~~~~~~~~~~~~~~~~~~~~~~~~~~~~~~~~~~~~~~~~~~~~~~~~~~~~~~~~~~
threadx/common/inc/tx_trace.h:503:87: note: expanded from macro 'TX_TRACE_IN_LINE_INSERT'
  503 |                     _tx_trace_header_ptr -> tx_trace_header_buffer_current_pointer =  (ULONG) trace_event_ptr; \
      |                                                                                       ^~~~~~~~~~~~~~~~~~~~~~~
threadx/common/src/tx_block_pool_delete.c:92:5: warning: cast to smaller integer type 'ULONG' (aka 'unsigned long') from 'TX_TRACE_BUFFER_ENTRY *' (aka 'struct TX_TRACE_BUFFER_ENTRY_STRUCT *') [-Wpointer-to-int-cast]
   92 |     TX_TRACE_IN_LINE_INSERT(TX_TRACE_BLOCK_POOL_DELETE, pool_ptr, TX_POINTER_TO_ULONG_CONVERT(&thread_ptr), 0, 0, TX_TRACE_BLOCK_POOL_EVENTS)
      |     ^~~~~~~~~~~~~~~~~~~~~~~~~~~~~~~~~~~~~~~~~~~~~~~~~~~~~~~~~~~~~~~~~~~~~~~~~~~~~~~~~~~~~~~~~~~~~~~~~~~~~~~~~~~~~~~~~~~~~~~~~~~~~~~~~~~~~~~~~
threadx/common/inc/tx_trace.h:510:87: note: expanded from macro 'TX_TRACE_IN_LINE_INSERT'
  510 |                     _tx_trace_header_ptr -> tx_trace_header_buffer_current_pointer =  (ULONG) trace_event_ptr; \
      |                                                                                       ^~~~~~~~~~~~~~~~~~~~~~~
6 warnings generated.
"Compiling: threadx/common/src/tx_semaphore_initialize.c"
clang -Wall -Wextra -g -O0 -DTX_INCLUDE_USER_DEFINE_FILE -Ithreadx/common/inc -Ithreadx_port/inc -I. -c threadx/common/src/tx_semaphore_initialize.c -o build_threadx/tx_common/tx_semaphore_initialize.o
"Compiling: threadx/common/src/tx_semaphore_performance_info_get.c"
clang -Wall -Wextra -g -O0 -DTX_INCLUDE_USER_DEFINE_FILE -Ithreadx/common/inc -Ithreadx_port/inc -I. -c threadx/common/src/tx_semaphore_performance_info_get.c -o build_threadx/tx_common/tx_semaphore_performance_info_get.o
"Compiling: threadx/common/src/tx_semaphore_performance_system_info_get.c"
clang -Wall -Wextra -g -O0 -DTX_INCLUDE_USER_DEFINE_FILE -Ithreadx/common/inc -Ithreadx_port/inc -I. -c threadx/common/src/tx_semaphore_performance_system_info_get.c -o build_threadx/tx_common/tx_semaphore_performance_system_info_get.o
"Compiling: threadx/common/src/tx_semaphore_prioritize.c"
clang -Wall -Wextra -g -O0 -DTX_INCLUDE_USER_DEFINE_FILE -Ithreadx/common/inc -Ithreadx_port/inc -I. -c threadx/common/src/tx_semaphore_prioritize.c -o build_threadx/tx_common/tx_semaphore_prioritize.o
threadx/common/src/tx_block_pool_performance_info_get.c:114:9: warning: cast to smaller integer type 'ULONG' (aka 'unsigned long') from 'TX_THREAD *' (aka 'struct TX_THREAD_STRUCT *') [-Wpointer-to-int-cast] (Local CPU 10)
  114 |         TX_TRACE_IN_LINE_INSERT(TX_TRACE_BLOCK_POOL_PERFORMANCE_INFO_GET, pool_ptr, 0, 0, 0, TX_TRACE_BLOCK_POOL_EVENTS)
      |         ^~~~~~~~~~~~~~~~~~~~~~~~~~~~~~~~~~~~~~~~~~~~~~~~~~~~~~~~~~~~~~~~~~~~~~~~~~~~~~~~~~~~~~~~~~~~~~~~~~~~~~~~~~~~~~~~
threadx/common/inc/tx_trace.h:485:41: note: expanded from macro 'TX_TRACE_IN_LINE_INSERT'
  485 |                     trace_priority =    (ULONG) trace_thread_ptr; \
      |                                         ^~~~~~~~~~~~~~~~~~~~~~~~
threadx/common/src/tx_block_pool_performance_info_get.c:114:9: warning: cast to smaller integer type 'ULONG' (aka 'unsigned long') from 'TX_THREAD *' (aka 'struct TX_THREAD_STRUCT *') [-Wpointer-to-int-cast]
  114 |         TX_TRACE_IN_LINE_INSERT(TX_TRACE_BLOCK_POOL_PERFORMANCE_INFO_GET, pool_ptr, 0, 0, 0, TX_TRACE_BLOCK_POOL_EVENTS)
      |         ^~~~~~~~~~~~~~~~~~~~~~~~~~~~~~~~~~~~~~~~~~~~~~~~~~~~~~~~~~~~~~~~~~~~~~~~~~~~~~~~~~~~~~~~~~~~~~~~~~~~~~~~~~~~~~~~
threadx/common/inc/tx_trace.h:493:81: note: expanded from macro 'TX_TRACE_IN_LINE_INSERT'
  493 |                 trace_event_ptr -> tx_trace_buffer_entry_thread_pointer =       (ULONG) trace_thread_ptr; \
      |                                                                                 ^~~~~~~~~~~~~~~~~~~~~~~~
threadx/common/src/tx_block_pool_performance_info_get.c:114:9: warning: cast to smaller integer type 'ULONG' (aka 'unsigned long') from 'TX_BLOCK_POOL *' (aka 'struct TX_BLOCK_POOL_STRUCT *') [-Wpointer-to-int-cast]
  114 |         TX_TRACE_IN_LINE_INSERT(TX_TRACE_BLOCK_POOL_PERFORMANCE_INFO_GET, pool_ptr, 0, 0, 0, TX_TRACE_BLOCK_POOL_EVENTS)
      |         ^~~~~~~~~~~~~~~~~~~~~~~~~~~~~~~~~~~~~~~~~~~~~~~~~~~~~~~~~~~~~~~~~~~~~~~~~~~~~~~~~~~~~~~~~~~~~~~~~~~~~~~~~~~~~~~~
threadx/common/inc/tx_trace.h:497:17: note: expanded from macro 'TX_TRACE_IN_LINE_INSERT'
  497 |                 TX_TRACE_INFO_FIELD_ASSIGNMENT((a),(b),(c),(d)) \
      |                 ^~~~~~~~~~~~~~~~~~~~~~~~~~~~~~~~~~~~~~~~~~~~~~~
threadx/common/inc/tx_trace.h:457:114: note: expanded from macro 'TX_TRACE_INFO_FIELD_ASSIGNMENT'
  457 | #define TX_TRACE_INFO_FIELD_ASSIGNMENT(a,b,c,d)  trace_event_ptr -> tx_trace_buffer_entry_information_field_1 =  (ULONG) (a); trace_event_ptr -> tx_trace_buffer_entry_information_field_2 =  (ULONG) (b); trace_event_ptr -> tx_trace_buffer_entry_information_field_3 =  (ULONG) (c); trace_event_ptr -> tx_trace_buffer_entry_information_field_4 =  (ULONG) (d);
      |                                                                                                                  ^~~~~~~~~~~
threadx/common/src/tx_block_pool_performance_info_get.c:114:9: warning: cast to smaller integer type 'ULONG' (aka 'unsigned long') from 'TX_TRACE_BUFFER_ENTRY *' (aka 'struct TX_TRACE_BUFFER_ENTRY_STRUCT *') [-Wpointer-to-int-cast]
  114 |         TX_TRACE_IN_LINE_INSERT(TX_TRACE_BLOCK_POOL_PERFORMANCE_INFO_GET, pool_ptr, 0, 0, 0, TX_TRACE_BLOCK_POOL_EVENTS)
      |         ^~~~~~~~~~~~~~~~~~~~~~~~~~~~~~~~~~~~~~~~~~~~~~~~~~~~~~~~~~~~~~~~~~~~~~~~~~~~~~~~~~~~~~~~~~~~~~~~~~~~~~~~~~~~~~~~
threadx/common/inc/tx_trace.h:503:87: note: expanded from macro 'TX_TRACE_IN_LINE_INSERT'
  503 |                     _tx_trace_header_ptr -> tx_trace_header_buffer_current_pointer =  (ULONG) trace_event_ptr; \
      |                                                                                       ^~~~~~~~~~~~~~~~~~~~~~~
threadx/common/src/tx_block_pool_performance_info_get.c:114:9: warning: cast to smaller integer type 'ULONG' (aka 'unsigned long') from 'TX_TRACE_BUFFER_ENTRY *' (aka 'struct TX_TRACE_BUFFER_ENTRY_STRUCT *') [-Wpointer-to-int-cast]
  114 |         TX_TRACE_IN_LINE_INSERT(TX_TRACE_BLOCK_POOL_PERFORMANCE_INFO_GET, pool_ptr, 0, 0, 0, TX_TRACE_BLOCK_POOL_EVENTS)
      |         ^~~~~~~~~~~~~~~~~~~~~~~~~~~~~~~~~~~~~~~~~~~~~~~~~~~~~~~~~~~~~~~~~~~~~~~~~~~~~~~~~~~~~~~~~~~~~~~~~~~~~~~~~~~~~~~~
threadx/common/inc/tx_trace.h:510:87: note: expanded from macro 'TX_TRACE_IN_LINE_INSERT'
  510 |                     _tx_trace_header_ptr -> tx_trace_header_buffer_current_pointer =  (ULONG) trace_event_ptr; \
      |                                                                                       ^~~~~~~~~~~~~~~~~~~~~~~
5 warnings generated.
"Compiling: threadx/common/src/tx_semaphore_put_notify.c"
clang -Wall -Wextra -g -O0 -DTX_INCLUDE_USER_DEFINE_FILE -Ithreadx/common/inc -Ithreadx_port/inc -I. -c threadx/common/src/tx_semaphore_put_notify.c -o build_threadx/tx_common/tx_semaphore_put_notify.o
"Compiling: threadx/common/src/tx_semaphore_put.c"
clang -Wall -Wextra -g -O0 -DTX_INCLUDE_USER_DEFINE_FILE -Ithreadx/common/inc -Ithreadx_port/inc -I. -c threadx/common/src/tx_semaphore_put.c -o build_threadx/tx_common/tx_semaphore_put.o
threadx/common/src/tx_block_pool_performance_system_info_get.c:91:5: warning: cast to smaller integer type 'ULONG' (aka 'unsigned long') from 'TX_THREAD *' (aka 'struct TX_THREAD_STRUCT *') [-Wpointer-to-int-cast] (Local CPU 17)
   91 |     TX_TRACE_IN_LINE_INSERT(TX_TRACE_BLOCK_POOL__PERFORMANCE_SYSTEM_INFO_GET, 0, 0, 0, 0, TX_TRACE_BLOCK_POOL_EVENTS)
      |     ^~~~~~~~~~~~~~~~~~~~~~~~~~~~~~~~~~~~~~~~~~~~~~~~~~~~~~~~~~~~~~~~~~~~~~~~~~~~~~~~~~~~~~~~~~~~~~~~~~~~~~~~~~~~~~~~~
threadx/common/inc/tx_trace.h:485:41: note: expanded from macro 'TX_TRACE_IN_LINE_INSERT'
  485 |                     trace_priority =    (ULONG) trace_thread_ptr; \
      |                                         ^~~~~~~~~~~~~~~~~~~~~~~~
threadx/common/src/tx_block_pool_performance_system_info_get.c:91:5: warning: cast to smaller integer type 'ULONG' (aka 'unsigned long') from 'TX_THREAD *' (aka 'struct TX_THREAD_STRUCT *') [-Wpointer-to-int-cast]
   91 |     TX_TRACE_IN_LINE_INSERT(TX_TRACE_BLOCK_POOL__PERFORMANCE_SYSTEM_INFO_GET, 0, 0, 0, 0, TX_TRACE_BLOCK_POOL_EVENTS)
      |     ^~~~~~~~~~~~~~~~~~~~~~~~~~~~~~~~~~~~~~~~~~~~~~~~~~~~~~~~~~~~~~~~~~~~~~~~~~~~~~~~~~~~~~~~~~~~~~~~~~~~~~~~~~~~~~~~~
threadx/common/inc/tx_trace.h:493:81: note: expanded from macro 'TX_TRACE_IN_LINE_INSERT'
  493 |                 trace_event_ptr -> tx_trace_buffer_entry_thread_pointer =       (ULONG) trace_thread_ptr; \
      |                                                                                 ^~~~~~~~~~~~~~~~~~~~~~~~
threadx/common/src/tx_block_pool_performance_system_info_get.c:91:5: warning: cast to smaller integer type 'ULONG' (aka 'unsigned long') from 'TX_TRACE_BUFFER_ENTRY *' (aka 'struct TX_TRACE_BUFFER_ENTRY_STRUCT *') [-Wpointer-to-int-cast]
   91 |     TX_TRACE_IN_LINE_INSERT(TX_TRACE_BLOCK_POOL__PERFORMANCE_SYSTEM_INFO_GET, 0, 0, 0, 0, TX_TRACE_BLOCK_POOL_EVENTS)
      |     ^~~~~~~~~~~~~~~~~~~~~~~~~~~~~~~~~~~~~~~~~~~~~~~~~~~~~~~~~~~~~~~~~~~~~~~~~~~~~~~~~~~~~~~~~~~~~~~~~~~~~~~~~~~~~~~~~
threadx/common/inc/tx_trace.h:503:87: note: expanded from macro 'TX_TRACE_IN_LINE_INSERT'
  503 |                     _tx_trace_header_ptr -> tx_trace_header_buffer_current_pointer =  (ULONG) trace_event_ptr; \
      |                                                                                       ^~~~~~~~~~~~~~~~~~~~~~~
threadx/common/src/tx_block_pool_performance_system_info_get.c:91:5: warning: cast to smaller integer type 'ULONG' (aka 'unsigned long') from 'TX_TRACE_BUFFER_ENTRY *' (aka 'struct TX_TRACE_BUFFER_ENTRY_STRUCT *') [-Wpointer-to-int-cast]
   91 |     TX_TRACE_IN_LINE_INSERT(TX_TRACE_BLOCK_POOL__PERFORMANCE_SYSTEM_INFO_GET, 0, 0, 0, 0, TX_TRACE_BLOCK_POOL_EVENTS)
      |     ^~~~~~~~~~~~~~~~~~~~~~~~~~~~~~~~~~~~~~~~~~~~~~~~~~~~~~~~~~~~~~~~~~~~~~~~~~~~~~~~~~~~~~~~~~~~~~~~~~~~~~~~~~~~~~~~~
threadx/common/inc/tx_trace.h:510:87: note: expanded from macro 'TX_TRACE_IN_LINE_INSERT'
  510 |                     _tx_trace_header_ptr -> tx_trace_header_buffer_current_pointer =  (ULONG) trace_event_ptr; \
      |                                                                                       ^~~~~~~~~~~~~~~~~~~~~~~
4 warnings generated.
threadx/common/src/tx_block_pool_prioritize.c:92:5: warning: cast to smaller integer type 'ULONG' (aka 'unsigned long') from 'TX_THREAD *' (aka 'struct TX_THREAD_STRUCT *') [-Wpointer-to-int-cast] (Local CPU 19)
   92 |     TX_TRACE_IN_LINE_INSERT(TX_TRACE_BLOCK_POOL_PRIORITIZE, pool_ptr, pool_ptr -> tx_block_pool_suspended_count, TX_POINTER_TO_ULONG_CONVERT(&suspended_count), 0, TX_TRACE_BLOCK_POOL_EVENTS)
      |     ^~~~~~~~~~~~~~~~~~~~~~~~~~~~~~~~~~~~~~~~~~~~~~~~~~~~~~~~~~~~~~~~~~~~~~~~~~~~~~~~~~~~~~~~~~~~~~~~~~~~~~~~~~~~~~~~~~~~~~~~~~~~~~~~~~~~~~~~~~~~~~~~~~~~~~~~~~~~~~~~~~~~~~~~~~~~~~~~~~~~~~~~~~
threadx/common/inc/tx_trace.h:485:41: note: expanded from macro 'TX_TRACE_IN_LINE_INSERT'
  485 |                     trace_priority =    (ULONG) trace_thread_ptr; \
      |                                         ^~~~~~~~~~~~~~~~~~~~~~~~
threadx/common/src/tx_block_pool_prioritize.c:92:5: warning: cast to smaller integer type 'ULONG' (aka 'unsigned long') from 'TX_THREAD *' (aka 'struct TX_THREAD_STRUCT *') [-Wpointer-to-int-cast]
   92 |     TX_TRACE_IN_LINE_INSERT(TX_TRACE_BLOCK_POOL_PRIORITIZE, pool_ptr, pool_ptr -> tx_block_pool_suspended_count, TX_POINTER_TO_ULONG_CONVERT(&suspended_count), 0, TX_TRACE_BLOCK_POOL_EVENTS)
      |     ^~~~~~~~~~~~~~~~~~~~~~~~~~~~~~~~~~~~~~~~~~~~~~~~~~~~~~~~~~~~~~~~~~~~~~~~~~~~~~~~~~~~~~~~~~~~~~~~~~~~~~~~~~~~~~~~~~~~~~~~~~~~~~~~~~~~~~~~~~~~~~~~~~~~~~~~~~~~~~~~~~~~~~~~~~~~~~~~~~~~~~~~~~
threadx/common/inc/tx_trace.h:493:81: note: expanded from macro 'TX_TRACE_IN_LINE_INSERT'
  493 |                 trace_event_ptr -> tx_trace_buffer_entry_thread_pointer =       (ULONG) trace_thread_ptr; \
      |                                                                                 ^~~~~~~~~~~~~~~~~~~~~~~~
threadx/common/src/tx_block_pool_prioritize.c:92:5: warning: cast to smaller integer type 'ULONG' (aka 'unsigned long') from 'TX_BLOCK_POOL *' (aka 'struct TX_BLOCK_POOL_STRUCT *') [-Wpointer-to-int-cast]
   92 |     TX_TRACE_IN_LINE_INSERT(TX_TRACE_BLOCK_POOL_PRIORITIZE, pool_ptr, pool_ptr -> tx_block_pool_suspended_count, TX_POINTER_TO_ULONG_CONVERT(&suspended_count), 0, TX_TRACE_BLOCK_POOL_EVENTS)
      |     ^~~~~~~~~~~~~~~~~~~~~~~~~~~~~~~~~~~~~~~~~~~~~~~~~~~~~~~~~~~~~~~~~~~~~~~~~~~~~~~~~~~~~~~~~~~~~~~~~~~~~~~~~~~~~~~~~~~~~~~~~~~~~~~~~~~~~~~~~~~~~~~~~~~~~~~~~~~~~~~~~~~~~~~~~~~~~~~~~~~~~~~~~~
threadx/common/inc/tx_trace.h:497:17: note: expanded from macro 'TX_TRACE_IN_LINE_INSERT'
  497 |                 TX_TRACE_INFO_FIELD_ASSIGNMENT((a),(b),(c),(d)) \
      |                 ^~~~~~~~~~~~~~~~~~~~~~~~~~~~~~~~~~~~~~~~~~~~~~~
threadx/common/inc/tx_trace.h:457:114: note: expanded from macro 'TX_TRACE_INFO_FIELD_ASSIGNMENT'
  457 | #define TX_TRACE_INFO_FIELD_ASSIGNMENT(a,b,c,d)  trace_event_ptr -> tx_trace_buffer_entry_information_field_1 =  (ULONG) (a); trace_event_ptr -> tx_trace_buffer_entry_information_field_2 =  (ULONG) (b); trace_event_ptr -> tx_trace_buffer_entry_information_field_3 =  (ULONG) (c); trace_event_ptr -> tx_trace_buffer_entry_information_field_4 =  (ULONG) (d);
      |                                                                                                                  ^~~~~~~~~~~
threadx/common/src/tx_block_pool_prioritize.c:92:114: warning: cast to smaller integer type 'ULONG' (aka 'unsigned long') from 'void *' [-Wvoid-pointer-to-int-cast]
   92 |     TX_TRACE_IN_LINE_INSERT(TX_TRACE_BLOCK_POOL_PRIORITIZE, pool_ptr, pool_ptr -> tx_block_pool_suspended_count, TX_POINTER_TO_ULONG_CONVERT(&suspended_count), 0, TX_TRACE_BLOCK_POOL_EVENTS)
      |     ~~~~~~~~~~~~~~~~~~~~~~~~~~~~~~~~~~~~~~~~~~~~~~~~~~~~~~~~~~~~~~~~~~~~~~~~~~~~~~~~~~~~~~~~~~~~~~~~~~~~~~~~~~~~~^~~~~~~~~~~~~~~~~~~~~~~~~~~~~~~~~~~~~~~~~~~~~~~~~~~~~~~~~~~~~~~~~~~~~~~~~~~~~
threadx/common/inc/tx_api.h:2062:58: note: expanded from macro 'TX_POINTER_TO_ULONG_CONVERT'
 2062 | #define TX_POINTER_TO_ULONG_CONVERT(a)                  ((ULONG) ((VOID *) (a)))
      |                                                          ^
threadx/common/inc/tx_trace.h:497:57: note: expanded from macro 'TX_TRACE_IN_LINE_INSERT'
  497 |                 TX_TRACE_INFO_FIELD_ASSIGNMENT((a),(b),(c),(d)) \
      |                 ~~~~~~~~~~~~~~~~~~~~~~~~~~~~~~~~~~~~~~~~^~~~~~~
threadx/common/inc/tx_trace.h:457:277: note: expanded from macro 'TX_TRACE_INFO_FIELD_ASSIGNMENT'
  457 | #define TX_TRACE_INFO_FIELD_ASSIGNMENT(a,b,c,d)  trace_event_ptr -> tx_trace_buffer_entry_information_field_1 =  (ULONG) (a); trace_event_ptr -> tx_trace_buffer_entry_information_field_2 =  (ULONG) (b); trace_event_ptr -> tx_trace_buffer_entry_information_field_3 =  (ULONG) (c); trace_event_ptr -> tx_trace_buffer_entry_information_field_4 =  (ULONG) (d);
      |                                                                                                                                                                                                                                                                                     ^
threadx/common/src/tx_block_pool_prioritize.c:92:5: warning: cast to smaller integer type 'ULONG' (aka 'unsigned long') from 'TX_TRACE_BUFFER_ENTRY *' (aka 'struct TX_TRACE_BUFFER_ENTRY_STRUCT *') [-Wpointer-to-int-cast]
   92 |     TX_TRACE_IN_LINE_INSERT(TX_TRACE_BLOCK_POOL_PRIORITIZE, pool_ptr, pool_ptr -> tx_block_pool_suspended_count, TX_POINTER_TO_ULONG_CONVERT(&suspended_count), 0, TX_TRACE_BLOCK_POOL_EVENTS)
      |     ^~~~~~~~~~~~~~~~~~~~~~~~~~~~~~~~~~~~~~~~~~~~~~~~~~~~~~~~~~~~~~~~~~~~~~~~~~~~~~~~~~~~~~~~~~~~~~~~~~~~~~~~~~~~~~~~~~~~~~~~~~~~~~~~~~~~~~~~~~~~~~~~~~~~~~~~~~~~~~~~~~~~~~~~~~~~~~~~~~~~~~~~~~
threadx/common/inc/tx_trace.h:503:87: note: expanded from macro 'TX_TRACE_IN_LINE_INSERT'
  503 |                     _tx_trace_header_ptr -> tx_trace_header_buffer_current_pointer =  (ULONG) trace_event_ptr; \
      |                                                                                       ^~~~~~~~~~~~~~~~~~~~~~~
threadx/common/src/tx_block_pool_prioritize.c:92:5: warning: cast to smaller integer type 'ULONG' (aka 'unsigned long') from 'TX_TRACE_BUFFER_ENTRY *' (aka 'struct TX_TRACE_BUFFER_ENTRY_STRUCT *') [-Wpointer-to-int-cast]
   92 |     TX_TRACE_IN_LINE_INSERT(TX_TRACE_BLOCK_POOL_PRIORITIZE, pool_ptr, pool_ptr -> tx_block_pool_suspended_count, TX_POINTER_TO_ULONG_CONVERT(&suspended_count), 0, TX_TRACE_BLOCK_POOL_EVENTS)
      |     ^~~~~~~~~~~~~~~~~~~~~~~~~~~~~~~~~~~~~~~~~~~~~~~~~~~~~~~~~~~~~~~~~~~~~~~~~~~~~~~~~~~~~~~~~~~~~~~~~~~~~~~~~~~~~~~~~~~~~~~~~~~~~~~~~~~~~~~~~~~~~~~~~~~~~~~~~~~~~~~~~~~~~~~~~~~~~~~~~~~~~~~~~~
threadx/common/inc/tx_trace.h:510:87: note: expanded from macro 'TX_TRACE_IN_LINE_INSERT'
  510 |                     _tx_trace_header_ptr -> tx_trace_header_buffer_current_pointer =  (ULONG) trace_event_ptr; \
      |                                                                                       ^~~~~~~~~~~~~~~~~~~~~~~
6 warnings generated.
threadx/common/src/tx_byte_allocate.c:129:5: warning: cast to smaller integer type 'ULONG' (aka 'unsigned long') from 'TX_THREAD *' (aka 'struct TX_THREAD_STRUCT *') [-Wpointer-to-int-cast] (Local CPU 22)
  129 |     TX_TRACE_IN_LINE_INSERT(TX_TRACE_BYTE_ALLOCATE, pool_ptr, 0, memory_size, wait_option, TX_TRACE_BYTE_POOL_EVENTS)
      |     ^~~~~~~~~~~~~~~~~~~~~~~~~~~~~~~~~~~~~~~~~~~~~~~~~~~~~~~~~~~~~~~~~~~~~~~~~~~~~~~~~~~~~~~~~~~~~~~~~~~~~~~~~~~~~~~~~
threadx/common/inc/tx_trace.h:485:41: note: expanded from macro 'TX_TRACE_IN_LINE_INSERT'
  485 |                     trace_priority =    (ULONG) trace_thread_ptr; \
      |                                         ^~~~~~~~~~~~~~~~~~~~~~~~
threadx/common/src/tx_byte_allocate.c:129:5: warning: cast to smaller integer type 'ULONG' (aka 'unsigned long') from 'TX_THREAD *' (aka 'struct TX_THREAD_STRUCT *') [-Wpointer-to-int-cast]
  129 |     TX_TRACE_IN_LINE_INSERT(TX_TRACE_BYTE_ALLOCATE, pool_ptr, 0, memory_size, wait_option, TX_TRACE_BYTE_POOL_EVENTS)
      |     ^~~~~~~~~~~~~~~~~~~~~~~~~~~~~~~~~~~~~~~~~~~~~~~~~~~~~~~~~~~~~~~~~~~~~~~~~~~~~~~~~~~~~~~~~~~~~~~~~~~~~~~~~~~~~~~~~
threadx/common/inc/tx_trace.h:493:81: note: expanded from macro 'TX_TRACE_IN_LINE_INSERT'
  493 |                 trace_event_ptr -> tx_trace_buffer_entry_thread_pointer =       (ULONG) trace_thread_ptr; \
      |                                                                                 ^~~~~~~~~~~~~~~~~~~~~~~~
threadx/common/src/tx_byte_allocate.c:129:5: warning: cast to smaller integer type 'ULONG' (aka 'unsigned long') from 'TX_BYTE_POOL *' (aka 'struct TX_BYTE_POOL_STRUCT *') [-Wpointer-to-int-cast]
  129 |     TX_TRACE_IN_LINE_INSERT(TX_TRACE_BYTE_ALLOCATE, pool_ptr, 0, memory_size, wait_option, TX_TRACE_BYTE_POOL_EVENTS)
      |     ^~~~~~~~~~~~~~~~~~~~~~~~~~~~~~~~~~~~~~~~~~~~~~~~~~~~~~~~~~~~~~~~~~~~~~~~~~~~~~~~~~~~~~~~~~~~~~~~~~~~~~~~~~~~~~~~~
threadx/common/inc/tx_trace.h:497:17: note: expanded from macro 'TX_TRACE_IN_LINE_INSERT'
  497 |                 TX_TRACE_INFO_FIELD_ASSIGNMENT((a),(b),(c),(d)) \
      |                 ^~~~~~~~~~~~~~~~~~~~~~~~~~~~~~~~~~~~~~~~~~~~~~~
threadx/common/inc/tx_trace.h:457:114: note: expanded from macro 'TX_TRACE_INFO_FIELD_ASSIGNMENT'
  457 | #define TX_TRACE_INFO_FIELD_ASSIGNMENT(a,b,c,d)  trace_event_ptr -> tx_trace_buffer_entry_information_field_1 =  (ULONG) (a); trace_event_ptr -> tx_trace_buffer_entry_information_field_2 =  (ULONG) (b); trace_event_ptr -> tx_trace_buffer_entry_information_field_3 =  (ULONG) (c); trace_event_ptr -> tx_trace_buffer_entry_information_field_4 =  (ULONG) (d);
      |                                                                                                                  ^~~~~~~~~~~
threadx/common/src/tx_byte_allocate.c:129:5: warning: cast to smaller integer type 'ULONG' (aka 'unsigned long') from 'TX_TRACE_BUFFER_ENTRY *' (aka 'struct TX_TRACE_BUFFER_ENTRY_STRUCT *') [-Wpointer-to-int-cast]
  129 |     TX_TRACE_IN_LINE_INSERT(TX_TRACE_BYTE_ALLOCATE, pool_ptr, 0, memory_size, wait_option, TX_TRACE_BYTE_POOL_EVENTS)
      |     ^~~~~~~~~~~~~~~~~~~~~~~~~~~~~~~~~~~~~~~~~~~~~~~~~~~~~~~~~~~~~~~~~~~~~~~~~~~~~~~~~~~~~~~~~~~~~~~~~~~~~~~~~~~~~~~~~
threadx/common/inc/tx_trace.h:503:87: note: expanded from macro 'TX_TRACE_IN_LINE_INSERT'
  503 |                     _tx_trace_header_ptr -> tx_trace_header_buffer_current_pointer =  (ULONG) trace_event_ptr; \
      |                                                                                       ^~~~~~~~~~~~~~~~~~~~~~~
threadx/common/src/tx_byte_allocate.c:129:5: warning: cast to smaller integer type 'ULONG' (aka 'unsigned long') from 'TX_TRACE_BUFFER_ENTRY *' (aka 'struct TX_TRACE_BUFFER_ENTRY_STRUCT *') [-Wpointer-to-int-cast]
  129 |     TX_TRACE_IN_LINE_INSERT(TX_TRACE_BYTE_ALLOCATE, pool_ptr, 0, memory_size, wait_option, TX_TRACE_BYTE_POOL_EVENTS)
      |     ^~~~~~~~~~~~~~~~~~~~~~~~~~~~~~~~~~~~~~~~~~~~~~~~~~~~~~~~~~~~~~~~~~~~~~~~~~~~~~~~~~~~~~~~~~~~~~~~~~~~~~~~~~~~~~~~~
threadx/common/inc/tx_trace.h:510:87: note: expanded from macro 'TX_TRACE_IN_LINE_INSERT'
  510 |                     _tx_trace_header_ptr -> tx_trace_header_buffer_current_pointer =  (ULONG) trace_event_ptr; \
      |                                                                                       ^~~~~~~~~~~~~~~~~~~~~~~
threadx/common/src/tx_byte_allocate.c:224:75: warning: cast to smaller integer type 'ULONG' (aka 'unsigned long') from 'void *' [-Wvoid-pointer-to-int-cast]
  224 |                 entry_ptr -> tx_trace_buffer_entry_information_field_2 =  TX_POINTER_TO_ULONG_CONVERT(*memory_ptr);
      |                                                                           ^~~~~~~~~~~~~~~~~~~~~~~~~~~~~~~~~~~~~~~~
threadx/common/inc/tx_api.h:2062:58: note: expanded from macro 'TX_POINTER_TO_ULONG_CONVERT'
 2062 | #define TX_POINTER_TO_ULONG_CONVERT(a)                  ((ULONG) ((VOID *) (a)))
      |                                                          ^~~~~~~~~~~~~~~~~~~~~~
threadx/common/src/tx_byte_allocate.c:373:82: warning: cast to smaller integer type 'ULONG' (aka 'unsigned long') from 'void *' [-Wvoid-pointer-to-int-cast]
  373 |                        entry_ptr -> tx_trace_buffer_entry_information_field_2 =  TX_POINTER_TO_ULONG_CONVERT(*memory_ptr);
      |                                                                                  ^~~~~~~~~~~~~~~~~~~~~~~~~~~~~~~~~~~~~~~~
threadx/common/inc/tx_api.h:2062:58: note: expanded from macro 'TX_POINTER_TO_ULONG_CONVERT'
 2062 | #define TX_POINTER_TO_ULONG_CONVERT(a)                  ((ULONG) ((VOID *) (a)))
      |                                                          ^~~~~~~~~~~~~~~~~~~~~~
7 warnings generated.
threadx/common/src/tx_byte_pool_create.c:187:5: warning: cast to smaller integer type 'ULONG' (aka 'unsigned long') from 'TX_THREAD *' (aka 'struct TX_THREAD_STRUCT *') [-Wpointer-to-int-cast] (Local CPU 24)
  187 |     TX_TRACE_IN_LINE_INSERT(TX_TRACE_BYTE_POOL_CREATE, pool_ptr, TX_POINTER_TO_ULONG_CONVERT(pool_start), pool_size, TX_POINTER_TO_ULONG_CONVERT(&block_ptr), TX_TRACE_BYTE_POOL_EVENTS)
      |     ^~~~~~~~~~~~~~~~~~~~~~~~~~~~~~~~~~~~~~~~~~~~~~~~~~~~~~~~~~~~~~~~~~~~~~~~~~~~~~~~~~~~~~~~~~~~~~~~~~~~~~~~~~~~~~~~~~~~~~~~~~~~~~~~~~~~~~~~~~~~~~~~~~~~~~~~~~~~~~~~~~~~~~~~~~~~~~~~~~~~
threadx/common/inc/tx_trace.h:485:41: note: expanded from macro 'TX_TRACE_IN_LINE_INSERT'
  485 |                     trace_priority =    (ULONG) trace_thread_ptr; \
      |                                         ^~~~~~~~~~~~~~~~~~~~~~~~
threadx/common/src/tx_byte_pool_create.c:187:5: warning: cast to smaller integer type 'ULONG' (aka 'unsigned long') from 'TX_THREAD *' (aka 'struct TX_THREAD_STRUCT *') [-Wpointer-to-int-cast]
  187 |     TX_TRACE_IN_LINE_INSERT(TX_TRACE_BYTE_POOL_CREATE, pool_ptr, TX_POINTER_TO_ULONG_CONVERT(pool_start), pool_size, TX_POINTER_TO_ULONG_CONVERT(&block_ptr), TX_TRACE_BYTE_POOL_EVENTS)
      |     ^~~~~~~~~~~~~~~~~~~~~~~~~~~~~~~~~~~~~~~~~~~~~~~~~~~~~~~~~~~~~~~~~~~~~~~~~~~~~~~~~~~~~~~~~~~~~~~~~~~~~~~~~~~~~~~~~~~~~~~~~~~~~~~~~~~~~~~~~~~~~~~~~~~~~~~~~~~~~~~~~~~~~~~~~~~~~~~~~~~~
threadx/common/inc/tx_trace.h:493:81: note: expanded from macro 'TX_TRACE_IN_LINE_INSERT'
  493 |                 trace_event_ptr -> tx_trace_buffer_entry_thread_pointer =       (ULONG) trace_thread_ptr; \
      |                                                                                 ^~~~~~~~~~~~~~~~~~~~~~~~
threadx/common/src/tx_byte_pool_create.c:187:5: warning: cast to smaller integer type 'ULONG' (aka 'unsigned long') from 'TX_BYTE_POOL *' (aka 'struct TX_BYTE_POOL_STRUCT *') [-Wpointer-to-int-cast]
  187 |     TX_TRACE_IN_LINE_INSERT(TX_TRACE_BYTE_POOL_CREATE, pool_ptr, TX_POINTER_TO_ULONG_CONVERT(pool_start), pool_size, TX_POINTER_TO_ULONG_CONVERT(&block_ptr), TX_TRACE_BYTE_POOL_EVENTS)
      |     ^~~~~~~~~~~~~~~~~~~~~~~~~~~~~~~~~~~~~~~~~~~~~~~~~~~~~~~~~~~~~~~~~~~~~~~~~~~~~~~~~~~~~~~~~~~~~~~~~~~~~~~~~~~~~~~~~~~~~~~~~~~~~~~~~~~~~~~~~~~~~~~~~~~~~~~~~~~~~~~~~~~~~~~~~~~~~~~~~~~~
threadx/common/inc/tx_trace.h:497:17: note: expanded from macro 'TX_TRACE_IN_LINE_INSERT'
  497 |                 TX_TRACE_INFO_FIELD_ASSIGNMENT((a),(b),(c),(d)) \
      |                 ^~~~~~~~~~~~~~~~~~~~~~~~~~~~~~~~~~~~~~~~~~~~~~~
threadx/common/inc/tx_trace.h:457:114: note: expanded from macro 'TX_TRACE_INFO_FIELD_ASSIGNMENT'
  457 | #define TX_TRACE_INFO_FIELD_ASSIGNMENT(a,b,c,d)  trace_event_ptr -> tx_trace_buffer_entry_information_field_1 =  (ULONG) (a); trace_event_ptr -> tx_trace_buffer_entry_information_field_2 =  (ULONG) (b); trace_event_ptr -> tx_trace_buffer_entry_information_field_3 =  (ULONG) (c); trace_event_ptr -> tx_trace_buffer_entry_information_field_4 =  (ULONG) (d);
      |                                                                                                                  ^~~~~~~~~~~
threadx/common/src/tx_byte_pool_create.c:187:66: warning: cast to smaller integer type 'ULONG' (aka 'unsigned long') from 'void *' [-Wvoid-pointer-to-int-cast]
  187 |     TX_TRACE_IN_LINE_INSERT(TX_TRACE_BYTE_POOL_CREATE, pool_ptr, TX_POINTER_TO_ULONG_CONVERT(pool_start), pool_size, TX_POINTER_TO_ULONG_CONVERT(&block_ptr), TX_TRACE_BYTE_POOL_EVENTS)
      |     ~~~~~~~~~~~~~~~~~~~~~~~~~~~~~~~~~~~~~~~~~~~~~~~~~~~~~~~~~~~~~^~~~~~~~~~~~~~~~~~~~~~~~~~~~~~~~~~~~~~~~~~~~~~~~~~~~~~~~~~~~~~~~~~~~~~~~~~~~~~~~~~~~~~~~~~~~~~~~~~~~~~~~~~~~~~~~~~~~~~~
threadx/common/inc/tx_api.h:2062:58: note: expanded from macro 'TX_POINTER_TO_ULONG_CONVERT'
 2062 | #define TX_POINTER_TO_ULONG_CONVERT(a)                  ((ULONG) ((VOID *) (a)))
      |                                                          ^
threadx/common/inc/tx_trace.h:497:53: note: expanded from macro 'TX_TRACE_IN_LINE_INSERT'
  497 |                 TX_TRACE_INFO_FIELD_ASSIGNMENT((a),(b),(c),(d)) \
      |                 ~~~~~~~~~~~~~~~~~~~~~~~~~~~~~~~~~~~~^~~~~~~~~~~
threadx/common/inc/tx_trace.h:457:200: note: expanded from macro 'TX_TRACE_INFO_FIELD_ASSIGNMENT'
  457 | #define TX_TRACE_INFO_FIELD_ASSIGNMENT(a,b,c,d)  trace_event_ptr -> tx_trace_buffer_entry_information_field_1 =  (ULONG) (a); trace_event_ptr -> tx_trace_buffer_entry_information_field_2 =  (ULONG) (b); trace_event_ptr -> tx_trace_buffer_entry_information_field_3 =  (ULONG) (c); trace_event_ptr -> tx_trace_buffer_entry_information_field_4 =  (ULONG) (d);
      |                                                                                                                                                                                                        ^
threadx/common/src/tx_byte_pool_create.c:187:118: warning: cast to smaller integer type 'ULONG' (aka 'unsigned long') from 'void *' [-Wvoid-pointer-to-int-cast]
  187 |     TX_TRACE_IN_LINE_INSERT(TX_TRACE_BYTE_POOL_CREATE, pool_ptr, TX_POINTER_TO_ULONG_CONVERT(pool_start), pool_size, TX_POINTER_TO_ULONG_CONVERT(&block_ptr), TX_TRACE_BYTE_POOL_EVENTS)
      |     ~~~~~~~~~~~~~~~~~~~~~~~~~~~~~~~~~~~~~~~~~~~~~~~~~~~~~~~~~~~~~~~~~~~~~~~~~~~~~~~~~~~~~~~~~~~~~~~~~~~~~~~~~~~~~~~~~^~~~~~~~~~~~~~~~~~~~~~~~~~~~~~~~~~~~~~~~~~~~~~~~~~~~~~~~~~~~~~~~~~~
threadx/common/inc/tx_api.h:2062:58: note: expanded from macro 'TX_POINTER_TO_ULONG_CONVERT'
 2062 | #define TX_POINTER_TO_ULONG_CONVERT(a)                  ((ULONG) ((VOID *) (a)))
      |                                                          ^
threadx/common/inc/tx_trace.h:497:61: note: expanded from macro 'TX_TRACE_IN_LINE_INSERT'
  497 |                 TX_TRACE_INFO_FIELD_ASSIGNMENT((a),(b),(c),(d)) \
      |                 ~~~~~~~~~~~~~~~~~~~~~~~~~~~~~~~~~~~~~~~~~~~~^~~
threadx/common/inc/tx_trace.h:457:354: note: expanded from macro 'TX_TRACE_INFO_FIELD_ASSIGNMENT'
  457 | #define TX_TRACE_INFO_FIELD_ASSIGNMENT(a,b,c,d)  trace_event_ptr -> tx_trace_buffer_entry_information_field_1 =  (ULONG) (a); trace_event_ptr -> tx_trace_buffer_entry_information_field_2 =  (ULONG) (b); trace_event_ptr -> tx_trace_buffer_entry_information_field_3 =  (ULONG) (c); trace_event_ptr -> tx_trace_buffer_entry_information_field_4 =  (ULONG) (d);
      |                                                                                                                                                                                                                                                                                                                                                                  ^
threadx/common/src/tx_byte_pool_create.c:187:5: warning: cast to smaller integer type 'ULONG' (aka 'unsigned long') from 'TX_TRACE_BUFFER_ENTRY *' (aka 'struct TX_TRACE_BUFFER_ENTRY_STRUCT *') [-Wpointer-to-int-cast]
  187 |     TX_TRACE_IN_LINE_INSERT(TX_TRACE_BYTE_POOL_CREATE, pool_ptr, TX_POINTER_TO_ULONG_CONVERT(pool_start), pool_size, TX_POINTER_TO_ULONG_CONVERT(&block_ptr), TX_TRACE_BYTE_POOL_EVENTS)
      |     ^~~~~~~~~~~~~~~~~~~~~~~~~~~~~~~~~~~~~~~~~~~~~~~~~~~~~~~~~~~~~~~~~~~~~~~~~~~~~~~~~~~~~~~~~~~~~~~~~~~~~~~~~~~~~~~~~~~~~~~~~~~~~~~~~~~~~~~~~~~~~~~~~~~~~~~~~~~~~~~~~~~~~~~~~~~~~~~~~~~~
threadx/common/inc/tx_trace.h:503:87: note: expanded from macro 'TX_TRACE_IN_LINE_INSERT'
  503 |                     _tx_trace_header_ptr -> tx_trace_header_buffer_current_pointer =  (ULONG) trace_event_ptr; \
      |                                                                                       ^~~~~~~~~~~~~~~~~~~~~~~
threadx/common/src/tx_byte_pool_create.c:187:5: warning: cast to smaller integer type 'ULONG' (aka 'unsigned long') from 'TX_TRACE_BUFFER_ENTRY *' (aka 'struct TX_TRACE_BUFFER_ENTRY_STRUCT *') [-Wpointer-to-int-cast]
  187 |     TX_TRACE_IN_LINE_INSERT(TX_TRACE_BYTE_POOL_CREATE, pool_ptr, TX_POINTER_TO_ULONG_CONVERT(pool_start), pool_size, TX_POINTER_TO_ULONG_CONVERT(&block_ptr), TX_TRACE_BYTE_POOL_EVENTS)
      |     ^~~~~~~~~~~~~~~~~~~~~~~~~~~~~~~~~~~~~~~~~~~~~~~~~~~~~~~~~~~~~~~~~~~~~~~~~~~~~~~~~~~~~~~~~~~~~~~~~~~~~~~~~~~~~~~~~~~~~~~~~~~~~~~~~~~~~~~~~~~~~~~~~~~~~~~~~~~~~~~~~~~~~~~~~~~~~~~~~~~~
threadx/common/inc/tx_trace.h:510:87: note: expanded from macro 'TX_TRACE_IN_LINE_INSERT'
  510 |                     _tx_trace_header_ptr -> tx_trace_header_buffer_current_pointer =  (ULONG) trace_event_ptr; \
      |                                                                                       ^~~~~~~~~~~~~~~~~~~~~~~
7 warnings generated.
"Compiling: threadx/common/src/tx_thread_create.c"
clang -Wall -Wextra -g -O0 -DTX_INCLUDE_USER_DEFINE_FILE -Ithreadx/common/inc -Ithreadx_port/inc -I. -c threadx/common/src/tx_thread_create.c -o build_threadx/tx_common/tx_thread_create.o
"Compiling: threadx/common/src/tx_thread_delete.c"
threadx/common/src/tx_byte_pool_delete.c:96:5: warning: cast to smaller integer type 'ULONG' (aka 'unsigned long') from 'TX_THREAD *' (aka 'struct TX_THREAD_STRUCT *') [-Wpointer-to-int-cast] (Local CPU 1)
   96 |     TX_TRACE_IN_LINE_INSERT(TX_TRACE_BYTE_POOL_DELETE, pool_ptr, TX_POINTER_TO_ULONG_CONVERT(&thread_ptr), 0, 0, TX_TRACE_BYTE_POOL_EVENTS)
      |     ^~~~~~~~~~~~~~~~~~~~~~~~~~~~~~~~~~~~~~~~~~~~~~~~~~~~~~~~~~~~~~~~~~~~~~~~~~~~~~~~~~~~~~~~~~~~~~~~~~~~~~~~~~~~~~~~~~~~~~~~~~~~~~~~~~~~~~~
threadx/common/inc/tx_trace.h:485:41: note: expanded from macro 'TX_TRACE_IN_LINE_INSERT'
  485 |                     trace_priority =    (ULONG) trace_thread_ptr; \
      |                                         ^~~~~~~~~~~~~~~~~~~~~~~~
threadx/common/src/tx_byte_pool_delete.c:96:5: warning: cast to smaller integer type 'ULONG' (aka 'unsigned long') from 'TX_THREAD *' (aka 'struct TX_THREAD_STRUCT *') [-Wpointer-to-int-cast]
   96 |     TX_TRACE_IN_LINE_INSERT(TX_TRACE_BYTE_POOL_DELETE, pool_ptr, TX_POINTER_TO_ULONG_CONVERT(&thread_ptr), 0, 0, TX_TRACE_BYTE_POOL_EVENTS)
      |     ^~~~~~~~~~~~~~~~~~~~~~~~~~~~~~~~~~~~~~~~~~~~~~~~~~~~~~~~~~~~~~~~~~~~~~~~~~~~~~~~~~~~~~~~~~~~~~~~~~~~~~~~~~~~~~~~~~~~~~~~~~~~~~~~~~~~~~~
threadx/common/inc/tx_trace.h:493:81: note: expanded from macro 'TX_TRACE_IN_LINE_INSERT'
  493 |                 trace_event_ptr -> tx_trace_buffer_entry_thread_pointer =       (ULONG) trace_thread_ptr; \
      |                                                                                 ^~~~~~~~~~~~~~~~~~~~~~~~
threadx/common/src/tx_byte_pool_delete.c:96:5: warning: cast to smaller integer type 'ULONG' (aka 'unsigned long') from 'TX_BYTE_POOL *' (aka 'struct TX_BYTE_POOL_STRUCT *') [-Wpointer-to-int-cast]
   96 |     TX_TRACE_IN_LINE_INSERT(TX_TRACE_BYTE_POOL_DELETE, pool_ptr, TX_POINTER_TO_ULONG_CONVERT(&thread_ptr), 0, 0, TX_TRACE_BYTE_POOL_EVENTS)
      |     ^~~~~~~~~~~~~~~~~~~~~~~~~~~~~~~~~~~~~~~~~~~~~~~~~~~~~~~~~~~~~~~~~~~~~~~~~~~~~~~~~~~~~~~~~~~~~~~~~~~~~~~~~~~~~~~~~~~~~~~~~~~~~~~~~~~~~~~
threadx/common/inc/tx_trace.h:497:17: note: expanded from macro 'TX_TRACE_IN_LINE_INSERT'
  497 |                 TX_TRACE_INFO_FIELD_ASSIGNMENT((a),(b),(c),(d)) \
      |                 ^~~~~~~~~~~~~~~~~~~~~~~~~~~~~~~~~~~~~~~~~~~~~~~
threadx/common/inc/tx_trace.h:457:114: note: expanded from macro 'TX_TRACE_INFO_FIELD_ASSIGNMENT'
  457 | #define TX_TRACE_INFO_FIELD_ASSIGNMENT(a,b,c,d)  trace_event_ptr -> tx_trace_buffer_entry_information_field_1 =  (ULONG) (a); trace_event_ptr -> tx_trace_buffer_entry_information_field_2 =  (ULONG) (b); trace_event_ptr -> tx_trace_buffer_entry_information_field_3 =  (ULONG) (c); trace_event_ptr -> tx_trace_buffer_entry_information_field_4 =  (ULONG) (d);
      |                                                                                                                  ^~~~~~~~~~~
threadx/common/src/tx_byte_pool_delete.c:96:66: warning: cast to smaller integer type 'ULONG' (aka 'unsigned long') from 'void *' [-Wvoid-pointer-to-int-cast]
   96 |     TX_TRACE_IN_LINE_INSERT(TX_TRACE_BYTE_POOL_DELETE, pool_ptr, TX_POINTER_TO_ULONG_CONVERT(&thread_ptr), 0, 0, TX_TRACE_BYTE_POOL_EVENTS)
      |     ~~~~~~~~~~~~~~~~~~~~~~~~~~~~~~~~~~~~~~~~~~~~~~~~~~~~~~~~~~~~~^~~~~~~~~~~~~~~~~~~~~~~~~~~~~~~~~~~~~~~~~~~~~~~~~~~~~~~~~~~~~~~~~~~~~~~~~~
threadx/common/inc/tx_api.h:2062:58: note: expanded from macro 'TX_POINTER_TO_ULONG_CONVERT'
 2062 | #define TX_POINTER_TO_ULONG_CONVERT(a)                  ((ULONG) ((VOID *) (a)))
      |                                                          ^
threadx/common/inc/tx_trace.h:497:53: note: expanded from macro 'TX_TRACE_IN_LINE_INSERT'
  497 |                 TX_TRACE_INFO_FIELD_ASSIGNMENT((a),(b),(c),(d)) \
      |                 ~~~~~~~~~~~~~~~~~~~~~~~~~~~~~~~~~~~~^~~~~~~~~~~
threadx/common/inc/tx_trace.h:457:200: note: expanded from macro 'TX_TRACE_INFO_FIELD_ASSIGNMENT'
  457 | #define TX_TRACE_INFO_FIELD_ASSIGNMENT(a,b,c,d)  trace_event_ptr -> tx_trace_buffer_entry_information_field_1 =  (ULONG) (a); trace_event_ptr -> tx_trace_buffer_entry_information_field_2 =  (ULONG) (b); trace_event_ptr -> tx_trace_buffer_entry_information_field_3 =  (ULONG) (c); trace_event_ptr -> tx_trace_buffer_entry_information_field_4 =  (ULONG) (d);
      |                                                                                                                                                                                                        ^
threadx/common/src/tx_byte_pool_delete.c:96:5: warning: cast to smaller integer type 'ULONG' (aka 'unsigned long') from 'TX_TRACE_BUFFER_ENTRY *' (aka 'struct TX_TRACE_BUFFER_ENTRY_STRUCT *') [-Wpointer-to-int-cast]
   96 |     TX_TRACE_IN_LINE_INSERT(TX_TRACE_BYTE_POOL_DELETE, pool_ptr, TX_POINTER_TO_ULONG_CONVERT(&thread_ptr), 0, 0, TX_TRACE_BYTE_POOL_EVENTS)
      |     ^~~~~~~~~~~~~~~~~~~~~~~~~~~~~~~~~~~~~~~~~~~~~~~~~~~~~~~~~~~~~~~~~~~~~~~~~~~~~~~~~~~~~~~~~~~~~~~~~~~~~~~~~~~~~~~~~~~~~~~~~~~~~~~~~~~~~~~
threadx/common/inc/tx_trace.h:503:87: note: expanded from macro 'TX_TRACE_IN_LINE_INSERT'
  503 |                     _tx_trace_header_ptr -> tx_trace_header_buffer_current_pointer =  (ULONG) trace_event_ptr; \
      |                                                                                       ^~~~~~~~~~~~~~~~~~~~~~~
threadx/common/src/tx_byte_pool_delete.c:96:5: warning: cast to smaller integer type 'ULONG' (aka 'unsigned long') from 'TX_TRACE_BUFFER_ENTRY *' (aka 'struct TX_TRACE_BUFFER_ENTRY_STRUCT *') [-Wpointer-to-int-cast]
   96 |     TX_TRACE_IN_LINE_INSERT(TX_TRACE_BYTE_POOL_DELETE, pool_ptr, TX_POINTER_TO_ULONG_CONVERT(&thread_ptr), 0, 0, TX_TRACE_BYTE_POOL_EVENTS)
      |     ^~~~~~~~~~~~~~~~~~~~~~~~~~~~~~~~~~~~~~~~~~~~~~~~~~~~~~~~~~~~~~~~~~~~~~~~~~~~~~~~~~~~~~~~~~~~~~~~~~~~~~~~~~~~~~~~~~~~~~~~~~~~~~~~~~~~~~~
threadx/common/inc/tx_trace.h:510:87: note: expanded from macro 'TX_TRACE_IN_LINE_INSERT'
  510 |                     _tx_trace_header_ptr -> tx_trace_header_buffer_current_pointer =  (ULONG) trace_event_ptr; \
      |                                                                                       ^~~~~~~~~~~~~~~~~~~~~~~
6 warnings generated.
clang -Wall -Wextra -g -O0 -DTX_INCLUDE_USER_DEFINE_FILE -Ithreadx/common/inc -Ithreadx_port/inc -I. -c threadx/common/src/tx_thread_delete.c -o build_threadx/tx_common/tx_thread_delete.o
threadx/common/src/tx_byte_pool_info_get.c:91:5: warning: cast to smaller integer type 'ULONG' (aka 'unsigned long') from 'TX_THREAD *' (aka 'struct TX_THREAD_STRUCT *') [-Wpointer-to-int-cast] (Local CPU 3)
   91 |     TX_TRACE_IN_LINE_INSERT(TX_TRACE_BYTE_POOL_INFO_GET, pool_ptr, 0, 0, 0, TX_TRACE_BYTE_POOL_EVENTS)
      |     ^~~~~~~~~~~~~~~~~~~~~~~~~~~~~~~~~~~~~~~~~~~~~~~~~~~~~~~~~~~~~~~~~~~~~~~~~~~~~~~~~~~~~~~~~~~~~~~~~~
threadx/common/inc/tx_trace.h:485:41: note: expanded from macro 'TX_TRACE_IN_LINE_INSERT'
  485 |                     trace_priority =    (ULONG) trace_thread_ptr; \
      |                                         ^~~~~~~~~~~~~~~~~~~~~~~~
threadx/common/src/tx_byte_pool_info_get.c:91:5: warning: cast to smaller integer type 'ULONG' (aka 'unsigned long') from 'TX_THREAD *' (aka 'struct TX_THREAD_STRUCT *') [-Wpointer-to-int-cast]
   91 |     TX_TRACE_IN_LINE_INSERT(TX_TRACE_BYTE_POOL_INFO_GET, pool_ptr, 0, 0, 0, TX_TRACE_BYTE_POOL_EVENTS)
      |     ^~~~~~~~~~~~~~~~~~~~~~~~~~~~~~~~~~~~~~~~~~~~~~~~~~~~~~~~~~~~~~~~~~~~~~~~~~~~~~~~~~~~~~~~~~~~~~~~~~
threadx/common/inc/tx_trace.h:493:81: note: expanded from macro 'TX_TRACE_IN_LINE_INSERT'
  493 |                 trace_event_ptr -> tx_trace_buffer_entry_thread_pointer =       (ULONG) trace_thread_ptr; \
      |                                                                                 ^~~~~~~~~~~~~~~~~~~~~~~~
threadx/common/src/tx_byte_pool_info_get.c:91:5: warning: cast to smaller integer type 'ULONG' (aka 'unsigned long') from 'TX_BYTE_POOL *' (aka 'struct TX_BYTE_POOL_STRUCT *') [-Wpointer-to-int-cast]
   91 |     TX_TRACE_IN_LINE_INSERT(TX_TRACE_BYTE_POOL_INFO_GET, pool_ptr, 0, 0, 0, TX_TRACE_BYTE_POOL_EVENTS)
      |     ^~~~~~~~~~~~~~~~~~~~~~~~~~~~~~~~~~~~~~~~~~~~~~~~~~~~~~~~~~~~~~~~~~~~~~~~~~~~~~~~~~~~~~~~~~~~~~~~~~
threadx/common/inc/tx_trace.h:497:17: note: expanded from macro 'TX_TRACE_IN_LINE_INSERT'
  497 |                 TX_TRACE_INFO_FIELD_ASSIGNMENT((a),(b),(c),(d)) \
      |                 ^~~~~~~~~~~~~~~~~~~~~~~~~~~~~~~~~~~~~~~~~~~~~~~
threadx/common/inc/tx_trace.h:457:114: note: expanded from macro 'TX_TRACE_INFO_FIELD_ASSIGNMENT'
  457 | #define TX_TRACE_INFO_FIELD_ASSIGNMENT(a,b,c,d)  trace_event_ptr -> tx_trace_buffer_entry_information_field_1 =  (ULONG) (a); trace_event_ptr -> tx_trace_buffer_entry_information_field_2 =  (ULONG) (b); trace_event_ptr -> tx_trace_buffer_entry_information_field_3 =  (ULONG) (c); trace_event_ptr -> tx_trace_buffer_entry_information_field_4 =  (ULONG) (d);
      |                                                                                                                  ^~~~~~~~~~~
threadx/common/src/tx_byte_pool_info_get.c:91:5: warning: cast to smaller integer type 'ULONG' (aka 'unsigned long') from 'TX_TRACE_BUFFER_ENTRY *' (aka 'struct TX_TRACE_BUFFER_ENTRY_STRUCT *') [-Wpointer-to-int-cast]
   91 |     TX_TRACE_IN_LINE_INSERT(TX_TRACE_BYTE_POOL_INFO_GET, pool_ptr, 0, 0, 0, TX_TRACE_BYTE_POOL_EVENTS)
      |     ^~~~~~~~~~~~~~~~~~~~~~~~~~~~~~~~~~~~~~~~~~~~~~~~~~~~~~~~~~~~~~~~~~~~~~~~~~~~~~~~~~~~~~~~~~~~~~~~~~
threadx/common/inc/tx_trace.h:503:87: note: expanded from macro 'TX_TRACE_IN_LINE_INSERT'
  503 |                     _tx_trace_header_ptr -> tx_trace_header_buffer_current_pointer =  (ULONG) trace_event_ptr; \
      |                                                                                       ^~~~~~~~~~~~~~~~~~~~~~~
threadx/common/src/tx_byte_pool_info_get.c:91:5: warning: cast to smaller integer type 'ULONG' (aka 'unsigned long') from 'TX_TRACE_BUFFER_ENTRY *' (aka 'struct TX_TRACE_BUFFER_ENTRY_STRUCT *') [-Wpointer-to-int-cast]
   91 |     TX_TRACE_IN_LINE_INSERT(TX_TRACE_BYTE_POOL_INFO_GET, pool_ptr, 0, 0, 0, TX_TRACE_BYTE_POOL_EVENTS)
      |     ^~~~~~~~~~~~~~~~~~~~~~~~~~~~~~~~~~~~~~~~~~~~~~~~~~~~~~~~~~~~~~~~~~~~~~~~~~~~~~~~~~~~~~~~~~~~~~~~~~
threadx/common/inc/tx_trace.h:510:87: note: expanded from macro 'TX_TRACE_IN_LINE_INSERT'
  510 |                     _tx_trace_header_ptr -> tx_trace_header_buffer_current_pointer =  (ULONG) trace_event_ptr; \
      |                                                                                       ^~~~~~~~~~~~~~~~~~~~~~~
5 warnings generated.
threadx/common/src/tx_block_release.c:109:5: warning: cast to smaller integer type 'ULONG' (aka 'unsigned long') from 'TX_THREAD *' (aka 'struct TX_THREAD_STRUCT *') [-Wpointer-to-int-cast] (Local CPU 21)
  109 |     TX_TRACE_IN_LINE_INSERT(TX_TRACE_BLOCK_RELEASE, pool_ptr, TX_POINTER_TO_ULONG_CONVERT(block_ptr), pool_ptr -> tx_block_pool_suspended_count, TX_POINTER_TO_ULONG_CONVERT(&work_ptr), TX_TRACE_BLOCK_POOL_EVENTS)
      |     ^~~~~~~~~~~~~~~~~~~~~~~~~~~~~~~~~~~~~~~~~~~~~~~~~~~~~~~~~~~~~~~~~~~~~~~~~~~~~~~~~~~~~~~~~~~~~~~~~~~~~~~~~~~~~~~~~~~~~~~~~~~~~~~~~~~~~~~~~~~~~~~~~~~~~~~~~~~~~~~~~~~~~~~~~~~~~~~~~~~~~~~~~~~~~~~~~~~~~~~~~~~~~~~~
threadx/common/inc/tx_trace.h:485:41: note: expanded from macro 'TX_TRACE_IN_LINE_INSERT'
  485 |                     trace_priority =    (ULONG) trace_thread_ptr; \
      |                                         ^~~~~~~~~~~~~~~~~~~~~~~~
threadx/common/src/tx_block_release.c:109:5: warning: cast to smaller integer type 'ULONG' (aka 'unsigned long') from 'TX_THREAD *' (aka 'struct TX_THREAD_STRUCT *') [-Wpointer-to-int-cast]
  109 |     TX_TRACE_IN_LINE_INSERT(TX_TRACE_BLOCK_RELEASE, pool_ptr, TX_POINTER_TO_ULONG_CONVERT(block_ptr), pool_ptr -> tx_block_pool_suspended_count, TX_POINTER_TO_ULONG_CONVERT(&work_ptr), TX_TRACE_BLOCK_POOL_EVENTS)
      |     ^~~~~~~~~~~~~~~~~~~~~~~~~~~~~~~~~~~~~~~~~~~~~~~~~~~~~~~~~~~~~~~~~~~~~~~~~~~~~~~~~~~~~~~~~~~~~~~~~~~~~~~~~~~~~~~~~~~~~~~~~~~~~~~~~~~~~~~~~~~~~~~~~~~~~~~~~~~~~~~~~~~~~~~~~~~~~~~~~~~~~~~~~~~~~~~~~~~~~~~~~~~~~~~~
threadx/common/inc/tx_trace.h:493:81: note: expanded from macro 'TX_TRACE_IN_LINE_INSERT'
  493 |                 trace_event_ptr -> tx_trace_buffer_entry_thread_pointer =       (ULONG) trace_thread_ptr; \
      |                                                                                 ^~~~~~~~~~~~~~~~~~~~~~~~
threadx/common/src/tx_block_release.c:109:5: warning: cast to smaller integer type 'ULONG' (aka 'unsigned long') from 'TX_BLOCK_POOL *' (aka 'struct TX_BLOCK_POOL_STRUCT *') [-Wpointer-to-int-cast]
  109 |     TX_TRACE_IN_LINE_INSERT(TX_TRACE_BLOCK_RELEASE, pool_ptr, TX_POINTER_TO_ULONG_CONVERT(block_ptr), pool_ptr -> tx_block_pool_suspended_count, TX_POINTER_TO_ULONG_CONVERT(&work_ptr), TX_TRACE_BLOCK_POOL_EVENTS)
      |     ^~~~~~~~~~~~~~~~~~~~~~~~~~~~~~~~~~~~~~~~~~~~~~~~~~~~~~~~~~~~~~~~~~~~~~~~~~~~~~~~~~~~~~~~~~~~~~~~~~~~~~~~~~~~~~~~~~~~~~~~~~~~~~~~~~~~~~~~~~~~~~~~~~~~~~~~~~~~~~~~~~~~~~~~~~~~~~~~~~~~~~~~~~~~~~~~~~~~~~~~~~~~~~~~
threadx/common/inc/tx_trace.h:497:17: note: expanded from macro 'TX_TRACE_IN_LINE_INSERT'
  497 |                 TX_TRACE_INFO_FIELD_ASSIGNMENT((a),(b),(c),(d)) \
      |                 ^~~~~~~~~~~~~~~~~~~~~~~~~~~~~~~~~~~~~~~~~~~~~~~
threadx/common/inc/tx_trace.h:457:114: note: expanded from macro 'TX_TRACE_INFO_FIELD_ASSIGNMENT'
  457 | #define TX_TRACE_INFO_FIELD_ASSIGNMENT(a,b,c,d)  trace_event_ptr -> tx_trace_buffer_entry_information_field_1 =  (ULONG) (a); trace_event_ptr -> tx_trace_buffer_entry_information_field_2 =  (ULONG) (b); trace_event_ptr -> tx_trace_buffer_entry_information_field_3 =  (ULONG) (c); trace_event_ptr -> tx_trace_buffer_entry_information_field_4 =  (ULONG) (d);
      |                                                                                                                  ^~~~~~~~~~~
threadx/common/src/tx_block_release.c:109:63: warning: cast to smaller integer type 'ULONG' (aka 'unsigned long') from 'void *' [-Wvoid-pointer-to-int-cast]
  109 |     TX_TRACE_IN_LINE_INSERT(TX_TRACE_BLOCK_RELEASE, pool_ptr, TX_POINTER_TO_ULONG_CONVERT(block_ptr), pool_ptr -> tx_block_pool_suspended_count, TX_POINTER_TO_ULONG_CONVERT(&work_ptr), TX_TRACE_BLOCK_POOL_EVENTS)
      |     ~~~~~~~~~~~~~~~~~~~~~~~~~~~~~~~~~~~~~~~~~~~~~~~~~~~~~~~~~~^~~~~~~~~~~~~~~~~~~~~~~~~~~~~~~~~~~~~~~~~~~~~~~~~~~~~~~~~~~~~~~~~~~~~~~~~~~~~~~~~~~~~~~~~~~~~~~~~~~~~~~~~~~~~~~~~~~~~~~~~~~~~~~~~~~~~~~~~~~~~~~~~~~~~~
threadx/common/inc/tx_api.h:2062:58: note: expanded from macro 'TX_POINTER_TO_ULONG_CONVERT'
 2062 | #define TX_POINTER_TO_ULONG_CONVERT(a)                  ((ULONG) ((VOID *) (a)))
      |                                                          ^
threadx/common/inc/tx_trace.h:497:53: note: expanded from macro 'TX_TRACE_IN_LINE_INSERT'
  497 |                 TX_TRACE_INFO_FIELD_ASSIGNMENT((a),(b),(c),(d)) \
      |                 ~~~~~~~~~~~~~~~~~~~~~~~~~~~~~~~~~~~~^~~~~~~~~~~
threadx/common/inc/tx_trace.h:457:200: note: expanded from macro 'TX_TRACE_INFO_FIELD_ASSIGNMENT'
  457 | #define TX_TRACE_INFO_FIELD_ASSIGNMENT(a,b,c,d)  trace_event_ptr -> tx_trace_buffer_entry_information_field_1 =  (ULONG) (a); trace_event_ptr -> tx_trace_buffer_entry_information_field_2 =  (ULONG) (b); trace_event_ptr -> tx_trace_buffer_entry_information_field_3 =  (ULONG) (c); trace_event_ptr -> tx_trace_buffer_entry_information_field_4 =  (ULONG) (d);
      |                                                                                                                                                                                                        ^
threadx/common/src/tx_block_release.c:109:146: warning: cast to smaller integer type 'ULONG' (aka 'unsigned long') from 'void *' [-Wvoid-pointer-to-int-cast]
  109 |     TX_TRACE_IN_LINE_INSERT(TX_TRACE_BLOCK_RELEASE, pool_ptr, TX_POINTER_TO_ULONG_CONVERT(block_ptr), pool_ptr -> tx_block_pool_suspended_count, TX_POINTER_TO_ULONG_CONVERT(&work_ptr), TX_TRACE_BLOCK_POOL_EVENTS)
      |     ~~~~~~~~~~~~~~~~~~~~~~~~~~~~~~~~~~~~~~~~~~~~~~~~~~~~~~~~~~~~~~~~~~~~~~~~~~~~~~~~~~~~~~~~~~~~~~~~~~~~~~~~~~~~~~~~~~~~~~~~~~~~~~~~~~~~~~~~~~~~~^~~~~~~~~~~~~~~~~~~~~~~~~~~~~~~~~~~~~~~~~~~~~~~~~~~~~~~~~~~~~~~~~~~
threadx/common/inc/tx_api.h:2062:58: note: expanded from macro 'TX_POINTER_TO_ULONG_CONVERT'
 2062 | #define TX_POINTER_TO_ULONG_CONVERT(a)                  ((ULONG) ((VOID *) (a)))
      |                                                          ^
threadx/common/inc/tx_trace.h:497:61: note: expanded from macro 'TX_TRACE_IN_LINE_INSERT'
  497 |                 TX_TRACE_INFO_FIELD_ASSIGNMENT((a),(b),(c),(d)) \
      |                 ~~~~~~~~~~~~~~~~~~~~~~~~~~~~~~~~~~~~~~~~~~~~^~~
threadx/common/inc/tx_trace.h:457:354: note: expanded from macro 'TX_TRACE_INFO_FIELD_ASSIGNMENT'
  457 | #define TX_TRACE_INFO_FIELD_ASSIGNMENT(a,b,c,d)  trace_event_ptr -> tx_trace_buffer_entry_information_field_1 =  (ULONG) (a); trace_event_ptr -> tx_trace_buffer_entry_information_field_2 =  (ULONG) (b); trace_event_ptr -> tx_trace_buffer_entry_information_field_3 =  (ULONG) (c); trace_event_ptr -> tx_trace_buffer_entry_information_field_4 =  (ULONG) (d);
      |                                                                                                                                                                                                                                                                                                                                                                  ^
threadx/common/src/tx_block_release.c:109:5: warning: cast to smaller integer type 'ULONG' (aka 'unsigned long') from 'TX_TRACE_BUFFER_ENTRY *' (aka 'struct TX_TRACE_BUFFER_ENTRY_STRUCT *') [-Wpointer-to-int-cast]
  109 |     TX_TRACE_IN_LINE_INSERT(TX_TRACE_BLOCK_RELEASE, pool_ptr, TX_POINTER_TO_ULONG_CONVERT(block_ptr), pool_ptr -> tx_block_pool_suspended_count, TX_POINTER_TO_ULONG_CONVERT(&work_ptr), TX_TRACE_BLOCK_POOL_EVENTS)
      |     ^~~~~~~~~~~~~~~~~~~~~~~~~~~~~~~~~~~~~~~~~~~~~~~~~~~~~~~~~~~~~~~~~~~~~~~~~~~~~~~~~~~~~~~~~~~~~~~~~~~~~~~~~~~~~~~~~~~~~~~~~~~~~~~~~~~~~~~~~~~~~~~~~~~~~~~~~~~~~~~~~~~~~~~~~~~~~~~~~~~~~~~~~~~~~~~~~~~~~~~~~~~~~~~~
threadx/common/inc/tx_trace.h:503:87: note: expanded from macro 'TX_TRACE_IN_LINE_INSERT'
  503 |                     _tx_trace_header_ptr -> tx_trace_header_buffer_current_pointer =  (ULONG) trace_event_ptr; \
      |                                                                                       ^~~~~~~~~~~~~~~~~~~~~~~
threadx/common/src/tx_block_release.c:109:5: warning: cast to smaller integer type 'ULONG' (aka 'unsigned long') from 'TX_TRACE_BUFFER_ENTRY *' (aka 'struct TX_TRACE_BUFFER_ENTRY_STRUCT *') [-Wpointer-to-int-cast]
  109 |     TX_TRACE_IN_LINE_INSERT(TX_TRACE_BLOCK_RELEASE, pool_ptr, TX_POINTER_TO_ULONG_CONVERT(block_ptr), pool_ptr -> tx_block_pool_suspended_count, TX_POINTER_TO_ULONG_CONVERT(&work_ptr), TX_TRACE_BLOCK_POOL_EVENTS)
      |     ^~~~~~~~~~~~~~~~~~~~~~~~~~~~~~~~~~~~~~~~~~~~~~~~~~~~~~~~~~~~~~~~~~~~~~~~~~~~~~~~~~~~~~~~~~~~~~~~~~~~~~~~~~~~~~~~~~~~~~~~~~~~~~~~~~~~~~~~~~~~~~~~~~~~~~~~~~~~~~~~~~~~~~~~~~~~~~~~~~~~~~~~~~~~~~~~~~~~~~~~~~~~~~~~
threadx/common/inc/tx_trace.h:510:87: note: expanded from macro 'TX_TRACE_IN_LINE_INSERT'
  510 |                     _tx_trace_header_ptr -> tx_trace_header_buffer_current_pointer =  (ULONG) trace_event_ptr; \
      |                                                                                       ^~~~~~~~~~~~~~~~~~~~~~~
7 warnings generated.
"Compiling: threadx/common/src/tx_thread_entry_exit_notify.c"
clang -Wall -Wextra -g -O0 -DTX_INCLUDE_USER_DEFINE_FILE -Ithreadx/common/inc -Ithreadx_port/inc -I. -c threadx/common/src/tx_thread_entry_exit_notify.c -o build_threadx/tx_common/tx_thread_entry_exit_notify.o
"Compiling: threadx/common/src/tx_thread_identify.c"
clang -Wall -Wextra -g -O0 -DTX_INCLUDE_USER_DEFINE_FILE -Ithreadx/common/inc -Ithreadx_port/inc -I. -c threadx/common/src/tx_thread_identify.c -o build_threadx/tx_common/tx_thread_identify.o
threadx/common/src/tx_byte_pool_performance_info_get.c:123:9: warning: cast to smaller integer type 'ULONG' (aka 'unsigned long') from 'TX_THREAD *' (aka 'struct TX_THREAD_STRUCT *') [-Wpointer-to-int-cast] (Local CPU 9)
  123 |         TX_TRACE_IN_LINE_INSERT(TX_TRACE_BYTE_POOL_PERFORMANCE_INFO_GET, pool_ptr, 0, 0, 0, TX_TRACE_BYTE_POOL_EVENTS)
      |         ^~~~~~~~~~~~~~~~~~~~~~~~~~~~~~~~~~~~~~~~~~~~~~~~~~~~~~~~~~~~~~~~~~~~~~~~~~~~~~~~~~~~~~~~~~~~~~~~~~~~~~~~~~~~~~
threadx/common/inc/tx_trace.h:485:41: note: expanded from macro 'TX_TRACE_IN_LINE_INSERT'
  485 |                     trace_priority =    (ULONG) trace_thread_ptr; \
      |                                         ^~~~~~~~~~~~~~~~~~~~~~~~
threadx/common/src/tx_byte_pool_performance_info_get.c:123:9: warning: cast to smaller integer type 'ULONG' (aka 'unsigned long') from 'TX_THREAD *' (aka 'struct TX_THREAD_STRUCT *') [-Wpointer-to-int-cast]
  123 |         TX_TRACE_IN_LINE_INSERT(TX_TRACE_BYTE_POOL_PERFORMANCE_INFO_GET, pool_ptr, 0, 0, 0, TX_TRACE_BYTE_POOL_EVENTS)
      |         ^~~~~~~~~~~~~~~~~~~~~~~~~~~~~~~~~~~~~~~~~~~~~~~~~~~~~~~~~~~~~~~~~~~~~~~~~~~~~~~~~~~~~~~~~~~~~~~~~~~~~~~~~~~~~~
threadx/common/inc/tx_trace.h:493:81: note: expanded from macro 'TX_TRACE_IN_LINE_INSERT'
  493 |                 trace_event_ptr -> tx_trace_buffer_entry_thread_pointer =       (ULONG) trace_thread_ptr; \
      |                                                                                 ^~~~~~~~~~~~~~~~~~~~~~~~
threadx/common/src/tx_byte_pool_performance_info_get.c:123:9: warning: cast to smaller integer type 'ULONG' (aka 'unsigned long') from 'TX_BYTE_POOL *' (aka 'struct TX_BYTE_POOL_STRUCT *') [-Wpointer-to-int-cast]
  123 |         TX_TRACE_IN_LINE_INSERT(TX_TRACE_BYTE_POOL_PERFORMANCE_INFO_GET, pool_ptr, 0, 0, 0, TX_TRACE_BYTE_POOL_EVENTS)
      |         ^~~~~~~~~~~~~~~~~~~~~~~~~~~~~~~~~~~~~~~~~~~~~~~~~~~~~~~~~~~~~~~~~~~~~~~~~~~~~~~~~~~~~~~~~~~~~~~~~~~~~~~~~~~~~~
threadx/common/inc/tx_trace.h:497:17: note: expanded from macro 'TX_TRACE_IN_LINE_INSERT'
  497 |                 TX_TRACE_INFO_FIELD_ASSIGNMENT((a),(b),(c),(d)) \
      |                 ^~~~~~~~~~~~~~~~~~~~~~~~~~~~~~~~~~~~~~~~~~~~~~~
threadx/common/inc/tx_trace.h:457:114: note: expanded from macro 'TX_TRACE_INFO_FIELD_ASSIGNMENT'
  457 | #define TX_TRACE_INFO_FIELD_ASSIGNMENT(a,b,c,d)  trace_event_ptr -> tx_trace_buffer_entry_information_field_1 =  (ULONG) (a); trace_event_ptr -> tx_trace_buffer_entry_information_field_2 =  (ULONG) (b); trace_event_ptr -> tx_trace_buffer_entry_information_field_3 =  (ULONG) (c); trace_event_ptr -> tx_trace_buffer_entry_information_field_4 =  (ULONG) (d);
      |                                                                                                                  ^~~~~~~~~~~
threadx/common/src/tx_byte_pool_performance_info_get.c:123:9: warning: cast to smaller integer type 'ULONG' (aka 'unsigned long') from 'TX_TRACE_BUFFER_ENTRY *' (aka 'struct TX_TRACE_BUFFER_ENTRY_STRUCT *') [-Wpointer-to-int-cast]
  123 |         TX_TRACE_IN_LINE_INSERT(TX_TRACE_BYTE_POOL_PERFORMANCE_INFO_GET, pool_ptr, 0, 0, 0, TX_TRACE_BYTE_POOL_EVENTS)
      |         ^~~~~~~~~~~~~~~~~~~~~~~~~~~~~~~~~~~~~~~~~~~~~~~~~~~~~~~~~~~~~~~~~~~~~~~~~~~~~~~~~~~~~~~~~~~~~~~~~~~~~~~~~~~~~~
threadx/common/inc/tx_trace.h:503:87: note: expanded from macro 'TX_TRACE_IN_LINE_INSERT'
  503 |                     _tx_trace_header_ptr -> tx_trace_header_buffer_current_pointer =  (ULONG) trace_event_ptr; \
      |                                                                                       ^~~~~~~~~~~~~~~~~~~~~~~
threadx/common/src/tx_byte_pool_performance_info_get.c:123:9: warning: cast to smaller integer type 'ULONG' (aka 'unsigned long') from 'TX_TRACE_BUFFER_ENTRY *' (aka 'struct TX_TRACE_BUFFER_ENTRY_STRUCT *') [-Wpointer-to-int-cast]
  123 |         TX_TRACE_IN_LINE_INSERT(TX_TRACE_BYTE_POOL_PERFORMANCE_INFO_GET, pool_ptr, 0, 0, 0, TX_TRACE_BYTE_POOL_EVENTS)
      |         ^~~~~~~~~~~~~~~~~~~~~~~~~~~~~~~~~~~~~~~~~~~~~~~~~~~~~~~~~~~~~~~~~~~~~~~~~~~~~~~~~~~~~~~~~~~~~~~~~~~~~~~~~~~~~~
threadx/common/inc/tx_trace.h:510:87: note: expanded from macro 'TX_TRACE_IN_LINE_INSERT'
  510 |                     _tx_trace_header_ptr -> tx_trace_header_buffer_current_pointer =  (ULONG) trace_event_ptr; \
      |                                                                                       ^~~~~~~~~~~~~~~~~~~~~~~
5 warnings generated.
"Compiling: threadx/common/src/tx_thread_info_get.c"
clang -Wall -Wextra -g -O0 -DTX_INCLUDE_USER_DEFINE_FILE -Ithreadx/common/inc -Ithreadx_port/inc -I. -c threadx/common/src/tx_thread_info_get.c -o build_threadx/tx_common/tx_thread_info_get.o
threadx/common/src/tx_byte_pool_performance_system_info_get.c:100:5: warning: cast to smaller integer type 'ULONG' (aka 'unsigned long') from 'TX_THREAD *' (aka 'struct TX_THREAD_STRUCT *') [-Wpointer-to-int-cast] (Local CPU 7)
  100 |     TX_TRACE_IN_LINE_INSERT(TX_TRACE_BYTE_POOL__PERFORMANCE_SYSTEM_INFO_GET, 0, 0, 0, 0, TX_TRACE_BYTE_POOL_EVENTS)
      |     ^~~~~~~~~~~~~~~~~~~~~~~~~~~~~~~~~~~~~~~~~~~~~~~~~~~~~~~~~~~~~~~~~~~~~~~~~~~~~~~~~~~~~~~~~~~~~~~~~~~~~~~~~~~~~~~
threadx/common/inc/tx_trace.h:485:41: note: expanded from macro 'TX_TRACE_IN_LINE_INSERT'
  485 |                     trace_priority =    (ULONG) trace_thread_ptr; \
      |                                         ^~~~~~~~~~~~~~~~~~~~~~~~
threadx/common/src/tx_byte_pool_performance_system_info_get.c:100:5: warning: cast to smaller integer type 'ULONG' (aka 'unsigned long') from 'TX_THREAD *' (aka 'struct TX_THREAD_STRUCT *') [-Wpointer-to-int-cast]
  100 |     TX_TRACE_IN_LINE_INSERT(TX_TRACE_BYTE_POOL__PERFORMANCE_SYSTEM_INFO_GET, 0, 0, 0, 0, TX_TRACE_BYTE_POOL_EVENTS)
      |     ^~~~~~~~~~~~~~~~~~~~~~~~~~~~~~~~~~~~~~~~~~~~~~~~~~~~~~~~~~~~~~~~~~~~~~~~~~~~~~~~~~~~~~~~~~~~~~~~~~~~~~~~~~~~~~~
threadx/common/inc/tx_trace.h:493:81: note: expanded from macro 'TX_TRACE_IN_LINE_INSERT'
  493 |                 trace_event_ptr -> tx_trace_buffer_entry_thread_pointer =       (ULONG) trace_thread_ptr; \
      |                                                                                 ^~~~~~~~~~~~~~~~~~~~~~~~
threadx/common/src/tx_byte_pool_performance_system_info_get.c:100:5: warning: cast to smaller integer type 'ULONG' (aka 'unsigned long') from 'TX_TRACE_BUFFER_ENTRY *' (aka 'struct TX_TRACE_BUFFER_ENTRY_STRUCT *') [-Wpointer-to-int-cast]
  100 |     TX_TRACE_IN_LINE_INSERT(TX_TRACE_BYTE_POOL__PERFORMANCE_SYSTEM_INFO_GET, 0, 0, 0, 0, TX_TRACE_BYTE_POOL_EVENTS)
      |     ^~~~~~~~~~~~~~~~~~~~~~~~~~~~~~~~~~~~~~~~~~~~~~~~~~~~~~~~~~~~~~~~~~~~~~~~~~~~~~~~~~~~~~~~~~~~~~~~~~~~~~~~~~~~~~~
threadx/common/inc/tx_trace.h:503:87: note: expanded from macro 'TX_TRACE_IN_LINE_INSERT'
  503 |                     _tx_trace_header_ptr -> tx_trace_header_buffer_current_pointer =  (ULONG) trace_event_ptr; \
      |                                                                                       ^~~~~~~~~~~~~~~~~~~~~~~
threadx/common/src/tx_byte_pool_performance_system_info_get.c:100:5: warning: cast to smaller integer type 'ULONG' (aka 'unsigned long') from 'TX_TRACE_BUFFER_ENTRY *' (aka 'struct TX_TRACE_BUFFER_ENTRY_STRUCT *') [-Wpointer-to-int-cast]
  100 |     TX_TRACE_IN_LINE_INSERT(TX_TRACE_BYTE_POOL__PERFORMANCE_SYSTEM_INFO_GET, 0, 0, 0, 0, TX_TRACE_BYTE_POOL_EVENTS)
      |     ^~~~~~~~~~~~~~~~~~~~~~~~~~~~~~~~~~~~~~~~~~~~~~~~~~~~~~~~~~~~~~~~~~~~~~~~~~~~~~~~~~~~~~~~~~~~~~~~~~~~~~~~~~~~~~~
threadx/common/inc/tx_trace.h:510:87: note: expanded from macro 'TX_TRACE_IN_LINE_INSERT'
  510 |                     _tx_trace_header_ptr -> tx_trace_header_buffer_current_pointer =  (ULONG) trace_event_ptr; \
      |                                                                                       ^~~~~~~~~~~~~~~~~~~~~~~
4 warnings generated.
threadx/common/src/tx_byte_pool_prioritize.c:92:5: warning: cast to smaller integer type 'ULONG' (aka 'unsigned long') from 'TX_THREAD *' (aka 'struct TX_THREAD_STRUCT *') [-Wpointer-to-int-cast] (Local CPU 5)
   92 |     TX_TRACE_IN_LINE_INSERT(TX_TRACE_BYTE_POOL_PRIORITIZE, pool_ptr, pool_ptr -> tx_byte_pool_suspended_count, TX_POINTER_TO_ULONG_CONVERT(&suspended_count), 0, TX_TRACE_BYTE_POOL_EVENTS)
      |     ^~~~~~~~~~~~~~~~~~~~~~~~~~~~~~~~~~~~~~~~~~~~~~~~~~~~~~~~~~~~~~~~~~~~~~~~~~~~~~~~~~~~~~~~~~~~~~~~~~~~~~~~~~~~~~~~~~~~~~~~~~~~~~~~~~~~~~~~~~~~~~~~~~~~~~~~~~~~~~~~~~~~~~~~~~~~~~~~~~~~~~~
threadx/common/inc/tx_trace.h:485:41: note: expanded from macro 'TX_TRACE_IN_LINE_INSERT'
  485 |                     trace_priority =    (ULONG) trace_thread_ptr; \
      |                                         ^~~~~~~~~~~~~~~~~~~~~~~~
threadx/common/src/tx_byte_pool_prioritize.c:92:5: warning: cast to smaller integer type 'ULONG' (aka 'unsigned long') from 'TX_THREAD *' (aka 'struct TX_THREAD_STRUCT *') [-Wpointer-to-int-cast]
   92 |     TX_TRACE_IN_LINE_INSERT(TX_TRACE_BYTE_POOL_PRIORITIZE, pool_ptr, pool_ptr -> tx_byte_pool_suspended_count, TX_POINTER_TO_ULONG_CONVERT(&suspended_count), 0, TX_TRACE_BYTE_POOL_EVENTS)
      |     ^~~~~~~~~~~~~~~~~~~~~~~~~~~~~~~~~~~~~~~~~~~~~~~~~~~~~~~~~~~~~~~~~~~~~~~~~~~~~~~~~~~~~~~~~~~~~~~~~~~~~~~~~~~~~~~~~~~~~~~~~~~~~~~~~~~~~~~~~~~~~~~~~~~~~~~~~~~~~~~~~~~~~~~~~~~~~~~~~~~~~~~
threadx/common/inc/tx_trace.h:493:81: note: expanded from macro 'TX_TRACE_IN_LINE_INSERT'
  493 |                 trace_event_ptr -> tx_trace_buffer_entry_thread_pointer =       (ULONG) trace_thread_ptr; \
      |                                                                                 ^~~~~~~~~~~~~~~~~~~~~~~~
threadx/common/src/tx_byte_pool_prioritize.c:92:5: warning: cast to smaller integer type 'ULONG' (aka 'unsigned long') from 'TX_BYTE_POOL *' (aka 'struct TX_BYTE_POOL_STRUCT *') [-Wpointer-to-int-cast]
   92 |     TX_TRACE_IN_LINE_INSERT(TX_TRACE_BYTE_POOL_PRIORITIZE, pool_ptr, pool_ptr -> tx_byte_pool_suspended_count, TX_POINTER_TO_ULONG_CONVERT(&suspended_count), 0, TX_TRACE_BYTE_POOL_EVENTS)
      |     ^~~~~~~~~~~~~~~~~~~~~~~~~~~~~~~~~~~~~~~~~~~~~~~~~~~~~~~~~~~~~~~~~~~~~~~~~~~~~~~~~~~~~~~~~~~~~~~~~~~~~~~~~~~~~~~~~~~~~~~~~~~~~~~~~~~~~~~~~~~~~~~~~~~~~~~~~~~~~~~~~~~~~~~~~~~~~~~~~~~~~~~
threadx/common/inc/tx_trace.h:497:17: note: expanded from macro 'TX_TRACE_IN_LINE_INSERT'
  497 |                 TX_TRACE_INFO_FIELD_ASSIGNMENT((a),(b),(c),(d)) \
      |                 ^~~~~~~~~~~~~~~~~~~~~~~~~~~~~~~~~~~~~~~~~~~~~~~
threadx/common/inc/tx_trace.h:457:114: note: expanded from macro 'TX_TRACE_INFO_FIELD_ASSIGNMENT'
  457 | #define TX_TRACE_INFO_FIELD_ASSIGNMENT(a,b,c,d)  trace_event_ptr -> tx_trace_buffer_entry_information_field_1 =  (ULONG) (a); trace_event_ptr -> tx_trace_buffer_entry_information_field_2 =  (ULONG) (b); trace_event_ptr -> tx_trace_buffer_entry_information_field_3 =  (ULONG) (c); trace_event_ptr -> tx_trace_buffer_entry_information_field_4 =  (ULONG) (d);
      |                                                                                                                  ^~~~~~~~~~~
threadx/common/src/tx_byte_pool_prioritize.c:92:112: warning: cast to smaller integer type 'ULONG' (aka 'unsigned long') from 'void *' [-Wvoid-pointer-to-int-cast]
   92 |     TX_TRACE_IN_LINE_INSERT(TX_TRACE_BYTE_POOL_PRIORITIZE, pool_ptr, pool_ptr -> tx_byte_pool_suspended_count, TX_POINTER_TO_ULONG_CONVERT(&suspended_count), 0, TX_TRACE_BYTE_POOL_EVENTS)
      |     ~~~~~~~~~~~~~~~~~~~~~~~~~~~~~~~~~~~~~~~~~~~~~~~~~~~~~~~~~~~~~~~~~~~~~~~~~~~~~~~~~~~~~~~~~~~~~~~~~~~~~~~~~~~^~~~~~~~~~~~~~~~~~~~~~~~~~~~~~~~~~~~~~~~~~~~~~~~~~~~~~~~~~~~~~~~~~~~~~~~~~~~
threadx/common/inc/tx_api.h:2062:58: note: expanded from macro 'TX_POINTER_TO_ULONG_CONVERT'
 2062 | #define TX_POINTER_TO_ULONG_CONVERT(a)                  ((ULONG) ((VOID *) (a)))
      |                                                          ^
threadx/common/inc/tx_trace.h:497:57: note: expanded from macro 'TX_TRACE_IN_LINE_INSERT'
  497 |                 TX_TRACE_INFO_FIELD_ASSIGNMENT((a),(b),(c),(d)) \
      |                 ~~~~~~~~~~~~~~~~~~~~~~~~~~~~~~~~~~~~~~~~^~~~~~~
threadx/common/inc/tx_trace.h:457:277: note: expanded from macro 'TX_TRACE_INFO_FIELD_ASSIGNMENT'
  457 | #define TX_TRACE_INFO_FIELD_ASSIGNMENT(a,b,c,d)  trace_event_ptr -> tx_trace_buffer_entry_information_field_1 =  (ULONG) (a); trace_event_ptr -> tx_trace_buffer_entry_information_field_2 =  (ULONG) (b); trace_event_ptr -> tx_trace_buffer_entry_information_field_3 =  (ULONG) (c); trace_event_ptr -> tx_trace_buffer_entry_information_field_4 =  (ULONG) (d);
      |                                                                                                                                                                                                                                                                                     ^
threadx/common/src/tx_byte_pool_prioritize.c:92:5: warning: cast to smaller integer type 'ULONG' (aka 'unsigned long') from 'TX_TRACE_BUFFER_ENTRY *' (aka 'struct TX_TRACE_BUFFER_ENTRY_STRUCT *') [-Wpointer-to-int-cast]
   92 |     TX_TRACE_IN_LINE_INSERT(TX_TRACE_BYTE_POOL_PRIORITIZE, pool_ptr, pool_ptr -> tx_byte_pool_suspended_count, TX_POINTER_TO_ULONG_CONVERT(&suspended_count), 0, TX_TRACE_BYTE_POOL_EVENTS)
      |     ^~~~~~~~~~~~~~~~~~~~~~~~~~~~~~~~~~~~~~~~~~~~~~~~~~~~~~~~~~~~~~~~~~~~~~~~~~~~~~~~~~~~~~~~~~~~~~~~~~~~~~~~~~~~~~~~~~~~~~~~~~~~~~~~~~~~~~~~~~~~~~~~~~~~~~~~~~~~~~~~~~~~~~~~~~~~~~~~~~~~~~~
threadx/common/inc/tx_trace.h:503:87: note: expanded from macro 'TX_TRACE_IN_LINE_INSERT'
  503 |                     _tx_trace_header_ptr -> tx_trace_header_buffer_current_pointer =  (ULONG) trace_event_ptr; \
      |                                                                                       ^~~~~~~~~~~~~~~~~~~~~~~
threadx/common/src/tx_byte_pool_prioritize.c:92:5: warning: cast to smaller integer type 'ULONG' (aka 'unsigned long') from 'TX_TRACE_BUFFER_ENTRY *' (aka 'struct TX_TRACE_BUFFER_ENTRY_STRUCT *') [-Wpointer-to-int-cast]
   92 |     TX_TRACE_IN_LINE_INSERT(TX_TRACE_BYTE_POOL_PRIORITIZE, pool_ptr, pool_ptr -> tx_byte_pool_suspended_count, TX_POINTER_TO_ULONG_CONVERT(&suspended_count), 0, TX_TRACE_BYTE_POOL_EVENTS)
      |     ^~~~~~~~~~~~~~~~~~~~~~~~~~~~~~~~~~~~~~~~~~~~~~~~~~~~~~~~~~~~~~~~~~~~~~~~~~~~~~~~~~~~~~~~~~~~~~~~~~~~~~~~~~~~~~~~~~~~~~~~~~~~~~~~~~~~~~~~~~~~~~~~~~~~~~~~~~~~~~~~~~~~~~~~~~~~~~~~~~~~~~~
threadx/common/inc/tx_trace.h:510:87: note: expanded from macro 'TX_TRACE_IN_LINE_INSERT'
  510 |                     _tx_trace_header_ptr -> tx_trace_header_buffer_current_pointer =  (ULONG) trace_event_ptr; \
      |                                                                                       ^~~~~~~~~~~~~~~~~~~~~~~
6 warnings generated.
"Compiling: threadx/common/src/tx_thread_initialize.c"
threadx/common/src/tx_event_flags_create.c:131:5: warning: cast to smaller integer type 'ULONG' (aka 'unsigned long') from 'TX_THREAD *' (aka 'struct TX_THREAD_STRUCT *') [-Wpointer-to-int-cast] (Local CPU 12)
  131 |     TX_TRACE_IN_LINE_INSERT(TX_TRACE_EVENT_FLAGS_CREATE, group_ptr, TX_POINTER_TO_ULONG_CONVERT(&next_group), 0, 0, TX_TRACE_EVENT_FLAGS_EVENTS)
      |     ^~~~~~~~~~~~~~~~~~~~~~~~~~~~~~~~~~~~~~~~~~~~~~~~~~~~~~~~~~~~~~~~~~~~~~~~~~~~~~~~~~~~~~~~~~~~~~~~~~~~~~~~~~~~~~~~~~~~~~~~~~~~~~~~~~~~~~~~~~~~
threadx/common/inc/tx_trace.h:485:41: note: expanded from macro 'TX_TRACE_IN_LINE_INSERT'
  485 |                     trace_priority =    (ULONG) trace_thread_ptr; \
      |                                         ^~~~~~~~~~~~~~~~~~~~~~~~
threadx/common/src/tx_event_flags_create.c:131:5: warning: cast to smaller integer type 'ULONG' (aka 'unsigned long') from 'TX_THREAD *' (aka 'struct TX_THREAD_STRUCT *') [-Wpointer-to-int-cast]
  131 |     TX_TRACE_IN_LINE_INSERT(TX_TRACE_EVENT_FLAGS_CREATE, group_ptr, TX_POINTER_TO_ULONG_CONVERT(&next_group), 0, 0, TX_TRACE_EVENT_FLAGS_EVENTS)
      |     ^~~~~~~~~~~~~~~~~~~~~~~~~~~~~~~~~~~~~~~~~~~~~~~~~~~~~~~~~~~~~~~~~~~~~~~~~~~~~~~~~~~~~~~~~~~~~~~~~~~~~~~~~~~~~~~~~~~~~~~~~~~~~~~~~~~~~~~~~~~~
threadx/common/inc/tx_trace.h:493:81: note: expanded from macro 'TX_TRACE_IN_LINE_INSERT'
  493 |                 trace_event_ptr -> tx_trace_buffer_entry_thread_pointer =       (ULONG) trace_thread_ptr; \
      |                                                                                 ^~~~~~~~~~~~~~~~~~~~~~~~
threadx/common/src/tx_event_flags_create.c:131:5: warning: cast to smaller integer type 'ULONG' (aka 'unsigned long') from 'TX_EVENT_FLAGS_GROUP *' (aka 'struct TX_EVENT_FLAGS_GROUP_STRUCT *') [-Wpointer-to-int-cast]
  131 |     TX_TRACE_IN_LINE_INSERT(TX_TRACE_EVENT_FLAGS_CREATE, group_ptr, TX_POINTER_TO_ULONG_CONVERT(&next_group), 0, 0, TX_TRACE_EVENT_FLAGS_EVENTS)
      |     ^~~~~~~~~~~~~~~~~~~~~~~~~~~~~~~~~~~~~~~~~~~~~~~~~~~~~~~~~~~~~~~~~~~~~~~~~~~~~~~~~~~~~~~~~~~~~~~~~~~~~~~~~~~~~~~~~~~~~~~~~~~~~~~~~~~~~~~~~~~~
threadx/common/inc/tx_trace.h:497:17: note: expanded from macro 'TX_TRACE_IN_LINE_INSERT'
  497 |                 TX_TRACE_INFO_FIELD_ASSIGNMENT((a),(b),(c),(d)) \
      |                 ^~~~~~~~~~~~~~~~~~~~~~~~~~~~~~~~~~~~~~~~~~~~~~~
threadx/common/inc/tx_trace.h:457:114: note: expanded from macro 'TX_TRACE_INFO_FIELD_ASSIGNMENT'
  457 | #define TX_TRACE_INFO_FIELD_ASSIGNMENT(a,b,c,d)  trace_event_ptr -> tx_trace_buffer_entry_information_field_1 =  (ULONG) (a); trace_event_ptr -> tx_trace_buffer_entry_information_field_2 =  (ULONG) (b); trace_event_ptr -> tx_trace_buffer_entry_information_field_3 =  (ULONG) (c); trace_event_ptr -> tx_trace_buffer_entry_information_field_4 =  (ULONG) (d);
      |                                                                                                                  ^~~~~~~~~~~
threadx/common/src/tx_event_flags_create.c:131:69: warning: cast to smaller integer type 'ULONG' (aka 'unsigned long') from 'void *' [-Wvoid-pointer-to-int-cast]
  131 |     TX_TRACE_IN_LINE_INSERT(TX_TRACE_EVENT_FLAGS_CREATE, group_ptr, TX_POINTER_TO_ULONG_CONVERT(&next_group), 0, 0, TX_TRACE_EVENT_FLAGS_EVENTS)
      |     ~~~~~~~~~~~~~~~~~~~~~~~~~~~~~~~~~~~~~~~~~~~~~~~~~~~~~~~~~~~~~~~~^~~~~~~~~~~~~~~~~~~~~~~~~~~~~~~~~~~~~~~~~~~~~~~~~~~~~~~~~~~~~~~~~~~~~~~~~~~~
threadx/common/inc/tx_api.h:2062:58: note: expanded from macro 'TX_POINTER_TO_ULONG_CONVERT'
 2062 | #define TX_POINTER_TO_ULONG_CONVERT(a)                  ((ULONG) ((VOID *) (a)))
      |                                                          ^
threadx/common/inc/tx_trace.h:497:53: note: expanded from macro 'TX_TRACE_IN_LINE_INSERT'
  497 |                 TX_TRACE_INFO_FIELD_ASSIGNMENT((a),(b),(c),(d)) \
      |                 ~~~~~~~~~~~~~~~~~~~~~~~~~~~~~~~~~~~~^~~~~~~~~~~
threadx/common/inc/tx_trace.h:457:200: note: expanded from macro 'TX_TRACE_INFO_FIELD_ASSIGNMENT'
  457 | #define TX_TRACE_INFO_FIELD_ASSIGNMENT(a,b,c,d)  trace_event_ptr -> tx_trace_buffer_entry_information_field_1 =  (ULONG) (a); trace_event_ptr -> tx_trace_buffer_entry_information_field_2 =  (ULONG) (b); trace_event_ptr -> tx_trace_buffer_entry_information_field_3 =  (ULONG) (c); trace_event_ptr -> tx_trace_buffer_entry_information_field_4 =  (ULONG) (d);
      |                                                                                                                                                                                                        ^
threadx/common/src/tx_event_flags_create.c:131:5: warning: cast to smaller integer type 'ULONG' (aka 'unsigned long') from 'TX_TRACE_BUFFER_ENTRY *' (aka 'struct TX_TRACE_BUFFER_ENTRY_STRUCT *') [-Wpointer-to-int-cast]
  131 |     TX_TRACE_IN_LINE_INSERT(TX_TRACE_EVENT_FLAGS_CREATE, group_ptr, TX_POINTER_TO_ULONG_CONVERT(&next_group), 0, 0, TX_TRACE_EVENT_FLAGS_EVENTS)
      |     ^~~~~~~~~~~~~~~~~~~~~~~~~~~~~~~~~~~~~~~~~~~~~~~~~~~~~~~~~~~~~~~~~~~~~~~~~~~~~~~~~~~~~~~~~~~~~~~~~~~~~~~~~~~~~~~~~~~~~~~~~~~~~~~~~~~~~~~~~~~~
threadx/common/inc/tx_trace.h:503:87: note: expanded from macro 'TX_TRACE_IN_LINE_INSERT'
  503 |                     _tx_trace_header_ptr -> tx_trace_header_buffer_current_pointer =  (ULONG) trace_event_ptr; \
      |                                                                                       ^~~~~~~~~~~~~~~~~~~~~~~
threadx/common/src/tx_event_flags_create.c:131:5: warning: cast to smaller integer type 'ULONG' (aka 'unsigned long') from 'TX_TRACE_BUFFER_ENTRY *' (aka 'struct TX_TRACE_BUFFER_ENTRY_STRUCT *') [-Wpointer-to-int-cast]
  131 |     TX_TRACE_IN_LINE_INSERT(TX_TRACE_EVENT_FLAGS_CREATE, group_ptr, TX_POINTER_TO_ULONG_CONVERT(&next_group), 0, 0, TX_TRACE_EVENT_FLAGS_EVENTS)
      |     ^~~~~~~~~~~~~~~~~~~~~~~~~~~~~~~~~~~~~~~~~~~~~~~~~~~~~~~~~~~~~~~~~~~~~~~~~~~~~~~~~~~~~~~~~~~~~~~~~~~~~~~~~~~~~~~~~~~~~~~~~~~~~~~~~~~~~~~~~~~~
threadx/common/inc/tx_trace.h:510:87: note: expanded from macro 'TX_TRACE_IN_LINE_INSERT'
  510 |                     _tx_trace_header_ptr -> tx_trace_header_buffer_current_pointer =  (ULONG) trace_event_ptr; \
      |                                                                                       ^~~~~~~~~~~~~~~~~~~~~~~
6 warnings generated.
threadx/common/src/tx_byte_release.c:190:9: warning: cast to smaller integer type 'ULONG' (aka 'unsigned long') from 'TX_THREAD *' (aka 'struct TX_THREAD_STRUCT *') [-Wpointer-to-int-cast] (Local CPU 6)
  190 |         TX_TRACE_IN_LINE_INSERT(TX_TRACE_BYTE_RELEASE, pool_ptr, TX_POINTER_TO_ULONG_CONVERT(memory_ptr), pool_ptr -> tx_byte_pool_suspended_count, pool_ptr -> tx_byte_pool_available, TX_TRACE_BYTE_POOL_EVENTS)
      |         ^~~~~~~~~~~~~~~~~~~~~~~~~~~~~~~~~~~~~~~~~~~~~~~~~~~~~~~~~~~~~~~~~~~~~~~~~~~~~~~~~~~~~~~~~~~~~~~~~~~~~~~~~~~~~~~~~~~~~~~~~~~~~~~~~~~~~~~~~~~~~~~~~~~~~~~~~~~~~~~~~~~~~~~~~~~~~~~~~~~~~~~~~~~~~~~~~~~~~~~~~~
threadx/common/inc/tx_trace.h:485:41: note: expanded from macro 'TX_TRACE_IN_LINE_INSERT'
  485 |                     trace_priority =    (ULONG) trace_thread_ptr; \
      |                                         ^~~~~~~~~~~~~~~~~~~~~~~~
threadx/common/src/tx_byte_release.c:190:9: warning: cast to smaller integer type 'ULONG' (aka 'unsigned long') from 'TX_THREAD *' (aka 'struct TX_THREAD_STRUCT *') [-Wpointer-to-int-cast]
  190 |         TX_TRACE_IN_LINE_INSERT(TX_TRACE_BYTE_RELEASE, pool_ptr, TX_POINTER_TO_ULONG_CONVERT(memory_ptr), pool_ptr -> tx_byte_pool_suspended_count, pool_ptr -> tx_byte_pool_available, TX_TRACE_BYTE_POOL_EVENTS)
      |         ^~~~~~~~~~~~~~~~~~~~~~~~~~~~~~~~~~~~~~~~~~~~~~~~~~~~~~~~~~~~~~~~~~~~~~~~~~~~~~~~~~~~~~~~~~~~~~~~~~~~~~~~~~~~~~~~~~~~~~~~~~~~~~~~~~~~~~~~~~~~~~~~~~~~~~~~~~~~~~~~~~~~~~~~~~~~~~~~~~~~~~~~~~~~~~~~~~~~~~~~~~
threadx/common/inc/tx_trace.h:493:81: note: expanded from macro 'TX_TRACE_IN_LINE_INSERT'
  493 |                 trace_event_ptr -> tx_trace_buffer_entry_thread_pointer =       (ULONG) trace_thread_ptr; \
      |                                                                                 ^~~~~~~~~~~~~~~~~~~~~~~~
threadx/common/src/tx_byte_release.c:190:9: warning: cast to smaller integer type 'ULONG' (aka 'unsigned long') from 'TX_BYTE_POOL *' (aka 'struct TX_BYTE_POOL_STRUCT *') [-Wpointer-to-int-cast]
  190 |         TX_TRACE_IN_LINE_INSERT(TX_TRACE_BYTE_RELEASE, pool_ptr, TX_POINTER_TO_ULONG_CONVERT(memory_ptr), pool_ptr -> tx_byte_pool_suspended_count, pool_ptr -> tx_byte_pool_available, TX_TRACE_BYTE_POOL_EVENTS)
      |         ^~~~~~~~~~~~~~~~~~~~~~~~~~~~~~~~~~~~~~~~~~~~~~~~~~~~~~~~~~~~~~~~~~~~~~~~~~~~~~~~~~~~~~~~~~~~~~~~~~~~~~~~~~~~~~~~~~~~~~~~~~~~~~~~~~~~~~~~~~~~~~~~~~~~~~~~~~~~~~~~~~~~~~~~~~~~~~~~~~~~~~~~~~~~~~~~~~~~~~~~~~
threadx/common/inc/tx_trace.h:497:17: note: expanded from macro 'TX_TRACE_IN_LINE_INSERT'
  497 |                 TX_TRACE_INFO_FIELD_ASSIGNMENT((a),(b),(c),(d)) \
      |                 ^~~~~~~~~~~~~~~~~~~~~~~~~~~~~~~~~~~~~~~~~~~~~~~
threadx/common/inc/tx_trace.h:457:114: note: expanded from macro 'TX_TRACE_INFO_FIELD_ASSIGNMENT'
  457 | #define TX_TRACE_INFO_FIELD_ASSIGNMENT(a,b,c,d)  trace_event_ptr -> tx_trace_buffer_entry_information_field_1 =  (ULONG) (a); trace_event_ptr -> tx_trace_buffer_entry_information_field_2 =  (ULONG) (b); trace_event_ptr -> tx_trace_buffer_entry_information_field_3 =  (ULONG) (c); trace_event_ptr -> tx_trace_buffer_entry_information_field_4 =  (ULONG) (d);
      |                                                                                                                  ^~~~~~~~~~~
threadx/common/src/tx_byte_release.c:190:66: warning: cast to smaller integer type 'ULONG' (aka 'unsigned long') from 'void *' [-Wvoid-pointer-to-int-cast]
  190 |         TX_TRACE_IN_LINE_INSERT(TX_TRACE_BYTE_RELEASE, pool_ptr, TX_POINTER_TO_ULONG_CONVERT(memory_ptr), pool_ptr -> tx_byte_pool_suspended_count, pool_ptr -> tx_byte_pool_available, TX_TRACE_BYTE_POOL_EVENTS)
      |         ~~~~~~~~~~~~~~~~~~~~~~~~~~~~~~~~~~~~~~~~~~~~~~~~~~~~~~~~~^~~~~~~~~~~~~~~~~~~~~~~~~~~~~~~~~~~~~~~~~~~~~~~~~~~~~~~~~~~~~~~~~~~~~~~~~~~~~~~~~~~~~~~~~~~~~~~~~~~~~~~~~~~~~~~~~~~~~~~~~~~~~~~~~~~~~~~~~~~~~~~~~
threadx/common/inc/tx_api.h:2062:58: note: expanded from macro 'TX_POINTER_TO_ULONG_CONVERT'
 2062 | #define TX_POINTER_TO_ULONG_CONVERT(a)                  ((ULONG) ((VOID *) (a)))
      |                                                          ^
threadx/common/inc/tx_trace.h:497:53: note: expanded from macro 'TX_TRACE_IN_LINE_INSERT'
  497 |                 TX_TRACE_INFO_FIELD_ASSIGNMENT((a),(b),(c),(d)) \
      |                 ~~~~~~~~~~~~~~~~~~~~~~~~~~~~~~~~~~~~^~~~~~~~~~~
threadx/common/inc/tx_trace.h:457:200: note: expanded from macro 'TX_TRACE_INFO_FIELD_ASSIGNMENT'
  457 | #define TX_TRACE_INFO_FIELD_ASSIGNMENT(a,b,c,d)  trace_event_ptr -> tx_trace_buffer_entry_information_field_1 =  (ULONG) (a); trace_event_ptr -> tx_trace_buffer_entry_information_field_2 =  (ULONG) (b); trace_event_ptr -> tx_trace_buffer_entry_information_field_3 =  (ULONG) (c); trace_event_ptr -> tx_trace_buffer_entry_information_field_4 =  (ULONG) (d);
      |                                                                                                                                                                                                        ^
threadx/common/src/tx_byte_release.c:190:9: warning: cast to smaller integer type 'ULONG' (aka 'unsigned long') from 'TX_TRACE_BUFFER_ENTRY *' (aka 'struct TX_TRACE_BUFFER_ENTRY_STRUCT *') [-Wpointer-to-int-cast]
  190 |         TX_TRACE_IN_LINE_INSERT(TX_TRACE_BYTE_RELEASE, pool_ptr, TX_POINTER_TO_ULONG_CONVERT(memory_ptr), pool_ptr -> tx_byte_pool_suspended_count, pool_ptr -> tx_byte_pool_available, TX_TRACE_BYTE_POOL_EVENTS)
      |         ^~~~~~~~~~~~~~~~~~~~~~~~~~~~~~~~~~~~~~~~~~~~~~~~~~~~~~~~~~~~~~~~~~~~~~~~~~~~~~~~~~~~~~~~~~~~~~~~~~~~~~~~~~~~~~~~~~~~~~~~~~~~~~~~~~~~~~~~~~~~~~~~~~~~~~~~~~~~~~~~~~~~~~~~~~~~~~~~~~~~~~~~~~~~~~~~~~~~~~~~~~
threadx/common/inc/tx_trace.h:503:87: note: expanded from macro 'TX_TRACE_IN_LINE_INSERT'
  503 |                     _tx_trace_header_ptr -> tx_trace_header_buffer_current_pointer =  (ULONG) trace_event_ptr; \
      |                                                                                       ^~~~~~~~~~~~~~~~~~~~~~~
threadx/common/src/tx_byte_release.c:190:9: warning: cast to smaller integer type 'ULONG' (aka 'unsigned long') from 'TX_TRACE_BUFFER_ENTRY *' (aka 'struct TX_TRACE_BUFFER_ENTRY_STRUCT *') [-Wpointer-to-int-cast]
  190 |         TX_TRACE_IN_LINE_INSERT(TX_TRACE_BYTE_RELEASE, pool_ptr, TX_POINTER_TO_ULONG_CONVERT(memory_ptr), pool_ptr -> tx_byte_pool_suspended_count, pool_ptr -> tx_byte_pool_available, TX_TRACE_BYTE_POOL_EVENTS)
      |         ^~~~~~~~~~~~~~~~~~~~~~~~~~~~~~~~~~~~~~~~~~~~~~~~~~~~~~~~~~~~~~~~~~~~~~~~~~~~~~~~~~~~~~~~~~~~~~~~~~~~~~~~~~~~~~~~~~~~~~~~~~~~~~~~~~~~~~~~~~~~~~~~~~~~~~~~~~~~~~~~~~~~~~~~~~~~~~~~~~~~~~~~~~~~~~~~~~~~~~~~~~
threadx/common/inc/tx_trace.h:510:87: note: expanded from macro 'TX_TRACE_IN_LINE_INSERT'
  510 |                     _tx_trace_header_ptr -> tx_trace_header_buffer_current_pointer =  (ULONG) trace_event_ptr; \
      |                                                                                       ^~~~~~~~~~~~~~~~~~~~~~~
6 warnings generated.
threadx/common/src/tx_event_flags_delete.c:92:5: warning: cast to smaller integer type 'ULONG' (aka 'unsigned long') from 'TX_THREAD *' (aka 'struct TX_THREAD_STRUCT *') [-Wpointer-to-int-cast] (Local CPU 11)
   92 |     TX_TRACE_IN_LINE_INSERT(TX_TRACE_EVENT_FLAGS_DELETE, group_ptr, TX_POINTER_TO_ULONG_CONVERT(&thread_ptr), 0, 0, TX_TRACE_EVENT_FLAGS_EVENTS)
      |     ^~~~~~~~~~~~~~~~~~~~~~~~~~~~~~~~~~~~~~~~~~~~~~~~~~~~~~~~~~~~~~~~~~~~~~~~~~~~~~~~~~~~~~~~~~~~~~~~~~~~~~~~~~~~~~~~~~~~~~~~~~~~~~~~~~~~~~~~~~~~
threadx/common/inc/tx_trace.h:485:41: note: expanded from macro 'TX_TRACE_IN_LINE_INSERT'
  485 |                     trace_priority =    (ULONG) trace_thread_ptr; \
      |                                         ^~~~~~~~~~~~~~~~~~~~~~~~
threadx/common/src/tx_event_flags_delete.c:92:5: warning: cast to smaller integer type 'ULONG' (aka 'unsigned long') from 'TX_THREAD *' (aka 'struct TX_THREAD_STRUCT *') [-Wpointer-to-int-cast]
   92 |     TX_TRACE_IN_LINE_INSERT(TX_TRACE_EVENT_FLAGS_DELETE, group_ptr, TX_POINTER_TO_ULONG_CONVERT(&thread_ptr), 0, 0, TX_TRACE_EVENT_FLAGS_EVENTS)
      |     ^~~~~~~~~~~~~~~~~~~~~~~~~~~~~~~~~~~~~~~~~~~~~~~~~~~~~~~~~~~~~~~~~~~~~~~~~~~~~~~~~~~~~~~~~~~~~~~~~~~~~~~~~~~~~~~~~~~~~~~~~~~~~~~~~~~~~~~~~~~~
threadx/common/inc/tx_trace.h:493:81: note: expanded from macro 'TX_TRACE_IN_LINE_INSERT'
  493 |                 trace_event_ptr -> tx_trace_buffer_entry_thread_pointer =       (ULONG) trace_thread_ptr; \
      |                                                                                 ^~~~~~~~~~~~~~~~~~~~~~~~
threadx/common/src/tx_event_flags_delete.c:92:5: warning: cast to smaller integer type 'ULONG' (aka 'unsigned long') from 'TX_EVENT_FLAGS_GROUP *' (aka 'struct TX_EVENT_FLAGS_GROUP_STRUCT *') [-Wpointer-to-int-cast]
   92 |     TX_TRACE_IN_LINE_INSERT(TX_TRACE_EVENT_FLAGS_DELETE, group_ptr, TX_POINTER_TO_ULONG_CONVERT(&thread_ptr), 0, 0, TX_TRACE_EVENT_FLAGS_EVENTS)
      |     ^~~~~~~~~~~~~~~~~~~~~~~~~~~~~~~~~~~~~~~~~~~~~~~~~~~~~~~~~~~~~~~~~~~~~~~~~~~~~~~~~~~~~~~~~~~~~~~~~~~~~~~~~~~~~~~~~~~~~~~~~~~~~~~~~~~~~~~~~~~~
threadx/common/inc/tx_trace.h:497:17: note: expanded from macro 'TX_TRACE_IN_LINE_INSERT'
  497 |                 TX_TRACE_INFO_FIELD_ASSIGNMENT((a),(b),(c),(d)) \
      |                 ^~~~~~~~~~~~~~~~~~~~~~~~~~~~~~~~~~~~~~~~~~~~~~~
threadx/common/inc/tx_trace.h:457:114: note: expanded from macro 'TX_TRACE_INFO_FIELD_ASSIGNMENT'
  457 | #define TX_TRACE_INFO_FIELD_ASSIGNMENT(a,b,c,d)  trace_event_ptr -> tx_trace_buffer_entry_information_field_1 =  (ULONG) (a); trace_event_ptr -> tx_trace_buffer_entry_information_field_2 =  (ULONG) (b); trace_event_ptr -> tx_trace_buffer_entry_information_field_3 =  (ULONG) (c); trace_event_ptr -> tx_trace_buffer_entry_information_field_4 =  (ULONG) (d);
      |                                                                                                                  ^~~~~~~~~~~
threadx/common/src/tx_event_flags_delete.c:92:69: warning: cast to smaller integer type 'ULONG' (aka 'unsigned long') from 'void *' [-Wvoid-pointer-to-int-cast]
   92 |     TX_TRACE_IN_LINE_INSERT(TX_TRACE_EVENT_FLAGS_DELETE, group_ptr, TX_POINTER_TO_ULONG_CONVERT(&thread_ptr), 0, 0, TX_TRACE_EVENT_FLAGS_EVENTS)
      |     ~~~~~~~~~~~~~~~~~~~~~~~~~~~~~~~~~~~~~~~~~~~~~~~~~~~~~~~~~~~~~~~~^~~~~~~~~~~~~~~~~~~~~~~~~~~~~~~~~~~~~~~~~~~~~~~~~~~~~~~~~~~~~~~~~~~~~~~~~~~~
threadx/common/inc/tx_api.h:2062:58: note: expanded from macro 'TX_POINTER_TO_ULONG_CONVERT'
 2062 | #define TX_POINTER_TO_ULONG_CONVERT(a)                  ((ULONG) ((VOID *) (a)))
      |                                                          ^
threadx/common/inc/tx_trace.h:497:53: note: expanded from macro 'TX_TRACE_IN_LINE_INSERT'
  497 |                 TX_TRACE_INFO_FIELD_ASSIGNMENT((a),(b),(c),(d)) \
      |                 ~~~~~~~~~~~~~~~~~~~~~~~~~~~~~~~~~~~~^~~~~~~~~~~
threadx/common/inc/tx_trace.h:457:200: note: expanded from macro 'TX_TRACE_INFO_FIELD_ASSIGNMENT'
  457 | #define TX_TRACE_INFO_FIELD_ASSIGNMENT(a,b,c,d)  trace_event_ptr -> tx_trace_buffer_entry_information_field_1 =  (ULONG) (a); trace_event_ptr -> tx_trace_buffer_entry_information_field_2 =  (ULONG) (b); trace_event_ptr -> tx_trace_buffer_entry_information_field_3 =  (ULONG) (c); trace_event_ptr -> tx_trace_buffer_entry_information_field_4 =  (ULONG) (d);
      |                                                                                                                                                                                                        ^
threadx/common/src/tx_event_flags_delete.c:92:5: warning: cast to smaller integer type 'ULONG' (aka 'unsigned long') from 'TX_TRACE_BUFFER_ENTRY *' (aka 'struct TX_TRACE_BUFFER_ENTRY_STRUCT *') [-Wpointer-to-int-cast]
   92 |     TX_TRACE_IN_LINE_INSERT(TX_TRACE_EVENT_FLAGS_DELETE, group_ptr, TX_POINTER_TO_ULONG_CONVERT(&thread_ptr), 0, 0, TX_TRACE_EVENT_FLAGS_EVENTS)
      |     ^~~~~~~~~~~~~~~~~~~~~~~~~~~~~~~~~~~~~~~~~~~~~~~~~~~~~~~~~~~~~~~~~~~~~~~~~~~~~~~~~~~~~~~~~~~~~~~~~~~~~~~~~~~~~~~~~~~~~~~~~~~~~~~~~~~~~~~~~~~~
threadx/common/inc/tx_trace.h:503:87: note: expanded from macro 'TX_TRACE_IN_LINE_INSERT'
  503 |                     _tx_trace_header_ptr -> tx_trace_header_buffer_current_pointer =  (ULONG) trace_event_ptr; \
      |                                                                                       ^~~~~~~~~~~~~~~~~~~~~~~
threadx/common/src/tx_event_flags_delete.c:92:5: warning: cast to smaller integer type 'ULONG' (aka 'unsigned long') from 'TX_TRACE_BUFFER_ENTRY *' (aka 'struct TX_TRACE_BUFFER_ENTRY_STRUCT *') [-Wpointer-to-int-cast]
   92 |     TX_TRACE_IN_LINE_INSERT(TX_TRACE_EVENT_FLAGS_DELETE, group_ptr, TX_POINTER_TO_ULONG_CONVERT(&thread_ptr), 0, 0, TX_TRACE_EVENT_FLAGS_EVENTS)
      |     ^~~~~~~~~~~~~~~~~~~~~~~~~~~~~~~~~~~~~~~~~~~~~~~~~~~~~~~~~~~~~~~~~~~~~~~~~~~~~~~~~~~~~~~~~~~~~~~~~~~~~~~~~~~~~~~~~~~~~~~~~~~~~~~~~~~~~~~~~~~~
threadx/common/inc/tx_trace.h:510:87: note: expanded from macro 'TX_TRACE_IN_LINE_INSERT'
  510 |                     _tx_trace_header_ptr -> tx_trace_header_buffer_current_pointer =  (ULONG) trace_event_ptr; \
      |                                                                                       ^~~~~~~~~~~~~~~~~~~~~~~
6 warnings generated.
clang -Wall -Wextra -g -O0 -DTX_INCLUDE_USER_DEFINE_FILE -Ithreadx/common/inc -Ithreadx_port/inc -I. -c threadx/common/src/tx_thread_initialize.c -o build_threadx/tx_common/tx_thread_initialize.o
threadx/common/src/tx_event_flags_get.c:122:5: warning: cast to smaller integer type 'ULONG' (aka 'unsigned long') from 'TX_THREAD *' (aka 'struct TX_THREAD_STRUCT *') [-Wpointer-to-int-cast] (Local CPU 18)
  122 |     TX_TRACE_IN_LINE_INSERT(TX_TRACE_EVENT_FLAGS_GET, group_ptr, requested_flags, group_ptr -> tx_event_flags_group_current, get_option, TX_TRACE_EVENT_FLAGS_EVENTS)
      |     ^~~~~~~~~~~~~~~~~~~~~~~~~~~~~~~~~~~~~~~~~~~~~~~~~~~~~~~~~~~~~~~~~~~~~~~~~~~~~~~~~~~~~~~~~~~~~~~~~~~~~~~~~~~~~~~~~~~~~~~~~~~~~~~~~~~~~~~~~~~~~~~~~~~~~~~~~~~~~~~~~
threadx/common/inc/tx_trace.h:485:41: note: expanded from macro 'TX_TRACE_IN_LINE_INSERT'
  485 |                     trace_priority =    (ULONG) trace_thread_ptr; \
      |                                         ^~~~~~~~~~~~~~~~~~~~~~~~
threadx/common/src/tx_event_flags_get.c:122:5: warning: cast to smaller integer type 'ULONG' (aka 'unsigned long') from 'TX_THREAD *' (aka 'struct TX_THREAD_STRUCT *') [-Wpointer-to-int-cast]
  122 |     TX_TRACE_IN_LINE_INSERT(TX_TRACE_EVENT_FLAGS_GET, group_ptr, requested_flags, group_ptr -> tx_event_flags_group_current, get_option, TX_TRACE_EVENT_FLAGS_EVENTS)
      |     ^~~~~~~~~~~~~~~~~~~~~~~~~~~~~~~~~~~~~~~~~~~~~~~~~~~~~~~~~~~~~~~~~~~~~~~~~~~~~~~~~~~~~~~~~~~~~~~~~~~~~~~~~~~~~~~~~~~~~~~~~~~~~~~~~~~~~~~~~~~~~~~~~~~~~~~~~~~~~~~~~
threadx/common/inc/tx_trace.h:493:81: note: expanded from macro 'TX_TRACE_IN_LINE_INSERT'
  493 |                 trace_event_ptr -> tx_trace_buffer_entry_thread_pointer =       (ULONG) trace_thread_ptr; \
      |                                                                                 ^~~~~~~~~~~~~~~~~~~~~~~~
threadx/common/src/tx_event_flags_get.c:122:5: warning: cast to smaller integer type 'ULONG' (aka 'unsigned long') from 'TX_EVENT_FLAGS_GROUP *' (aka 'struct TX_EVENT_FLAGS_GROUP_STRUCT *') [-Wpointer-to-int-cast]
  122 |     TX_TRACE_IN_LINE_INSERT(TX_TRACE_EVENT_FLAGS_GET, group_ptr, requested_flags, group_ptr -> tx_event_flags_group_current, get_option, TX_TRACE_EVENT_FLAGS_EVENTS)
      |     ^~~~~~~~~~~~~~~~~~~~~~~~~~~~~~~~~~~~~~~~~~~~~~~~~~~~~~~~~~~~~~~~~~~~~~~~~~~~~~~~~~~~~~~~~~~~~~~~~~~~~~~~~~~~~~~~~~~~~~~~~~~~~~~~~~~~~~~~~~~~~~~~~~~~~~~~~~~~~~~~~
threadx/common/inc/tx_trace.h:497:17: note: expanded from macro 'TX_TRACE_IN_LINE_INSERT'
  497 |                 TX_TRACE_INFO_FIELD_ASSIGNMENT((a),(b),(c),(d)) \
      |                 ^~~~~~~~~~~~~~~~~~~~~~~~~~~~~~~~~~~~~~~~~~~~~~~
threadx/common/inc/tx_trace.h:457:114: note: expanded from macro 'TX_TRACE_INFO_FIELD_ASSIGNMENT'
  457 | #define TX_TRACE_INFO_FIELD_ASSIGNMENT(a,b,c,d)  trace_event_ptr -> tx_trace_buffer_entry_information_field_1 =  (ULONG) (a); trace_event_ptr -> tx_trace_buffer_entry_information_field_2 =  (ULONG) (b); trace_event_ptr -> tx_trace_buffer_entry_information_field_3 =  (ULONG) (c); trace_event_ptr -> tx_trace_buffer_entry_information_field_4 =  (ULONG) (d);
      |                                                                                                                  ^~~~~~~~~~~
threadx/common/src/tx_event_flags_get.c:122:5: warning: cast to smaller integer type 'ULONG' (aka 'unsigned long') from 'TX_TRACE_BUFFER_ENTRY *' (aka 'struct TX_TRACE_BUFFER_ENTRY_STRUCT *') [-Wpointer-to-int-cast]
  122 |     TX_TRACE_IN_LINE_INSERT(TX_TRACE_EVENT_FLAGS_GET, group_ptr, requested_flags, group_ptr -> tx_event_flags_group_current, get_option, TX_TRACE_EVENT_FLAGS_EVENTS)
      |     ^~~~~~~~~~~~~~~~~~~~~~~~~~~~~~~~~~~~~~~~~~~~~~~~~~~~~~~~~~~~~~~~~~~~~~~~~~~~~~~~~~~~~~~~~~~~~~~~~~~~~~~~~~~~~~~~~~~~~~~~~~~~~~~~~~~~~~~~~~~~~~~~~~~~~~~~~~~~~~~~~
threadx/common/inc/tx_trace.h:503:87: note: expanded from macro 'TX_TRACE_IN_LINE_INSERT'
  503 |                     _tx_trace_header_ptr -> tx_trace_header_buffer_current_pointer =  (ULONG) trace_event_ptr; \
      |                                                                                       ^~~~~~~~~~~~~~~~~~~~~~~
threadx/common/src/tx_event_flags_get.c:122:5: warning: cast to smaller integer type 'ULONG' (aka 'unsigned long') from 'TX_TRACE_BUFFER_ENTRY *' (aka 'struct TX_TRACE_BUFFER_ENTRY_STRUCT *') [-Wpointer-to-int-cast]
  122 |     TX_TRACE_IN_LINE_INSERT(TX_TRACE_EVENT_FLAGS_GET, group_ptr, requested_flags, group_ptr -> tx_event_flags_group_current, get_option, TX_TRACE_EVENT_FLAGS_EVENTS)
      |     ^~~~~~~~~~~~~~~~~~~~~~~~~~~~~~~~~~~~~~~~~~~~~~~~~~~~~~~~~~~~~~~~~~~~~~~~~~~~~~~~~~~~~~~~~~~~~~~~~~~~~~~~~~~~~~~~~~~~~~~~~~~~~~~~~~~~~~~~~~~~~~~~~~~~~~~~~~~~~~~~~
threadx/common/inc/tx_trace.h:510:87: note: expanded from macro 'TX_TRACE_IN_LINE_INSERT'
  510 |                     _tx_trace_header_ptr -> tx_trace_header_buffer_current_pointer =  (ULONG) trace_event_ptr; \
      |                                                                                       ^~~~~~~~~~~~~~~~~~~~~~~
5 warnings generated.
threadx/common/src/tx_event_flags_info_get.c:93:5: warning: cast to smaller integer type 'ULONG' (aka 'unsigned long') from 'TX_THREAD *' (aka 'struct TX_THREAD_STRUCT *') [-Wpointer-to-int-cast] (Local CPU 15)
   93 |     TX_TRACE_IN_LINE_INSERT(TX_TRACE_EVENT_FLAGS_INFO_GET, group_ptr, 0, 0, 0, TX_TRACE_EVENT_FLAGS_EVENTS)
      |     ^~~~~~~~~~~~~~~~~~~~~~~~~~~~~~~~~~~~~~~~~~~~~~~~~~~~~~~~~~~~~~~~~~~~~~~~~~~~~~~~~~~~~~~~~~~~~~~~~~~~~~~
threadx/common/inc/tx_trace.h:485:41: note: expanded from macro 'TX_TRACE_IN_LINE_INSERT'
  485 |                     trace_priority =    (ULONG) trace_thread_ptr; \
      |                                         ^~~~~~~~~~~~~~~~~~~~~~~~
threadx/common/src/tx_event_flags_info_get.c:93:5: warning: cast to smaller integer type 'ULONG' (aka 'unsigned long') from 'TX_THREAD *' (aka 'struct TX_THREAD_STRUCT *') [-Wpointer-to-int-cast]
   93 |     TX_TRACE_IN_LINE_INSERT(TX_TRACE_EVENT_FLAGS_INFO_GET, group_ptr, 0, 0, 0, TX_TRACE_EVENT_FLAGS_EVENTS)
      |     ^~~~~~~~~~~~~~~~~~~~~~~~~~~~~~~~~~~~~~~~~~~~~~~~~~~~~~~~~~~~~~~~~~~~~~~~~~~~~~~~~~~~~~~~~~~~~~~~~~~~~~~
threadx/common/inc/tx_trace.h:493:81: note: expanded from macro 'TX_TRACE_IN_LINE_INSERT'
  493 |                 trace_event_ptr -> tx_trace_buffer_entry_thread_pointer =       (ULONG) trace_thread_ptr; \
      |                                                                                 ^~~~~~~~~~~~~~~~~~~~~~~~
threadx/common/src/tx_event_flags_info_get.c:93:5: warning: cast to smaller integer type 'ULONG' (aka 'unsigned long') from 'TX_EVENT_FLAGS_GROUP *' (aka 'struct TX_EVENT_FLAGS_GROUP_STRUCT *') [-Wpointer-to-int-cast]
   93 |     TX_TRACE_IN_LINE_INSERT(TX_TRACE_EVENT_FLAGS_INFO_GET, group_ptr, 0, 0, 0, TX_TRACE_EVENT_FLAGS_EVENTS)
      |     ^~~~~~~~~~~~~~~~~~~~~~~~~~~~~~~~~~~~~~~~~~~~~~~~~~~~~~~~~~~~~~~~~~~~~~~~~~~~~~~~~~~~~~~~~~~~~~~~~~~~~~~
threadx/common/inc/tx_trace.h:497:17: note: expanded from macro 'TX_TRACE_IN_LINE_INSERT'
  497 |                 TX_TRACE_INFO_FIELD_ASSIGNMENT((a),(b),(c),(d)) \
      |                 ^~~~~~~~~~~~~~~~~~~~~~~~~~~~~~~~~~~~~~~~~~~~~~~
threadx/common/inc/tx_trace.h:457:114: note: expanded from macro 'TX_TRACE_INFO_FIELD_ASSIGNMENT'
  457 | #define TX_TRACE_INFO_FIELD_ASSIGNMENT(a,b,c,d)  trace_event_ptr -> tx_trace_buffer_entry_information_field_1 =  (ULONG) (a); trace_event_ptr -> tx_trace_buffer_entry_information_field_2 =  (ULONG) (b); trace_event_ptr -> tx_trace_buffer_entry_information_field_3 =  (ULONG) (c); trace_event_ptr -> tx_trace_buffer_entry_information_field_4 =  (ULONG) (d);
      |                                                                                                                  ^~~~~~~~~~~
threadx/common/src/tx_event_flags_info_get.c:93:5: warning: cast to smaller integer type 'ULONG' (aka 'unsigned long') from 'TX_TRACE_BUFFER_ENTRY *' (aka 'struct TX_TRACE_BUFFER_ENTRY_STRUCT *') [-Wpointer-to-int-cast]
   93 |     TX_TRACE_IN_LINE_INSERT(TX_TRACE_EVENT_FLAGS_INFO_GET, group_ptr, 0, 0, 0, TX_TRACE_EVENT_FLAGS_EVENTS)
      |     ^~~~~~~~~~~~~~~~~~~~~~~~~~~~~~~~~~~~~~~~~~~~~~~~~~~~~~~~~~~~~~~~~~~~~~~~~~~~~~~~~~~~~~~~~~~~~~~~~~~~~~~
threadx/common/inc/tx_trace.h:503:87: note: expanded from macro 'TX_TRACE_IN_LINE_INSERT'
  503 |                     _tx_trace_header_ptr -> tx_trace_header_buffer_current_pointer =  (ULONG) trace_event_ptr; \
      |                                                                                       ^~~~~~~~~~~~~~~~~~~~~~~
threadx/common/src/tx_event_flags_info_get.c:93:5: warning: cast to smaller integer type 'ULONG' (aka 'unsigned long') from 'TX_TRACE_BUFFER_ENTRY *' (aka 'struct TX_TRACE_BUFFER_ENTRY_STRUCT *') [-Wpointer-to-int-cast]
   93 |     TX_TRACE_IN_LINE_INSERT(TX_TRACE_EVENT_FLAGS_INFO_GET, group_ptr, 0, 0, 0, TX_TRACE_EVENT_FLAGS_EVENTS)
      |     ^~~~~~~~~~~~~~~~~~~~~~~~~~~~~~~~~~~~~~~~~~~~~~~~~~~~~~~~~~~~~~~~~~~~~~~~~~~~~~~~~~~~~~~~~~~~~~~~~~~~~~~
threadx/common/inc/tx_trace.h:510:87: note: expanded from macro 'TX_TRACE_IN_LINE_INSERT'
  510 |                     _tx_trace_header_ptr -> tx_trace_header_buffer_current_pointer =  (ULONG) trace_event_ptr; \
      |                                                                                       ^~~~~~~~~~~~~~~~~~~~~~~
5 warnings generated.
"Compiling: threadx/common/src/tx_thread_performance_info_get.c"
"Compiling: threadx/common/src/tx_thread_performance_system_info_get.c"
clang -Wall -Wextra -g -O0 -DTX_INCLUDE_USER_DEFINE_FILE -Ithreadx/common/inc -Ithreadx_port/inc -I. -c threadx/common/src/tx_thread_performance_info_get.c -o build_threadx/tx_common/tx_thread_performance_info_get.o
threadx/common/src/tx_event_flags_performance_system_info_get.c:92:5: warning: cast to smaller integer type 'ULONG' (aka 'unsigned long') from 'TX_THREAD *' (aka 'struct TX_THREAD_STRUCT *') [-Wpointer-to-int-cast] (Local CPU 14)
   92 |     TX_TRACE_IN_LINE_INSERT(TX_TRACE_EVENT_FLAGS__PERFORMANCE_SYSTEM_INFO_GET, 0, 0, 0, 0, TX_TRACE_EVENT_FLAGS_EVENTS)
      |     ^~~~~~~~~~~~~~~~~~~~~~~~~~~~~~~~~~~~~~~~~~~~~~~~~~~~~~~~~~~~~~~~~~~~~~~~~~~~~~~~~~~~~~~~~~~~~~~~~~~~~~~~~~~~~~~~~~~
threadx/common/inc/tx_trace.h:485:41: note: expanded from macro 'TX_TRACE_IN_LINE_INSERT'
  485 |                     trace_priority =    (ULONG) trace_thread_ptr; \
      |                                         ^~~~~~~~~~~~~~~~~~~~~~~~
threadx/common/src/tx_event_flags_performance_system_info_get.c:92:5: warning: cast to smaller integer type 'ULONG' (aka 'unsigned long') from 'TX_THREAD *' (aka 'struct TX_THREAD_STRUCT *') [-Wpointer-to-int-cast]
   92 |     TX_TRACE_IN_LINE_INSERT(TX_TRACE_EVENT_FLAGS__PERFORMANCE_SYSTEM_INFO_GET, 0, 0, 0, 0, TX_TRACE_EVENT_FLAGS_EVENTS)
      |     ^~~~~~~~~~~~~~~~~~~~~~~~~~~~~~~~~~~~~~~~~~~~~~~~~~~~~~~~~~~~~~~~~~~~~~~~~~~~~~~~~~~~~~~~~~~~~~~~~~~~~~~~~~~~~~~~~~~
threadx/common/inc/tx_trace.h:493:81: note: expanded from macro 'TX_TRACE_IN_LINE_INSERT'
  493 |                 trace_event_ptr -> tx_trace_buffer_entry_thread_pointer =       (ULONG) trace_thread_ptr; \
      |                                                                                 ^~~~~~~~~~~~~~~~~~~~~~~~
threadx/common/src/tx_event_flags_performance_system_info_get.c:92:5: warning: cast to smaller integer type 'ULONG' (aka 'unsigned long') from 'TX_TRACE_BUFFER_ENTRY *' (aka 'struct TX_TRACE_BUFFER_ENTRY_STRUCT *') [-Wpointer-to-int-cast]
   92 |     TX_TRACE_IN_LINE_INSERT(TX_TRACE_EVENT_FLAGS__PERFORMANCE_SYSTEM_INFO_GET, 0, 0, 0, 0, TX_TRACE_EVENT_FLAGS_EVENTS)
      |     ^~~~~~~~~~~~~~~~~~~~~~~~~~~~~~~~~~~~~~~~~~~~~~~~~~~~~~~~~~~~~~~~~~~~~~~~~~~~~~~~~~~~~~~~~~~~~~~~~~~~~~~~~~~~~~~~~~~
threadx/common/inc/tx_trace.h:503:87: note: expanded from macro 'TX_TRACE_IN_LINE_INSERT'
  503 |                     _tx_trace_header_ptr -> tx_trace_header_buffer_current_pointer =  (ULONG) trace_event_ptr; \
      |                                                                                       ^~~~~~~~~~~~~~~~~~~~~~~
threadx/common/src/tx_event_flags_performance_system_info_get.c:92:5: warning: cast to smaller integer type 'ULONG' (aka 'unsigned long') from 'TX_TRACE_BUFFER_ENTRY *' (aka 'struct TX_TRACE_BUFFER_ENTRY_STRUCT *') [-Wpointer-to-int-cast]
   92 |     TX_TRACE_IN_LINE_INSERT(TX_TRACE_EVENT_FLAGS__PERFORMANCE_SYSTEM_INFO_GET, 0, 0, 0, 0, TX_TRACE_EVENT_FLAGS_EVENTS)
      |     ^~~~~~~~~~~~~~~~~~~~~~~~~~~~~~~~~~~~~~~~~~~~~~~~~~~~~~~~~~~~~~~~~~~~~~~~~~~~~~~~~~~~~~~~~~~~~~~~~~~~~~~~~~~~~~~~~~~
threadx/common/inc/tx_trace.h:510:87: note: expanded from macro 'TX_TRACE_IN_LINE_INSERT'
  510 |                     _tx_trace_header_ptr -> tx_trace_header_buffer_current_pointer =  (ULONG) trace_event_ptr; \
      |                                                                                       ^~~~~~~~~~~~~~~~~~~~~~~
4 warnings generated.
threadx/common/src/tx_event_flags_performance_info_get.c:115:9: warning: cast to smaller integer type 'ULONG' (aka 'unsigned long') from 'TX_THREAD *' (aka 'struct TX_THREAD_STRUCT *') [-Wpointer-to-int-cast] (Local CPU 16)
  115 |         TX_TRACE_IN_LINE_INSERT(TX_TRACE_EVENT_FLAGS_PERFORMANCE_INFO_GET, group_ptr, 0, 0, 0, TX_TRACE_EVENT_FLAGS_EVENTS)
      |         ^~~~~~~~~~~~~~~~~~~~~~~~~~~~~~~~~~~~~~~~~~~~~~~~~~~~~~~~~~~~~~~~~~~~~~~~~~~~~~~~~~~~~~~~~~~~~~~~~~~~~~~~~~~~~~~~~~~
threadx/common/inc/tx_trace.h:485:41: note: expanded from macro 'TX_TRACE_IN_LINE_INSERT'
  485 |                     trace_priority =    (ULONG) trace_thread_ptr; \
      |                                         ^~~~~~~~~~~~~~~~~~~~~~~~
threadx/common/src/tx_event_flags_performance_info_get.c:115:9: warning: cast to smaller integer type 'ULONG' (aka 'unsigned long') from 'TX_THREAD *' (aka 'struct TX_THREAD_STRUCT *') [-Wpointer-to-int-cast]
  115 |         TX_TRACE_IN_LINE_INSERT(TX_TRACE_EVENT_FLAGS_PERFORMANCE_INFO_GET, group_ptr, 0, 0, 0, TX_TRACE_EVENT_FLAGS_EVENTS)
      |         ^~~~~~~~~~~~~~~~~~~~~~~~~~~~~~~~~~~~~~~~~~~~~~~~~~~~~~~~~~~~~~~~~~~~~~~~~~~~~~~~~~~~~~~~~~~~~~~~~~~~~~~~~~~~~~~~~~~
threadx/common/inc/tx_trace.h:493:81: note: expanded from macro 'TX_TRACE_IN_LINE_INSERT'
  493 |                 trace_event_ptr -> tx_trace_buffer_entry_thread_pointer =       (ULONG) trace_thread_ptr; \
      |                                                                                 ^~~~~~~~~~~~~~~~~~~~~~~~
threadx/common/src/tx_event_flags_performance_info_get.c:115:9: warning: cast to smaller integer type 'ULONG' (aka 'unsigned long') from 'TX_EVENT_FLAGS_GROUP *' (aka 'struct TX_EVENT_FLAGS_GROUP_STRUCT *') [-Wpointer-to-int-cast]
  115 |         TX_TRACE_IN_LINE_INSERT(TX_TRACE_EVENT_FLAGS_PERFORMANCE_INFO_GET, group_ptr, 0, 0, 0, TX_TRACE_EVENT_FLAGS_EVENTS)
      |         ^~~~~~~~~~~~~~~~~~~~~~~~~~~~~~~~~~~~~~~~~~~~~~~~~~~~~~~~~~~~~~~~~~~~~~~~~~~~~~~~~~~~~~~~~~~~~~~~~~~~~~~~~~~~~~~~~~~
threadx/common/inc/tx_trace.h:497:17: note: expanded from macro 'TX_TRACE_IN_LINE_INSERT'
  497 |                 TX_TRACE_INFO_FIELD_ASSIGNMENT((a),(b),(c),(d)) \
      |                 ^~~~~~~~~~~~~~~~~~~~~~~~~~~~~~~~~~~~~~~~~~~~~~~
threadx/common/inc/tx_trace.h:457:114: note: expanded from macro 'TX_TRACE_INFO_FIELD_ASSIGNMENT'
  457 | #define TX_TRACE_INFO_FIELD_ASSIGNMENT(a,b,c,d)  trace_event_ptr -> tx_trace_buffer_entry_information_field_1 =  (ULONG) (a); trace_event_ptr -> tx_trace_buffer_entry_information_field_2 =  (ULONG) (b); trace_event_ptr -> tx_trace_buffer_entry_information_field_3 =  (ULONG) (c); trace_event_ptr -> tx_trace_buffer_entry_information_field_4 =  (ULONG) (d);
      |                                                                                                                  ^~~~~~~~~~~
threadx/common/src/tx_event_flags_performance_info_get.c:115:9: warning: cast to smaller integer type 'ULONG' (aka 'unsigned long') from 'TX_TRACE_BUFFER_ENTRY *' (aka 'struct TX_TRACE_BUFFER_ENTRY_STRUCT *') [-Wpointer-to-int-cast]
  115 |         TX_TRACE_IN_LINE_INSERT(TX_TRACE_EVENT_FLAGS_PERFORMANCE_INFO_GET, group_ptr, 0, 0, 0, TX_TRACE_EVENT_FLAGS_EVENTS)
      |         ^~~~~~~~~~~~~~~~~~~~~~~~~~~~~~~~~~~~~~~~~~~~~~~~~~~~~~~~~~~~~~~~~~~~~~~~~~~~~~~~~~~~~~~~~~~~~~~~~~~~~~~~~~~~~~~~~~~
threadx/common/inc/tx_trace.h:503:87: note: expanded from macro 'TX_TRACE_IN_LINE_INSERT'
  503 |                     _tx_trace_header_ptr -> tx_trace_header_buffer_current_pointer =  (ULONG) trace_event_ptr; \
      |                                                                                       ^~~~~~~~~~~~~~~~~~~~~~~
threadx/common/src/tx_event_flags_performance_info_get.c:115:9: warning: cast to smaller integer type 'ULONG' (aka 'unsigned long') from 'TX_TRACE_BUFFER_ENTRY *' (aka 'struct TX_TRACE_BUFFER_ENTRY_STRUCT *') [-Wpointer-to-int-cast]
  115 |         TX_TRACE_IN_LINE_INSERT(TX_TRACE_EVENT_FLAGS_PERFORMANCE_INFO_GET, group_ptr, 0, 0, 0, TX_TRACE_EVENT_FLAGS_EVENTS)
      |         ^~~~~~~~~~~~~~~~~~~~~~~~~~~~~~~~~~~~~~~~~~~~~~~~~~~~~~~~~~~~~~~~~~~~~~~~~~~~~~~~~~~~~~~~~~~~~~~~~~~~~~~~~~~~~~~~~~~
threadx/common/inc/tx_trace.h:510:87: note: expanded from macro 'TX_TRACE_IN_LINE_INSERT'
  510 |                     _tx_trace_header_ptr -> tx_trace_header_buffer_current_pointer =  (ULONG) trace_event_ptr; \
      |                                                                                       ^~~~~~~~~~~~~~~~~~~~~~~
5 warnings generated.
threadx/common/src/tx_event_flags_set_notify.c:93:5: warning: cast to smaller integer type 'ULONG' (aka 'unsigned long') from 'TX_THREAD *' (aka 'struct TX_THREAD_STRUCT *') [-Wpointer-to-int-cast] (Local CPU 20)
   93 |     TX_TRACE_IN_LINE_INSERT(TX_TRACE_EVENT_FLAGS_SET_NOTIFY, group_ptr, 0, 0, 0, TX_TRACE_EVENT_FLAGS_EVENTS)
      |     ^~~~~~~~~~~~~~~~~~~~~~~~~~~~~~~~~~~~~~~~~~~~~~~~~~~~~~~~~~~~~~~~~~~~~~~~~~~~~~~~~~~~~~~~~~~~~~~~~~~~~~~~~
threadx/common/inc/tx_trace.h:485:41: note: expanded from macro 'TX_TRACE_IN_LINE_INSERT'
  485 |                     trace_priority =    (ULONG) trace_thread_ptr; \
      |                                         ^~~~~~~~~~~~~~~~~~~~~~~~
threadx/common/src/tx_event_flags_set_notify.c:93:5: warning: cast to smaller integer type 'ULONG' (aka 'unsigned long') from 'TX_THREAD *' (aka 'struct TX_THREAD_STRUCT *') [-Wpointer-to-int-cast]
   93 |     TX_TRACE_IN_LINE_INSERT(TX_TRACE_EVENT_FLAGS_SET_NOTIFY, group_ptr, 0, 0, 0, TX_TRACE_EVENT_FLAGS_EVENTS)
      |     ^~~~~~~~~~~~~~~~~~~~~~~~~~~~~~~~~~~~~~~~~~~~~~~~~~~~~~~~~~~~~~~~~~~~~~~~~~~~~~~~~~~~~~~~~~~~~~~~~~~~~~~~~
threadx/common/inc/tx_trace.h:493:81: note: expanded from macro 'TX_TRACE_IN_LINE_INSERT'
  493 |                 trace_event_ptr -> tx_trace_buffer_entry_thread_pointer =       (ULONG) trace_thread_ptr; \
      |                                                                                 ^~~~~~~~~~~~~~~~~~~~~~~~
threadx/common/src/tx_event_flags_set_notify.c:93:5: warning: cast to smaller integer type 'ULONG' (aka 'unsigned long') from 'TX_EVENT_FLAGS_GROUP *' (aka 'struct TX_EVENT_FLAGS_GROUP_STRUCT *') [-Wpointer-to-int-cast]
   93 |     TX_TRACE_IN_LINE_INSERT(TX_TRACE_EVENT_FLAGS_SET_NOTIFY, group_ptr, 0, 0, 0, TX_TRACE_EVENT_FLAGS_EVENTS)
      |     ^~~~~~~~~~~~~~~~~~~~~~~~~~~~~~~~~~~~~~~~~~~~~~~~~~~~~~~~~~~~~~~~~~~~~~~~~~~~~~~~~~~~~~~~~~~~~~~~~~~~~~~~~
threadx/common/inc/tx_trace.h:497:17: note: expanded from macro 'TX_TRACE_IN_LINE_INSERT'
  497 |                 TX_TRACE_INFO_FIELD_ASSIGNMENT((a),(b),(c),(d)) \
      |                 ^~~~~~~~~~~~~~~~~~~~~~~~~~~~~~~~~~~~~~~~~~~~~~~
threadx/common/inc/tx_trace.h:457:114: note: expanded from macro 'TX_TRACE_INFO_FIELD_ASSIGNMENT'
  457 | #define TX_TRACE_INFO_FIELD_ASSIGNMENT(a,b,c,d)  trace_event_ptr -> tx_trace_buffer_entry_information_field_1 =  (ULONG) (a); trace_event_ptr -> tx_trace_buffer_entry_information_field_2 =  (ULONG) (b); trace_event_ptr -> tx_trace_buffer_entry_information_field_3 =  (ULONG) (c); trace_event_ptr -> tx_trace_buffer_entry_information_field_4 =  (ULONG) (d);
      |                                                                                                                  ^~~~~~~~~~~
threadx/common/src/tx_event_flags_set_notify.c:93:5: warning: cast to smaller integer type 'ULONG' (aka 'unsigned long') from 'TX_TRACE_BUFFER_ENTRY *' (aka 'struct TX_TRACE_BUFFER_ENTRY_STRUCT *') [-Wpointer-to-int-cast]
   93 |     TX_TRACE_IN_LINE_INSERT(TX_TRACE_EVENT_FLAGS_SET_NOTIFY, group_ptr, 0, 0, 0, TX_TRACE_EVENT_FLAGS_EVENTS)
      |     ^~~~~~~~~~~~~~~~~~~~~~~~~~~~~~~~~~~~~~~~~~~~~~~~~~~~~~~~~~~~~~~~~~~~~~~~~~~~~~~~~~~~~~~~~~~~~~~~~~~~~~~~~
threadx/common/inc/tx_trace.h:503:87: note: expanded from macro 'TX_TRACE_IN_LINE_INSERT'
  503 |                     _tx_trace_header_ptr -> tx_trace_header_buffer_current_pointer =  (ULONG) trace_event_ptr; \
      |                                                                                       ^~~~~~~~~~~~~~~~~~~~~~~
threadx/common/src/tx_event_flags_set_notify.c:93:5: warning: cast to smaller integer type 'ULONG' (aka 'unsigned long') from 'TX_TRACE_BUFFER_ENTRY *' (aka 'struct TX_TRACE_BUFFER_ENTRY_STRUCT *') [-Wpointer-to-int-cast]
   93 |     TX_TRACE_IN_LINE_INSERT(TX_TRACE_EVENT_FLAGS_SET_NOTIFY, group_ptr, 0, 0, 0, TX_TRACE_EVENT_FLAGS_EVENTS)
      |     ^~~~~~~~~~~~~~~~~~~~~~~~~~~~~~~~~~~~~~~~~~~~~~~~~~~~~~~~~~~~~~~~~~~~~~~~~~~~~~~~~~~~~~~~~~~~~~~~~~~~~~~~~
threadx/common/inc/tx_trace.h:510:87: note: expanded from macro 'TX_TRACE_IN_LINE_INSERT'
  510 |                     _tx_trace_header_ptr -> tx_trace_header_buffer_current_pointer =  (ULONG) trace_event_ptr; \
      |                                                                                       ^~~~~~~~~~~~~~~~~~~~~~~
5 warnings generated.
threadx/common/src/tx_event_flags_set.c:125:5: warning: cast to smaller integer type 'ULONG' (aka 'unsigned long') from 'TX_THREAD *' (aka 'struct TX_THREAD_STRUCT *') [-Wpointer-to-int-cast] (Local CPU 10)
  125 |     TX_TRACE_IN_LINE_INSERT(TX_TRACE_EVENT_FLAGS_SET, group_ptr, flags_to_set, set_option, group_ptr -> tx_event_flags_group_suspended_count, TX_TRACE_EVENT_FLAGS_EVENTS)
      |     ^~~~~~~~~~~~~~~~~~~~~~~~~~~~~~~~~~~~~~~~~~~~~~~~~~~~~~~~~~~~~~~~~~~~~~~~~~~~~~~~~~~~~~~~~~~~~~~~~~~~~~~~~~~~~~~~~~~~~~~~~~~~~~~~~~~~~~~~~~~~~~~~~~~~~~~~~~~~~~~~~~~~~~
threadx/common/inc/tx_trace.h:485:41: note: expanded from macro 'TX_TRACE_IN_LINE_INSERT'
  485 |                     trace_priority =    (ULONG) trace_thread_ptr; \
      |                                         ^~~~~~~~~~~~~~~~~~~~~~~~
threadx/common/src/tx_event_flags_set.c:125:5: warning: cast to smaller integer type 'ULONG' (aka 'unsigned long') from 'TX_THREAD *' (aka 'struct TX_THREAD_STRUCT *') [-Wpointer-to-int-cast]
  125 |     TX_TRACE_IN_LINE_INSERT(TX_TRACE_EVENT_FLAGS_SET, group_ptr, flags_to_set, set_option, group_ptr -> tx_event_flags_group_suspended_count, TX_TRACE_EVENT_FLAGS_EVENTS)
      |     ^~~~~~~~~~~~~~~~~~~~~~~~~~~~~~~~~~~~~~~~~~~~~~~~~~~~~~~~~~~~~~~~~~~~~~~~~~~~~~~~~~~~~~~~~~~~~~~~~~~~~~~~~~~~~~~~~~~~~~~~~~~~~~~~~~~~~~~~~~~~~~~~~~~~~~~~~~~~~~~~~~~~~~
threadx/common/inc/tx_trace.h:493:81: note: expanded from macro 'TX_TRACE_IN_LINE_INSERT'
  493 |                 trace_event_ptr -> tx_trace_buffer_entry_thread_pointer =       (ULONG) trace_thread_ptr; \
      |                                                                                 ^~~~~~~~~~~~~~~~~~~~~~~~
threadx/common/src/tx_event_flags_set.c:125:5: warning: cast to smaller integer type 'ULONG' (aka 'unsigned long') from 'TX_EVENT_FLAGS_GROUP *' (aka 'struct TX_EVENT_FLAGS_GROUP_STRUCT *') [-Wpointer-to-int-cast]
  125 |     TX_TRACE_IN_LINE_INSERT(TX_TRACE_EVENT_FLAGS_SET, group_ptr, flags_to_set, set_option, group_ptr -> tx_event_flags_group_suspended_count, TX_TRACE_EVENT_FLAGS_EVENTS)
      |     ^~~~~~~~~~~~~~~~~~~~~~~~~~~~~~~~~~~~~~~~~~~~~~~~~~~~~~~~~~~~~~~~~~~~~~~~~~~~~~~~~~~~~~~~~~~~~~~~~~~~~~~~~~~~~~~~~~~~~~~~~~~~~~~~~~~~~~~~~~~~~~~~~~~~~~~~~~~~~~~~~~~~~~
threadx/common/inc/tx_trace.h:497:17: note: expanded from macro 'TX_TRACE_IN_LINE_INSERT'
  497 |                 TX_TRACE_INFO_FIELD_ASSIGNMENT((a),(b),(c),(d)) \
      |                 ^~~~~~~~~~~~~~~~~~~~~~~~~~~~~~~~~~~~~~~~~~~~~~~
threadx/common/inc/tx_trace.h:457:114: note: expanded from macro 'TX_TRACE_INFO_FIELD_ASSIGNMENT'
  457 | #define TX_TRACE_INFO_FIELD_ASSIGNMENT(a,b,c,d)  trace_event_ptr -> tx_trace_buffer_entry_information_field_1 =  (ULONG) (a); trace_event_ptr -> tx_trace_buffer_entry_information_field_2 =  (ULONG) (b); trace_event_ptr -> tx_trace_buffer_entry_information_field_3 =  (ULONG) (c); trace_event_ptr -> tx_trace_buffer_entry_information_field_4 =  (ULONG) (d);
      |                                                                                                                  ^~~~~~~~~~~
threadx/common/src/tx_event_flags_set.c:125:5: warning: cast to smaller integer type 'ULONG' (aka 'unsigned long') from 'TX_TRACE_BUFFER_ENTRY *' (aka 'struct TX_TRACE_BUFFER_ENTRY_STRUCT *') [-Wpointer-to-int-cast]
  125 |     TX_TRACE_IN_LINE_INSERT(TX_TRACE_EVENT_FLAGS_SET, group_ptr, flags_to_set, set_option, group_ptr -> tx_event_flags_group_suspended_count, TX_TRACE_EVENT_FLAGS_EVENTS)
      |     ^~~~~~~~~~~~~~~~~~~~~~~~~~~~~~~~~~~~~~~~~~~~~~~~~~~~~~~~~~~~~~~~~~~~~~~~~~~~~~~~~~~~~~~~~~~~~~~~~~~~~~~~~~~~~~~~~~~~~~~~~~~~~~~~~~~~~~~~~~~~~~~~~~~~~~~~~~~~~~~~~~~~~~
threadx/common/inc/tx_trace.h:503:87: note: expanded from macro 'TX_TRACE_IN_LINE_INSERT'
  503 |                     _tx_trace_header_ptr -> tx_trace_header_buffer_current_pointer =  (ULONG) trace_event_ptr; \
      |                                                                                       ^~~~~~~~~~~~~~~~~~~~~~~
threadx/common/src/tx_event_flags_set.c:125:5: warning: cast to smaller integer type 'ULONG' (aka 'unsigned long') from 'TX_TRACE_BUFFER_ENTRY *' (aka 'struct TX_TRACE_BUFFER_ENTRY_STRUCT *') [-Wpointer-to-int-cast]
  125 |     TX_TRACE_IN_LINE_INSERT(TX_TRACE_EVENT_FLAGS_SET, group_ptr, flags_to_set, set_option, group_ptr -> tx_event_flags_group_suspended_count, TX_TRACE_EVENT_FLAGS_EVENTS)
      |     ^~~~~~~~~~~~~~~~~~~~~~~~~~~~~~~~~~~~~~~~~~~~~~~~~~~~~~~~~~~~~~~~~~~~~~~~~~~~~~~~~~~~~~~~~~~~~~~~~~~~~~~~~~~~~~~~~~~~~~~~~~~~~~~~~~~~~~~~~~~~~~~~~~~~~~~~~~~~~~~~~~~~~~
threadx/common/inc/tx_trace.h:510:87: note: expanded from macro 'TX_TRACE_IN_LINE_INSERT'
  510 |                     _tx_trace_header_ptr -> tx_trace_header_buffer_current_pointer =  (ULONG) trace_event_ptr; \
      |                                                                                       ^~~~~~~~~~~~~~~~~~~~~~~
5 warnings generated.
clang -Wall -Wextra -g -O0 -DTX_INCLUDE_USER_DEFINE_FILE -Ithreadx/common/inc -Ithreadx_port/inc -I. -c threadx/common/src/tx_thread_performance_system_info_get.c -o build_threadx/tx_common/tx_thread_performance_system_info_get.o
"Compiling: threadx/common/src/tx_thread_reset.c"
"Compiling: threadx/common/src/tx_thread_relinquish.c"
"Compiling: threadx/common/src/tx_thread_preemption_change.c"
"Compiling: threadx/common/src/tx_thread_priority_change.c"
"Compiling: threadx/common/src/tx_thread_sleep.c"
"Compiling: threadx/common/src/tx_thread_stack_analyze.c"
"Compiling: threadx/common/src/tx_thread_resume.c"
"Compiling: threadx/common/src/tx_thread_stack_error_handler.c"
"Compiling: threadx/common/src/tx_thread_shell_entry.c"
"Compiling: threadx/common/src/tx_thread_stack_error_notify.c"
"Compiling: threadx/common/src/tx_thread_time_slice_change.c"
"Compiling: threadx/common/src/tx_thread_system_resume.c"
"Compiling: threadx/common/src/tx_thread_suspend.c"
"Compiling: threadx/common/src/tx_thread_system_suspend.c"
"Compiling: threadx/common/src/tx_thread_system_preempt_check.c"
"Compiling: threadx/common/src/tx_thread_terminate.c"
clang -Wall -Wextra -g -O0 -DTX_INCLUDE_USER_DEFINE_FILE -Ithreadx/common/inc -Ithreadx_port/inc -I. -c threadx/common/src/tx_thread_preemption_change.c -o build_threadx/tx_common/tx_thread_preemption_change.o
clang -Wall -Wextra -g -O0 -DTX_INCLUDE_USER_DEFINE_FILE -Ithreadx/common/inc -Ithreadx_port/inc -I. -c threadx/common/src/tx_thread_priority_change.c -o build_threadx/tx_common/tx_thread_priority_change.o
clang -Wall -Wextra -g -O0 -DTX_INCLUDE_USER_DEFINE_FILE -Ithreadx/common/inc -Ithreadx_port/inc -I. -c threadx/common/src/tx_thread_relinquish.c -o build_threadx/tx_common/tx_thread_relinquish.o
clang -Wall -Wextra -g -O0 -DTX_INCLUDE_USER_DEFINE_FILE -Ithreadx/common/inc -Ithreadx_port/inc -I. -c threadx/common/src/tx_thread_reset.c -o build_threadx/tx_common/tx_thread_reset.o
clang -Wall -Wextra -g -O0 -DTX_INCLUDE_USER_DEFINE_FILE -Ithreadx/common/inc -Ithreadx_port/inc -I. -c threadx/common/src/tx_thread_resume.c -o build_threadx/tx_common/tx_thread_resume.o
clang -Wall -Wextra -g -O0 -DTX_INCLUDE_USER_DEFINE_FILE -Ithreadx/common/inc -Ithreadx_port/inc -I. -c threadx/common/src/tx_thread_shell_entry.c -o build_threadx/tx_common/tx_thread_shell_entry.o
clang -Wall -Wextra -g -O0 -DTX_INCLUDE_USER_DEFINE_FILE -Ithreadx/common/inc -Ithreadx_port/inc -I. -c threadx/common/src/tx_thread_sleep.c -o build_threadx/tx_common/tx_thread_sleep.o
clang -Wall -Wextra -g -O0 -DTX_INCLUDE_USER_DEFINE_FILE -Ithreadx/common/inc -Ithreadx_port/inc -I. -c threadx/common/src/tx_thread_stack_analyze.c -o build_threadx/tx_common/tx_thread_stack_analyze.o
clang -Wall -Wextra -g -O0 -DTX_INCLUDE_USER_DEFINE_FILE -Ithreadx/common/inc -Ithreadx_port/inc -I. -c threadx/common/src/tx_thread_stack_error_handler.c -o build_threadx/tx_common/tx_thread_stack_error_handler.o
clang -Wall -Wextra -g -O0 -DTX_INCLUDE_USER_DEFINE_FILE -Ithreadx/common/inc -Ithreadx_port/inc -I. -c threadx/common/src/tx_thread_stack_error_notify.c -o build_threadx/tx_common/tx_thread_stack_error_notify.o
clang -Wall -Wextra -g -O0 -DTX_INCLUDE_USER_DEFINE_FILE -Ithreadx/common/inc -Ithreadx_port/inc -I. -c threadx/common/src/tx_thread_suspend.c -o build_threadx/tx_common/tx_thread_suspend.o
clang -Wall -Wextra -g -O0 -DTX_INCLUDE_USER_DEFINE_FILE -Ithreadx/common/inc -Ithreadx_port/inc -I. -c threadx/common/src/tx_thread_system_preempt_check.c -o build_threadx/tx_common/tx_thread_system_preempt_check.o
clang -Wall -Wextra -g -O0 -DTX_INCLUDE_USER_DEFINE_FILE -Ithreadx/common/inc -Ithreadx_port/inc -I. -c threadx/common/src/tx_thread_system_resume.c -o build_threadx/tx_common/tx_thread_system_resume.o
clang -Wall -Wextra -g -O0 -DTX_INCLUDE_USER_DEFINE_FILE -Ithreadx/common/inc -Ithreadx_port/inc -I. -c threadx/common/src/tx_thread_system_suspend.c -o build_threadx/tx_common/tx_thread_system_suspend.o
clang -Wall -Wextra -g -O0 -DTX_INCLUDE_USER_DEFINE_FILE -Ithreadx/common/inc -Ithreadx_port/inc -I. -c threadx/common/src/tx_thread_terminate.c -o build_threadx/tx_common/tx_thread_terminate.o
clang -Wall -Wextra -g -O0 -DTX_INCLUDE_USER_DEFINE_FILE -Ithreadx/common/inc -Ithreadx_port/inc -I. -c threadx/common/src/tx_thread_time_slice_change.c -o build_threadx/tx_common/tx_thread_time_slice_change.o
"Compiling: threadx/common/src/tx_thread_time_slice.c"
clang -Wall -Wextra -g -O0 -DTX_INCLUDE_USER_DEFINE_FILE -Ithreadx/common/inc -Ithreadx_port/inc -I. -c threadx/common/src/tx_thread_time_slice.c -o build_threadx/tx_common/tx_thread_time_slice.o
"Compiling: threadx/common/src/tx_thread_timeout.c"
clang -Wall -Wextra -g -O0 -DTX_INCLUDE_USER_DEFINE_FILE -Ithreadx/common/inc -Ithreadx_port/inc -I. -c threadx/common/src/tx_thread_timeout.c -o build_threadx/tx_common/tx_thread_timeout.o
"Compiling: threadx/common/src/tx_thread_wait_abort.c"
clang -Wall -Wextra -g -O0 -DTX_INCLUDE_USER_DEFINE_FILE -Ithreadx/common/inc -Ithreadx_port/inc -I. -c threadx/common/src/tx_thread_wait_abort.c -o build_threadx/tx_common/tx_thread_wait_abort.o
"Compiling: threadx/common/src/tx_time_get.c"
clang -Wall -Wextra -g -O0 -DTX_INCLUDE_USER_DEFINE_FILE -Ithreadx/common/inc -Ithreadx_port/inc -I. -c threadx/common/src/tx_time_get.c -o build_threadx/tx_common/tx_time_get.o
threadx/common/src/tx_mutex_create.c:136:5: warning: cast to smaller integer type 'ULONG' (aka 'unsigned long') from 'TX_THREAD *' (aka 'struct TX_THREAD_STRUCT *') [-Wpointer-to-int-cast] (Local CPU 23)
  136 |     TX_TRACE_IN_LINE_INSERT(TX_TRACE_MUTEX_CREATE, mutex_ptr, inherit, TX_POINTER_TO_ULONG_CONVERT(&next_mutex), 0, TX_TRACE_MUTEX_EVENTS)
      |     ^~~~~~~~~~~~~~~~~~~~~~~~~~~~~~~~~~~~~~~~~~~~~~~~~~~~~~~~~~~~~~~~~~~~~~~~~~~~~~~~~~~~~~~~~~~~~~~~~~~~~~~~~~~~~~~~~~~~~~~~~~~~~~~~~~~~~~
threadx/common/inc/tx_trace.h:485:41: note: expanded from macro 'TX_TRACE_IN_LINE_INSERT'
  485 |                     trace_priority =    (ULONG) trace_thread_ptr; \
      |                                         ^~~~~~~~~~~~~~~~~~~~~~~~
threadx/common/src/tx_mutex_create.c:136:5: warning: cast to smaller integer type 'ULONG' (aka 'unsigned long') from 'TX_THREAD *' (aka 'struct TX_THREAD_STRUCT *') [-Wpointer-to-int-cast]
  136 |     TX_TRACE_IN_LINE_INSERT(TX_TRACE_MUTEX_CREATE, mutex_ptr, inherit, TX_POINTER_TO_ULONG_CONVERT(&next_mutex), 0, TX_TRACE_MUTEX_EVENTS)
      |     ^~~~~~~~~~~~~~~~~~~~~~~~~~~~~~~~~~~~~~~~~~~~~~~~~~~~~~~~~~~~~~~~~~~~~~~~~~~~~~~~~~~~~~~~~~~~~~~~~~~~~~~~~~~~~~~~~~~~~~~~~~~~~~~~~~~~~~
threadx/common/inc/tx_trace.h:493:81: note: expanded from macro 'TX_TRACE_IN_LINE_INSERT'
  493 |                 trace_event_ptr -> tx_trace_buffer_entry_thread_pointer =       (ULONG) trace_thread_ptr; \
      |                                                                                 ^~~~~~~~~~~~~~~~~~~~~~~~
threadx/common/src/tx_mutex_create.c:136:5: warning: cast to smaller integer type 'ULONG' (aka 'unsigned long') from 'TX_MUTEX *' (aka 'struct TX_MUTEX_STRUCT *') [-Wpointer-to-int-cast]
  136 |     TX_TRACE_IN_LINE_INSERT(TX_TRACE_MUTEX_CREATE, mutex_ptr, inherit, TX_POINTER_TO_ULONG_CONVERT(&next_mutex), 0, TX_TRACE_MUTEX_EVENTS)
      |     ^~~~~~~~~~~~~~~~~~~~~~~~~~~~~~~~~~~~~~~~~~~~~~~~~~~~~~~~~~~~~~~~~~~~~~~~~~~~~~~~~~~~~~~~~~~~~~~~~~~~~~~~~~~~~~~~~~~~~~~~~~~~~~~~~~~~~~
threadx/common/inc/tx_trace.h:497:17: note: expanded from macro 'TX_TRACE_IN_LINE_INSERT'
  497 |                 TX_TRACE_INFO_FIELD_ASSIGNMENT((a),(b),(c),(d)) \
      |                 ^~~~~~~~~~~~~~~~~~~~~~~~~~~~~~~~~~~~~~~~~~~~~~~
threadx/common/inc/tx_trace.h:457:114: note: expanded from macro 'TX_TRACE_INFO_FIELD_ASSIGNMENT'
  457 | #define TX_TRACE_INFO_FIELD_ASSIGNMENT(a,b,c,d)  trace_event_ptr -> tx_trace_buffer_entry_information_field_1 =  (ULONG) (a); trace_event_ptr -> tx_trace_buffer_entry_information_field_2 =  (ULONG) (b); trace_event_ptr -> tx_trace_buffer_entry_information_field_3 =  (ULONG) (c); trace_event_ptr -> tx_trace_buffer_entry_information_field_4 =  (ULONG) (d);
      |                                                                                                                  ^~~~~~~~~~~
threadx/common/src/tx_mutex_create.c:136:72: warning: cast to smaller integer type 'ULONG' (aka 'unsigned long') from 'void *' [-Wvoid-pointer-to-int-cast]
  136 |     TX_TRACE_IN_LINE_INSERT(TX_TRACE_MUTEX_CREATE, mutex_ptr, inherit, TX_POINTER_TO_ULONG_CONVERT(&next_mutex), 0, TX_TRACE_MUTEX_EVENTS)
      |     ~~~~~~~~~~~~~~~~~~~~~~~~~~~~~~~~~~~~~~~~~~~~~~~~~~~~~~~~~~~~~~~~~~~^~~~~~~~~~~~~~~~~~~~~~~~~~~~~~~~~~~~~~~~~~~~~~~~~~~~~~~~~~~~~~~~~~~
threadx/common/inc/tx_api.h:2062:58: note: expanded from macro 'TX_POINTER_TO_ULONG_CONVERT'
 2062 | #define TX_POINTER_TO_ULONG_CONVERT(a)                  ((ULONG) ((VOID *) (a)))
      |                                                          ^
threadx/common/inc/tx_trace.h:497:57: note: expanded from macro 'TX_TRACE_IN_LINE_INSERT'
  497 |                 TX_TRACE_INFO_FIELD_ASSIGNMENT((a),(b),(c),(d)) \
      |                 ~~~~~~~~~~~~~~~~~~~~~~~~~~~~~~~~~~~~~~~~^~~~~~~
threadx/common/inc/tx_trace.h:457:277: note: expanded from macro 'TX_TRACE_INFO_FIELD_ASSIGNMENT'
  457 | #define TX_TRACE_INFO_FIELD_ASSIGNMENT(a,b,c,d)  trace_event_ptr -> tx_trace_buffer_entry_information_field_1 =  (ULONG) (a); trace_event_ptr -> tx_trace_buffer_entry_information_field_2 =  (ULONG) (b); trace_event_ptr -> tx_trace_buffer_entry_information_field_3 =  (ULONG) (c); trace_event_ptr -> tx_trace_buffer_entry_information_field_4 =  (ULONG) (d);
      |                                                                                                                                                                                                                                                                                     ^
threadx/common/src/tx_mutex_create.c:136:5: warning: cast to smaller integer type 'ULONG' (aka 'unsigned long') from 'TX_TRACE_BUFFER_ENTRY *' (aka 'struct TX_TRACE_BUFFER_ENTRY_STRUCT *') [-Wpointer-to-int-cast]
  136 |     TX_TRACE_IN_LINE_INSERT(TX_TRACE_MUTEX_CREATE, mutex_ptr, inherit, TX_POINTER_TO_ULONG_CONVERT(&next_mutex), 0, TX_TRACE_MUTEX_EVENTS)
      |     ^~~~~~~~~~~~~~~~~~~~~~~~~~~~~~~~~~~~~~~~~~~~~~~~~~~~~~~~~~~~~~~~~~~~~~~~~~~~~~~~~~~~~~~~~~~~~~~~~~~~~~~~~~~~~~~~~~~~~~~~~~~~~~~~~~~~~~
threadx/common/inc/tx_trace.h:503:87: note: expanded from macro 'TX_TRACE_IN_LINE_INSERT'
  503 |                     _tx_trace_header_ptr -> tx_trace_header_buffer_current_pointer =  (ULONG) trace_event_ptr; \
      |                                                                                       ^~~~~~~~~~~~~~~~~~~~~~~
threadx/common/src/tx_mutex_create.c:136:5: warning: cast to smaller integer type 'ULONG' (aka 'unsigned long') from 'TX_TRACE_BUFFER_ENTRY *' (aka 'struct TX_TRACE_BUFFER_ENTRY_STRUCT *') [-Wpointer-to-int-cast]
  136 |     TX_TRACE_IN_LINE_INSERT(TX_TRACE_MUTEX_CREATE, mutex_ptr, inherit, TX_POINTER_TO_ULONG_CONVERT(&next_mutex), 0, TX_TRACE_MUTEX_EVENTS)
      |     ^~~~~~~~~~~~~~~~~~~~~~~~~~~~~~~~~~~~~~~~~~~~~~~~~~~~~~~~~~~~~~~~~~~~~~~~~~~~~~~~~~~~~~~~~~~~~~~~~~~~~~~~~~~~~~~~~~~~~~~~~~~~~~~~~~~~~~
threadx/common/inc/tx_trace.h:510:87: note: expanded from macro 'TX_TRACE_IN_LINE_INSERT'
  510 |                     _tx_trace_header_ptr -> tx_trace_header_buffer_current_pointer =  (ULONG) trace_event_ptr; \
      |                                                                                       ^~~~~~~~~~~~~~~~~~~~~~~
6 warnings generated.
"Compiling: threadx/common/src/tx_time_set.c"
clang -Wall -Wextra -g -O0 -DTX_INCLUDE_USER_DEFINE_FILE -Ithreadx/common/inc -Ithreadx_port/inc -I. -c threadx/common/src/tx_time_set.c -o build_threadx/tx_common/tx_time_set.o
"Compiling: threadx/common/src/tx_timer_activate.c"
clang -Wall -Wextra -g -O0 -DTX_INCLUDE_USER_DEFINE_FILE -Ithreadx/common/inc -Ithreadx_port/inc -I. -c threadx/common/src/tx_timer_activate.c -o build_threadx/tx_common/tx_timer_activate.o
threadx/common/src/tx_mutex_info_get.c:92:5: warning: cast to smaller integer type 'ULONG' (aka 'unsigned long') from 'TX_THREAD *' (aka 'struct TX_THREAD_STRUCT *') [-Wpointer-to-int-cast] (Local CPU 3)
   92 |     TX_TRACE_IN_LINE_INSERT(TX_TRACE_MUTEX_INFO_GET, mutex_ptr, 0, 0, 0, TX_TRACE_MUTEX_EVENTS)
      |     ^~~~~~~~~~~~~~~~~~~~~~~~~~~~~~~~~~~~~~~~~~~~~~~~~~~~~~~~~~~~~~~~~~~~~~~~~~~~~~~~~~~~~~~~~~~
threadx/common/inc/tx_trace.h:485:41: note: expanded from macro 'TX_TRACE_IN_LINE_INSERT'
  485 |                     trace_priority =    (ULONG) trace_thread_ptr; \
      |                                         ^~~~~~~~~~~~~~~~~~~~~~~~
threadx/common/src/tx_mutex_info_get.c:92:5: warning: cast to smaller integer type 'ULONG' (aka 'unsigned long') from 'TX_THREAD *' (aka 'struct TX_THREAD_STRUCT *') [-Wpointer-to-int-cast]
   92 |     TX_TRACE_IN_LINE_INSERT(TX_TRACE_MUTEX_INFO_GET, mutex_ptr, 0, 0, 0, TX_TRACE_MUTEX_EVENTS)
      |     ^~~~~~~~~~~~~~~~~~~~~~~~~~~~~~~~~~~~~~~~~~~~~~~~~~~~~~~~~~~~~~~~~~~~~~~~~~~~~~~~~~~~~~~~~~~
threadx/common/inc/tx_trace.h:493:81: note: expanded from macro 'TX_TRACE_IN_LINE_INSERT'
  493 |                 trace_event_ptr -> tx_trace_buffer_entry_thread_pointer =       (ULONG) trace_thread_ptr; \
      |                                                                                 ^~~~~~~~~~~~~~~~~~~~~~~~
threadx/common/src/tx_mutex_info_get.c:92:5: warning: cast to smaller integer type 'ULONG' (aka 'unsigned long') from 'TX_MUTEX *' (aka 'struct TX_MUTEX_STRUCT *') [-Wpointer-to-int-cast]
   92 |     TX_TRACE_IN_LINE_INSERT(TX_TRACE_MUTEX_INFO_GET, mutex_ptr, 0, 0, 0, TX_TRACE_MUTEX_EVENTS)
      |     ^~~~~~~~~~~~~~~~~~~~~~~~~~~~~~~~~~~~~~~~~~~~~~~~~~~~~~~~~~~~~~~~~~~~~~~~~~~~~~~~~~~~~~~~~~~
threadx/common/inc/tx_trace.h:497:17: note: expanded from macro 'TX_TRACE_IN_LINE_INSERT'
  497 |                 TX_TRACE_INFO_FIELD_ASSIGNMENT((a),(b),(c),(d)) \
      |                 ^~~~~~~~~~~~~~~~~~~~~~~~~~~~~~~~~~~~~~~~~~~~~~~
threadx/common/inc/tx_trace.h:457:114: note: expanded from macro 'TX_TRACE_INFO_FIELD_ASSIGNMENT'
  457 | #define TX_TRACE_INFO_FIELD_ASSIGNMENT(a,b,c,d)  trace_event_ptr -> tx_trace_buffer_entry_information_field_1 =  (ULONG) (a); trace_event_ptr -> tx_trace_buffer_entry_information_field_2 =  (ULONG) (b); trace_event_ptr -> tx_trace_buffer_entry_information_field_3 =  (ULONG) (c); trace_event_ptr -> tx_trace_buffer_entry_information_field_4 =  (ULONG) (d);
      |                                                                                                                  ^~~~~~~~~~~
threadx/common/src/tx_mutex_info_get.c:92:5: warning: cast to smaller integer type 'ULONG' (aka 'unsigned long') from 'TX_TRACE_BUFFER_ENTRY *' (aka 'struct TX_TRACE_BUFFER_ENTRY_STRUCT *') [-Wpointer-to-int-cast]
   92 |     TX_TRACE_IN_LINE_INSERT(TX_TRACE_MUTEX_INFO_GET, mutex_ptr, 0, 0, 0, TX_TRACE_MUTEX_EVENTS)
      |     ^~~~~~~~~~~~~~~~~~~~~~~~~~~~~~~~~~~~~~~~~~~~~~~~~~~~~~~~~~~~~~~~~~~~~~~~~~~~~~~~~~~~~~~~~~~
threadx/common/inc/tx_trace.h:503:87: note: expanded from macro 'TX_TRACE_IN_LINE_INSERT'
  503 |                     _tx_trace_header_ptr -> tx_trace_header_buffer_current_pointer =  (ULONG) trace_event_ptr; \
      |                                                                                       ^~~~~~~~~~~~~~~~~~~~~~~
threadx/common/src/tx_mutex_info_get.c:92:5: warning: cast to smaller integer type 'ULONG' (aka 'unsigned long') from 'TX_TRACE_BUFFER_ENTRY *' (aka 'struct TX_TRACE_BUFFER_ENTRY_STRUCT *') [-Wpointer-to-int-cast]
   92 |     TX_TRACE_IN_LINE_INSERT(TX_TRACE_MUTEX_INFO_GET, mutex_ptr, 0, 0, 0, TX_TRACE_MUTEX_EVENTS)
      |     ^~~~~~~~~~~~~~~~~~~~~~~~~~~~~~~~~~~~~~~~~~~~~~~~~~~~~~~~~~~~~~~~~~~~~~~~~~~~~~~~~~~~~~~~~~~
threadx/common/inc/tx_trace.h:510:87: note: expanded from macro 'TX_TRACE_IN_LINE_INSERT'
  510 |                     _tx_trace_header_ptr -> tx_trace_header_buffer_current_pointer =  (ULONG) trace_event_ptr; \
      |                                                                                       ^~~~~~~~~~~~~~~~~~~~~~~
5 warnings generated.
threadx/common/src/tx_mutex_get.c:103:5: warning: cast to smaller integer type 'ULONG' (aka 'unsigned long') from 'TX_THREAD *' (aka 'struct TX_THREAD_STRUCT *') [-Wpointer-to-int-cast] (Local CPU 1)
  103 |     TX_TRACE_IN_LINE_INSERT(TX_TRACE_MUTEX_GET, mutex_ptr, wait_option, TX_POINTER_TO_ULONG_CONVERT(mutex_ptr -> tx_mutex_owner), mutex_ptr -> tx_mutex_ownership_count, TX_TRACE_MUTEX_EVENTS)
      |     ^~~~~~~~~~~~~~~~~~~~~~~~~~~~~~~~~~~~~~~~~~~~~~~~~~~~~~~~~~~~~~~~~~~~~~~~~~~~~~~~~~~~~~~~~~~~~~~~~~~~~~~~~~~~~~~~~~~~~~~~~~~~~~~~~~~~~~~~~~~~~~~~~~~~~~~~~~~~~~~~~~~~~~~~~~~~~~~~~~~~~~~~~~~
threadx/common/inc/tx_trace.h:485:41: note: expanded from macro 'TX_TRACE_IN_LINE_INSERT'
  485 |                     trace_priority =    (ULONG) trace_thread_ptr; \
      |                                         ^~~~~~~~~~~~~~~~~~~~~~~~
threadx/common/src/tx_mutex_get.c:103:5: warning: cast to smaller integer type 'ULONG' (aka 'unsigned long') from 'TX_THREAD *' (aka 'struct TX_THREAD_STRUCT *') [-Wpointer-to-int-cast]
  103 |     TX_TRACE_IN_LINE_INSERT(TX_TRACE_MUTEX_GET, mutex_ptr, wait_option, TX_POINTER_TO_ULONG_CONVERT(mutex_ptr -> tx_mutex_owner), mutex_ptr -> tx_mutex_ownership_count, TX_TRACE_MUTEX_EVENTS)
      |     ^~~~~~~~~~~~~~~~~~~~~~~~~~~~~~~~~~~~~~~~~~~~~~~~~~~~~~~~~~~~~~~~~~~~~~~~~~~~~~~~~~~~~~~~~~~~~~~~~~~~~~~~~~~~~~~~~~~~~~~~~~~~~~~~~~~~~~~~~~~~~~~~~~~~~~~~~~~~~~~~~~~~~~~~~~~~~~~~~~~~~~~~~~~
threadx/common/inc/tx_trace.h:493:81: note: expanded from macro 'TX_TRACE_IN_LINE_INSERT'
  493 |                 trace_event_ptr -> tx_trace_buffer_entry_thread_pointer =       (ULONG) trace_thread_ptr; \
      |                                                                                 ^~~~~~~~~~~~~~~~~~~~~~~~
threadx/common/src/tx_mutex_get.c:103:5: warning: cast to smaller integer type 'ULONG' (aka 'unsigned long') from 'TX_MUTEX *' (aka 'struct TX_MUTEX_STRUCT *') [-Wpointer-to-int-cast]
  103 |     TX_TRACE_IN_LINE_INSERT(TX_TRACE_MUTEX_GET, mutex_ptr, wait_option, TX_POINTER_TO_ULONG_CONVERT(mutex_ptr -> tx_mutex_owner), mutex_ptr -> tx_mutex_ownership_count, TX_TRACE_MUTEX_EVENTS)
      |     ^~~~~~~~~~~~~~~~~~~~~~~~~~~~~~~~~~~~~~~~~~~~~~~~~~~~~~~~~~~~~~~~~~~~~~~~~~~~~~~~~~~~~~~~~~~~~~~~~~~~~~~~~~~~~~~~~~~~~~~~~~~~~~~~~~~~~~~~~~~~~~~~~~~~~~~~~~~~~~~~~~~~~~~~~~~~~~~~~~~~~~~~~~~
threadx/common/inc/tx_trace.h:497:17: note: expanded from macro 'TX_TRACE_IN_LINE_INSERT'
  497 |                 TX_TRACE_INFO_FIELD_ASSIGNMENT((a),(b),(c),(d)) \
      |                 ^~~~~~~~~~~~~~~~~~~~~~~~~~~~~~~~~~~~~~~~~~~~~~~
threadx/common/inc/tx_trace.h:457:114: note: expanded from macro 'TX_TRACE_INFO_FIELD_ASSIGNMENT'
  457 | #define TX_TRACE_INFO_FIELD_ASSIGNMENT(a,b,c,d)  trace_event_ptr -> tx_trace_buffer_entry_information_field_1 =  (ULONG) (a); trace_event_ptr -> tx_trace_buffer_entry_information_field_2 =  (ULONG) (b); trace_event_ptr -> tx_trace_buffer_entry_information_field_3 =  (ULONG) (c); trace_event_ptr -> tx_trace_buffer_entry_information_field_4 =  (ULONG) (d);
      |                                                                                                                  ^~~~~~~~~~~
threadx/common/src/tx_mutex_get.c:103:73: warning: cast to smaller integer type 'ULONG' (aka 'unsigned long') from 'void *' [-Wvoid-pointer-to-int-cast]
  103 |     TX_TRACE_IN_LINE_INSERT(TX_TRACE_MUTEX_GET, mutex_ptr, wait_option, TX_POINTER_TO_ULONG_CONVERT(mutex_ptr -> tx_mutex_owner), mutex_ptr -> tx_mutex_ownership_count, TX_TRACE_MUTEX_EVENTS)
      |     ~~~~~~~~~~~~~~~~~~~~~~~~~~~~~~~~~~~~~~~~~~~~~~~~~~~~~~~~~~~~~~~~~~~~^~~~~~~~~~~~~~~~~~~~~~~~~~~~~~~~~~~~~~~~~~~~~~~~~~~~~~~~~~~~~~~~~~~~~~~~~~~~~~~~~~~~~~~~~~~~~~~~~~~~~~~~~~~~~~~~~~~~~~~
threadx/common/inc/tx_api.h:2062:58: note: expanded from macro 'TX_POINTER_TO_ULONG_CONVERT'
 2062 | #define TX_POINTER_TO_ULONG_CONVERT(a)                  ((ULONG) ((VOID *) (a)))
      |                                                          ^
threadx/common/inc/tx_trace.h:497:57: note: expanded from macro 'TX_TRACE_IN_LINE_INSERT'
  497 |                 TX_TRACE_INFO_FIELD_ASSIGNMENT((a),(b),(c),(d)) \
      |                 ~~~~~~~~~~~~~~~~~~~~~~~~~~~~~~~~~~~~~~~~^~~~~~~
threadx/common/inc/tx_trace.h:457:277: note: expanded from macro 'TX_TRACE_INFO_FIELD_ASSIGNMENT'
  457 | #define TX_TRACE_INFO_FIELD_ASSIGNMENT(a,b,c,d)  trace_event_ptr -> tx_trace_buffer_entry_information_field_1 =  (ULONG) (a); trace_event_ptr -> tx_trace_buffer_entry_information_field_2 =  (ULONG) (b); trace_event_ptr -> tx_trace_buffer_entry_information_field_3 =  (ULONG) (c); trace_event_ptr -> tx_trace_buffer_entry_information_field_4 =  (ULONG) (d);
      |                                                                                                                                                                                                                                                                                     ^
threadx/common/src/tx_mutex_get.c:103:5: warning: cast to smaller integer type 'ULONG' (aka 'unsigned long') from 'TX_TRACE_BUFFER_ENTRY *' (aka 'struct TX_TRACE_BUFFER_ENTRY_STRUCT *') [-Wpointer-to-int-cast]
  103 |     TX_TRACE_IN_LINE_INSERT(TX_TRACE_MUTEX_GET, mutex_ptr, wait_option, TX_POINTER_TO_ULONG_CONVERT(mutex_ptr -> tx_mutex_owner), mutex_ptr -> tx_mutex_ownership_count, TX_TRACE_MUTEX_EVENTS)
      |     ^~~~~~~~~~~~~~~~~~~~~~~~~~~~~~~~~~~~~~~~~~~~~~~~~~~~~~~~~~~~~~~~~~~~~~~~~~~~~~~~~~~~~~~~~~~~~~~~~~~~~~~~~~~~~~~~~~~~~~~~~~~~~~~~~~~~~~~~~~~~~~~~~~~~~~~~~~~~~~~~~~~~~~~~~~~~~~~~~~~~~~~~~~~
threadx/common/inc/tx_trace.h:503:87: note: expanded from macro 'TX_TRACE_IN_LINE_INSERT'
  503 |                     _tx_trace_header_ptr -> tx_trace_header_buffer_current_pointer =  (ULONG) trace_event_ptr; \
      |                                                                                       ^~~~~~~~~~~~~~~~~~~~~~~
threadx/common/src/tx_mutex_get.c:103:5: warning: cast to smaller integer type 'ULONG' (aka 'unsigned long') from 'TX_TRACE_BUFFER_ENTRY *' (aka 'struct TX_TRACE_BUFFER_ENTRY_STRUCT *') [-Wpointer-to-int-cast]
  103 |     TX_TRACE_IN_LINE_INSERT(TX_TRACE_MUTEX_GET, mutex_ptr, wait_option, TX_POINTER_TO_ULONG_CONVERT(mutex_ptr -> tx_mutex_owner), mutex_ptr -> tx_mutex_ownership_count, TX_TRACE_MUTEX_EVENTS)
      |     ^~~~~~~~~~~~~~~~~~~~~~~~~~~~~~~~~~~~~~~~~~~~~~~~~~~~~~~~~~~~~~~~~~~~~~~~~~~~~~~~~~~~~~~~~~~~~~~~~~~~~~~~~~~~~~~~~~~~~~~~~~~~~~~~~~~~~~~~~~~~~~~~~~~~~~~~~~~~~~~~~~~~~~~~~~~~~~~~~~~~~~~~~~~
threadx/common/inc/tx_trace.h:510:87: note: expanded from macro 'TX_TRACE_IN_LINE_INSERT'
  510 |                     _tx_trace_header_ptr -> tx_trace_header_buffer_current_pointer =  (ULONG) trace_event_ptr; \
      |                                                                                       ^~~~~~~~~~~~~~~~~~~~~~~
6 warnings generated.
"Compiling: threadx/common/src/tx_timer_change.c"
threadx/common/src/tx_mutex_delete.c:96:5: warning: cast to smaller integer type 'ULONG' (aka 'unsigned long') from 'TX_THREAD *' (aka 'struct TX_THREAD_STRUCT *') [-Wpointer-to-int-cast] (Local CPU 4)
   96 |     TX_TRACE_IN_LINE_INSERT(TX_TRACE_MUTEX_DELETE, mutex_ptr, TX_POINTER_TO_ULONG_CONVERT(&thread_ptr), 0, 0, TX_TRACE_MUTEX_EVENTS)
      |     ^~~~~~~~~~~~~~~~~~~~~~~~~~~~~~~~~~~~~~~~~~~~~~~~~~~~~~~~~~~~~~~~~~~~~~~~~~~~~~~~~~~~~~~~~~~~~~~~~~~~~~~~~~~~~~~~~~~~~~~~~~~~~~~~
threadx/common/inc/tx_trace.h:485:41: note: expanded from macro 'TX_TRACE_IN_LINE_INSERT'
  485 |                     trace_priority =    (ULONG) trace_thread_ptr; \
      |                                         ^~~~~~~~~~~~~~~~~~~~~~~~
threadx/common/src/tx_mutex_delete.c:96:5: warning: cast to smaller integer type 'ULONG' (aka 'unsigned long') from 'TX_THREAD *' (aka 'struct TX_THREAD_STRUCT *') [-Wpointer-to-int-cast]
   96 |     TX_TRACE_IN_LINE_INSERT(TX_TRACE_MUTEX_DELETE, mutex_ptr, TX_POINTER_TO_ULONG_CONVERT(&thread_ptr), 0, 0, TX_TRACE_MUTEX_EVENTS)
      |     ^~~~~~~~~~~~~~~~~~~~~~~~~~~~~~~~~~~~~~~~~~~~~~~~~~~~~~~~~~~~~~~~~~~~~~~~~~~~~~~~~~~~~~~~~~~~~~~~~~~~~~~~~~~~~~~~~~~~~~~~~~~~~~~~
threadx/common/inc/tx_trace.h:493:81: note: expanded from macro 'TX_TRACE_IN_LINE_INSERT'
  493 |                 trace_event_ptr -> tx_trace_buffer_entry_thread_pointer =       (ULONG) trace_thread_ptr; \
      |                                                                                 ^~~~~~~~~~~~~~~~~~~~~~~~
threadx/common/src/tx_mutex_delete.c:96:5: warning: cast to smaller integer type 'ULONG' (aka 'unsigned long') from 'TX_MUTEX *' (aka 'struct TX_MUTEX_STRUCT *') [-Wpointer-to-int-cast]
   96 |     TX_TRACE_IN_LINE_INSERT(TX_TRACE_MUTEX_DELETE, mutex_ptr, TX_POINTER_TO_ULONG_CONVERT(&thread_ptr), 0, 0, TX_TRACE_MUTEX_EVENTS)
      |     ^~~~~~~~~~~~~~~~~~~~~~~~~~~~~~~~~~~~~~~~~~~~~~~~~~~~~~~~~~~~~~~~~~~~~~~~~~~~~~~~~~~~~~~~~~~~~~~~~~~~~~~~~~~~~~~~~~~~~~~~~~~~~~~~
threadx/common/inc/tx_trace.h:497:17: note: expanded from macro 'TX_TRACE_IN_LINE_INSERT'
  497 |                 TX_TRACE_INFO_FIELD_ASSIGNMENT((a),(b),(c),(d)) \
      |                 ^~~~~~~~~~~~~~~~~~~~~~~~~~~~~~~~~~~~~~~~~~~~~~~
threadx/common/inc/tx_trace.h:457:114: note: expanded from macro 'TX_TRACE_INFO_FIELD_ASSIGNMENT'
  457 | #define TX_TRACE_INFO_FIELD_ASSIGNMENT(a,b,c,d)  trace_event_ptr -> tx_trace_buffer_entry_information_field_1 =  (ULONG) (a); trace_event_ptr -> tx_trace_buffer_entry_information_field_2 =  (ULONG) (b); trace_event_ptr -> tx_trace_buffer_entry_information_field_3 =  (ULONG) (c); trace_event_ptr -> tx_trace_buffer_entry_information_field_4 =  (ULONG) (d);
      |                                                                                                                  ^~~~~~~~~~~
threadx/common/src/tx_mutex_delete.c:96:63: warning: cast to smaller integer type 'ULONG' (aka 'unsigned long') from 'void *' [-Wvoid-pointer-to-int-cast]
   96 |     TX_TRACE_IN_LINE_INSERT(TX_TRACE_MUTEX_DELETE, mutex_ptr, TX_POINTER_TO_ULONG_CONVERT(&thread_ptr), 0, 0, TX_TRACE_MUTEX_EVENTS)
      |     ~~~~~~~~~~~~~~~~~~~~~~~~~~~~~~~~~~~~~~~~~~~~~~~~~~~~~~~~~~^~~~~~~~~~~~~~~~~~~~~~~~~~~~~~~~~~~~~~~~~~~~~~~~~~~~~~~~~~~~~~~~~~~~~~
threadx/common/inc/tx_api.h:2062:58: note: expanded from macro 'TX_POINTER_TO_ULONG_CONVERT'
 2062 | #define TX_POINTER_TO_ULONG_CONVERT(a)                  ((ULONG) ((VOID *) (a)))
      |                                                          ^
threadx/common/inc/tx_trace.h:497:53: note: expanded from macro 'TX_TRACE_IN_LINE_INSERT'
  497 |                 TX_TRACE_INFO_FIELD_ASSIGNMENT((a),(b),(c),(d)) \
      |                 ~~~~~~~~~~~~~~~~~~~~~~~~~~~~~~~~~~~~^~~~~~~~~~~
threadx/common/inc/tx_trace.h:457:200: note: expanded from macro 'TX_TRACE_INFO_FIELD_ASSIGNMENT'
  457 | #define TX_TRACE_INFO_FIELD_ASSIGNMENT(a,b,c,d)  trace_event_ptr -> tx_trace_buffer_entry_information_field_1 =  (ULONG) (a); trace_event_ptr -> tx_trace_buffer_entry_information_field_2 =  (ULONG) (b); trace_event_ptr -> tx_trace_buffer_entry_information_field_3 =  (ULONG) (c); trace_event_ptr -> tx_trace_buffer_entry_information_field_4 =  (ULONG) (d);
      |                                                                                                                                                                                                        ^
threadx/common/src/tx_mutex_delete.c:96:5: warning: cast to smaller integer type 'ULONG' (aka 'unsigned long') from 'TX_TRACE_BUFFER_ENTRY *' (aka 'struct TX_TRACE_BUFFER_ENTRY_STRUCT *') [-Wpointer-to-int-cast]
   96 |     TX_TRACE_IN_LINE_INSERT(TX_TRACE_MUTEX_DELETE, mutex_ptr, TX_POINTER_TO_ULONG_CONVERT(&thread_ptr), 0, 0, TX_TRACE_MUTEX_EVENTS)
      |     ^~~~~~~~~~~~~~~~~~~~~~~~~~~~~~~~~~~~~~~~~~~~~~~~~~~~~~~~~~~~~~~~~~~~~~~~~~~~~~~~~~~~~~~~~~~~~~~~~~~~~~~~~~~~~~~~~~~~~~~~~~~~~~~~
threadx/common/inc/tx_trace.h:503:87: note: expanded from macro 'TX_TRACE_IN_LINE_INSERT'
  503 |                     _tx_trace_header_ptr -> tx_trace_header_buffer_current_pointer =  (ULONG) trace_event_ptr; \
      |                                                                                       ^~~~~~~~~~~~~~~~~~~~~~~
threadx/common/src/tx_mutex_delete.c:96:5: warning: cast to smaller integer type 'ULONG' (aka 'unsigned long') from 'TX_TRACE_BUFFER_ENTRY *' (aka 'struct TX_TRACE_BUFFER_ENTRY_STRUCT *') [-Wpointer-to-int-cast]
   96 |     TX_TRACE_IN_LINE_INSERT(TX_TRACE_MUTEX_DELETE, mutex_ptr, TX_POINTER_TO_ULONG_CONVERT(&thread_ptr), 0, 0, TX_TRACE_MUTEX_EVENTS)
      |     ^~~~~~~~~~~~~~~~~~~~~~~~~~~~~~~~~~~~~~~~~~~~~~~~~~~~~~~~~~~~~~~~~~~~~~~~~~~~~~~~~~~~~~~~~~~~~~~~~~~~~~~~~~~~~~~~~~~~~~~~~~~~~~~~
threadx/common/inc/tx_trace.h:510:87: note: expanded from macro 'TX_TRACE_IN_LINE_INSERT'
  510 |                     _tx_trace_header_ptr -> tx_trace_header_buffer_current_pointer =  (ULONG) trace_event_ptr; \
      |                                                                                       ^~~~~~~~~~~~~~~~~~~~~~~
6 warnings generated.
clang -Wall -Wextra -g -O0 -DTX_INCLUDE_USER_DEFINE_FILE -Ithreadx/common/inc -Ithreadx_port/inc -I. -c threadx/common/src/tx_timer_change.c -o build_threadx/tx_common/tx_timer_change.o
"Compiling: threadx/common/src/tx_timer_create.c"
clang -Wall -Wextra -g -O0 -DTX_INCLUDE_USER_DEFINE_FILE -Ithreadx/common/inc -Ithreadx_port/inc -I. -c threadx/common/src/tx_timer_create.c -o build_threadx/tx_common/tx_timer_create.o
"Compiling: threadx/common/src/tx_timer_deactivate.c"
clang -Wall -Wextra -g -O0 -DTX_INCLUDE_USER_DEFINE_FILE -Ithreadx/common/inc -Ithreadx_port/inc -I. -c threadx/common/src/tx_timer_deactivate.c -o build_threadx/tx_common/tx_timer_deactivate.o
threadx/common/src/tx_mutex_performance_info_get.c:120:9: warning: cast to smaller integer type 'ULONG' (aka 'unsigned long') from 'TX_THREAD *' (aka 'struct TX_THREAD_STRUCT *') [-Wpointer-to-int-cast] (Local CPU 9)
  120 |         TX_TRACE_IN_LINE_INSERT(TX_TRACE_MUTEX_PERFORMANCE_INFO_GET, mutex_ptr, 0, 0, 0, TX_TRACE_MUTEX_EVENTS)
      |         ^~~~~~~~~~~~~~~~~~~~~~~~~~~~~~~~~~~~~~~~~~~~~~~~~~~~~~~~~~~~~~~~~~~~~~~~~~~~~~~~~~~~~~~~~~~~~~~~~~~~~~~
threadx/common/inc/tx_trace.h:485:41: note: expanded from macro 'TX_TRACE_IN_LINE_INSERT'
  485 |                     trace_priority =    (ULONG) trace_thread_ptr; \
      |                                         ^~~~~~~~~~~~~~~~~~~~~~~~
threadx/common/src/tx_mutex_performance_info_get.c:120:9: warning: cast to smaller integer type 'ULONG' (aka 'unsigned long') from 'TX_THREAD *' (aka 'struct TX_THREAD_STRUCT *') [-Wpointer-to-int-cast]
  120 |         TX_TRACE_IN_LINE_INSERT(TX_TRACE_MUTEX_PERFORMANCE_INFO_GET, mutex_ptr, 0, 0, 0, TX_TRACE_MUTEX_EVENTS)
      |         ^~~~~~~~~~~~~~~~~~~~~~~~~~~~~~~~~~~~~~~~~~~~~~~~~~~~~~~~~~~~~~~~~~~~~~~~~~~~~~~~~~~~~~~~~~~~~~~~~~~~~~~
threadx/common/inc/tx_trace.h:493:81: note: expanded from macro 'TX_TRACE_IN_LINE_INSERT'
  493 |                 trace_event_ptr -> tx_trace_buffer_entry_thread_pointer =       (ULONG) trace_thread_ptr; \
      |                                                                                 ^~~~~~~~~~~~~~~~~~~~~~~~
threadx/common/src/tx_mutex_performance_info_get.c:120:9: warning: cast to smaller integer type 'ULONG' (aka 'unsigned long') from 'TX_MUTEX *' (aka 'struct TX_MUTEX_STRUCT *') [-Wpointer-to-int-cast]
  120 |         TX_TRACE_IN_LINE_INSERT(TX_TRACE_MUTEX_PERFORMANCE_INFO_GET, mutex_ptr, 0, 0, 0, TX_TRACE_MUTEX_EVENTS)
      |         ^~~~~~~~~~~~~~~~~~~~~~~~~~~~~~~~~~~~~~~~~~~~~~~~~~~~~~~~~~~~~~~~~~~~~~~~~~~~~~~~~~~~~~~~~~~~~~~~~~~~~~~
threadx/common/inc/tx_trace.h:497:17: note: expanded from macro 'TX_TRACE_IN_LINE_INSERT'
  497 |                 TX_TRACE_INFO_FIELD_ASSIGNMENT((a),(b),(c),(d)) \
      |                 ^~~~~~~~~~~~~~~~~~~~~~~~~~~~~~~~~~~~~~~~~~~~~~~
threadx/common/inc/tx_trace.h:457:114: note: expanded from macro 'TX_TRACE_INFO_FIELD_ASSIGNMENT'
  457 | #define TX_TRACE_INFO_FIELD_ASSIGNMENT(a,b,c,d)  trace_event_ptr -> tx_trace_buffer_entry_information_field_1 =  (ULONG) (a); trace_event_ptr -> tx_trace_buffer_entry_information_field_2 =  (ULONG) (b); trace_event_ptr -> tx_trace_buffer_entry_information_field_3 =  (ULONG) (c); trace_event_ptr -> tx_trace_buffer_entry_information_field_4 =  (ULONG) (d);
      |                                                                                                                  ^~~~~~~~~~~
threadx/common/src/tx_mutex_performance_info_get.c:120:9: warning: cast to smaller integer type 'ULONG' (aka 'unsigned long') from 'TX_TRACE_BUFFER_ENTRY *' (aka 'struct TX_TRACE_BUFFER_ENTRY_STRUCT *') [-Wpointer-to-int-cast]
  120 |         TX_TRACE_IN_LINE_INSERT(TX_TRACE_MUTEX_PERFORMANCE_INFO_GET, mutex_ptr, 0, 0, 0, TX_TRACE_MUTEX_EVENTS)
      |         ^~~~~~~~~~~~~~~~~~~~~~~~~~~~~~~~~~~~~~~~~~~~~~~~~~~~~~~~~~~~~~~~~~~~~~~~~~~~~~~~~~~~~~~~~~~~~~~~~~~~~~~
threadx/common/inc/tx_trace.h:503:87: note: expanded from macro 'TX_TRACE_IN_LINE_INSERT'
  503 |                     _tx_trace_header_ptr -> tx_trace_header_buffer_current_pointer =  (ULONG) trace_event_ptr; \
      |                                                                                       ^~~~~~~~~~~~~~~~~~~~~~~
threadx/common/src/tx_mutex_performance_info_get.c:120:9: warning: cast to smaller integer type 'ULONG' (aka 'unsigned long') from 'TX_TRACE_BUFFER_ENTRY *' (aka 'struct TX_TRACE_BUFFER_ENTRY_STRUCT *') [-Wpointer-to-int-cast]
  120 |         TX_TRACE_IN_LINE_INSERT(TX_TRACE_MUTEX_PERFORMANCE_INFO_GET, mutex_ptr, 0, 0, 0, TX_TRACE_MUTEX_EVENTS)
      |         ^~~~~~~~~~~~~~~~~~~~~~~~~~~~~~~~~~~~~~~~~~~~~~~~~~~~~~~~~~~~~~~~~~~~~~~~~~~~~~~~~~~~~~~~~~~~~~~~~~~~~~~
threadx/common/inc/tx_trace.h:510:87: note: expanded from macro 'TX_TRACE_IN_LINE_INSERT'
  510 |                     _tx_trace_header_ptr -> tx_trace_header_buffer_current_pointer =  (ULONG) trace_event_ptr; \
      |                                                                                       ^~~~~~~~~~~~~~~~~~~~~~~
5 warnings generated.
threadx/common/src/tx_mutex_put.c:115:5: warning: cast to smaller integer type 'ULONG' (aka 'unsigned long') from 'TX_THREAD *' (aka 'struct TX_THREAD_STRUCT *') [-Wpointer-to-int-cast] (Local CPU 12)
  115 |     TX_TRACE_IN_LINE_INSERT(TX_TRACE_MUTEX_PUT, mutex_ptr, TX_POINTER_TO_ULONG_CONVERT(mutex_ptr -> tx_mutex_owner), mutex_ptr -> tx_mutex_ownership_count, TX_POINTER_TO_ULONG_CONVERT(&old_priority), TX_TRACE_MUTEX_EVENTS)
      |     ^~~~~~~~~~~~~~~~~~~~~~~~~~~~~~~~~~~~~~~~~~~~~~~~~~~~~~~~~~~~~~~~~~~~~~~~~~~~~~~~~~~~~~~~~~~~~~~~~~~~~~~~~~~~~~~~~~~~~~~~~~~~~~~~~~~~~~~~~~~~~~~~~~~~~~~~~~~~~~~~~~~~~~~~~~~~~~~~~~~~~~~~~~~~~~~~~~~~~~~~~~~~~~~~~~~~~~~~~~
threadx/common/inc/tx_trace.h:485:41: note: expanded from macro 'TX_TRACE_IN_LINE_INSERT'
  485 |                     trace_priority =    (ULONG) trace_thread_ptr; \
      |                                         ^~~~~~~~~~~~~~~~~~~~~~~~
threadx/common/src/tx_mutex_put.c:115:5: warning: cast to smaller integer type 'ULONG' (aka 'unsigned long') from 'TX_THREAD *' (aka 'struct TX_THREAD_STRUCT *') [-Wpointer-to-int-cast]
  115 |     TX_TRACE_IN_LINE_INSERT(TX_TRACE_MUTEX_PUT, mutex_ptr, TX_POINTER_TO_ULONG_CONVERT(mutex_ptr -> tx_mutex_owner), mutex_ptr -> tx_mutex_ownership_count, TX_POINTER_TO_ULONG_CONVERT(&old_priority), TX_TRACE_MUTEX_EVENTS)
      |     ^~~~~~~~~~~~~~~~~~~~~~~~~~~~~~~~~~~~~~~~~~~~~~~~~~~~~~~~~~~~~~~~~~~~~~~~~~~~~~~~~~~~~~~~~~~~~~~~~~~~~~~~~~~~~~~~~~~~~~~~~~~~~~~~~~~~~~~~~~~~~~~~~~~~~~~~~~~~~~~~~~~~~~~~~~~~~~~~~~~~~~~~~~~~~~~~~~~~~~~~~~~~~~~~~~~~~~~~~~
threadx/common/inc/tx_trace.h:493:81: note: expanded from macro 'TX_TRACE_IN_LINE_INSERT'
  493 |                 trace_event_ptr -> tx_trace_buffer_entry_thread_pointer =       (ULONG) trace_thread_ptr; \
      |                                                                                 ^~~~~~~~~~~~~~~~~~~~~~~~
threadx/common/src/tx_mutex_put.c:115:5: warning: cast to smaller integer type 'ULONG' (aka 'unsigned long') from 'TX_MUTEX *' (aka 'struct TX_MUTEX_STRUCT *') [-Wpointer-to-int-cast]
  115 |     TX_TRACE_IN_LINE_INSERT(TX_TRACE_MUTEX_PUT, mutex_ptr, TX_POINTER_TO_ULONG_CONVERT(mutex_ptr -> tx_mutex_owner), mutex_ptr -> tx_mutex_ownership_count, TX_POINTER_TO_ULONG_CONVERT(&old_priority), TX_TRACE_MUTEX_EVENTS)
      |     ^~~~~~~~~~~~~~~~~~~~~~~~~~~~~~~~~~~~~~~~~~~~~~~~~~~~~~~~~~~~~~~~~~~~~~~~~~~~~~~~~~~~~~~~~~~~~~~~~~~~~~~~~~~~~~~~~~~~~~~~~~~~~~~~~~~~~~~~~~~~~~~~~~~~~~~~~~~~~~~~~~~~~~~~~~~~~~~~~~~~~~~~~~~~~~~~~~~~~~~~~~~~~~~~~~~~~~~~~~
threadx/common/inc/tx_trace.h:497:17: note: expanded from macro 'TX_TRACE_IN_LINE_INSERT'
  497 |                 TX_TRACE_INFO_FIELD_ASSIGNMENT((a),(b),(c),(d)) \
      |                 ^~~~~~~~~~~~~~~~~~~~~~~~~~~~~~~~~~~~~~~~~~~~~~~
threadx/common/inc/tx_trace.h:457:114: note: expanded from macro 'TX_TRACE_INFO_FIELD_ASSIGNMENT'
  457 | #define TX_TRACE_INFO_FIELD_ASSIGNMENT(a,b,c,d)  trace_event_ptr -> tx_trace_buffer_entry_information_field_1 =  (ULONG) (a); trace_event_ptr -> tx_trace_buffer_entry_information_field_2 =  (ULONG) (b); trace_event_ptr -> tx_trace_buffer_entry_information_field_3 =  (ULONG) (c); trace_event_ptr -> tx_trace_buffer_entry_information_field_4 =  (ULONG) (d);
      |                                                                                                                  ^~~~~~~~~~~
threadx/common/src/tx_mutex_put.c:115:60: warning: cast to smaller integer type 'ULONG' (aka 'unsigned long') from 'void *' [-Wvoid-pointer-to-int-cast]
  115 |     TX_TRACE_IN_LINE_INSERT(TX_TRACE_MUTEX_PUT, mutex_ptr, TX_POINTER_TO_ULONG_CONVERT(mutex_ptr -> tx_mutex_owner), mutex_ptr -> tx_mutex_ownership_count, TX_POINTER_TO_ULONG_CONVERT(&old_priority), TX_TRACE_MUTEX_EVENTS)
      |     ~~~~~~~~~~~~~~~~~~~~~~~~~~~~~~~~~~~~~~~~~~~~~~~~~~~~~~~^~~~~~~~~~~~~~~~~~~~~~~~~~~~~~~~~~~~~~~~~~~~~~~~~~~~~~~~~~~~~~~~~~~~~~~~~~~~~~~~~~~~~~~~~~~~~~~~~~~~~~~~~~~~~~~~~~~~~~~~~~~~~~~~~~~~~~~~~~~~~~~~~~~~~~~~~~~~~~~~~~~
threadx/common/inc/tx_api.h:2062:58: note: expanded from macro 'TX_POINTER_TO_ULONG_CONVERT'
 2062 | #define TX_POINTER_TO_ULONG_CONVERT(a)                  ((ULONG) ((VOID *) (a)))
      |                                                          ^
threadx/common/inc/tx_trace.h:497:53: note: expanded from macro 'TX_TRACE_IN_LINE_INSERT'
  497 |                 TX_TRACE_INFO_FIELD_ASSIGNMENT((a),(b),(c),(d)) \
      |                 ~~~~~~~~~~~~~~~~~~~~~~~~~~~~~~~~~~~~^~~~~~~~~~~
threadx/common/inc/tx_trace.h:457:200: note: expanded from macro 'TX_TRACE_INFO_FIELD_ASSIGNMENT'
  457 | #define TX_TRACE_INFO_FIELD_ASSIGNMENT(a,b,c,d)  trace_event_ptr -> tx_trace_buffer_entry_information_field_1 =  (ULONG) (a); trace_event_ptr -> tx_trace_buffer_entry_information_field_2 =  (ULONG) (b); trace_event_ptr -> tx_trace_buffer_entry_information_field_3 =  (ULONG) (c); trace_event_ptr -> tx_trace_buffer_entry_information_field_4 =  (ULONG) (d);
      |                                                                                                                                                                                                        ^
threadx/common/src/tx_mutex_put.c:115:157: warning: cast to smaller integer type 'ULONG' (aka 'unsigned long') from 'void *' [-Wvoid-pointer-to-int-cast]
  115 |     TX_TRACE_IN_LINE_INSERT(TX_TRACE_MUTEX_PUT, mutex_ptr, TX_POINTER_TO_ULONG_CONVERT(mutex_ptr -> tx_mutex_owner), mutex_ptr -> tx_mutex_ownership_count, TX_POINTER_TO_ULONG_CONVERT(&old_priority), TX_TRACE_MUTEX_EVENTS)
      |     ~~~~~~~~~~~~~~~~~~~~~~~~~~~~~~~~~~~~~~~~~~~~~~~~~~~~~~~~~~~~~~~~~~~~~~~~~~~~~~~~~~~~~~~~~~~~~~~~~~~~~~~~~~~~~~~~~~~~~~~~~~~~~~~~~~~~~~~~~~~~~~~~~~~~~~~~^~~~~~~~~~~~~~~~~~~~~~~~~~~~~~~~~~~~~~~~~~~~~~~~~~~~~~~~~~~~~~~~~~
threadx/common/inc/tx_api.h:2062:58: note: expanded from macro 'TX_POINTER_TO_ULONG_CONVERT'
 2062 | #define TX_POINTER_TO_ULONG_CONVERT(a)                  ((ULONG) ((VOID *) (a)))
      |                                                          ^
threadx/common/inc/tx_trace.h:497:61: note: expanded from macro 'TX_TRACE_IN_LINE_INSERT'
  497 |                 TX_TRACE_INFO_FIELD_ASSIGNMENT((a),(b),(c),(d)) \
      |                 ~~~~~~~~~~~~~~~~~~~~~~~~~~~~~~~~~~~~~~~~~~~~^~~
threadx/common/inc/tx_trace.h:457:354: note: expanded from macro 'TX_TRACE_INFO_FIELD_ASSIGNMENT'
  457 | #define TX_TRACE_INFO_FIELD_ASSIGNMENT(a,b,c,d)  trace_event_ptr -> tx_trace_buffer_entry_information_field_1 =  (ULONG) (a); trace_event_ptr -> tx_trace_buffer_entry_information_field_2 =  (ULONG) (b); trace_event_ptr -> tx_trace_buffer_entry_information_field_3 =  (ULONG) (c); trace_event_ptr -> tx_trace_buffer_entry_information_field_4 =  (ULONG) (d);
      |                                                                                                                                                                                                                                                                                                                                                                  ^
threadx/common/src/tx_mutex_put.c:115:5: warning: cast to smaller integer type 'ULONG' (aka 'unsigned long') from 'TX_TRACE_BUFFER_ENTRY *' (aka 'struct TX_TRACE_BUFFER_ENTRY_STRUCT *') [-Wpointer-to-int-cast]
  115 |     TX_TRACE_IN_LINE_INSERT(TX_TRACE_MUTEX_PUT, mutex_ptr, TX_POINTER_TO_ULONG_CONVERT(mutex_ptr -> tx_mutex_owner), mutex_ptr -> tx_mutex_ownership_count, TX_POINTER_TO_ULONG_CONVERT(&old_priority), TX_TRACE_MUTEX_EVENTS)
      |     ^~~~~~~~~~~~~~~~~~~~~~~~~~~~~~~~~~~~~~~~~~~~~~~~~~~~~~~~~~~~~~~~~~~~~~~~~~~~~~~~~~~~~~~~~~~~~~~~~~~~~~~~~~~~~~~~~~~~~~~~~~~~~~~~~~~~~~~~~~~~~~~~~~~~~~~~~~~~~~~~~~~~~~~~~~~~~~~~~~~~~~~~~~~~~~~~~~~~~~~~~~~~~~~~~~~~~~~~~~
threadx/common/inc/tx_trace.h:503:87: note: expanded from macro 'TX_TRACE_IN_LINE_INSERT'
  503 |                     _tx_trace_header_ptr -> tx_trace_header_buffer_current_pointer =  (ULONG) trace_event_ptr; \
      |                                                                                       ^~~~~~~~~~~~~~~~~~~~~~~
threadx/common/src/tx_mutex_put.c:115:5: warning: cast to smaller integer type 'ULONG' (aka 'unsigned long') from 'TX_TRACE_BUFFER_ENTRY *' (aka 'struct TX_TRACE_BUFFER_ENTRY_STRUCT *') [-Wpointer-to-int-cast]
  115 |     TX_TRACE_IN_LINE_INSERT(TX_TRACE_MUTEX_PUT, mutex_ptr, TX_POINTER_TO_ULONG_CONVERT(mutex_ptr -> tx_mutex_owner), mutex_ptr -> tx_mutex_ownership_count, TX_POINTER_TO_ULONG_CONVERT(&old_priority), TX_TRACE_MUTEX_EVENTS)
      |     ^~~~~~~~~~~~~~~~~~~~~~~~~~~~~~~~~~~~~~~~~~~~~~~~~~~~~~~~~~~~~~~~~~~~~~~~~~~~~~~~~~~~~~~~~~~~~~~~~~~~~~~~~~~~~~~~~~~~~~~~~~~~~~~~~~~~~~~~~~~~~~~~~~~~~~~~~~~~~~~~~~~~~~~~~~~~~~~~~~~~~~~~~~~~~~~~~~~~~~~~~~~~~~~~~~~~~~~~~~
threadx/common/inc/tx_trace.h:510:87: note: expanded from macro 'TX_TRACE_IN_LINE_INSERT'
  510 |                     _tx_trace_header_ptr -> tx_trace_header_buffer_current_pointer =  (ULONG) trace_event_ptr; \
      |                                                                                       ^~~~~~~~~~~~~~~~~~~~~~~
7 warnings generated.
"Compiling: threadx/common/src/tx_timer_delete.c"
threadx/common/src/tx_mutex_performance_system_info_get.c:97:5: warning: cast to smaller integer type 'ULONG' (aka 'unsigned long') from 'TX_THREAD *' (aka 'struct TX_THREAD_STRUCT *') [-Wpointer-to-int-cast] (Local CPU 2)
   97 |     TX_TRACE_IN_LINE_INSERT(TX_TRACE_MUTEX_PERFORMANCE_SYSTEM_INFO_GET, 0, 0, 0, 0, TX_TRACE_MUTEX_EVENTS)
      |     ^~~~~~~~~~~~~~~~~~~~~~~~~~~~~~~~~~~~~~~~~~~~~~~~~~~~~~~~~~~~~~~~~~~~~~~~~~~~~~~~~~~~~~~~~~~~~~~~~~~~~~
threadx/common/inc/tx_trace.h:485:41: note: expanded from macro 'TX_TRACE_IN_LINE_INSERT'
  485 |                     trace_priority =    (ULONG) trace_thread_ptr; \
      |                                         ^~~~~~~~~~~~~~~~~~~~~~~~
threadx/common/src/tx_mutex_performance_system_info_get.c:97:5: warning: cast to smaller integer type 'ULONG' (aka 'unsigned long') from 'TX_THREAD *' (aka 'struct TX_THREAD_STRUCT *') [-Wpointer-to-int-cast]
   97 |     TX_TRACE_IN_LINE_INSERT(TX_TRACE_MUTEX_PERFORMANCE_SYSTEM_INFO_GET, 0, 0, 0, 0, TX_TRACE_MUTEX_EVENTS)
      |     ^~~~~~~~~~~~~~~~~~~~~~~~~~~~~~~~~~~~~~~~~~~~~~~~~~~~~~~~~~~~~~~~~~~~~~~~~~~~~~~~~~~~~~~~~~~~~~~~~~~~~~
threadx/common/inc/tx_trace.h:493:81: note: expanded from macro 'TX_TRACE_IN_LINE_INSERT'
  493 |                 trace_event_ptr -> tx_trace_buffer_entry_thread_pointer =       (ULONG) trace_thread_ptr; \
      |                                                                                 ^~~~~~~~~~~~~~~~~~~~~~~~
threadx/common/src/tx_mutex_performance_system_info_get.c:97:5: warning: cast to smaller integer type 'ULONG' (aka 'unsigned long') from 'TX_TRACE_BUFFER_ENTRY *' (aka 'struct TX_TRACE_BUFFER_ENTRY_STRUCT *') [-Wpointer-to-int-cast]
   97 |     TX_TRACE_IN_LINE_INSERT(TX_TRACE_MUTEX_PERFORMANCE_SYSTEM_INFO_GET, 0, 0, 0, 0, TX_TRACE_MUTEX_EVENTS)
      |     ^~~~~~~~~~~~~~~~~~~~~~~~~~~~~~~~~~~~~~~~~~~~~~~~~~~~~~~~~~~~~~~~~~~~~~~~~~~~~~~~~~~~~~~~~~~~~~~~~~~~~~
threadx/common/inc/tx_trace.h:503:87: note: expanded from macro 'TX_TRACE_IN_LINE_INSERT'
  503 |                     _tx_trace_header_ptr -> tx_trace_header_buffer_current_pointer =  (ULONG) trace_event_ptr; \
      |                                                                                       ^~~~~~~~~~~~~~~~~~~~~~~
threadx/common/src/tx_mutex_performance_system_info_get.c:97:5: warning: cast to smaller integer type 'ULONG' (aka 'unsigned long') from 'TX_TRACE_BUFFER_ENTRY *' (aka 'struct TX_TRACE_BUFFER_ENTRY_STRUCT *') [-Wpointer-to-int-cast]
   97 |     TX_TRACE_IN_LINE_INSERT(TX_TRACE_MUTEX_PERFORMANCE_SYSTEM_INFO_GET, 0, 0, 0, 0, TX_TRACE_MUTEX_EVENTS)
      |     ^~~~~~~~~~~~~~~~~~~~~~~~~~~~~~~~~~~~~~~~~~~~~~~~~~~~~~~~~~~~~~~~~~~~~~~~~~~~~~~~~~~~~~~~~~~~~~~~~~~~~~
threadx/common/inc/tx_trace.h:510:87: note: expanded from macro 'TX_TRACE_IN_LINE_INSERT'
  510 |                     _tx_trace_header_ptr -> tx_trace_header_buffer_current_pointer =  (ULONG) trace_event_ptr; \
      |                                                                                       ^~~~~~~~~~~~~~~~~~~~~~~
4 warnings generated.
clang -Wall -Wextra -g -O0 -DTX_INCLUDE_USER_DEFINE_FILE -Ithreadx/common/inc -Ithreadx_port/inc -I. -c threadx/common/src/tx_timer_delete.c -o build_threadx/tx_common/tx_timer_delete.o
"Compiling: threadx/common/src/tx_timer_expiration_process.c"
clang -Wall -Wextra -g -O0 -DTX_INCLUDE_USER_DEFINE_FILE -Ithreadx/common/inc -Ithreadx_port/inc -I. -c threadx/common/src/tx_timer_expiration_process.c -o build_threadx/tx_common/tx_timer_expiration_process.o
"Compiling: threadx/common/src/tx_timer_info_get.c"
clang -Wall -Wextra -g -O0 -DTX_INCLUDE_USER_DEFINE_FILE -Ithreadx/common/inc -Ithreadx_port/inc -I. -c threadx/common/src/tx_timer_info_get.c -o build_threadx/tx_common/tx_timer_info_get.o
threadx/common/src/tx_mutex_prioritize.c:95:5: warning: cast to smaller integer type 'ULONG' (aka 'unsigned long') from 'TX_THREAD *' (aka 'struct TX_THREAD_STRUCT *') [-Wpointer-to-int-cast] (Local CPU 7)
   95 |     TX_TRACE_IN_LINE_INSERT(TX_TRACE_MUTEX_PRIORITIZE, mutex_ptr, mutex_ptr -> tx_mutex_suspended_count, TX_POINTER_TO_ULONG_CONVERT(&suspended_count), 0, TX_TRACE_MUTEX_EVENTS)
      |     ^~~~~~~~~~~~~~~~~~~~~~~~~~~~~~~~~~~~~~~~~~~~~~~~~~~~~~~~~~~~~~~~~~~~~~~~~~~~~~~~~~~~~~~~~~~~~~~~~~~~~~~~~~~~~~~~~~~~~~~~~~~~~~~~~~~~~~~~~~~~~~~~~~~~~~~~~~~~~~~~~~~~~~~~~~~~~
threadx/common/inc/tx_trace.h:485:41: note: expanded from macro 'TX_TRACE_IN_LINE_INSERT'
  485 |                     trace_priority =    (ULONG) trace_thread_ptr; \
      |                                         ^~~~~~~~~~~~~~~~~~~~~~~~
threadx/common/src/tx_mutex_prioritize.c:95:5: warning: cast to smaller integer type 'ULONG' (aka 'unsigned long') from 'TX_THREAD *' (aka 'struct TX_THREAD_STRUCT *') [-Wpointer-to-int-cast]
   95 |     TX_TRACE_IN_LINE_INSERT(TX_TRACE_MUTEX_PRIORITIZE, mutex_ptr, mutex_ptr -> tx_mutex_suspended_count, TX_POINTER_TO_ULONG_CONVERT(&suspended_count), 0, TX_TRACE_MUTEX_EVENTS)
      |     ^~~~~~~~~~~~~~~~~~~~~~~~~~~~~~~~~~~~~~~~~~~~~~~~~~~~~~~~~~~~~~~~~~~~~~~~~~~~~~~~~~~~~~~~~~~~~~~~~~~~~~~~~~~~~~~~~~~~~~~~~~~~~~~~~~~~~~~~~~~~~~~~~~~~~~~~~~~~~~~~~~~~~~~~~~~~~
threadx/common/inc/tx_trace.h:493:81: note: expanded from macro 'TX_TRACE_IN_LINE_INSERT'
  493 |                 trace_event_ptr -> tx_trace_buffer_entry_thread_pointer =       (ULONG) trace_thread_ptr; \
      |                                                                                 ^~~~~~~~~~~~~~~~~~~~~~~~
threadx/common/src/tx_mutex_prioritize.c:95:5: warning: cast to smaller integer type 'ULONG' (aka 'unsigned long') from 'TX_MUTEX *' (aka 'struct TX_MUTEX_STRUCT *') [-Wpointer-to-int-cast]
   95 |     TX_TRACE_IN_LINE_INSERT(TX_TRACE_MUTEX_PRIORITIZE, mutex_ptr, mutex_ptr -> tx_mutex_suspended_count, TX_POINTER_TO_ULONG_CONVERT(&suspended_count), 0, TX_TRACE_MUTEX_EVENTS)
      |     ^~~~~~~~~~~~~~~~~~~~~~~~~~~~~~~~~~~~~~~~~~~~~~~~~~~~~~~~~~~~~~~~~~~~~~~~~~~~~~~~~~~~~~~~~~~~~~~~~~~~~~~~~~~~~~~~~~~~~~~~~~~~~~~~~~~~~~~~~~~~~~~~~~~~~~~~~~~~~~~~~~~~~~~~~~~~~
threadx/common/inc/tx_trace.h:497:17: note: expanded from macro 'TX_TRACE_IN_LINE_INSERT'
  497 |                 TX_TRACE_INFO_FIELD_ASSIGNMENT((a),(b),(c),(d)) \
      |                 ^~~~~~~~~~~~~~~~~~~~~~~~~~~~~~~~~~~~~~~~~~~~~~~
threadx/common/inc/tx_trace.h:457:114: note: expanded from macro 'TX_TRACE_INFO_FIELD_ASSIGNMENT'
  457 | #define TX_TRACE_INFO_FIELD_ASSIGNMENT(a,b,c,d)  trace_event_ptr -> tx_trace_buffer_entry_information_field_1 =  (ULONG) (a); trace_event_ptr -> tx_trace_buffer_entry_information_field_2 =  (ULONG) (b); trace_event_ptr -> tx_trace_buffer_entry_information_field_3 =  (ULONG) (c); trace_event_ptr -> tx_trace_buffer_entry_information_field_4 =  (ULONG) (d);
      |                                                                                                                  ^~~~~~~~~~~
threadx/common/src/tx_mutex_prioritize.c:95:106: warning: cast to smaller integer type 'ULONG' (aka 'unsigned long') from 'void *' [-Wvoid-pointer-to-int-cast]
   95 |     TX_TRACE_IN_LINE_INSERT(TX_TRACE_MUTEX_PRIORITIZE, mutex_ptr, mutex_ptr -> tx_mutex_suspended_count, TX_POINTER_TO_ULONG_CONVERT(&suspended_count), 0, TX_TRACE_MUTEX_EVENTS)
      |     ~~~~~~~~~~~~~~~~~~~~~~~~~~~~~~~~~~~~~~~~~~~~~~~~~~~~~~~~~~~~~~~~~~~~~~~~~~~~~~~~~~~~~~~~~~~~~~~~~~~~~^~~~~~~~~~~~~~~~~~~~~~~~~~~~~~~~~~~~~~~~~~~~~~~~~~~~~~~~~~~~~~~~~~~~~~~~
threadx/common/inc/tx_api.h:2062:58: note: expanded from macro 'TX_POINTER_TO_ULONG_CONVERT'
 2062 | #define TX_POINTER_TO_ULONG_CONVERT(a)                  ((ULONG) ((VOID *) (a)))
      |                                                          ^
threadx/common/inc/tx_trace.h:497:57: note: expanded from macro 'TX_TRACE_IN_LINE_INSERT'
  497 |                 TX_TRACE_INFO_FIELD_ASSIGNMENT((a),(b),(c),(d)) \
      |                 ~~~~~~~~~~~~~~~~~~~~~~~~~~~~~~~~~~~~~~~~^~~~~~~
threadx/common/inc/tx_trace.h:457:277: note: expanded from macro 'TX_TRACE_INFO_FIELD_ASSIGNMENT'
  457 | #define TX_TRACE_INFO_FIELD_ASSIGNMENT(a,b,c,d)  trace_event_ptr -> tx_trace_buffer_entry_information_field_1 =  (ULONG) (a); trace_event_ptr -> tx_trace_buffer_entry_information_field_2 =  (ULONG) (b); trace_event_ptr -> tx_trace_buffer_entry_information_field_3 =  (ULONG) (c); trace_event_ptr -> tx_trace_buffer_entry_information_field_4 =  (ULONG) (d);
      |                                                                                                                                                                                                                                                                                     ^
threadx/common/src/tx_mutex_prioritize.c:95:5: warning: cast to smaller integer type 'ULONG' (aka 'unsigned long') from 'TX_TRACE_BUFFER_ENTRY *' (aka 'struct TX_TRACE_BUFFER_ENTRY_STRUCT *') [-Wpointer-to-int-cast]
   95 |     TX_TRACE_IN_LINE_INSERT(TX_TRACE_MUTEX_PRIORITIZE, mutex_ptr, mutex_ptr -> tx_mutex_suspended_count, TX_POINTER_TO_ULONG_CONVERT(&suspended_count), 0, TX_TRACE_MUTEX_EVENTS)
      |     ^~~~~~~~~~~~~~~~~~~~~~~~~~~~~~~~~~~~~~~~~~~~~~~~~~~~~~~~~~~~~~~~~~~~~~~~~~~~~~~~~~~~~~~~~~~~~~~~~~~~~~~~~~~~~~~~~~~~~~~~~~~~~~~~~~~~~~~~~~~~~~~~~~~~~~~~~~~~~~~~~~~~~~~~~~~~~
threadx/common/inc/tx_trace.h:503:87: note: expanded from macro 'TX_TRACE_IN_LINE_INSERT'
  503 |                     _tx_trace_header_ptr -> tx_trace_header_buffer_current_pointer =  (ULONG) trace_event_ptr; \
      |                                                                                       ^~~~~~~~~~~~~~~~~~~~~~~
threadx/common/src/tx_mutex_prioritize.c:95:5: warning: cast to smaller integer type 'ULONG' (aka 'unsigned long') from 'TX_TRACE_BUFFER_ENTRY *' (aka 'struct TX_TRACE_BUFFER_ENTRY_STRUCT *') [-Wpointer-to-int-cast]
   95 |     TX_TRACE_IN_LINE_INSERT(TX_TRACE_MUTEX_PRIORITIZE, mutex_ptr, mutex_ptr -> tx_mutex_suspended_count, TX_POINTER_TO_ULONG_CONVERT(&suspended_count), 0, TX_TRACE_MUTEX_EVENTS)
      |     ^~~~~~~~~~~~~~~~~~~~~~~~~~~~~~~~~~~~~~~~~~~~~~~~~~~~~~~~~~~~~~~~~~~~~~~~~~~~~~~~~~~~~~~~~~~~~~~~~~~~~~~~~~~~~~~~~~~~~~~~~~~~~~~~~~~~~~~~~~~~~~~~~~~~~~~~~~~~~~~~~~~~~~~~~~~~~
threadx/common/inc/tx_trace.h:510:87: note: expanded from macro 'TX_TRACE_IN_LINE_INSERT'
  510 |                     _tx_trace_header_ptr -> tx_trace_header_buffer_current_pointer =  (ULONG) trace_event_ptr; \
      |                                                                                       ^~~~~~~~~~~~~~~~~~~~~~~
6 warnings generated.
"Compiling: threadx/common/src/tx_timer_initialize.c"
clang -Wall -Wextra -g -O0 -DTX_INCLUDE_USER_DEFINE_FILE -Ithreadx/common/inc -Ithreadx_port/inc -I. -c threadx/common/src/tx_timer_initialize.c -o build_threadx/tx_common/tx_timer_initialize.o
"Compiling: threadx/common/src/tx_timer_performance_info_get.c"
threadx/common/src/tx_queue_flush.c:94:5: warning: cast to smaller integer type 'ULONG' (aka 'unsigned long') from 'TX_THREAD *' (aka 'struct TX_THREAD_STRUCT *') [-Wpointer-to-int-cast] (Local CPU 18)
   94 |     TX_TRACE_IN_LINE_INSERT(TX_TRACE_QUEUE_FLUSH, queue_ptr, TX_POINTER_TO_ULONG_CONVERT(&thread_ptr), 0, 0, TX_TRACE_QUEUE_EVENTS)
      |     ^~~~~~~~~~~~~~~~~~~~~~~~~~~~~~~~~~~~~~~~~~~~~~~~~~~~~~~~~~~~~~~~~~~~~~~~~~~~~~~~~~~~~~~~~~~~~~~~~~~~~~~~~~~~~~~~~~~~~~~~~~~~~~~
threadx/common/inc/tx_trace.h:485:41: note: expanded from macro 'TX_TRACE_IN_LINE_INSERT'
  485 |                     trace_priority =    (ULONG) trace_thread_ptr; \
      |                                         ^~~~~~~~~~~~~~~~~~~~~~~~
threadx/common/src/tx_queue_flush.c:94:5: warning: cast to smaller integer type 'ULONG' (aka 'unsigned long') from 'TX_THREAD *' (aka 'struct TX_THREAD_STRUCT *') [-Wpointer-to-int-cast]
   94 |     TX_TRACE_IN_LINE_INSERT(TX_TRACE_QUEUE_FLUSH, queue_ptr, TX_POINTER_TO_ULONG_CONVERT(&thread_ptr), 0, 0, TX_TRACE_QUEUE_EVENTS)
      |     ^~~~~~~~~~~~~~~~~~~~~~~~~~~~~~~~~~~~~~~~~~~~~~~~~~~~~~~~~~~~~~~~~~~~~~~~~~~~~~~~~~~~~~~~~~~~~~~~~~~~~~~~~~~~~~~~~~~~~~~~~~~~~~~
threadx/common/inc/tx_trace.h:493:81: note: expanded from macro 'TX_TRACE_IN_LINE_INSERT'
  493 |                 trace_event_ptr -> tx_trace_buffer_entry_thread_pointer =       (ULONG) trace_thread_ptr; \
      |                                                                                 ^~~~~~~~~~~~~~~~~~~~~~~~
threadx/common/src/tx_queue_flush.c:94:5: warning: cast to smaller integer type 'ULONG' (aka 'unsigned long') from 'TX_QUEUE *' (aka 'struct TX_QUEUE_STRUCT *') [-Wpointer-to-int-cast]
   94 |     TX_TRACE_IN_LINE_INSERT(TX_TRACE_QUEUE_FLUSH, queue_ptr, TX_POINTER_TO_ULONG_CONVERT(&thread_ptr), 0, 0, TX_TRACE_QUEUE_EVENTS)
      |     ^~~~~~~~~~~~~~~~~~~~~~~~~~~~~~~~~~~~~~~~~~~~~~~~~~~~~~~~~~~~~~~~~~~~~~~~~~~~~~~~~~~~~~~~~~~~~~~~~~~~~~~~~~~~~~~~~~~~~~~~~~~~~~~
threadx/common/inc/tx_trace.h:497:17: note: expanded from macro 'TX_TRACE_IN_LINE_INSERT'
  497 |                 TX_TRACE_INFO_FIELD_ASSIGNMENT((a),(b),(c),(d)) \
      |                 ^~~~~~~~~~~~~~~~~~~~~~~~~~~~~~~~~~~~~~~~~~~~~~~
threadx/common/inc/tx_trace.h:457:114: note: expanded from macro 'TX_TRACE_INFO_FIELD_ASSIGNMENT'
  457 | #define TX_TRACE_INFO_FIELD_ASSIGNMENT(a,b,c,d)  trace_event_ptr -> tx_trace_buffer_entry_information_field_1 =  (ULONG) (a); trace_event_ptr -> tx_trace_buffer_entry_information_field_2 =  (ULONG) (b); trace_event_ptr -> tx_trace_buffer_entry_information_field_3 =  (ULONG) (c); trace_event_ptr -> tx_trace_buffer_entry_information_field_4 =  (ULONG) (d);
      |                                                                                                                  ^~~~~~~~~~~
threadx/common/src/tx_queue_flush.c:94:62: warning: cast to smaller integer type 'ULONG' (aka 'unsigned long') from 'void *' [-Wvoid-pointer-to-int-cast]
   94 |     TX_TRACE_IN_LINE_INSERT(TX_TRACE_QUEUE_FLUSH, queue_ptr, TX_POINTER_TO_ULONG_CONVERT(&thread_ptr), 0, 0, TX_TRACE_QUEUE_EVENTS)
      |     ~~~~~~~~~~~~~~~~~~~~~~~~~~~~~~~~~~~~~~~~~~~~~~~~~~~~~~~~~^~~~~~~~~~~~~~~~~~~~~~~~~~~~~~~~~~~~~~~~~~~~~~~~~~~~~~~~~~~~~~~~~~~~~~
threadx/common/inc/tx_api.h:2062:58: note: expanded from macro 'TX_POINTER_TO_ULONG_CONVERT'
 2062 | #define TX_POINTER_TO_ULONG_CONVERT(a)                  ((ULONG) ((VOID *) (a)))
      |                                                          ^
threadx/common/inc/tx_trace.h:497:53: note: expanded from macro 'TX_TRACE_IN_LINE_INSERT'
  497 |                 TX_TRACE_INFO_FIELD_ASSIGNMENT((a),(b),(c),(d)) \
      |                 ~~~~~~~~~~~~~~~~~~~~~~~~~~~~~~~~~~~~^~~~~~~~~~~
threadx/common/inc/tx_trace.h:457:200: note: expanded from macro 'TX_TRACE_INFO_FIELD_ASSIGNMENT'
  457 | #define TX_TRACE_INFO_FIELD_ASSIGNMENT(a,b,c,d)  trace_event_ptr -> tx_trace_buffer_entry_information_field_1 =  (ULONG) (a); trace_event_ptr -> tx_trace_buffer_entry_information_field_2 =  (ULONG) (b); trace_event_ptr -> tx_trace_buffer_entry_information_field_3 =  (ULONG) (c); trace_event_ptr -> tx_trace_buffer_entry_information_field_4 =  (ULONG) (d);
      |                                                                                                                                                                                                        ^
threadx/common/src/tx_queue_flush.c:94:5: warning: cast to smaller integer type 'ULONG' (aka 'unsigned long') from 'TX_TRACE_BUFFER_ENTRY *' (aka 'struct TX_TRACE_BUFFER_ENTRY_STRUCT *') [-Wpointer-to-int-cast]
   94 |     TX_TRACE_IN_LINE_INSERT(TX_TRACE_QUEUE_FLUSH, queue_ptr, TX_POINTER_TO_ULONG_CONVERT(&thread_ptr), 0, 0, TX_TRACE_QUEUE_EVENTS)
      |     ^~~~~~~~~~~~~~~~~~~~~~~~~~~~~~~~~~~~~~~~~~~~~~~~~~~~~~~~~~~~~~~~~~~~~~~~~~~~~~~~~~~~~~~~~~~~~~~~~~~~~~~~~~~~~~~~~~~~~~~~~~~~~~~
threadx/common/inc/tx_trace.h:503:87: note: expanded from macro 'TX_TRACE_IN_LINE_INSERT'
  503 |                     _tx_trace_header_ptr -> tx_trace_header_buffer_current_pointer =  (ULONG) trace_event_ptr; \
      |                                                                                       ^~~~~~~~~~~~~~~~~~~~~~~
threadx/common/src/tx_queue_flush.c:94:5: warning: cast to smaller integer type 'ULONG' (aka 'unsigned long') from 'TX_TRACE_BUFFER_ENTRY *' (aka 'struct TX_TRACE_BUFFER_ENTRY_STRUCT *') [-Wpointer-to-int-cast]
   94 |     TX_TRACE_IN_LINE_INSERT(TX_TRACE_QUEUE_FLUSH, queue_ptr, TX_POINTER_TO_ULONG_CONVERT(&thread_ptr), 0, 0, TX_TRACE_QUEUE_EVENTS)
      |     ^~~~~~~~~~~~~~~~~~~~~~~~~~~~~~~~~~~~~~~~~~~~~~~~~~~~~~~~~~~~~~~~~~~~~~~~~~~~~~~~~~~~~~~~~~~~~~~~~~~~~~~~~~~~~~~~~~~~~~~~~~~~~~~
threadx/common/inc/tx_trace.h:510:87: note: expanded from macro 'TX_TRACE_IN_LINE_INSERT'
  510 |                     _tx_trace_header_ptr -> tx_trace_header_buffer_current_pointer =  (ULONG) trace_event_ptr; \
      |                                                                                       ^~~~~~~~~~~~~~~~~~~~~~~
6 warnings generated.
threadx/common/src/tx_queue_create.c:160:5: warning: cast to smaller integer type 'ULONG' (aka 'unsigned long') from 'TX_THREAD *' (aka 'struct TX_THREAD_STRUCT *') [-Wpointer-to-int-cast] (Local CPU 8)
  160 |     TX_TRACE_IN_LINE_INSERT(TX_TRACE_QUEUE_CREATE, queue_ptr, message_size, TX_POINTER_TO_ULONG_CONVERT(queue_start), queue_size, TX_TRACE_QUEUE_EVENTS)
      |     ^~~~~~~~~~~~~~~~~~~~~~~~~~~~~~~~~~~~~~~~~~~~~~~~~~~~~~~~~~~~~~~~~~~~~~~~~~~~~~~~~~~~~~~~~~~~~~~~~~~~~~~~~~~~~~~~~~~~~~~~~~~~~~~~~~~~~~~~~~~~~~~~~~~~
threadx/common/inc/tx_trace.h:485:41: note: expanded from macro 'TX_TRACE_IN_LINE_INSERT'
  485 |                     trace_priority =    (ULONG) trace_thread_ptr; \
      |                                         ^~~~~~~~~~~~~~~~~~~~~~~~
threadx/common/src/tx_queue_create.c:160:5: warning: cast to smaller integer type 'ULONG' (aka 'unsigned long') from 'TX_THREAD *' (aka 'struct TX_THREAD_STRUCT *') [-Wpointer-to-int-cast]
  160 |     TX_TRACE_IN_LINE_INSERT(TX_TRACE_QUEUE_CREATE, queue_ptr, message_size, TX_POINTER_TO_ULONG_CONVERT(queue_start), queue_size, TX_TRACE_QUEUE_EVENTS)
      |     ^~~~~~~~~~~~~~~~~~~~~~~~~~~~~~~~~~~~~~~~~~~~~~~~~~~~~~~~~~~~~~~~~~~~~~~~~~~~~~~~~~~~~~~~~~~~~~~~~~~~~~~~~~~~~~~~~~~~~~~~~~~~~~~~~~~~~~~~~~~~~~~~~~~~
threadx/common/inc/tx_trace.h:493:81: note: expanded from macro 'TX_TRACE_IN_LINE_INSERT'
  493 |                 trace_event_ptr -> tx_trace_buffer_entry_thread_pointer =       (ULONG) trace_thread_ptr; \
      |                                                                                 ^~~~~~~~~~~~~~~~~~~~~~~~
threadx/common/src/tx_queue_create.c:160:5: warning: cast to smaller integer type 'ULONG' (aka 'unsigned long') from 'TX_QUEUE *' (aka 'struct TX_QUEUE_STRUCT *') [-Wpointer-to-int-cast]
  160 |     TX_TRACE_IN_LINE_INSERT(TX_TRACE_QUEUE_CREATE, queue_ptr, message_size, TX_POINTER_TO_ULONG_CONVERT(queue_start), queue_size, TX_TRACE_QUEUE_EVENTS)
      |     ^~~~~~~~~~~~~~~~~~~~~~~~~~~~~~~~~~~~~~~~~~~~~~~~~~~~~~~~~~~~~~~~~~~~~~~~~~~~~~~~~~~~~~~~~~~~~~~~~~~~~~~~~~~~~~~~~~~~~~~~~~~~~~~~~~~~~~~~~~~~~~~~~~~~
threadx/common/inc/tx_trace.h:497:17: note: expanded from macro 'TX_TRACE_IN_LINE_INSERT'
  497 |                 TX_TRACE_INFO_FIELD_ASSIGNMENT((a),(b),(c),(d)) \
      |                 ^~~~~~~~~~~~~~~~~~~~~~~~~~~~~~~~~~~~~~~~~~~~~~~
threadx/common/inc/tx_trace.h:457:114: note: expanded from macro 'TX_TRACE_INFO_FIELD_ASSIGNMENT'
  457 | #define TX_TRACE_INFO_FIELD_ASSIGNMENT(a,b,c,d)  trace_event_ptr -> tx_trace_buffer_entry_information_field_1 =  (ULONG) (a); trace_event_ptr -> tx_trace_buffer_entry_information_field_2 =  (ULONG) (b); trace_event_ptr -> tx_trace_buffer_entry_information_field_3 =  (ULONG) (c); trace_event_ptr -> tx_trace_buffer_entry_information_field_4 =  (ULONG) (d);
      |                                                                                                                  ^~~~~~~~~~~
threadx/common/src/tx_queue_create.c:160:77: warning: cast to smaller integer type 'ULONG' (aka 'unsigned long') from 'void *' [-Wvoid-pointer-to-int-cast]
  160 |     TX_TRACE_IN_LINE_INSERT(TX_TRACE_QUEUE_CREATE, queue_ptr, message_size, TX_POINTER_TO_ULONG_CONVERT(queue_start), queue_size, TX_TRACE_QUEUE_EVENTS)
      |     ~~~~~~~~~~~~~~~~~~~~~~~~~~~~~~~~~~~~~~~~~~~~~~~~~~~~~~~~~~~~~~~~~~~~~~~~^~~~~~~~~~~~~~~~~~~~~~~~~~~~~~~~~~~~~~~~~~~~~~~~~~~~~~~~~~~~~~~~~~~~~~~~~~~~
threadx/common/inc/tx_api.h:2062:58: note: expanded from macro 'TX_POINTER_TO_ULONG_CONVERT'
 2062 | #define TX_POINTER_TO_ULONG_CONVERT(a)                  ((ULONG) ((VOID *) (a)))
      |                                                          ^
threadx/common/inc/tx_trace.h:497:57: note: expanded from macro 'TX_TRACE_IN_LINE_INSERT'
  497 |                 TX_TRACE_INFO_FIELD_ASSIGNMENT((a),(b),(c),(d)) \
      |                 ~~~~~~~~~~~~~~~~~~~~~~~~~~~~~~~~~~~~~~~~^~~~~~~
threadx/common/inc/tx_trace.h:457:277: note: expanded from macro 'TX_TRACE_INFO_FIELD_ASSIGNMENT'
  457 | #define TX_TRACE_INFO_FIELD_ASSIGNMENT(a,b,c,d)  trace_event_ptr -> tx_trace_buffer_entry_information_field_1 =  (ULONG) (a); trace_event_ptr -> tx_trace_buffer_entry_information_field_2 =  (ULONG) (b); trace_event_ptr -> tx_trace_buffer_entry_information_field_3 =  (ULONG) (c); trace_event_ptr -> tx_trace_buffer_entry_information_field_4 =  (ULONG) (d);
      |                                                                                                                                                                                                                                                                                     ^
threadx/common/src/tx_queue_create.c:160:5: warning: cast to smaller integer type 'ULONG' (aka 'unsigned long') from 'TX_TRACE_BUFFER_ENTRY *' (aka 'struct TX_TRACE_BUFFER_ENTRY_STRUCT *') [-Wpointer-to-int-cast]
  160 |     TX_TRACE_IN_LINE_INSERT(TX_TRACE_QUEUE_CREATE, queue_ptr, message_size, TX_POINTER_TO_ULONG_CONVERT(queue_start), queue_size, TX_TRACE_QUEUE_EVENTS)
      |     ^~~~~~~~~~~~~~~~~~~~~~~~~~~~~~~~~~~~~~~~~~~~~~~~~~~~~~~~~~~~~~~~~~~~~~~~~~~~~~~~~~~~~~~~~~~~~~~~~~~~~~~~~~~~~~~~~~~~~~~~~~~~~~~~~~~~~~~~~~~~~~~~~~~~
threadx/common/inc/tx_trace.h:503:87: note: expanded from macro 'TX_TRACE_IN_LINE_INSERT'
  503 |                     _tx_trace_header_ptr -> tx_trace_header_buffer_current_pointer =  (ULONG) trace_event_ptr; \
      |                                                                                       ^~~~~~~~~~~~~~~~~~~~~~~
threadx/common/src/tx_queue_create.c:160:5: warning: cast to smaller integer type 'ULONG' (aka 'unsigned long') from 'TX_TRACE_BUFFER_ENTRY *' (aka 'struct TX_TRACE_BUFFER_ENTRY_STRUCT *') [-Wpointer-to-int-cast]
  160 |     TX_TRACE_IN_LINE_INSERT(TX_TRACE_QUEUE_CREATE, queue_ptr, message_size, TX_POINTER_TO_ULONG_CONVERT(queue_start), queue_size, TX_TRACE_QUEUE_EVENTS)
      |     ^~~~~~~~~~~~~~~~~~~~~~~~~~~~~~~~~~~~~~~~~~~~~~~~~~~~~~~~~~~~~~~~~~~~~~~~~~~~~~~~~~~~~~~~~~~~~~~~~~~~~~~~~~~~~~~~~~~~~~~~~~~~~~~~~~~~~~~~~~~~~~~~~~~~
threadx/common/inc/tx_trace.h:510:87: note: expanded from macro 'TX_TRACE_IN_LINE_INSERT'
  510 |                     _tx_trace_header_ptr -> tx_trace_header_buffer_current_pointer =  (ULONG) trace_event_ptr; \
      |                                                                                       ^~~~~~~~~~~~~~~~~~~~~~~
6 warnings generated.
clang -Wall -Wextra -g -O0 -DTX_INCLUDE_USER_DEFINE_FILE -Ithreadx/common/inc -Ithreadx_port/inc -I. -c threadx/common/src/tx_timer_performance_info_get.c -o build_threadx/tx_common/tx_timer_performance_info_get.o
"Compiling: threadx/common/src/tx_timer_performance_system_info_get.c"
clang -Wall -Wextra -g -O0 -DTX_INCLUDE_USER_DEFINE_FILE -Ithreadx/common/inc -Ithreadx_port/inc -I. -c threadx/common/src/tx_timer_performance_system_info_get.c -o build_threadx/tx_common/tx_timer_performance_system_info_get.o
threadx/common/src/tx_queue_info_get.c:90:5: warning: cast to smaller integer type 'ULONG' (aka 'unsigned long') from 'TX_THREAD *' (aka 'struct TX_THREAD_STRUCT *') [-Wpointer-to-int-cast] (Local CPU 14)
   90 |     TX_TRACE_IN_LINE_INSERT(TX_TRACE_QUEUE_INFO_GET, queue_ptr, 0, 0, 0, TX_TRACE_QUEUE_EVENTS)
      |     ^~~~~~~~~~~~~~~~~~~~~~~~~~~~~~~~~~~~~~~~~~~~~~~~~~~~~~~~~~~~~~~~~~~~~~~~~~~~~~~~~~~~~~~~~~~
threadx/common/inc/tx_trace.h:485:41: note: expanded from macro 'TX_TRACE_IN_LINE_INSERT'
  485 |                     trace_priority =    (ULONG) trace_thread_ptr; \
      |                                         ^~~~~~~~~~~~~~~~~~~~~~~~
threadx/common/src/tx_queue_info_get.c:90:5: warning: cast to smaller integer type 'ULONG' (aka 'unsigned long') from 'TX_THREAD *' (aka 'struct TX_THREAD_STRUCT *') [-Wpointer-to-int-cast]
   90 |     TX_TRACE_IN_LINE_INSERT(TX_TRACE_QUEUE_INFO_GET, queue_ptr, 0, 0, 0, TX_TRACE_QUEUE_EVENTS)
      |     ^~~~~~~~~~~~~~~~~~~~~~~~~~~~~~~~~~~~~~~~~~~~~~~~~~~~~~~~~~~~~~~~~~~~~~~~~~~~~~~~~~~~~~~~~~~
threadx/common/inc/tx_trace.h:493:81: note: expanded from macro 'TX_TRACE_IN_LINE_INSERT'
  493 |                 trace_event_ptr -> tx_trace_buffer_entry_thread_pointer =       (ULONG) trace_thread_ptr; \
      |                                                                                 ^~~~~~~~~~~~~~~~~~~~~~~~
threadx/common/src/tx_queue_info_get.c:90:5: warning: cast to smaller integer type 'ULONG' (aka 'unsigned long') from 'TX_QUEUE *' (aka 'struct TX_QUEUE_STRUCT *') [-Wpointer-to-int-cast]
   90 |     TX_TRACE_IN_LINE_INSERT(TX_TRACE_QUEUE_INFO_GET, queue_ptr, 0, 0, 0, TX_TRACE_QUEUE_EVENTS)
      |     ^~~~~~~~~~~~~~~~~~~~~~~~~~~~~~~~~~~~~~~~~~~~~~~~~~~~~~~~~~~~~~~~~~~~~~~~~~~~~~~~~~~~~~~~~~~
threadx/common/inc/tx_trace.h:497:17: note: expanded from macro 'TX_TRACE_IN_LINE_INSERT'
  497 |                 TX_TRACE_INFO_FIELD_ASSIGNMENT((a),(b),(c),(d)) \
      |                 ^~~~~~~~~~~~~~~~~~~~~~~~~~~~~~~~~~~~~~~~~~~~~~~
threadx/common/inc/tx_trace.h:457:114: note: expanded from macro 'TX_TRACE_INFO_FIELD_ASSIGNMENT'
  457 | #define TX_TRACE_INFO_FIELD_ASSIGNMENT(a,b,c,d)  trace_event_ptr -> tx_trace_buffer_entry_information_field_1 =  (ULONG) (a); trace_event_ptr -> tx_trace_buffer_entry_information_field_2 =  (ULONG) (b); trace_event_ptr -> tx_trace_buffer_entry_information_field_3 =  (ULONG) (c); trace_event_ptr -> tx_trace_buffer_entry_information_field_4 =  (ULONG) (d);
      |                                                                                                                  ^~~~~~~~~~~
threadx/common/src/tx_queue_info_get.c:90:5: warning: cast to smaller integer type 'ULONG' (aka 'unsigned long') from 'TX_TRACE_BUFFER_ENTRY *' (aka 'struct TX_TRACE_BUFFER_ENTRY_STRUCT *') [-Wpointer-to-int-cast]
   90 |     TX_TRACE_IN_LINE_INSERT(TX_TRACE_QUEUE_INFO_GET, queue_ptr, 0, 0, 0, TX_TRACE_QUEUE_EVENTS)
      |     ^~~~~~~~~~~~~~~~~~~~~~~~~~~~~~~~~~~~~~~~~~~~~~~~~~~~~~~~~~~~~~~~~~~~~~~~~~~~~~~~~~~~~~~~~~~
threadx/common/inc/tx_trace.h:503:87: note: expanded from macro 'TX_TRACE_IN_LINE_INSERT'
  503 |                     _tx_trace_header_ptr -> tx_trace_header_buffer_current_pointer =  (ULONG) trace_event_ptr; \
      |                                                                                       ^~~~~~~~~~~~~~~~~~~~~~~
threadx/common/src/tx_queue_info_get.c:90:5: warning: cast to smaller integer type 'ULONG' (aka 'unsigned long') from 'TX_TRACE_BUFFER_ENTRY *' (aka 'struct TX_TRACE_BUFFER_ENTRY_STRUCT *') [-Wpointer-to-int-cast]
   90 |     TX_TRACE_IN_LINE_INSERT(TX_TRACE_QUEUE_INFO_GET, queue_ptr, 0, 0, 0, TX_TRACE_QUEUE_EVENTS)
      |     ^~~~~~~~~~~~~~~~~~~~~~~~~~~~~~~~~~~~~~~~~~~~~~~~~~~~~~~~~~~~~~~~~~~~~~~~~~~~~~~~~~~~~~~~~~~
threadx/common/inc/tx_trace.h:510:87: note: expanded from macro 'TX_TRACE_IN_LINE_INSERT'
  510 |                     _tx_trace_header_ptr -> tx_trace_header_buffer_current_pointer =  (ULONG) trace_event_ptr; \
      |                                                                                       ^~~~~~~~~~~~~~~~~~~~~~~
5 warnings generated.
"Compiling: threadx/common/src/tx_timer_system_activate.c"
clang -Wall -Wextra -g -O0 -DTX_INCLUDE_USER_DEFINE_FILE -Ithreadx/common/inc -Ithreadx_port/inc -I. -c threadx/common/src/tx_timer_system_activate.c -o build_threadx/tx_common/tx_timer_system_activate.o
"Compiling: threadx/common/src/tx_timer_system_deactivate.c"
clang -Wall -Wextra -g -O0 -DTX_INCLUDE_USER_DEFINE_FILE -Ithreadx/common/inc -Ithreadx_port/inc -I. -c threadx/common/src/tx_timer_system_deactivate.c -o build_threadx/tx_common/tx_timer_system_deactivate.o
"Compiling: threadx/common/src/tx_timer_thread_entry.c"
clang -Wall -Wextra -g -O0 -DTX_INCLUDE_USER_DEFINE_FILE -Ithreadx/common/inc -Ithreadx_port/inc -I. -c threadx/common/src/tx_timer_thread_entry.c -o build_threadx/tx_common/tx_timer_thread_entry.o
threadx/common/src/tx_queue_delete.c:91:5: warning: cast to smaller integer type 'ULONG' (aka 'unsigned long') from 'TX_THREAD *' (aka 'struct TX_THREAD_STRUCT *') [-Wpointer-to-int-cast] (Local CPU 11)
   91 |     TX_TRACE_IN_LINE_INSERT(TX_TRACE_QUEUE_DELETE, queue_ptr, TX_POINTER_TO_ULONG_CONVERT(&thread_ptr), 0, 0, TX_TRACE_QUEUE_EVENTS)
      |     ^~~~~~~~~~~~~~~~~~~~~~~~~~~~~~~~~~~~~~~~~~~~~~~~~~~~~~~~~~~~~~~~~~~~~~~~~~~~~~~~~~~~~~~~~~~~~~~~~~~~~~~~~~~~~~~~~~~~~~~~~~~~~~~~
threadx/common/inc/tx_trace.h:485:41: note: expanded from macro 'TX_TRACE_IN_LINE_INSERT'
  485 |                     trace_priority =    (ULONG) trace_thread_ptr; \
      |                                         ^~~~~~~~~~~~~~~~~~~~~~~~
threadx/common/src/tx_queue_delete.c:91:5: warning: cast to smaller integer type 'ULONG' (aka 'unsigned long') from 'TX_THREAD *' (aka 'struct TX_THREAD_STRUCT *') [-Wpointer-to-int-cast]
   91 |     TX_TRACE_IN_LINE_INSERT(TX_TRACE_QUEUE_DELETE, queue_ptr, TX_POINTER_TO_ULONG_CONVERT(&thread_ptr), 0, 0, TX_TRACE_QUEUE_EVENTS)
      |     ^~~~~~~~~~~~~~~~~~~~~~~~~~~~~~~~~~~~~~~~~~~~~~~~~~~~~~~~~~~~~~~~~~~~~~~~~~~~~~~~~~~~~~~~~~~~~~~~~~~~~~~~~~~~~~~~~~~~~~~~~~~~~~~~
threadx/common/inc/tx_trace.h:493:81: note: expanded from macro 'TX_TRACE_IN_LINE_INSERT'
  493 |                 trace_event_ptr -> tx_trace_buffer_entry_thread_pointer =       (ULONG) trace_thread_ptr; \
      |                                                                                 ^~~~~~~~~~~~~~~~~~~~~~~~
threadx/common/src/tx_queue_delete.c:91:5: warning: cast to smaller integer type 'ULONG' (aka 'unsigned long') from 'TX_QUEUE *' (aka 'struct TX_QUEUE_STRUCT *') [-Wpointer-to-int-cast]
   91 |     TX_TRACE_IN_LINE_INSERT(TX_TRACE_QUEUE_DELETE, queue_ptr, TX_POINTER_TO_ULONG_CONVERT(&thread_ptr), 0, 0, TX_TRACE_QUEUE_EVENTS)
      |     ^~~~~~~~~~~~~~~~~~~~~~~~~~~~~~~~~~~~~~~~~~~~~~~~~~~~~~~~~~~~~~~~~~~~~~~~~~~~~~~~~~~~~~~~~~~~~~~~~~~~~~~~~~~~~~~~~~~~~~~~~~~~~~~~
threadx/common/inc/tx_trace.h:497:17: note: expanded from macro 'TX_TRACE_IN_LINE_INSERT'
  497 |                 TX_TRACE_INFO_FIELD_ASSIGNMENT((a),(b),(c),(d)) \
      |                 ^~~~~~~~~~~~~~~~~~~~~~~~~~~~~~~~~~~~~~~~~~~~~~~
threadx/common/inc/tx_trace.h:457:114: note: expanded from macro 'TX_TRACE_INFO_FIELD_ASSIGNMENT'
  457 | #define TX_TRACE_INFO_FIELD_ASSIGNMENT(a,b,c,d)  trace_event_ptr -> tx_trace_buffer_entry_information_field_1 =  (ULONG) (a); trace_event_ptr -> tx_trace_buffer_entry_information_field_2 =  (ULONG) (b); trace_event_ptr -> tx_trace_buffer_entry_information_field_3 =  (ULONG) (c); trace_event_ptr -> tx_trace_buffer_entry_information_field_4 =  (ULONG) (d);
      |                                                                                                                  ^~~~~~~~~~~
threadx/common/src/tx_queue_delete.c:91:63: warning: cast to smaller integer type 'ULONG' (aka 'unsigned long') from 'void *' [-Wvoid-pointer-to-int-cast]
   91 |     TX_TRACE_IN_LINE_INSERT(TX_TRACE_QUEUE_DELETE, queue_ptr, TX_POINTER_TO_ULONG_CONVERT(&thread_ptr), 0, 0, TX_TRACE_QUEUE_EVENTS)
      |     ~~~~~~~~~~~~~~~~~~~~~~~~~~~~~~~~~~~~~~~~~~~~~~~~~~~~~~~~~~^~~~~~~~~~~~~~~~~~~~~~~~~~~~~~~~~~~~~~~~~~~~~~~~~~~~~~~~~~~~~~~~~~~~~~
threadx/common/inc/tx_api.h:2062:58: note: expanded from macro 'TX_POINTER_TO_ULONG_CONVERT'
 2062 | #define TX_POINTER_TO_ULONG_CONVERT(a)                  ((ULONG) ((VOID *) (a)))
      |                                                          ^
threadx/common/inc/tx_trace.h:497:53: note: expanded from macro 'TX_TRACE_IN_LINE_INSERT'
  497 |                 TX_TRACE_INFO_FIELD_ASSIGNMENT((a),(b),(c),(d)) \
      |                 ~~~~~~~~~~~~~~~~~~~~~~~~~~~~~~~~~~~~^~~~~~~~~~~
threadx/common/inc/tx_trace.h:457:200: note: expanded from macro 'TX_TRACE_INFO_FIELD_ASSIGNMENT'
  457 | #define TX_TRACE_INFO_FIELD_ASSIGNMENT(a,b,c,d)  trace_event_ptr -> tx_trace_buffer_entry_information_field_1 =  (ULONG) (a); trace_event_ptr -> tx_trace_buffer_entry_information_field_2 =  (ULONG) (b); trace_event_ptr -> tx_trace_buffer_entry_information_field_3 =  (ULONG) (c); trace_event_ptr -> tx_trace_buffer_entry_information_field_4 =  (ULONG) (d);
      |                                                                                                                                                                                                        ^
threadx/common/src/tx_queue_delete.c:91:5: warning: cast to smaller integer type 'ULONG' (aka 'unsigned long') from 'TX_TRACE_BUFFER_ENTRY *' (aka 'struct TX_TRACE_BUFFER_ENTRY_STRUCT *') [-Wpointer-to-int-cast]
   91 |     TX_TRACE_IN_LINE_INSERT(TX_TRACE_QUEUE_DELETE, queue_ptr, TX_POINTER_TO_ULONG_CONVERT(&thread_ptr), 0, 0, TX_TRACE_QUEUE_EVENTS)
      |     ^~~~~~~~~~~~~~~~~~~~~~~~~~~~~~~~~~~~~~~~~~~~~~~~~~~~~~~~~~~~~~~~~~~~~~~~~~~~~~~~~~~~~~~~~~~~~~~~~~~~~~~~~~~~~~~~~~~~~~~~~~~~~~~~
threadx/common/inc/tx_trace.h:503:87: note: expanded from macro 'TX_TRACE_IN_LINE_INSERT'
  503 |                     _tx_trace_header_ptr -> tx_trace_header_buffer_current_pointer =  (ULONG) trace_event_ptr; \
      |                                                                                       ^~~~~~~~~~~~~~~~~~~~~~~
threadx/common/src/tx_queue_delete.c:91:5: warning: cast to smaller integer type 'ULONG' (aka 'unsigned long') from 'TX_TRACE_BUFFER_ENTRY *' (aka 'struct TX_TRACE_BUFFER_ENTRY_STRUCT *') [-Wpointer-to-int-cast]
   91 |     TX_TRACE_IN_LINE_INSERT(TX_TRACE_QUEUE_DELETE, queue_ptr, TX_POINTER_TO_ULONG_CONVERT(&thread_ptr), 0, 0, TX_TRACE_QUEUE_EVENTS)
      |     ^~~~~~~~~~~~~~~~~~~~~~~~~~~~~~~~~~~~~~~~~~~~~~~~~~~~~~~~~~~~~~~~~~~~~~~~~~~~~~~~~~~~~~~~~~~~~~~~~~~~~~~~~~~~~~~~~~~~~~~~~~~~~~~~
threadx/common/inc/tx_trace.h:510:87: note: expanded from macro 'TX_TRACE_IN_LINE_INSERT'
  510 |                     _tx_trace_header_ptr -> tx_trace_header_buffer_current_pointer =  (ULONG) trace_event_ptr; \
      |                                                                                       ^~~~~~~~~~~~~~~~~~~~~~~
6 warnings generated.
threadx/common/src/tx_queue_front_send.c:113:5: warning: cast to smaller integer type 'ULONG' (aka 'unsigned long') from 'TX_THREAD *' (aka 'struct TX_THREAD_STRUCT *') [-Wpointer-to-int-cast] (Local CPU 15)
  113 |     TX_TRACE_IN_LINE_INSERT(TX_TRACE_QUEUE_FRONT_SEND, queue_ptr, TX_POINTER_TO_ULONG_CONVERT(source_ptr), wait_option, queue_ptr -> tx_queue_enqueued, TX_TRACE_QUEUE_EVENTS)
      |     ^~~~~~~~~~~~~~~~~~~~~~~~~~~~~~~~~~~~~~~~~~~~~~~~~~~~~~~~~~~~~~~~~~~~~~~~~~~~~~~~~~~~~~~~~~~~~~~~~~~~~~~~~~~~~~~~~~~~~~~~~~~~~~~~~~~~~~~~~~~~~~~~~~~~~~~~~~~~~~~~~~~~~~~~~~
threadx/common/inc/tx_trace.h:485:41: note: expanded from macro 'TX_TRACE_IN_LINE_INSERT'
  485 |                     trace_priority =    (ULONG) trace_thread_ptr; \
      |                                         ^~~~~~~~~~~~~~~~~~~~~~~~
threadx/common/src/tx_queue_front_send.c:113:5: warning: cast to smaller integer type 'ULONG' (aka 'unsigned long') from 'TX_THREAD *' (aka 'struct TX_THREAD_STRUCT *') [-Wpointer-to-int-cast]
  113 |     TX_TRACE_IN_LINE_INSERT(TX_TRACE_QUEUE_FRONT_SEND, queue_ptr, TX_POINTER_TO_ULONG_CONVERT(source_ptr), wait_option, queue_ptr -> tx_queue_enqueued, TX_TRACE_QUEUE_EVENTS)
      |     ^~~~~~~~~~~~~~~~~~~~~~~~~~~~~~~~~~~~~~~~~~~~~~~~~~~~~~~~~~~~~~~~~~~~~~~~~~~~~~~~~~~~~~~~~~~~~~~~~~~~~~~~~~~~~~~~~~~~~~~~~~~~~~~~~~~~~~~~~~~~~~~~~~~~~~~~~~~~~~~~~~~~~~~~~~
threadx/common/inc/tx_trace.h:493:81: note: expanded from macro 'TX_TRACE_IN_LINE_INSERT'
  493 |                 trace_event_ptr -> tx_trace_buffer_entry_thread_pointer =       (ULONG) trace_thread_ptr; \
      |                                                                                 ^~~~~~~~~~~~~~~~~~~~~~~~
threadx/common/src/tx_queue_front_send.c:113:5: warning: cast to smaller integer type 'ULONG' (aka 'unsigned long') from 'TX_QUEUE *' (aka 'struct TX_QUEUE_STRUCT *') [-Wpointer-to-int-cast]
  113 |     TX_TRACE_IN_LINE_INSERT(TX_TRACE_QUEUE_FRONT_SEND, queue_ptr, TX_POINTER_TO_ULONG_CONVERT(source_ptr), wait_option, queue_ptr -> tx_queue_enqueued, TX_TRACE_QUEUE_EVENTS)
      |     ^~~~~~~~~~~~~~~~~~~~~~~~~~~~~~~~~~~~~~~~~~~~~~~~~~~~~~~~~~~~~~~~~~~~~~~~~~~~~~~~~~~~~~~~~~~~~~~~~~~~~~~~~~~~~~~~~~~~~~~~~~~~~~~~~~~~~~~~~~~~~~~~~~~~~~~~~~~~~~~~~~~~~~~~~~
threadx/common/inc/tx_trace.h:497:17: note: expanded from macro 'TX_TRACE_IN_LINE_INSERT'
  497 |                 TX_TRACE_INFO_FIELD_ASSIGNMENT((a),(b),(c),(d)) \
      |                 ^~~~~~~~~~~~~~~~~~~~~~~~~~~~~~~~~~~~~~~~~~~~~~~
threadx/common/inc/tx_trace.h:457:114: note: expanded from macro 'TX_TRACE_INFO_FIELD_ASSIGNMENT'
  457 | #define TX_TRACE_INFO_FIELD_ASSIGNMENT(a,b,c,d)  trace_event_ptr -> tx_trace_buffer_entry_information_field_1 =  (ULONG) (a); trace_event_ptr -> tx_trace_buffer_entry_information_field_2 =  (ULONG) (b); trace_event_ptr -> tx_trace_buffer_entry_information_field_3 =  (ULONG) (c); trace_event_ptr -> tx_trace_buffer_entry_information_field_4 =  (ULONG) (d);
      |                                                                                                                  ^~~~~~~~~~~
threadx/common/src/tx_queue_front_send.c:113:67: warning: cast to smaller integer type 'ULONG' (aka 'unsigned long') from 'void *' [-Wvoid-pointer-to-int-cast]
  113 |     TX_TRACE_IN_LINE_INSERT(TX_TRACE_QUEUE_FRONT_SEND, queue_ptr, TX_POINTER_TO_ULONG_CONVERT(source_ptr), wait_option, queue_ptr -> tx_queue_enqueued, TX_TRACE_QUEUE_EVENTS)
      |     ~~~~~~~~~~~~~~~~~~~~~~~~~~~~~~~~~~~~~~~~~~~~~~~~~~~~~~~~~~~~~~^~~~~~~~~~~~~~~~~~~~~~~~~~~~~~~~~~~~~~~~~~~~~~~~~~~~~~~~~~~~~~~~~~~~~~~~~~~~~~~~~~~~~~~~~~~~~~~~~~~~~~~~~~~~
threadx/common/inc/tx_api.h:2062:58: note: expanded from macro 'TX_POINTER_TO_ULONG_CONVERT'
 2062 | #define TX_POINTER_TO_ULONG_CONVERT(a)                  ((ULONG) ((VOID *) (a)))
      |                                                          ^
threadx/common/inc/tx_trace.h:497:53: note: expanded from macro 'TX_TRACE_IN_LINE_INSERT'
  497 |                 TX_TRACE_INFO_FIELD_ASSIGNMENT((a),(b),(c),(d)) \
      |                 ~~~~~~~~~~~~~~~~~~~~~~~~~~~~~~~~~~~~^~~~~~~~~~~
threadx/common/inc/tx_trace.h:457:200: note: expanded from macro 'TX_TRACE_INFO_FIELD_ASSIGNMENT'
  457 | #define TX_TRACE_INFO_FIELD_ASSIGNMENT(a,b,c,d)  trace_event_ptr -> tx_trace_buffer_entry_information_field_1 =  (ULONG) (a); trace_event_ptr -> tx_trace_buffer_entry_information_field_2 =  (ULONG) (b); trace_event_ptr -> tx_trace_buffer_entry_information_field_3 =  (ULONG) (c); trace_event_ptr -> tx_trace_buffer_entry_information_field_4 =  (ULONG) (d);
      |                                                                                                                                                                                                        ^
threadx/common/src/tx_queue_front_send.c:113:5: warning: cast to smaller integer type 'ULONG' (aka 'unsigned long') from 'TX_TRACE_BUFFER_ENTRY *' (aka 'struct TX_TRACE_BUFFER_ENTRY_STRUCT *') [-Wpointer-to-int-cast]
  113 |     TX_TRACE_IN_LINE_INSERT(TX_TRACE_QUEUE_FRONT_SEND, queue_ptr, TX_POINTER_TO_ULONG_CONVERT(source_ptr), wait_option, queue_ptr -> tx_queue_enqueued, TX_TRACE_QUEUE_EVENTS)
      |     ^~~~~~~~~~~~~~~~~~~~~~~~~~~~~~~~~~~~~~~~~~~~~~~~~~~~~~~~~~~~~~~~~~~~~~~~~~~~~~~~~~~~~~~~~~~~~~~~~~~~~~~~~~~~~~~~~~~~~~~~~~~~~~~~~~~~~~~~~~~~~~~~~~~~~~~~~~~~~~~~~~~~~~~~~~
threadx/common/inc/tx_trace.h:503:87: note: expanded from macro 'TX_TRACE_IN_LINE_INSERT'
  503 |                     _tx_trace_header_ptr -> tx_trace_header_buffer_current_pointer =  (ULONG) trace_event_ptr; \
      |                                                                                       ^~~~~~~~~~~~~~~~~~~~~~~
threadx/common/src/tx_queue_front_send.c:113:5: warning: cast to smaller integer type 'ULONG' (aka 'unsigned long') from 'TX_TRACE_BUFFER_ENTRY *' (aka 'struct TX_TRACE_BUFFER_ENTRY_STRUCT *') [-Wpointer-to-int-cast]
  113 |     TX_TRACE_IN_LINE_INSERT(TX_TRACE_QUEUE_FRONT_SEND, queue_ptr, TX_POINTER_TO_ULONG_CONVERT(source_ptr), wait_option, queue_ptr -> tx_queue_enqueued, TX_TRACE_QUEUE_EVENTS)
      |     ^~~~~~~~~~~~~~~~~~~~~~~~~~~~~~~~~~~~~~~~~~~~~~~~~~~~~~~~~~~~~~~~~~~~~~~~~~~~~~~~~~~~~~~~~~~~~~~~~~~~~~~~~~~~~~~~~~~~~~~~~~~~~~~~~~~~~~~~~~~~~~~~~~~~~~~~~~~~~~~~~~~~~~~~~~
threadx/common/inc/tx_trace.h:510:87: note: expanded from macro 'TX_TRACE_IN_LINE_INSERT'
  510 |                     _tx_trace_header_ptr -> tx_trace_header_buffer_current_pointer =  (ULONG) trace_event_ptr; \
      |                                                                                       ^~~~~~~~~~~~~~~~~~~~~~~
6 warnings generated.
threadx/common/src/tx_queue_receive.c:113:5: warning: cast to smaller integer type 'ULONG' (aka 'unsigned long') from 'TX_THREAD *' (aka 'struct TX_THREAD_STRUCT *') [-Wpointer-to-int-cast] (Local CPU 17)
  113 |     TX_TRACE_IN_LINE_INSERT(TX_TRACE_QUEUE_RECEIVE, queue_ptr, TX_POINTER_TO_ULONG_CONVERT(destination_ptr), wait_option, queue_ptr -> tx_queue_enqueued, TX_TRACE_QUEUE_EVENTS)
      |     ^~~~~~~~~~~~~~~~~~~~~~~~~~~~~~~~~~~~~~~~~~~~~~~~~~~~~~~~~~~~~~~~~~~~~~~~~~~~~~~~~~~~~~~~~~~~~~~~~~~~~~~~~~~~~~~~~~~~~~~~~~~~~~~~~~~~~~~~~~~~~~~~~~~~~~~~~~~~~~~~~~~~~~~~~~~~
threadx/common/inc/tx_trace.h:485:41: note: expanded from macro 'TX_TRACE_IN_LINE_INSERT'
  485 |                     trace_priority =    (ULONG) trace_thread_ptr; \
      |                                         ^~~~~~~~~~~~~~~~~~~~~~~~
threadx/common/src/tx_queue_receive.c:113:5: warning: cast to smaller integer type 'ULONG' (aka 'unsigned long') from 'TX_THREAD *' (aka 'struct TX_THREAD_STRUCT *') [-Wpointer-to-int-cast]
  113 |     TX_TRACE_IN_LINE_INSERT(TX_TRACE_QUEUE_RECEIVE, queue_ptr, TX_POINTER_TO_ULONG_CONVERT(destination_ptr), wait_option, queue_ptr -> tx_queue_enqueued, TX_TRACE_QUEUE_EVENTS)
      |     ^~~~~~~~~~~~~~~~~~~~~~~~~~~~~~~~~~~~~~~~~~~~~~~~~~~~~~~~~~~~~~~~~~~~~~~~~~~~~~~~~~~~~~~~~~~~~~~~~~~~~~~~~~~~~~~~~~~~~~~~~~~~~~~~~~~~~~~~~~~~~~~~~~~~~~~~~~~~~~~~~~~~~~~~~~~~
threadx/common/inc/tx_trace.h:493:81: note: expanded from macro 'TX_TRACE_IN_LINE_INSERT'
  493 |                 trace_event_ptr -> tx_trace_buffer_entry_thread_pointer =       (ULONG) trace_thread_ptr; \
      |                                                                                 ^~~~~~~~~~~~~~~~~~~~~~~~
threadx/common/src/tx_queue_receive.c:113:5: warning: cast to smaller integer type 'ULONG' (aka 'unsigned long') from 'TX_QUEUE *' (aka 'struct TX_QUEUE_STRUCT *') [-Wpointer-to-int-cast]
  113 |     TX_TRACE_IN_LINE_INSERT(TX_TRACE_QUEUE_RECEIVE, queue_ptr, TX_POINTER_TO_ULONG_CONVERT(destination_ptr), wait_option, queue_ptr -> tx_queue_enqueued, TX_TRACE_QUEUE_EVENTS)
      |     ^~~~~~~~~~~~~~~~~~~~~~~~~~~~~~~~~~~~~~~~~~~~~~~~~~~~~~~~~~~~~~~~~~~~~~~~~~~~~~~~~~~~~~~~~~~~~~~~~~~~~~~~~~~~~~~~~~~~~~~~~~~~~~~~~~~~~~~~~~~~~~~~~~~~~~~~~~~~~~~~~~~~~~~~~~~~
threadx/common/inc/tx_trace.h:497:17: note: expanded from macro 'TX_TRACE_IN_LINE_INSERT'
  497 |                 TX_TRACE_INFO_FIELD_ASSIGNMENT((a),(b),(c),(d)) \
      |                 ^~~~~~~~~~~~~~~~~~~~~~~~~~~~~~~~~~~~~~~~~~~~~~~
threadx/common/inc/tx_trace.h:457:114: note: expanded from macro 'TX_TRACE_INFO_FIELD_ASSIGNMENT'
  457 | #define TX_TRACE_INFO_FIELD_ASSIGNMENT(a,b,c,d)  trace_event_ptr -> tx_trace_buffer_entry_information_field_1 =  (ULONG) (a); trace_event_ptr -> tx_trace_buffer_entry_information_field_2 =  (ULONG) (b); trace_event_ptr -> tx_trace_buffer_entry_information_field_3 =  (ULONG) (c); trace_event_ptr -> tx_trace_buffer_entry_information_field_4 =  (ULONG) (d);
      |                                                                                                                  ^~~~~~~~~~~
threadx/common/src/tx_queue_receive.c:113:64: warning: cast to smaller integer type 'ULONG' (aka 'unsigned long') from 'void *' [-Wvoid-pointer-to-int-cast]
  113 |     TX_TRACE_IN_LINE_INSERT(TX_TRACE_QUEUE_RECEIVE, queue_ptr, TX_POINTER_TO_ULONG_CONVERT(destination_ptr), wait_option, queue_ptr -> tx_queue_enqueued, TX_TRACE_QUEUE_EVENTS)
      |     ~~~~~~~~~~~~~~~~~~~~~~~~~~~~~~~~~~~~~~~~~~~~~~~~~~~~~~~~~~~^~~~~~~~~~~~~~~~~~~~~~~~~~~~~~~~~~~~~~~~~~~~~~~~~~~~~~~~~~~~~~~~~~~~~~~~~~~~~~~~~~~~~~~~~~~~~~~~~~~~~~~~~~~~~~~~~
threadx/common/inc/tx_api.h:2062:58: note: expanded from macro 'TX_POINTER_TO_ULONG_CONVERT'
 2062 | #define TX_POINTER_TO_ULONG_CONVERT(a)                  ((ULONG) ((VOID *) (a)))
      |                                                          ^
threadx/common/inc/tx_trace.h:497:53: note: expanded from macro 'TX_TRACE_IN_LINE_INSERT'
  497 |                 TX_TRACE_INFO_FIELD_ASSIGNMENT((a),(b),(c),(d)) \
      |                 ~~~~~~~~~~~~~~~~~~~~~~~~~~~~~~~~~~~~^~~~~~~~~~~
threadx/common/inc/tx_trace.h:457:200: note: expanded from macro 'TX_TRACE_INFO_FIELD_ASSIGNMENT'
  457 | #define TX_TRACE_INFO_FIELD_ASSIGNMENT(a,b,c,d)  trace_event_ptr -> tx_trace_buffer_entry_information_field_1 =  (ULONG) (a); trace_event_ptr -> tx_trace_buffer_entry_information_field_2 =  (ULONG) (b); trace_event_ptr -> tx_trace_buffer_entry_information_field_3 =  (ULONG) (c); trace_event_ptr -> tx_trace_buffer_entry_information_field_4 =  (ULONG) (d);
      |                                                                                                                                                                                                        ^
threadx/common/src/tx_queue_receive.c:113:5: warning: cast to smaller integer type 'ULONG' (aka 'unsigned long') from 'TX_TRACE_BUFFER_ENTRY *' (aka 'struct TX_TRACE_BUFFER_ENTRY_STRUCT *') [-Wpointer-to-int-cast]
  113 |     TX_TRACE_IN_LINE_INSERT(TX_TRACE_QUEUE_RECEIVE, queue_ptr, TX_POINTER_TO_ULONG_CONVERT(destination_ptr), wait_option, queue_ptr -> tx_queue_enqueued, TX_TRACE_QUEUE_EVENTS)
      |     ^~~~~~~~~~~~~~~~~~~~~~~~~~~~~~~~~~~~~~~~~~~~~~~~~~~~~~~~~~~~~~~~~~~~~~~~~~~~~~~~~~~~~~~~~~~~~~~~~~~~~~~~~~~~~~~~~~~~~~~~~~~~~~~~~~~~~~~~~~~~~~~~~~~~~~~~~~~~~~~~~~~~~~~~~~~~
threadx/common/inc/tx_trace.h:503:87: note: expanded from macro 'TX_TRACE_IN_LINE_INSERT'
  503 |                     _tx_trace_header_ptr -> tx_trace_header_buffer_current_pointer =  (ULONG) trace_event_ptr; \
      |                                                                                       ^~~~~~~~~~~~~~~~~~~~~~~
threadx/common/src/tx_queue_receive.c:113:5: warning: cast to smaller integer type 'ULONG' (aka 'unsigned long') from 'TX_TRACE_BUFFER_ENTRY *' (aka 'struct TX_TRACE_BUFFER_ENTRY_STRUCT *') [-Wpointer-to-int-cast]
  113 |     TX_TRACE_IN_LINE_INSERT(TX_TRACE_QUEUE_RECEIVE, queue_ptr, TX_POINTER_TO_ULONG_CONVERT(destination_ptr), wait_option, queue_ptr -> tx_queue_enqueued, TX_TRACE_QUEUE_EVENTS)
      |     ^~~~~~~~~~~~~~~~~~~~~~~~~~~~~~~~~~~~~~~~~~~~~~~~~~~~~~~~~~~~~~~~~~~~~~~~~~~~~~~~~~~~~~~~~~~~~~~~~~~~~~~~~~~~~~~~~~~~~~~~~~~~~~~~~~~~~~~~~~~~~~~~~~~~~~~~~~~~~~~~~~~~~~~~~~~~
threadx/common/inc/tx_trace.h:510:87: note: expanded from macro 'TX_TRACE_IN_LINE_INSERT'
  510 |                     _tx_trace_header_ptr -> tx_trace_header_buffer_current_pointer =  (ULONG) trace_event_ptr; \
      |                                                                                       ^~~~~~~~~~~~~~~~~~~~~~~
6 warnings generated.
threadx/common/src/tx_queue_send_notify.c:93:5: warning: cast to smaller integer type 'ULONG' (aka 'unsigned long') from 'TX_THREAD *' (aka 'struct TX_THREAD_STRUCT *') [-Wpointer-to-int-cast] (Local CPU 19)
   93 |     TX_TRACE_IN_LINE_INSERT(TX_TRACE_QUEUE_SEND_NOTIFY, queue_ptr, 0, 0, 0, TX_TRACE_QUEUE_EVENTS)
      |     ^~~~~~~~~~~~~~~~~~~~~~~~~~~~~~~~~~~~~~~~~~~~~~~~~~~~~~~~~~~~~~~~~~~~~~~~~~~~~~~~~~~~~~~~~~~~~~
threadx/common/inc/tx_trace.h:485:41: note: expanded from macro 'TX_TRACE_IN_LINE_INSERT'
  485 |                     trace_priority =    (ULONG) trace_thread_ptr; \
      |                                         ^~~~~~~~~~~~~~~~~~~~~~~~
threadx/common/src/tx_queue_send_notify.c:93:5: warning: cast to smaller integer type 'ULONG' (aka 'unsigned long') from 'TX_THREAD *' (aka 'struct TX_THREAD_STRUCT *') [-Wpointer-to-int-cast]
   93 |     TX_TRACE_IN_LINE_INSERT(TX_TRACE_QUEUE_SEND_NOTIFY, queue_ptr, 0, 0, 0, TX_TRACE_QUEUE_EVENTS)
      |     ^~~~~~~~~~~~~~~~~~~~~~~~~~~~~~~~~~~~~~~~~~~~~~~~~~~~~~~~~~~~~~~~~~~~~~~~~~~~~~~~~~~~~~~~~~~~~~
threadx/common/inc/tx_trace.h:493:81: note: expanded from macro 'TX_TRACE_IN_LINE_INSERT'
  493 |                 trace_event_ptr -> tx_trace_buffer_entry_thread_pointer =       (ULONG) trace_thread_ptr; \
      |                                                                                 ^~~~~~~~~~~~~~~~~~~~~~~~
threadx/common/src/tx_queue_send_notify.c:93:5: warning: cast to smaller integer type 'ULONG' (aka 'unsigned long') from 'TX_QUEUE *' (aka 'struct TX_QUEUE_STRUCT *') [-Wpointer-to-int-cast]
   93 |     TX_TRACE_IN_LINE_INSERT(TX_TRACE_QUEUE_SEND_NOTIFY, queue_ptr, 0, 0, 0, TX_TRACE_QUEUE_EVENTS)
      |     ^~~~~~~~~~~~~~~~~~~~~~~~~~~~~~~~~~~~~~~~~~~~~~~~~~~~~~~~~~~~~~~~~~~~~~~~~~~~~~~~~~~~~~~~~~~~~~
threadx/common/inc/tx_trace.h:497:17: note: expanded from macro 'TX_TRACE_IN_LINE_INSERT'
  497 |                 TX_TRACE_INFO_FIELD_ASSIGNMENT((a),(b),(c),(d)) \
      |                 ^~~~~~~~~~~~~~~~~~~~~~~~~~~~~~~~~~~~~~~~~~~~~~~
threadx/common/inc/tx_trace.h:457:114: note: expanded from macro 'TX_TRACE_INFO_FIELD_ASSIGNMENT'
  457 | #define TX_TRACE_INFO_FIELD_ASSIGNMENT(a,b,c,d)  trace_event_ptr -> tx_trace_buffer_entry_information_field_1 =  (ULONG) (a); trace_event_ptr -> tx_trace_buffer_entry_information_field_2 =  (ULONG) (b); trace_event_ptr -> tx_trace_buffer_entry_information_field_3 =  (ULONG) (c); trace_event_ptr -> tx_trace_buffer_entry_information_field_4 =  (ULONG) (d);
      |                                                                                                                  ^~~~~~~~~~~
threadx/common/src/tx_queue_send_notify.c:93:5: warning: cast to smaller integer type 'ULONG' (aka 'unsigned long') from 'TX_TRACE_BUFFER_ENTRY *' (aka 'struct TX_TRACE_BUFFER_ENTRY_STRUCT *') [-Wpointer-to-int-cast]
   93 |     TX_TRACE_IN_LINE_INSERT(TX_TRACE_QUEUE_SEND_NOTIFY, queue_ptr, 0, 0, 0, TX_TRACE_QUEUE_EVENTS)
      |     ^~~~~~~~~~~~~~~~~~~~~~~~~~~~~~~~~~~~~~~~~~~~~~~~~~~~~~~~~~~~~~~~~~~~~~~~~~~~~~~~~~~~~~~~~~~~~~
threadx/common/inc/tx_trace.h:503:87: note: expanded from macro 'TX_TRACE_IN_LINE_INSERT'
  503 |                     _tx_trace_header_ptr -> tx_trace_header_buffer_current_pointer =  (ULONG) trace_event_ptr; \
      |                                                                                       ^~~~~~~~~~~~~~~~~~~~~~~
threadx/common/src/tx_queue_send_notify.c:93:5: warning: cast to smaller integer type 'ULONG' (aka 'unsigned long') from 'TX_TRACE_BUFFER_ENTRY *' (aka 'struct TX_TRACE_BUFFER_ENTRY_STRUCT *') [-Wpointer-to-int-cast]
   93 |     TX_TRACE_IN_LINE_INSERT(TX_TRACE_QUEUE_SEND_NOTIFY, queue_ptr, 0, 0, 0, TX_TRACE_QUEUE_EVENTS)
      |     ^~~~~~~~~~~~~~~~~~~~~~~~~~~~~~~~~~~~~~~~~~~~~~~~~~~~~~~~~~~~~~~~~~~~~~~~~~~~~~~~~~~~~~~~~~~~~~
threadx/common/inc/tx_trace.h:510:87: note: expanded from macro 'TX_TRACE_IN_LINE_INSERT'
  510 |                     _tx_trace_header_ptr -> tx_trace_header_buffer_current_pointer =  (ULONG) trace_event_ptr; \
      |                                                                                       ^~~~~~~~~~~~~~~~~~~~~~~
5 warnings generated.
threadx/common/src/tx_queue_prioritize.c:92:5: warning: cast to smaller integer type 'ULONG' (aka 'unsigned long') from 'TX_THREAD *' (aka 'struct TX_THREAD_STRUCT *') [-Wpointer-to-int-cast] (Local CPU 10)
   92 |     TX_TRACE_IN_LINE_INSERT(TX_TRACE_QUEUE_PRIORITIZE, queue_ptr, queue_ptr -> tx_queue_suspended_count, TX_POINTER_TO_ULONG_CONVERT(&suspended_count), 0, TX_TRACE_QUEUE_EVENTS)
      |     ^~~~~~~~~~~~~~~~~~~~~~~~~~~~~~~~~~~~~~~~~~~~~~~~~~~~~~~~~~~~~~~~~~~~~~~~~~~~~~~~~~~~~~~~~~~~~~~~~~~~~~~~~~~~~~~~~~~~~~~~~~~~~~~~~~~~~~~~~~~~~~~~~~~~~~~~~~~~~~~~~~~~~~~~~~~~~
threadx/common/inc/tx_trace.h:485:41: note: expanded from macro 'TX_TRACE_IN_LINE_INSERT'
  485 |                     trace_priority =    (ULONG) trace_thread_ptr; \
      |                                         ^~~~~~~~~~~~~~~~~~~~~~~~
threadx/common/src/tx_queue_prioritize.c:92:5: warning: cast to smaller integer type 'ULONG' (aka 'unsigned long') from 'TX_THREAD *' (aka 'struct TX_THREAD_STRUCT *') [-Wpointer-to-int-cast]
   92 |     TX_TRACE_IN_LINE_INSERT(TX_TRACE_QUEUE_PRIORITIZE, queue_ptr, queue_ptr -> tx_queue_suspended_count, TX_POINTER_TO_ULONG_CONVERT(&suspended_count), 0, TX_TRACE_QUEUE_EVENTS)
      |     ^~~~~~~~~~~~~~~~~~~~~~~~~~~~~~~~~~~~~~~~~~~~~~~~~~~~~~~~~~~~~~~~~~~~~~~~~~~~~~~~~~~~~~~~~~~~~~~~~~~~~~~~~~~~~~~~~~~~~~~~~~~~~~~~~~~~~~~~~~~~~~~~~~~~~~~~~~~~~~~~~~~~~~~~~~~~~
threadx/common/inc/tx_trace.h:493:81: note: expanded from macro 'TX_TRACE_IN_LINE_INSERT'
  493 |                 trace_event_ptr -> tx_trace_buffer_entry_thread_pointer =       (ULONG) trace_thread_ptr; \
      |                                                                                 ^~~~~~~~~~~~~~~~~~~~~~~~
threadx/common/src/tx_queue_prioritize.c:92:5: warning: cast to smaller integer type 'ULONG' (aka 'unsigned long') from 'TX_QUEUE *' (aka 'struct TX_QUEUE_STRUCT *') [-Wpointer-to-int-cast]
   92 |     TX_TRACE_IN_LINE_INSERT(TX_TRACE_QUEUE_PRIORITIZE, queue_ptr, queue_ptr -> tx_queue_suspended_count, TX_POINTER_TO_ULONG_CONVERT(&suspended_count), 0, TX_TRACE_QUEUE_EVENTS)
      |     ^~~~~~~~~~~~~~~~~~~~~~~~~~~~~~~~~~~~~~~~~~~~~~~~~~~~~~~~~~~~~~~~~~~~~~~~~~~~~~~~~~~~~~~~~~~~~~~~~~~~~~~~~~~~~~~~~~~~~~~~~~~~~~~~~~~~~~~~~~~~~~~~~~~~~~~~~~~~~~~~~~~~~~~~~~~~~
threadx/common/inc/tx_trace.h:497:17: note: expanded from macro 'TX_TRACE_IN_LINE_INSERT'
  497 |                 TX_TRACE_INFO_FIELD_ASSIGNMENT((a),(b),(c),(d)) \
      |                 ^~~~~~~~~~~~~~~~~~~~~~~~~~~~~~~~~~~~~~~~~~~~~~~
threadx/common/inc/tx_trace.h:457:114: note: expanded from macro 'TX_TRACE_INFO_FIELD_ASSIGNMENT'
  457 | #define TX_TRACE_INFO_FIELD_ASSIGNMENT(a,b,c,d)  trace_event_ptr -> tx_trace_buffer_entry_information_field_1 =  (ULONG) (a); trace_event_ptr -> tx_trace_buffer_entry_information_field_2 =  (ULONG) (b); trace_event_ptr -> tx_trace_buffer_entry_information_field_3 =  (ULONG) (c); trace_event_ptr -> tx_trace_buffer_entry_information_field_4 =  (ULONG) (d);
      |                                                                                                                  ^~~~~~~~~~~
threadx/common/src/tx_queue_prioritize.c:92:106: warning: cast to smaller integer type 'ULONG' (aka 'unsigned long') from 'void *' [-Wvoid-pointer-to-int-cast]
   92 |     TX_TRACE_IN_LINE_INSERT(TX_TRACE_QUEUE_PRIORITIZE, queue_ptr, queue_ptr -> tx_queue_suspended_count, TX_POINTER_TO_ULONG_CONVERT(&suspended_count), 0, TX_TRACE_QUEUE_EVENTS)
      |     ~~~~~~~~~~~~~~~~~~~~~~~~~~~~~~~~~~~~~~~~~~~~~~~~~~~~~~~~~~~~~~~~~~~~~~~~~~~~~~~~~~~~~~~~~~~~~~~~~~~~~^~~~~~~~~~~~~~~~~~~~~~~~~~~~~~~~~~~~~~~~~~~~~~~~~~~~~~~~~~~~~~~~~~~~~~~~
threadx/common/inc/tx_api.h:2062:58: note: expanded from macro 'TX_POINTER_TO_ULONG_CONVERT'
 2062 | #define TX_POINTER_TO_ULONG_CONVERT(a)                  ((ULONG) ((VOID *) (a)))
      |                                                          ^
threadx/common/inc/tx_trace.h:497:57: note: expanded from macro 'TX_TRACE_IN_LINE_INSERT'
  497 |                 TX_TRACE_INFO_FIELD_ASSIGNMENT((a),(b),(c),(d)) \
      |                 ~~~~~~~~~~~~~~~~~~~~~~~~~~~~~~~~~~~~~~~~^~~~~~~
threadx/common/inc/tx_trace.h:457:277: note: expanded from macro 'TX_TRACE_INFO_FIELD_ASSIGNMENT'
  457 | #define TX_TRACE_INFO_FIELD_ASSIGNMENT(a,b,c,d)  trace_event_ptr -> tx_trace_buffer_entry_information_field_1 =  (ULONG) (a); trace_event_ptr -> tx_trace_buffer_entry_information_field_2 =  (ULONG) (b); trace_event_ptr -> tx_trace_buffer_entry_information_field_3 =  (ULONG) (c); trace_event_ptr -> tx_trace_buffer_entry_information_field_4 =  (ULONG) (d);
      |                                                                                                                                                                                                                                                                                     ^
threadx/common/src/tx_queue_prioritize.c:92:5: warning: cast to smaller integer type 'ULONG' (aka 'unsigned long') from 'TX_TRACE_BUFFER_ENTRY *' (aka 'struct TX_TRACE_BUFFER_ENTRY_STRUCT *') [-Wpointer-to-int-cast]
   92 |     TX_TRACE_IN_LINE_INSERT(TX_TRACE_QUEUE_PRIORITIZE, queue_ptr, queue_ptr -> tx_queue_suspended_count, TX_POINTER_TO_ULONG_CONVERT(&suspended_count), 0, TX_TRACE_QUEUE_EVENTS)
      |     ^~~~~~~~~~~~~~~~~~~~~~~~~~~~~~~~~~~~~~~~~~~~~~~~~~~~~~~~~~~~~~~~~~~~~~~~~~~~~~~~~~~~~~~~~~~~~~~~~~~~~~~~~~~~~~~~~~~~~~~~~~~~~~~~~~~~~~~~~~~~~~~~~~~~~~~~~~~~~~~~~~~~~~~~~~~~~
threadx/common/inc/tx_trace.h:503:87: note: expanded from macro 'TX_TRACE_IN_LINE_INSERT'
  503 |                     _tx_trace_header_ptr -> tx_trace_header_buffer_current_pointer =  (ULONG) trace_event_ptr; \
      |                                                                                       ^~~~~~~~~~~~~~~~~~~~~~~
threadx/common/src/tx_queue_prioritize.c:92:5: warning: cast to smaller integer type 'ULONG' (aka 'unsigned long') from 'TX_TRACE_BUFFER_ENTRY *' (aka 'struct TX_TRACE_BUFFER_ENTRY_STRUCT *') [-Wpointer-to-int-cast]
   92 |     TX_TRACE_IN_LINE_INSERT(TX_TRACE_QUEUE_PRIORITIZE, queue_ptr, queue_ptr -> tx_queue_suspended_count, TX_POINTER_TO_ULONG_CONVERT(&suspended_count), 0, TX_TRACE_QUEUE_EVENTS)
      |     ^~~~~~~~~~~~~~~~~~~~~~~~~~~~~~~~~~~~~~~~~~~~~~~~~~~~~~~~~~~~~~~~~~~~~~~~~~~~~~~~~~~~~~~~~~~~~~~~~~~~~~~~~~~~~~~~~~~~~~~~~~~~~~~~~~~~~~~~~~~~~~~~~~~~~~~~~~~~~~~~~~~~~~~~~~~~~
threadx/common/inc/tx_trace.h:510:87: note: expanded from macro 'TX_TRACE_IN_LINE_INSERT'
  510 |                     _tx_trace_header_ptr -> tx_trace_header_buffer_current_pointer =  (ULONG) trace_event_ptr; \
      |                                                                                       ^~~~~~~~~~~~~~~~~~~~~~~
6 warnings generated.
threadx/common/src/tx_queue_performance_info_get.c:116:9: warning: cast to smaller integer type 'ULONG' (aka 'unsigned long') from 'TX_THREAD *' (aka 'struct TX_THREAD_STRUCT *') [-Wpointer-to-int-cast] (Local CPU 16)
  116 |         TX_TRACE_IN_LINE_INSERT(TX_TRACE_QUEUE_PERFORMANCE_INFO_GET, queue_ptr, 0, 0, 0, TX_TRACE_QUEUE_EVENTS)
      |         ^~~~~~~~~~~~~~~~~~~~~~~~~~~~~~~~~~~~~~~~~~~~~~~~~~~~~~~~~~~~~~~~~~~~~~~~~~~~~~~~~~~~~~~~~~~~~~~~~~~~~~~
threadx/common/inc/tx_trace.h:485:41: note: expanded from macro 'TX_TRACE_IN_LINE_INSERT'
  485 |                     trace_priority =    (ULONG) trace_thread_ptr; \
      |                                         ^~~~~~~~~~~~~~~~~~~~~~~~
threadx/common/src/tx_queue_performance_info_get.c:116:9: warning: cast to smaller integer type 'ULONG' (aka 'unsigned long') from 'TX_THREAD *' (aka 'struct TX_THREAD_STRUCT *') [-Wpointer-to-int-cast]
  116 |         TX_TRACE_IN_LINE_INSERT(TX_TRACE_QUEUE_PERFORMANCE_INFO_GET, queue_ptr, 0, 0, 0, TX_TRACE_QUEUE_EVENTS)
      |         ^~~~~~~~~~~~~~~~~~~~~~~~~~~~~~~~~~~~~~~~~~~~~~~~~~~~~~~~~~~~~~~~~~~~~~~~~~~~~~~~~~~~~~~~~~~~~~~~~~~~~~~
threadx/common/inc/tx_trace.h:493:81: note: expanded from macro 'TX_TRACE_IN_LINE_INSERT'
  493 |                 trace_event_ptr -> tx_trace_buffer_entry_thread_pointer =       (ULONG) trace_thread_ptr; \
      |                                                                                 ^~~~~~~~~~~~~~~~~~~~~~~~
threadx/common/src/tx_queue_performance_info_get.c:116:9: warning: cast to smaller integer type 'ULONG' (aka 'unsigned long') from 'TX_QUEUE *' (aka 'struct TX_QUEUE_STRUCT *') [-Wpointer-to-int-cast]
  116 |         TX_TRACE_IN_LINE_INSERT(TX_TRACE_QUEUE_PERFORMANCE_INFO_GET, queue_ptr, 0, 0, 0, TX_TRACE_QUEUE_EVENTS)
      |         ^~~~~~~~~~~~~~~~~~~~~~~~~~~~~~~~~~~~~~~~~~~~~~~~~~~~~~~~~~~~~~~~~~~~~~~~~~~~~~~~~~~~~~~~~~~~~~~~~~~~~~~
threadx/common/inc/tx_trace.h:497:17: note: expanded from macro 'TX_TRACE_IN_LINE_INSERT'
  497 |                 TX_TRACE_INFO_FIELD_ASSIGNMENT((a),(b),(c),(d)) \
      |                 ^~~~~~~~~~~~~~~~~~~~~~~~~~~~~~~~~~~~~~~~~~~~~~~
threadx/common/inc/tx_trace.h:457:114: note: expanded from macro 'TX_TRACE_INFO_FIELD_ASSIGNMENT'
  457 | #define TX_TRACE_INFO_FIELD_ASSIGNMENT(a,b,c,d)  trace_event_ptr -> tx_trace_buffer_entry_information_field_1 =  (ULONG) (a); trace_event_ptr -> tx_trace_buffer_entry_information_field_2 =  (ULONG) (b); trace_event_ptr -> tx_trace_buffer_entry_information_field_3 =  (ULONG) (c); trace_event_ptr -> tx_trace_buffer_entry_information_field_4 =  (ULONG) (d);
      |                                                                                                                  ^~~~~~~~~~~
threadx/common/src/tx_queue_performance_info_get.c:116:9: warning: cast to smaller integer type 'ULONG' (aka 'unsigned long') from 'TX_TRACE_BUFFER_ENTRY *' (aka 'struct TX_TRACE_BUFFER_ENTRY_STRUCT *') [-Wpointer-to-int-cast]
  116 |         TX_TRACE_IN_LINE_INSERT(TX_TRACE_QUEUE_PERFORMANCE_INFO_GET, queue_ptr, 0, 0, 0, TX_TRACE_QUEUE_EVENTS)
      |         ^~~~~~~~~~~~~~~~~~~~~~~~~~~~~~~~~~~~~~~~~~~~~~~~~~~~~~~~~~~~~~~~~~~~~~~~~~~~~~~~~~~~~~~~~~~~~~~~~~~~~~~
threadx/common/inc/tx_trace.h:503:87: note: expanded from macro 'TX_TRACE_IN_LINE_INSERT'
  503 |                     _tx_trace_header_ptr -> tx_trace_header_buffer_current_pointer =  (ULONG) trace_event_ptr; \
      |                                                                                       ^~~~~~~~~~~~~~~~~~~~~~~
threadx/common/src/tx_queue_performance_info_get.c:116:9: warning: cast to smaller integer type 'ULONG' (aka 'unsigned long') from 'TX_TRACE_BUFFER_ENTRY *' (aka 'struct TX_TRACE_BUFFER_ENTRY_STRUCT *') [-Wpointer-to-int-cast]
  116 |         TX_TRACE_IN_LINE_INSERT(TX_TRACE_QUEUE_PERFORMANCE_INFO_GET, queue_ptr, 0, 0, 0, TX_TRACE_QUEUE_EVENTS)
      |         ^~~~~~~~~~~~~~~~~~~~~~~~~~~~~~~~~~~~~~~~~~~~~~~~~~~~~~~~~~~~~~~~~~~~~~~~~~~~~~~~~~~~~~~~~~~~~~~~~~~~~~~
threadx/common/inc/tx_trace.h:510:87: note: expanded from macro 'TX_TRACE_IN_LINE_INSERT'
  510 |                     _tx_trace_header_ptr -> tx_trace_header_buffer_current_pointer =  (ULONG) trace_event_ptr; \
      |                                                                                       ^~~~~~~~~~~~~~~~~~~~~~~
5 warnings generated.
threadx/common/src/tx_queue_performance_system_info_get.c:97:5: warning: cast to smaller integer type 'ULONG' (aka 'unsigned long') from 'TX_THREAD *' (aka 'struct TX_THREAD_STRUCT *') [-Wpointer-to-int-cast] (Local CPU 20)
   97 |     TX_TRACE_IN_LINE_INSERT(TX_TRACE_QUEUE_PERFORMANCE_SYSTEM_INFO_GET, 0, 0, 0, 0, TX_TRACE_QUEUE_EVENTS)
      |     ^~~~~~~~~~~~~~~~~~~~~~~~~~~~~~~~~~~~~~~~~~~~~~~~~~~~~~~~~~~~~~~~~~~~~~~~~~~~~~~~~~~~~~~~~~~~~~~~~~~~~~
threadx/common/inc/tx_trace.h:485:41: note: expanded from macro 'TX_TRACE_IN_LINE_INSERT'
  485 |                     trace_priority =    (ULONG) trace_thread_ptr; \
      |                                         ^~~~~~~~~~~~~~~~~~~~~~~~
threadx/common/src/tx_queue_performance_system_info_get.c:97:5: warning: cast to smaller integer type 'ULONG' (aka 'unsigned long') from 'TX_THREAD *' (aka 'struct TX_THREAD_STRUCT *') [-Wpointer-to-int-cast]
   97 |     TX_TRACE_IN_LINE_INSERT(TX_TRACE_QUEUE_PERFORMANCE_SYSTEM_INFO_GET, 0, 0, 0, 0, TX_TRACE_QUEUE_EVENTS)
      |     ^~~~~~~~~~~~~~~~~~~~~~~~~~~~~~~~~~~~~~~~~~~~~~~~~~~~~~~~~~~~~~~~~~~~~~~~~~~~~~~~~~~~~~~~~~~~~~~~~~~~~~
threadx/common/inc/tx_trace.h:493:81: note: expanded from macro 'TX_TRACE_IN_LINE_INSERT'
  493 |                 trace_event_ptr -> tx_trace_buffer_entry_thread_pointer =       (ULONG) trace_thread_ptr; \
      |                                                                                 ^~~~~~~~~~~~~~~~~~~~~~~~
threadx/common/src/tx_queue_performance_system_info_get.c:97:5: warning: cast to smaller integer type 'ULONG' (aka 'unsigned long') from 'TX_TRACE_BUFFER_ENTRY *' (aka 'struct TX_TRACE_BUFFER_ENTRY_STRUCT *') [-Wpointer-to-int-cast]
   97 |     TX_TRACE_IN_LINE_INSERT(TX_TRACE_QUEUE_PERFORMANCE_SYSTEM_INFO_GET, 0, 0, 0, 0, TX_TRACE_QUEUE_EVENTS)
      |     ^~~~~~~~~~~~~~~~~~~~~~~~~~~~~~~~~~~~~~~~~~~~~~~~~~~~~~~~~~~~~~~~~~~~~~~~~~~~~~~~~~~~~~~~~~~~~~~~~~~~~~
threadx/common/inc/tx_trace.h:503:87: note: expanded from macro 'TX_TRACE_IN_LINE_INSERT'
  503 |                     _tx_trace_header_ptr -> tx_trace_header_buffer_current_pointer =  (ULONG) trace_event_ptr; \
      |                                                                                       ^~~~~~~~~~~~~~~~~~~~~~~
threadx/common/src/tx_queue_performance_system_info_get.c:97:5: warning: cast to smaller integer type 'ULONG' (aka 'unsigned long') from 'TX_TRACE_BUFFER_ENTRY *' (aka 'struct TX_TRACE_BUFFER_ENTRY_STRUCT *') [-Wpointer-to-int-cast]
   97 |     TX_TRACE_IN_LINE_INSERT(TX_TRACE_QUEUE_PERFORMANCE_SYSTEM_INFO_GET, 0, 0, 0, 0, TX_TRACE_QUEUE_EVENTS)
      |     ^~~~~~~~~~~~~~~~~~~~~~~~~~~~~~~~~~~~~~~~~~~~~~~~~~~~~~~~~~~~~~~~~~~~~~~~~~~~~~~~~~~~~~~~~~~~~~~~~~~~~~
threadx/common/inc/tx_trace.h:510:87: note: expanded from macro 'TX_TRACE_IN_LINE_INSERT'
  510 |                     _tx_trace_header_ptr -> tx_trace_header_buffer_current_pointer =  (ULONG) trace_event_ptr; \
      |                                                                                       ^~~~~~~~~~~~~~~~~~~~~~~
4 warnings generated.
threadx/common/src/tx_queue_send.c:113:5: warning: cast to smaller integer type 'ULONG' (aka 'unsigned long') from 'TX_THREAD *' (aka 'struct TX_THREAD_STRUCT *') [-Wpointer-to-int-cast] (Local CPU 24)
  113 |     TX_TRACE_IN_LINE_INSERT(TX_TRACE_QUEUE_SEND, queue_ptr, TX_POINTER_TO_ULONG_CONVERT(source_ptr), wait_option, queue_ptr -> tx_queue_enqueued, TX_TRACE_QUEUE_EVENTS)
      |     ^~~~~~~~~~~~~~~~~~~~~~~~~~~~~~~~~~~~~~~~~~~~~~~~~~~~~~~~~~~~~~~~~~~~~~~~~~~~~~~~~~~~~~~~~~~~~~~~~~~~~~~~~~~~~~~~~~~~~~~~~~~~~~~~~~~~~~~~~~~~~~~~~~~~~~~~~~~~~~~~~~~~
threadx/common/inc/tx_trace.h:485:41: note: expanded from macro 'TX_TRACE_IN_LINE_INSERT'
  485 |                     trace_priority =    (ULONG) trace_thread_ptr; \
      |                                         ^~~~~~~~~~~~~~~~~~~~~~~~
threadx/common/src/tx_queue_send.c:113:5: warning: cast to smaller integer type 'ULONG' (aka 'unsigned long') from 'TX_THREAD *' (aka 'struct TX_THREAD_STRUCT *') [-Wpointer-to-int-cast]
  113 |     TX_TRACE_IN_LINE_INSERT(TX_TRACE_QUEUE_SEND, queue_ptr, TX_POINTER_TO_ULONG_CONVERT(source_ptr), wait_option, queue_ptr -> tx_queue_enqueued, TX_TRACE_QUEUE_EVENTS)
      |     ^~~~~~~~~~~~~~~~~~~~~~~~~~~~~~~~~~~~~~~~~~~~~~~~~~~~~~~~~~~~~~~~~~~~~~~~~~~~~~~~~~~~~~~~~~~~~~~~~~~~~~~~~~~~~~~~~~~~~~~~~~~~~~~~~~~~~~~~~~~~~~~~~~~~~~~~~~~~~~~~~~~~
threadx/common/inc/tx_trace.h:493:81: note: expanded from macro 'TX_TRACE_IN_LINE_INSERT'
  493 |                 trace_event_ptr -> tx_trace_buffer_entry_thread_pointer =       (ULONG) trace_thread_ptr; \
      |                                                                                 ^~~~~~~~~~~~~~~~~~~~~~~~
threadx/common/src/tx_queue_send.c:113:5: warning: cast to smaller integer type 'ULONG' (aka 'unsigned long') from 'TX_QUEUE *' (aka 'struct TX_QUEUE_STRUCT *') [-Wpointer-to-int-cast]
  113 |     TX_TRACE_IN_LINE_INSERT(TX_TRACE_QUEUE_SEND, queue_ptr, TX_POINTER_TO_ULONG_CONVERT(source_ptr), wait_option, queue_ptr -> tx_queue_enqueued, TX_TRACE_QUEUE_EVENTS)
      |     ^~~~~~~~~~~~~~~~~~~~~~~~~~~~~~~~~~~~~~~~~~~~~~~~~~~~~~~~~~~~~~~~~~~~~~~~~~~~~~~~~~~~~~~~~~~~~~~~~~~~~~~~~~~~~~~~~~~~~~~~~~~~~~~~~~~~~~~~~~~~~~~~~~~~~~~~~~~~~~~~~~~~
threadx/common/inc/tx_trace.h:497:17: note: expanded from macro 'TX_TRACE_IN_LINE_INSERT'
  497 |                 TX_TRACE_INFO_FIELD_ASSIGNMENT((a),(b),(c),(d)) \
      |                 ^~~~~~~~~~~~~~~~~~~~~~~~~~~~~~~~~~~~~~~~~~~~~~~
threadx/common/inc/tx_trace.h:457:114: note: expanded from macro 'TX_TRACE_INFO_FIELD_ASSIGNMENT'
  457 | #define TX_TRACE_INFO_FIELD_ASSIGNMENT(a,b,c,d)  trace_event_ptr -> tx_trace_buffer_entry_information_field_1 =  (ULONG) (a); trace_event_ptr -> tx_trace_buffer_entry_information_field_2 =  (ULONG) (b); trace_event_ptr -> tx_trace_buffer_entry_information_field_3 =  (ULONG) (c); trace_event_ptr -> tx_trace_buffer_entry_information_field_4 =  (ULONG) (d);
      |                                                                                                                  ^~~~~~~~~~~
threadx/common/src/tx_queue_send.c:113:61: warning: cast to smaller integer type 'ULONG' (aka 'unsigned long') from 'void *' [-Wvoid-pointer-to-int-cast]
  113 |     TX_TRACE_IN_LINE_INSERT(TX_TRACE_QUEUE_SEND, queue_ptr, TX_POINTER_TO_ULONG_CONVERT(source_ptr), wait_option, queue_ptr -> tx_queue_enqueued, TX_TRACE_QUEUE_EVENTS)
      |     ~~~~~~~~~~~~~~~~~~~~~~~~~~~~~~~~~~~~~~~~~~~~~~~~~~~~~~~~^~~~~~~~~~~~~~~~~~~~~~~~~~~~~~~~~~~~~~~~~~~~~~~~~~~~~~~~~~~~~~~~~~~~~~~~~~~~~~~~~~~~~~~~~~~~~~~~~~~~~~~~~~~~
threadx/common/inc/tx_api.h:2062:58: note: expanded from macro 'TX_POINTER_TO_ULONG_CONVERT'
 2062 | #define TX_POINTER_TO_ULONG_CONVERT(a)                  ((ULONG) ((VOID *) (a)))
      |                                                          ^
threadx/common/inc/tx_trace.h:497:53: note: expanded from macro 'TX_TRACE_IN_LINE_INSERT'
  497 |                 TX_TRACE_INFO_FIELD_ASSIGNMENT((a),(b),(c),(d)) \
      |                 ~~~~~~~~~~~~~~~~~~~~~~~~~~~~~~~~~~~~^~~~~~~~~~~
threadx/common/inc/tx_trace.h:457:200: note: expanded from macro 'TX_TRACE_INFO_FIELD_ASSIGNMENT'
  457 | #define TX_TRACE_INFO_FIELD_ASSIGNMENT(a,b,c,d)  trace_event_ptr -> tx_trace_buffer_entry_information_field_1 =  (ULONG) (a); trace_event_ptr -> tx_trace_buffer_entry_information_field_2 =  (ULONG) (b); trace_event_ptr -> tx_trace_buffer_entry_information_field_3 =  (ULONG) (c); trace_event_ptr -> tx_trace_buffer_entry_information_field_4 =  (ULONG) (d);
      |                                                                                                                                                                                                        ^
threadx/common/src/tx_queue_send.c:113:5: warning: cast to smaller integer type 'ULONG' (aka 'unsigned long') from 'TX_TRACE_BUFFER_ENTRY *' (aka 'struct TX_TRACE_BUFFER_ENTRY_STRUCT *') [-Wpointer-to-int-cast]
  113 |     TX_TRACE_IN_LINE_INSERT(TX_TRACE_QUEUE_SEND, queue_ptr, TX_POINTER_TO_ULONG_CONVERT(source_ptr), wait_option, queue_ptr -> tx_queue_enqueued, TX_TRACE_QUEUE_EVENTS)
      |     ^~~~~~~~~~~~~~~~~~~~~~~~~~~~~~~~~~~~~~~~~~~~~~~~~~~~~~~~~~~~~~~~~~~~~~~~~~~~~~~~~~~~~~~~~~~~~~~~~~~~~~~~~~~~~~~~~~~~~~~~~~~~~~~~~~~~~~~~~~~~~~~~~~~~~~~~~~~~~~~~~~~~
threadx/common/inc/tx_trace.h:503:87: note: expanded from macro 'TX_TRACE_IN_LINE_INSERT'
  503 |                     _tx_trace_header_ptr -> tx_trace_header_buffer_current_pointer =  (ULONG) trace_event_ptr; \
      |                                                                                       ^~~~~~~~~~~~~~~~~~~~~~~
threadx/common/src/tx_queue_send.c:113:5: warning: cast to smaller integer type 'ULONG' (aka 'unsigned long') from 'TX_TRACE_BUFFER_ENTRY *' (aka 'struct TX_TRACE_BUFFER_ENTRY_STRUCT *') [-Wpointer-to-int-cast]
  113 |     TX_TRACE_IN_LINE_INSERT(TX_TRACE_QUEUE_SEND, queue_ptr, TX_POINTER_TO_ULONG_CONVERT(source_ptr), wait_option, queue_ptr -> tx_queue_enqueued, TX_TRACE_QUEUE_EVENTS)
      |     ^~~~~~~~~~~~~~~~~~~~~~~~~~~~~~~~~~~~~~~~~~~~~~~~~~~~~~~~~~~~~~~~~~~~~~~~~~~~~~~~~~~~~~~~~~~~~~~~~~~~~~~~~~~~~~~~~~~~~~~~~~~~~~~~~~~~~~~~~~~~~~~~~~~~~~~~~~~~~~~~~~~~
threadx/common/inc/tx_trace.h:510:87: note: expanded from macro 'TX_TRACE_IN_LINE_INSERT'
  510 |                     _tx_trace_header_ptr -> tx_trace_header_buffer_current_pointer =  (ULONG) trace_event_ptr; \
      |                                                                                       ^~~~~~~~~~~~~~~~~~~~~~~
6 warnings generated.
threadx/common/src/tx_semaphore_ceiling_put.c:108:5: warning: cast to smaller integer type 'ULONG' (aka 'unsigned long') from 'TX_THREAD *' (aka 'struct TX_THREAD_STRUCT *') [-Wpointer-to-int-cast] (Local CPU 22)
  108 |     TX_TRACE_IN_LINE_INSERT(TX_TRACE_SEMAPHORE_CEILING_PUT, semaphore_ptr, semaphore_ptr -> tx_semaphore_count, semaphore_ptr -> tx_semaphore_suspended_count, ceiling, TX_TRACE_SEMAPHORE_EVENTS)
      |     ^~~~~~~~~~~~~~~~~~~~~~~~~~~~~~~~~~~~~~~~~~~~~~~~~~~~~~~~~~~~~~~~~~~~~~~~~~~~~~~~~~~~~~~~~~~~~~~~~~~~~~~~~~~~~~~~~~~~~~~~~~~~~~~~~~~~~~~~~~~~~~~~~~~~~~~~~~~~~~~~~~~~~~~~~~~~~~~~~~~~~~~~~~~~~~
threadx/common/inc/tx_trace.h:485:41: note: expanded from macro 'TX_TRACE_IN_LINE_INSERT'
  485 |                     trace_priority =    (ULONG) trace_thread_ptr; \
      |                                         ^~~~~~~~~~~~~~~~~~~~~~~~
threadx/common/src/tx_semaphore_ceiling_put.c:108:5: warning: cast to smaller integer type 'ULONG' (aka 'unsigned long') from 'TX_THREAD *' (aka 'struct TX_THREAD_STRUCT *') [-Wpointer-to-int-cast]
  108 |     TX_TRACE_IN_LINE_INSERT(TX_TRACE_SEMAPHORE_CEILING_PUT, semaphore_ptr, semaphore_ptr -> tx_semaphore_count, semaphore_ptr -> tx_semaphore_suspended_count, ceiling, TX_TRACE_SEMAPHORE_EVENTS)
      |     ^~~~~~~~~~~~~~~~~~~~~~~~~~~~~~~~~~~~~~~~~~~~~~~~~~~~~~~~~~~~~~~~~~~~~~~~~~~~~~~~~~~~~~~~~~~~~~~~~~~~~~~~~~~~~~~~~~~~~~~~~~~~~~~~~~~~~~~~~~~~~~~~~~~~~~~~~~~~~~~~~~~~~~~~~~~~~~~~~~~~~~~~~~~~~~
threadx/common/inc/tx_trace.h:493:81: note: expanded from macro 'TX_TRACE_IN_LINE_INSERT'
  493 |                 trace_event_ptr -> tx_trace_buffer_entry_thread_pointer =       (ULONG) trace_thread_ptr; \
      |                                                                                 ^~~~~~~~~~~~~~~~~~~~~~~~
threadx/common/src/tx_semaphore_ceiling_put.c:108:5: warning: cast to smaller integer type 'ULONG' (aka 'unsigned long') from 'TX_SEMAPHORE *' (aka 'struct TX_SEMAPHORE_STRUCT *') [-Wpointer-to-int-cast]
  108 |     TX_TRACE_IN_LINE_INSERT(TX_TRACE_SEMAPHORE_CEILING_PUT, semaphore_ptr, semaphore_ptr -> tx_semaphore_count, semaphore_ptr -> tx_semaphore_suspended_count, ceiling, TX_TRACE_SEMAPHORE_EVENTS)
      |     ^~~~~~~~~~~~~~~~~~~~~~~~~~~~~~~~~~~~~~~~~~~~~~~~~~~~~~~~~~~~~~~~~~~~~~~~~~~~~~~~~~~~~~~~~~~~~~~~~~~~~~~~~~~~~~~~~~~~~~~~~~~~~~~~~~~~~~~~~~~~~~~~~~~~~~~~~~~~~~~~~~~~~~~~~~~~~~~~~~~~~~~~~~~~~~
threadx/common/inc/tx_trace.h:497:17: note: expanded from macro 'TX_TRACE_IN_LINE_INSERT'
  497 |                 TX_TRACE_INFO_FIELD_ASSIGNMENT((a),(b),(c),(d)) \
      |                 ^~~~~~~~~~~~~~~~~~~~~~~~~~~~~~~~~~~~~~~~~~~~~~~
threadx/common/inc/tx_trace.h:457:114: note: expanded from macro 'TX_TRACE_INFO_FIELD_ASSIGNMENT'
  457 | #define TX_TRACE_INFO_FIELD_ASSIGNMENT(a,b,c,d)  trace_event_ptr -> tx_trace_buffer_entry_information_field_1 =  (ULONG) (a); trace_event_ptr -> tx_trace_buffer_entry_information_field_2 =  (ULONG) (b); trace_event_ptr -> tx_trace_buffer_entry_information_field_3 =  (ULONG) (c); trace_event_ptr -> tx_trace_buffer_entry_information_field_4 =  (ULONG) (d);
      |                                                                                                                  ^~~~~~~~~~~
threadx/common/src/tx_semaphore_ceiling_put.c:108:5: warning: cast to smaller integer type 'ULONG' (aka 'unsigned long') from 'TX_TRACE_BUFFER_ENTRY *' (aka 'struct TX_TRACE_BUFFER_ENTRY_STRUCT *') [-Wpointer-to-int-cast]
  108 |     TX_TRACE_IN_LINE_INSERT(TX_TRACE_SEMAPHORE_CEILING_PUT, semaphore_ptr, semaphore_ptr -> tx_semaphore_count, semaphore_ptr -> tx_semaphore_suspended_count, ceiling, TX_TRACE_SEMAPHORE_EVENTS)
      |     ^~~~~~~~~~~~~~~~~~~~~~~~~~~~~~~~~~~~~~~~~~~~~~~~~~~~~~~~~~~~~~~~~~~~~~~~~~~~~~~~~~~~~~~~~~~~~~~~~~~~~~~~~~~~~~~~~~~~~~~~~~~~~~~~~~~~~~~~~~~~~~~~~~~~~~~~~~~~~~~~~~~~~~~~~~~~~~~~~~~~~~~~~~~~~~
threadx/common/inc/tx_trace.h:503:87: note: expanded from macro 'TX_TRACE_IN_LINE_INSERT'
  503 |                     _tx_trace_header_ptr -> tx_trace_header_buffer_current_pointer =  (ULONG) trace_event_ptr; \
      |                                                                                       ^~~~~~~~~~~~~~~~~~~~~~~
threadx/common/src/tx_semaphore_ceiling_put.c:108:5: warning: cast to smaller integer type 'ULONG' (aka 'unsigned long') from 'TX_TRACE_BUFFER_ENTRY *' (aka 'struct TX_TRACE_BUFFER_ENTRY_STRUCT *') [-Wpointer-to-int-cast]
  108 |     TX_TRACE_IN_LINE_INSERT(TX_TRACE_SEMAPHORE_CEILING_PUT, semaphore_ptr, semaphore_ptr -> tx_semaphore_count, semaphore_ptr -> tx_semaphore_suspended_count, ceiling, TX_TRACE_SEMAPHORE_EVENTS)
      |     ^~~~~~~~~~~~~~~~~~~~~~~~~~~~~~~~~~~~~~~~~~~~~~~~~~~~~~~~~~~~~~~~~~~~~~~~~~~~~~~~~~~~~~~~~~~~~~~~~~~~~~~~~~~~~~~~~~~~~~~~~~~~~~~~~~~~~~~~~~~~~~~~~~~~~~~~~~~~~~~~~~~~~~~~~~~~~~~~~~~~~~~~~~~~~~
threadx/common/inc/tx_trace.h:510:87: note: expanded from macro 'TX_TRACE_IN_LINE_INSERT'
  510 |                     _tx_trace_header_ptr -> tx_trace_header_buffer_current_pointer =  (ULONG) trace_event_ptr; \
      |                                                                                       ^~~~~~~~~~~~~~~~~~~~~~~
5 warnings generated.
"Compiling: threadx/common/src/tx_trace_buffer_full_notify.c"
clang -Wall -Wextra -g -O0 -DTX_INCLUDE_USER_DEFINE_FILE -Ithreadx/common/inc -Ithreadx_port/inc -I. -c threadx/common/src/tx_trace_buffer_full_notify.c -o build_threadx/tx_common/tx_trace_buffer_full_notify.o
threadx/common/src/tx_semaphore_delete.c:92:5: warning: cast to smaller integer type 'ULONG' (aka 'unsigned long') from 'TX_THREAD *' (aka 'struct TX_THREAD_STRUCT *') [-Wpointer-to-int-cast] (Local CPU 3)
   92 |     TX_TRACE_IN_LINE_INSERT(TX_TRACE_SEMAPHORE_DELETE, semaphore_ptr, TX_POINTER_TO_ULONG_CONVERT(&thread_ptr), 0, 0, TX_TRACE_SEMAPHORE_EVENTS)
      |     ^~~~~~~~~~~~~~~~~~~~~~~~~~~~~~~~~~~~~~~~~~~~~~~~~~~~~~~~~~~~~~~~~~~~~~~~~~~~~~~~~~~~~~~~~~~~~~~~~~~~~~~~~~~~~~~~~~~~~~~~~~~~~~~~~~~~~~~~~~~~
threadx/common/inc/tx_trace.h:485:41: note: expanded from macro 'TX_TRACE_IN_LINE_INSERT'
  485 |                     trace_priority =    (ULONG) trace_thread_ptr; \
      |                                         ^~~~~~~~~~~~~~~~~~~~~~~~
threadx/common/src/tx_semaphore_delete.c:92:5: warning: cast to smaller integer type 'ULONG' (aka 'unsigned long') from 'TX_THREAD *' (aka 'struct TX_THREAD_STRUCT *') [-Wpointer-to-int-cast]
   92 |     TX_TRACE_IN_LINE_INSERT(TX_TRACE_SEMAPHORE_DELETE, semaphore_ptr, TX_POINTER_TO_ULONG_CONVERT(&thread_ptr), 0, 0, TX_TRACE_SEMAPHORE_EVENTS)
      |     ^~~~~~~~~~~~~~~~~~~~~~~~~~~~~~~~~~~~~~~~~~~~~~~~~~~~~~~~~~~~~~~~~~~~~~~~~~~~~~~~~~~~~~~~~~~~~~~~~~~~~~~~~~~~~~~~~~~~~~~~~~~~~~~~~~~~~~~~~~~~
threadx/common/inc/tx_trace.h:493:81: note: expanded from macro 'TX_TRACE_IN_LINE_INSERT'
  493 |                 trace_event_ptr -> tx_trace_buffer_entry_thread_pointer =       (ULONG) trace_thread_ptr; \
      |                                                                                 ^~~~~~~~~~~~~~~~~~~~~~~~
threadx/common/src/tx_semaphore_delete.c:92:5: warning: cast to smaller integer type 'ULONG' (aka 'unsigned long') from 'TX_SEMAPHORE *' (aka 'struct TX_SEMAPHORE_STRUCT *') [-Wpointer-to-int-cast]
   92 |     TX_TRACE_IN_LINE_INSERT(TX_TRACE_SEMAPHORE_DELETE, semaphore_ptr, TX_POINTER_TO_ULONG_CONVERT(&thread_ptr), 0, 0, TX_TRACE_SEMAPHORE_EVENTS)
      |     ^~~~~~~~~~~~~~~~~~~~~~~~~~~~~~~~~~~~~~~~~~~~~~~~~~~~~~~~~~~~~~~~~~~~~~~~~~~~~~~~~~~~~~~~~~~~~~~~~~~~~~~~~~~~~~~~~~~~~~~~~~~~~~~~~~~~~~~~~~~~
threadx/common/inc/tx_trace.h:497:17: note: expanded from macro 'TX_TRACE_IN_LINE_INSERT'
  497 |                 TX_TRACE_INFO_FIELD_ASSIGNMENT((a),(b),(c),(d)) \
      |                 ^~~~~~~~~~~~~~~~~~~~~~~~~~~~~~~~~~~~~~~~~~~~~~~
threadx/common/inc/tx_trace.h:457:114: note: expanded from macro 'TX_TRACE_INFO_FIELD_ASSIGNMENT'
  457 | #define TX_TRACE_INFO_FIELD_ASSIGNMENT(a,b,c,d)  trace_event_ptr -> tx_trace_buffer_entry_information_field_1 =  (ULONG) (a); trace_event_ptr -> tx_trace_buffer_entry_information_field_2 =  (ULONG) (b); trace_event_ptr -> tx_trace_buffer_entry_information_field_3 =  (ULONG) (c); trace_event_ptr -> tx_trace_buffer_entry_information_field_4 =  (ULONG) (d);
      |                                                                                                                  ^~~~~~~~~~~
threadx/common/src/tx_semaphore_delete.c:92:71: warning: cast to smaller integer type 'ULONG' (aka 'unsigned long') from 'void *' [-Wvoid-pointer-to-int-cast]
   92 |     TX_TRACE_IN_LINE_INSERT(TX_TRACE_SEMAPHORE_DELETE, semaphore_ptr, TX_POINTER_TO_ULONG_CONVERT(&thread_ptr), 0, 0, TX_TRACE_SEMAPHORE_EVENTS)
      |     ~~~~~~~~~~~~~~~~~~~~~~~~~~~~~~~~~~~~~~~~~~~~~~~~~~~~~~~~~~~~~~~~~~^~~~~~~~~~~~~~~~~~~~~~~~~~~~~~~~~~~~~~~~~~~~~~~~~~~~~~~~~~~~~~~~~~~~~~~~~~
threadx/common/inc/tx_api.h:2062:58: note: expanded from macro 'TX_POINTER_TO_ULONG_CONVERT'
 2062 | #define TX_POINTER_TO_ULONG_CONVERT(a)                  ((ULONG) ((VOID *) (a)))
      |                                                          ^
threadx/common/inc/tx_trace.h:497:53: note: expanded from macro 'TX_TRACE_IN_LINE_INSERT'
  497 |                 TX_TRACE_INFO_FIELD_ASSIGNMENT((a),(b),(c),(d)) \
      |                 ~~~~~~~~~~~~~~~~~~~~~~~~~~~~~~~~~~~~^~~~~~~~~~~
threadx/common/inc/tx_trace.h:457:200: note: expanded from macro 'TX_TRACE_INFO_FIELD_ASSIGNMENT'
  457 | #define TX_TRACE_INFO_FIELD_ASSIGNMENT(a,b,c,d)  trace_event_ptr -> tx_trace_buffer_entry_information_field_1 =  (ULONG) (a); trace_event_ptr -> tx_trace_buffer_entry_information_field_2 =  (ULONG) (b); trace_event_ptr -> tx_trace_buffer_entry_information_field_3 =  (ULONG) (c); trace_event_ptr -> tx_trace_buffer_entry_information_field_4 =  (ULONG) (d);
      |                                                                                                                                                                                                        ^
threadx/common/src/tx_semaphore_delete.c:92:5: warning: cast to smaller integer type 'ULONG' (aka 'unsigned long') from 'TX_TRACE_BUFFER_ENTRY *' (aka 'struct TX_TRACE_BUFFER_ENTRY_STRUCT *') [-Wpointer-to-int-cast]
   92 |     TX_TRACE_IN_LINE_INSERT(TX_TRACE_SEMAPHORE_DELETE, semaphore_ptr, TX_POINTER_TO_ULONG_CONVERT(&thread_ptr), 0, 0, TX_TRACE_SEMAPHORE_EVENTS)
      |     ^~~~~~~~~~~~~~~~~~~~~~~~~~~~~~~~~~~~~~~~~~~~~~~~~~~~~~~~~~~~~~~~~~~~~~~~~~~~~~~~~~~~~~~~~~~~~~~~~~~~~~~~~~~~~~~~~~~~~~~~~~~~~~~~~~~~~~~~~~~~
threadx/common/inc/tx_trace.h:503:87: note: expanded from macro 'TX_TRACE_IN_LINE_INSERT'
  503 |                     _tx_trace_header_ptr -> tx_trace_header_buffer_current_pointer =  (ULONG) trace_event_ptr; \
      |                                                                                       ^~~~~~~~~~~~~~~~~~~~~~~
threadx/common/src/tx_semaphore_delete.c:92:5: warning: cast to smaller integer type 'ULONG' (aka 'unsigned long') from 'TX_TRACE_BUFFER_ENTRY *' (aka 'struct TX_TRACE_BUFFER_ENTRY_STRUCT *') [-Wpointer-to-int-cast]
   92 |     TX_TRACE_IN_LINE_INSERT(TX_TRACE_SEMAPHORE_DELETE, semaphore_ptr, TX_POINTER_TO_ULONG_CONVERT(&thread_ptr), 0, 0, TX_TRACE_SEMAPHORE_EVENTS)
      |     ^~~~~~~~~~~~~~~~~~~~~~~~~~~~~~~~~~~~~~~~~~~~~~~~~~~~~~~~~~~~~~~~~~~~~~~~~~~~~~~~~~~~~~~~~~~~~~~~~~~~~~~~~~~~~~~~~~~~~~~~~~~~~~~~~~~~~~~~~~~~
threadx/common/inc/tx_trace.h:510:87: note: expanded from macro 'TX_TRACE_IN_LINE_INSERT'
  510 |                     _tx_trace_header_ptr -> tx_trace_header_buffer_current_pointer =  (ULONG) trace_event_ptr; \
      |                                                                                       ^~~~~~~~~~~~~~~~~~~~~~~
6 warnings generated.
threadx/common/src/tx_semaphore_create.c:132:5: warning: cast to smaller integer type 'ULONG' (aka 'unsigned long') from 'TX_THREAD *' (aka 'struct TX_THREAD_STRUCT *') [-Wpointer-to-int-cast] (Local CPU 21)
  132 |     TX_TRACE_IN_LINE_INSERT(TX_TRACE_SEMAPHORE_CREATE, semaphore_ptr, initial_count, TX_POINTER_TO_ULONG_CONVERT(&next_semaphore), 0, TX_TRACE_SEMAPHORE_EVENTS)
      |     ^~~~~~~~~~~~~~~~~~~~~~~~~~~~~~~~~~~~~~~~~~~~~~~~~~~~~~~~~~~~~~~~~~~~~~~~~~~~~~~~~~~~~~~~~~~~~~~~~~~~~~~~~~~~~~~~~~~~~~~~~~~~~~~~~~~~~~~~~~~~~~~~~~~~~~~~~~~~
threadx/common/inc/tx_trace.h:485:41: note: expanded from macro 'TX_TRACE_IN_LINE_INSERT'
  485 |                     trace_priority =    (ULONG) trace_thread_ptr; \
      |                                         ^~~~~~~~~~~~~~~~~~~~~~~~
threadx/common/src/tx_semaphore_create.c:132:5: warning: cast to smaller integer type 'ULONG' (aka 'unsigned long') from 'TX_THREAD *' (aka 'struct TX_THREAD_STRUCT *') [-Wpointer-to-int-cast]
  132 |     TX_TRACE_IN_LINE_INSERT(TX_TRACE_SEMAPHORE_CREATE, semaphore_ptr, initial_count, TX_POINTER_TO_ULONG_CONVERT(&next_semaphore), 0, TX_TRACE_SEMAPHORE_EVENTS)
      |     ^~~~~~~~~~~~~~~~~~~~~~~~~~~~~~~~~~~~~~~~~~~~~~~~~~~~~~~~~~~~~~~~~~~~~~~~~~~~~~~~~~~~~~~~~~~~~~~~~~~~~~~~~~~~~~~~~~~~~~~~~~~~~~~~~~~~~~~~~~~~~~~~~~~~~~~~~~~~
threadx/common/inc/tx_trace.h:493:81: note: expanded from macro 'TX_TRACE_IN_LINE_INSERT'
  493 |                 trace_event_ptr -> tx_trace_buffer_entry_thread_pointer =       (ULONG) trace_thread_ptr; \
      |                                                                                 ^~~~~~~~~~~~~~~~~~~~~~~~
threadx/common/src/tx_semaphore_create.c:132:5: warning: cast to smaller integer type 'ULONG' (aka 'unsigned long') from 'TX_SEMAPHORE *' (aka 'struct TX_SEMAPHORE_STRUCT *') [-Wpointer-to-int-cast]
  132 |     TX_TRACE_IN_LINE_INSERT(TX_TRACE_SEMAPHORE_CREATE, semaphore_ptr, initial_count, TX_POINTER_TO_ULONG_CONVERT(&next_semaphore), 0, TX_TRACE_SEMAPHORE_EVENTS)
      |     ^~~~~~~~~~~~~~~~~~~~~~~~~~~~~~~~~~~~~~~~~~~~~~~~~~~~~~~~~~~~~~~~~~~~~~~~~~~~~~~~~~~~~~~~~~~~~~~~~~~~~~~~~~~~~~~~~~~~~~~~~~~~~~~~~~~~~~~~~~~~~~~~~~~~~~~~~~~~
threadx/common/inc/tx_trace.h:497:17: note: expanded from macro 'TX_TRACE_IN_LINE_INSERT'
  497 |                 TX_TRACE_INFO_FIELD_ASSIGNMENT((a),(b),(c),(d)) \
      |                 ^~~~~~~~~~~~~~~~~~~~~~~~~~~~~~~~~~~~~~~~~~~~~~~
threadx/common/inc/tx_trace.h:457:114: note: expanded from macro 'TX_TRACE_INFO_FIELD_ASSIGNMENT'
  457 | #define TX_TRACE_INFO_FIELD_ASSIGNMENT(a,b,c,d)  trace_event_ptr -> tx_trace_buffer_entry_information_field_1 =  (ULONG) (a); trace_event_ptr -> tx_trace_buffer_entry_information_field_2 =  (ULONG) (b); trace_event_ptr -> tx_trace_buffer_entry_information_field_3 =  (ULONG) (c); trace_event_ptr -> tx_trace_buffer_entry_information_field_4 =  (ULONG) (d);
      |                                                                                                                  ^~~~~~~~~~~
threadx/common/src/tx_semaphore_create.c:132:86: warning: cast to smaller integer type 'ULONG' (aka 'unsigned long') from 'void *' [-Wvoid-pointer-to-int-cast]
  132 |     TX_TRACE_IN_LINE_INSERT(TX_TRACE_SEMAPHORE_CREATE, semaphore_ptr, initial_count, TX_POINTER_TO_ULONG_CONVERT(&next_semaphore), 0, TX_TRACE_SEMAPHORE_EVENTS)
      |     ~~~~~~~~~~~~~~~~~~~~~~~~~~~~~~~~~~~~~~~~~~~~~~~~~~~~~~~~~~~~~~~~~~~~~~~~~~~~~~~~~^~~~~~~~~~~~~~~~~~~~~~~~~~~~~~~~~~~~~~~~~~~~~~~~~~~~~~~~~~~~~~~~~~~~~~~~~~~
threadx/common/inc/tx_api.h:2062:58: note: expanded from macro 'TX_POINTER_TO_ULONG_CONVERT'
 2062 | #define TX_POINTER_TO_ULONG_CONVERT(a)                  ((ULONG) ((VOID *) (a)))
      |                                                          ^
threadx/common/inc/tx_trace.h:497:57: note: expanded from macro 'TX_TRACE_IN_LINE_INSERT'
  497 |                 TX_TRACE_INFO_FIELD_ASSIGNMENT((a),(b),(c),(d)) \
      |                 ~~~~~~~~~~~~~~~~~~~~~~~~~~~~~~~~~~~~~~~~^~~~~~~
threadx/common/inc/tx_trace.h:457:277: note: expanded from macro 'TX_TRACE_INFO_FIELD_ASSIGNMENT'
  457 | #define TX_TRACE_INFO_FIELD_ASSIGNMENT(a,b,c,d)  trace_event_ptr -> tx_trace_buffer_entry_information_field_1 =  (ULONG) (a); trace_event_ptr -> tx_trace_buffer_entry_information_field_2 =  (ULONG) (b); trace_event_ptr -> tx_trace_buffer_entry_information_field_3 =  (ULONG) (c); trace_event_ptr -> tx_trace_buffer_entry_information_field_4 =  (ULONG) (d);
      |                                                                                                                                                                                                                                                                                     ^
threadx/common/src/tx_semaphore_create.c:132:5: warning: cast to smaller integer type 'ULONG' (aka 'unsigned long') from 'TX_TRACE_BUFFER_ENTRY *' (aka 'struct TX_TRACE_BUFFER_ENTRY_STRUCT *') [-Wpointer-to-int-cast]
  132 |     TX_TRACE_IN_LINE_INSERT(TX_TRACE_SEMAPHORE_CREATE, semaphore_ptr, initial_count, TX_POINTER_TO_ULONG_CONVERT(&next_semaphore), 0, TX_TRACE_SEMAPHORE_EVENTS)
      |     ^~~~~~~~~~~~~~~~~~~~~~~~~~~~~~~~~~~~~~~~~~~~~~~~~~~~~~~~~~~~~~~~~~~~~~~~~~~~~~~~~~~~~~~~~~~~~~~~~~~~~~~~~~~~~~~~~~~~~~~~~~~~~~~~~~~~~~~~~~~~~~~~~~~~~~~~~~~~
threadx/common/inc/tx_trace.h:503:87: note: expanded from macro 'TX_TRACE_IN_LINE_INSERT'
  503 |                     _tx_trace_header_ptr -> tx_trace_header_buffer_current_pointer =  (ULONG) trace_event_ptr; \
      |                                                                                       ^~~~~~~~~~~~~~~~~~~~~~~
threadx/common/src/tx_semaphore_create.c:132:5: warning: cast to smaller integer type 'ULONG' (aka 'unsigned long') from 'TX_TRACE_BUFFER_ENTRY *' (aka 'struct TX_TRACE_BUFFER_ENTRY_STRUCT *') [-Wpointer-to-int-cast]
  132 |     TX_TRACE_IN_LINE_INSERT(TX_TRACE_SEMAPHORE_CREATE, semaphore_ptr, initial_count, TX_POINTER_TO_ULONG_CONVERT(&next_semaphore), 0, TX_TRACE_SEMAPHORE_EVENTS)
      |     ^~~~~~~~~~~~~~~~~~~~~~~~~~~~~~~~~~~~~~~~~~~~~~~~~~~~~~~~~~~~~~~~~~~~~~~~~~~~~~~~~~~~~~~~~~~~~~~~~~~~~~~~~~~~~~~~~~~~~~~~~~~~~~~~~~~~~~~~~~~~~~~~~~~~~~~~~~~~
threadx/common/inc/tx_trace.h:510:87: note: expanded from macro 'TX_TRACE_IN_LINE_INSERT'
  510 |                     _tx_trace_header_ptr -> tx_trace_header_buffer_current_pointer =  (ULONG) trace_event_ptr; \
      |                                                                                       ^~~~~~~~~~~~~~~~~~~~~~~
6 warnings generated.
threadx/common/src/tx_semaphore_info_get.c:91:5: warning: cast to smaller integer type 'ULONG' (aka 'unsigned long') from 'TX_THREAD *' (aka 'struct TX_THREAD_STRUCT *') [-Wpointer-to-int-cast] (Local CPU 4)
   91 |     TX_TRACE_IN_LINE_INSERT(TX_TRACE_SEMAPHORE_INFO_GET, semaphore_ptr, 0, 0, 0, TX_TRACE_SEMAPHORE_EVENTS)
      |     ^~~~~~~~~~~~~~~~~~~~~~~~~~~~~~~~~~~~~~~~~~~~~~~~~~~~~~~~~~~~~~~~~~~~~~~~~~~~~~~~~~~~~~~~~~~~~~~~~~~~~~~
threadx/common/inc/tx_trace.h:485:41: note: expanded from macro 'TX_TRACE_IN_LINE_INSERT'
  485 |                     trace_priority =    (ULONG) trace_thread_ptr; \
      |                                         ^~~~~~~~~~~~~~~~~~~~~~~~
threadx/common/src/tx_semaphore_info_get.c:91:5: warning: cast to smaller integer type 'ULONG' (aka 'unsigned long') from 'TX_THREAD *' (aka 'struct TX_THREAD_STRUCT *') [-Wpointer-to-int-cast]
   91 |     TX_TRACE_IN_LINE_INSERT(TX_TRACE_SEMAPHORE_INFO_GET, semaphore_ptr, 0, 0, 0, TX_TRACE_SEMAPHORE_EVENTS)
      |     ^~~~~~~~~~~~~~~~~~~~~~~~~~~~~~~~~~~~~~~~~~~~~~~~~~~~~~~~~~~~~~~~~~~~~~~~~~~~~~~~~~~~~~~~~~~~~~~~~~~~~~~
threadx/common/inc/tx_trace.h:493:81: note: expanded from macro 'TX_TRACE_IN_LINE_INSERT'
  493 |                 trace_event_ptr -> tx_trace_buffer_entry_thread_pointer =       (ULONG) trace_thread_ptr; \
      |                                                                                 ^~~~~~~~~~~~~~~~~~~~~~~~
threadx/common/src/tx_semaphore_info_get.c:91:5: warning: cast to smaller integer type 'ULONG' (aka 'unsigned long') from 'TX_SEMAPHORE *' (aka 'struct TX_SEMAPHORE_STRUCT *') [-Wpointer-to-int-cast]
   91 |     TX_TRACE_IN_LINE_INSERT(TX_TRACE_SEMAPHORE_INFO_GET, semaphore_ptr, 0, 0, 0, TX_TRACE_SEMAPHORE_EVENTS)
      |     ^~~~~~~~~~~~~~~~~~~~~~~~~~~~~~~~~~~~~~~~~~~~~~~~~~~~~~~~~~~~~~~~~~~~~~~~~~~~~~~~~~~~~~~~~~~~~~~~~~~~~~~
threadx/common/inc/tx_trace.h:497:17: note: expanded from macro 'TX_TRACE_IN_LINE_INSERT'
  497 |                 TX_TRACE_INFO_FIELD_ASSIGNMENT((a),(b),(c),(d)) \
      |                 ^~~~~~~~~~~~~~~~~~~~~~~~~~~~~~~~~~~~~~~~~~~~~~~
threadx/common/inc/tx_trace.h:457:114: note: expanded from macro 'TX_TRACE_INFO_FIELD_ASSIGNMENT'
  457 | #define TX_TRACE_INFO_FIELD_ASSIGNMENT(a,b,c,d)  trace_event_ptr -> tx_trace_buffer_entry_information_field_1 =  (ULONG) (a); trace_event_ptr -> tx_trace_buffer_entry_information_field_2 =  (ULONG) (b); trace_event_ptr -> tx_trace_buffer_entry_information_field_3 =  (ULONG) (c); trace_event_ptr -> tx_trace_buffer_entry_information_field_4 =  (ULONG) (d);
      |                                                                                                                  ^~~~~~~~~~~
threadx/common/src/tx_semaphore_info_get.c:91:5: warning: cast to smaller integer type 'ULONG' (aka 'unsigned long') from 'TX_TRACE_BUFFER_ENTRY *' (aka 'struct TX_TRACE_BUFFER_ENTRY_STRUCT *') [-Wpointer-to-int-cast]
   91 |     TX_TRACE_IN_LINE_INSERT(TX_TRACE_SEMAPHORE_INFO_GET, semaphore_ptr, 0, 0, 0, TX_TRACE_SEMAPHORE_EVENTS)
      |     ^~~~~~~~~~~~~~~~~~~~~~~~~~~~~~~~~~~~~~~~~~~~~~~~~~~~~~~~~~~~~~~~~~~~~~~~~~~~~~~~~~~~~~~~~~~~~~~~~~~~~~~
threadx/common/inc/tx_trace.h:503:87: note: expanded from macro 'TX_TRACE_IN_LINE_INSERT'
  503 |                     _tx_trace_header_ptr -> tx_trace_header_buffer_current_pointer =  (ULONG) trace_event_ptr; \
      |                                                                                       ^~~~~~~~~~~~~~~~~~~~~~~
threadx/common/src/tx_semaphore_info_get.c:91:5: warning: cast to smaller integer type 'ULONG' (aka 'unsigned long') from 'TX_TRACE_BUFFER_ENTRY *' (aka 'struct TX_TRACE_BUFFER_ENTRY_STRUCT *') [-Wpointer-to-int-cast]
   91 |     TX_TRACE_IN_LINE_INSERT(TX_TRACE_SEMAPHORE_INFO_GET, semaphore_ptr, 0, 0, 0, TX_TRACE_SEMAPHORE_EVENTS)
      |     ^~~~~~~~~~~~~~~~~~~~~~~~~~~~~~~~~~~~~~~~~~~~~~~~~~~~~~~~~~~~~~~~~~~~~~~~~~~~~~~~~~~~~~~~~~~~~~~~~~~~~~~
threadx/common/inc/tx_trace.h:510:87: note: expanded from macro 'TX_TRACE_IN_LINE_INSERT'
  510 |                     _tx_trace_header_ptr -> tx_trace_header_buffer_current_pointer =  (ULONG) trace_event_ptr; \
      |                                                                                       ^~~~~~~~~~~~~~~~~~~~~~~
5 warnings generated.
threadx/common/src/tx_semaphore_get.c:102:5: warning: cast to smaller integer type 'ULONG' (aka 'unsigned long') from 'TX_THREAD *' (aka 'struct TX_THREAD_STRUCT *') [-Wpointer-to-int-cast] (Local CPU 1)
  102 |     TX_TRACE_IN_LINE_INSERT(TX_TRACE_SEMAPHORE_GET, semaphore_ptr, wait_option, semaphore_ptr -> tx_semaphore_count, TX_POINTER_TO_ULONG_CONVERT(&thread_ptr), TX_TRACE_SEMAPHORE_EVENTS)
      |     ^~~~~~~~~~~~~~~~~~~~~~~~~~~~~~~~~~~~~~~~~~~~~~~~~~~~~~~~~~~~~~~~~~~~~~~~~~~~~~~~~~~~~~~~~~~~~~~~~~~~~~~~~~~~~~~~~~~~~~~~~~~~~~~~~~~~~~~~~~~~~~~~~~~~~~~~~~~~~~~~~~~~~~~~~~~~~~~~~~~~~
threadx/common/inc/tx_trace.h:485:41: note: expanded from macro 'TX_TRACE_IN_LINE_INSERT'
  485 |                     trace_priority =    (ULONG) trace_thread_ptr; \
      |                                         ^~~~~~~~~~~~~~~~~~~~~~~~
threadx/common/src/tx_semaphore_get.c:102:5: warning: cast to smaller integer type 'ULONG' (aka 'unsigned long') from 'TX_THREAD *' (aka 'struct TX_THREAD_STRUCT *') [-Wpointer-to-int-cast]
  102 |     TX_TRACE_IN_LINE_INSERT(TX_TRACE_SEMAPHORE_GET, semaphore_ptr, wait_option, semaphore_ptr -> tx_semaphore_count, TX_POINTER_TO_ULONG_CONVERT(&thread_ptr), TX_TRACE_SEMAPHORE_EVENTS)
      |     ^~~~~~~~~~~~~~~~~~~~~~~~~~~~~~~~~~~~~~~~~~~~~~~~~~~~~~~~~~~~~~~~~~~~~~~~~~~~~~~~~~~~~~~~~~~~~~~~~~~~~~~~~~~~~~~~~~~~~~~~~~~~~~~~~~~~~~~~~~~~~~~~~~~~~~~~~~~~~~~~~~~~~~~~~~~~~~~~~~~~~
threadx/common/inc/tx_trace.h:493:81: note: expanded from macro 'TX_TRACE_IN_LINE_INSERT'
  493 |                 trace_event_ptr -> tx_trace_buffer_entry_thread_pointer =       (ULONG) trace_thread_ptr; \
      |                                                                                 ^~~~~~~~~~~~~~~~~~~~~~~~
threadx/common/src/tx_semaphore_get.c:102:5: warning: cast to smaller integer type 'ULONG' (aka 'unsigned long') from 'TX_SEMAPHORE *' (aka 'struct TX_SEMAPHORE_STRUCT *') [-Wpointer-to-int-cast]
  102 |     TX_TRACE_IN_LINE_INSERT(TX_TRACE_SEMAPHORE_GET, semaphore_ptr, wait_option, semaphore_ptr -> tx_semaphore_count, TX_POINTER_TO_ULONG_CONVERT(&thread_ptr), TX_TRACE_SEMAPHORE_EVENTS)
      |     ^~~~~~~~~~~~~~~~~~~~~~~~~~~~~~~~~~~~~~~~~~~~~~~~~~~~~~~~~~~~~~~~~~~~~~~~~~~~~~~~~~~~~~~~~~~~~~~~~~~~~~~~~~~~~~~~~~~~~~~~~~~~~~~~~~~~~~~~~~~~~~~~~~~~~~~~~~~~~~~~~~~~~~~~~~~~~~~~~~~~~
threadx/common/inc/tx_trace.h:497:17: note: expanded from macro 'TX_TRACE_IN_LINE_INSERT'
  497 |                 TX_TRACE_INFO_FIELD_ASSIGNMENT((a),(b),(c),(d)) \
      |                 ^~~~~~~~~~~~~~~~~~~~~~~~~~~~~~~~~~~~~~~~~~~~~~~
threadx/common/inc/tx_trace.h:457:114: note: expanded from macro 'TX_TRACE_INFO_FIELD_ASSIGNMENT'
  457 | #define TX_TRACE_INFO_FIELD_ASSIGNMENT(a,b,c,d)  trace_event_ptr -> tx_trace_buffer_entry_information_field_1 =  (ULONG) (a); trace_event_ptr -> tx_trace_buffer_entry_information_field_2 =  (ULONG) (b); trace_event_ptr -> tx_trace_buffer_entry_information_field_3 =  (ULONG) (c); trace_event_ptr -> tx_trace_buffer_entry_information_field_4 =  (ULONG) (d);
      |                                                                                                                  ^~~~~~~~~~~
threadx/common/src/tx_semaphore_get.c:102:118: warning: cast to smaller integer type 'ULONG' (aka 'unsigned long') from 'void *' [-Wvoid-pointer-to-int-cast]
  102 |     TX_TRACE_IN_LINE_INSERT(TX_TRACE_SEMAPHORE_GET, semaphore_ptr, wait_option, semaphore_ptr -> tx_semaphore_count, TX_POINTER_TO_ULONG_CONVERT(&thread_ptr), TX_TRACE_SEMAPHORE_EVENTS)
      |     ~~~~~~~~~~~~~~~~~~~~~~~~~~~~~~~~~~~~~~~~~~~~~~~~~~~~~~~~~~~~~~~~~~~~~~~~~~~~~~~~~~~~~~~~~~~~~~~~~~~~~~~~~~~~~~~~~^~~~~~~~~~~~~~~~~~~~~~~~~~~~~~~~~~~~~~~~~~~~~~~~~~~~~~~~~~~~~~~~~~~~
threadx/common/inc/tx_api.h:2062:58: note: expanded from macro 'TX_POINTER_TO_ULONG_CONVERT'
 2062 | #define TX_POINTER_TO_ULONG_CONVERT(a)                  ((ULONG) ((VOID *) (a)))
      |                                                          ^
threadx/common/inc/tx_trace.h:497:61: note: expanded from macro 'TX_TRACE_IN_LINE_INSERT'
  497 |                 TX_TRACE_INFO_FIELD_ASSIGNMENT((a),(b),(c),(d)) \
      |                 ~~~~~~~~~~~~~~~~~~~~~~~~~~~~~~~~~~~~~~~~~~~~^~~
threadx/common/inc/tx_trace.h:457:354: note: expanded from macro 'TX_TRACE_INFO_FIELD_ASSIGNMENT'
  457 | #define TX_TRACE_INFO_FIELD_ASSIGNMENT(a,b,c,d)  trace_event_ptr -> tx_trace_buffer_entry_information_field_1 =  (ULONG) (a); trace_event_ptr -> tx_trace_buffer_entry_information_field_2 =  (ULONG) (b); trace_event_ptr -> tx_trace_buffer_entry_information_field_3 =  (ULONG) (c); trace_event_ptr -> tx_trace_buffer_entry_information_field_4 =  (ULONG) (d);
      |                                                                                                                                                                                                                                                                                                                                                                  ^
threadx/common/src/tx_semaphore_get.c:102:5: warning: cast to smaller integer type 'ULONG' (aka 'unsigned long') from 'TX_TRACE_BUFFER_ENTRY *' (aka 'struct TX_TRACE_BUFFER_ENTRY_STRUCT *') [-Wpointer-to-int-cast]
  102 |     TX_TRACE_IN_LINE_INSERT(TX_TRACE_SEMAPHORE_GET, semaphore_ptr, wait_option, semaphore_ptr -> tx_semaphore_count, TX_POINTER_TO_ULONG_CONVERT(&thread_ptr), TX_TRACE_SEMAPHORE_EVENTS)
      |     ^~~~~~~~~~~~~~~~~~~~~~~~~~~~~~~~~~~~~~~~~~~~~~~~~~~~~~~~~~~~~~~~~~~~~~~~~~~~~~~~~~~~~~~~~~~~~~~~~~~~~~~~~~~~~~~~~~~~~~~~~~~~~~~~~~~~~~~~~~~~~~~~~~~~~~~~~~~~~~~~~~~~~~~~~~~~~~~~~~~~~
threadx/common/inc/tx_trace.h:503:87: note: expanded from macro 'TX_TRACE_IN_LINE_INSERT'
  503 |                     _tx_trace_header_ptr -> tx_trace_header_buffer_current_pointer =  (ULONG) trace_event_ptr; \
      |                                                                                       ^~~~~~~~~~~~~~~~~~~~~~~
threadx/common/src/tx_semaphore_get.c:102:5: warning: cast to smaller integer type 'ULONG' (aka 'unsigned long') from 'TX_TRACE_BUFFER_ENTRY *' (aka 'struct TX_TRACE_BUFFER_ENTRY_STRUCT *') [-Wpointer-to-int-cast]
  102 |     TX_TRACE_IN_LINE_INSERT(TX_TRACE_SEMAPHORE_GET, semaphore_ptr, wait_option, semaphore_ptr -> tx_semaphore_count, TX_POINTER_TO_ULONG_CONVERT(&thread_ptr), TX_TRACE_SEMAPHORE_EVENTS)
      |     ^~~~~~~~~~~~~~~~~~~~~~~~~~~~~~~~~~~~~~~~~~~~~~~~~~~~~~~~~~~~~~~~~~~~~~~~~~~~~~~~~~~~~~~~~~~~~~~~~~~~~~~~~~~~~~~~~~~~~~~~~~~~~~~~~~~~~~~~~~~~~~~~~~~~~~~~~~~~~~~~~~~~~~~~~~~~~~~~~~~~~
threadx/common/inc/tx_trace.h:510:87: note: expanded from macro 'TX_TRACE_IN_LINE_INSERT'
  510 |                     _tx_trace_header_ptr -> tx_trace_header_buffer_current_pointer =  (ULONG) trace_event_ptr; \
      |                                                                                       ^~~~~~~~~~~~~~~~~~~~~~~
6 warnings generated.
threadx/common/src/tx_semaphore_performance_info_get.c:114:9: warning: cast to smaller integer type 'ULONG' (aka 'unsigned long') from 'TX_THREAD *' (aka 'struct TX_THREAD_STRUCT *') [-Wpointer-to-int-cast] (Local CPU 12)
  114 |         TX_TRACE_IN_LINE_INSERT(TX_TRACE_SEMAPHORE_PERFORMANCE_INFO_GET, semaphore_ptr, 0, 0, 0, TX_TRACE_SEMAPHORE_EVENTS)
      |         ^~~~~~~~~~~~~~~~~~~~~~~~~~~~~~~~~~~~~~~~~~~~~~~~~~~~~~~~~~~~~~~~~~~~~~~~~~~~~~~~~~~~~~~~~~~~~~~~~~~~~~~~~~~~~~~~~~~
threadx/common/inc/tx_trace.h:485:41: note: expanded from macro 'TX_TRACE_IN_LINE_INSERT'
  485 |                     trace_priority =    (ULONG) trace_thread_ptr; \
      |                                         ^~~~~~~~~~~~~~~~~~~~~~~~
threadx/common/src/tx_semaphore_performance_info_get.c:114:9: warning: cast to smaller integer type 'ULONG' (aka 'unsigned long') from 'TX_THREAD *' (aka 'struct TX_THREAD_STRUCT *') [-Wpointer-to-int-cast]
  114 |         TX_TRACE_IN_LINE_INSERT(TX_TRACE_SEMAPHORE_PERFORMANCE_INFO_GET, semaphore_ptr, 0, 0, 0, TX_TRACE_SEMAPHORE_EVENTS)
      |         ^~~~~~~~~~~~~~~~~~~~~~~~~~~~~~~~~~~~~~~~~~~~~~~~~~~~~~~~~~~~~~~~~~~~~~~~~~~~~~~~~~~~~~~~~~~~~~~~~~~~~~~~~~~~~~~~~~~
threadx/common/inc/tx_trace.h:493:81: note: expanded from macro 'TX_TRACE_IN_LINE_INSERT'
  493 |                 trace_event_ptr -> tx_trace_buffer_entry_thread_pointer =       (ULONG) trace_thread_ptr; \
      |                                                                                 ^~~~~~~~~~~~~~~~~~~~~~~~
threadx/common/src/tx_semaphore_performance_info_get.c:114:9: warning: cast to smaller integer type 'ULONG' (aka 'unsigned long') from 'TX_SEMAPHORE *' (aka 'struct TX_SEMAPHORE_STRUCT *') [-Wpointer-to-int-cast]
  114 |         TX_TRACE_IN_LINE_INSERT(TX_TRACE_SEMAPHORE_PERFORMANCE_INFO_GET, semaphore_ptr, 0, 0, 0, TX_TRACE_SEMAPHORE_EVENTS)
      |         ^~~~~~~~~~~~~~~~~~~~~~~~~~~~~~~~~~~~~~~~~~~~~~~~~~~~~~~~~~~~~~~~~~~~~~~~~~~~~~~~~~~~~~~~~~~~~~~~~~~~~~~~~~~~~~~~~~~
threadx/common/inc/tx_trace.h:497:17: note: expanded from macro 'TX_TRACE_IN_LINE_INSERT'
  497 |                 TX_TRACE_INFO_FIELD_ASSIGNMENT((a),(b),(c),(d)) \
      |                 ^~~~~~~~~~~~~~~~~~~~~~~~~~~~~~~~~~~~~~~~~~~~~~~
threadx/common/inc/tx_trace.h:457:114: note: expanded from macro 'TX_TRACE_INFO_FIELD_ASSIGNMENT'
  457 | #define TX_TRACE_INFO_FIELD_ASSIGNMENT(a,b,c,d)  trace_event_ptr -> tx_trace_buffer_entry_information_field_1 =  (ULONG) (a); trace_event_ptr -> tx_trace_buffer_entry_information_field_2 =  (ULONG) (b); trace_event_ptr -> tx_trace_buffer_entry_information_field_3 =  (ULONG) (c); trace_event_ptr -> tx_trace_buffer_entry_information_field_4 =  (ULONG) (d);
      |                                                                                                                  ^~~~~~~~~~~
threadx/common/src/tx_semaphore_performance_info_get.c:114:9: warning: cast to smaller integer type 'ULONG' (aka 'unsigned long') from 'TX_TRACE_BUFFER_ENTRY *' (aka 'struct TX_TRACE_BUFFER_ENTRY_STRUCT *') [-Wpointer-to-int-cast]
  114 |         TX_TRACE_IN_LINE_INSERT(TX_TRACE_SEMAPHORE_PERFORMANCE_INFO_GET, semaphore_ptr, 0, 0, 0, TX_TRACE_SEMAPHORE_EVENTS)
      |         ^~~~~~~~~~~~~~~~~~~~~~~~~~~~~~~~~~~~~~~~~~~~~~~~~~~~~~~~~~~~~~~~~~~~~~~~~~~~~~~~~~~~~~~~~~~~~~~~~~~~~~~~~~~~~~~~~~~
threadx/common/inc/tx_trace.h:503:87: note: expanded from macro 'TX_TRACE_IN_LINE_INSERT'
  503 |                     _tx_trace_header_ptr -> tx_trace_header_buffer_current_pointer =  (ULONG) trace_event_ptr; \
      |                                                                                       ^~~~~~~~~~~~~~~~~~~~~~~
threadx/common/src/tx_semaphore_performance_info_get.c:114:9: warning: cast to smaller integer type 'ULONG' (aka 'unsigned long') from 'TX_TRACE_BUFFER_ENTRY *' (aka 'struct TX_TRACE_BUFFER_ENTRY_STRUCT *') [-Wpointer-to-int-cast]
  114 |         TX_TRACE_IN_LINE_INSERT(TX_TRACE_SEMAPHORE_PERFORMANCE_INFO_GET, semaphore_ptr, 0, 0, 0, TX_TRACE_SEMAPHORE_EVENTS)
      |         ^~~~~~~~~~~~~~~~~~~~~~~~~~~~~~~~~~~~~~~~~~~~~~~~~~~~~~~~~~~~~~~~~~~~~~~~~~~~~~~~~~~~~~~~~~~~~~~~~~~~~~~~~~~~~~~~~~~
threadx/common/inc/tx_trace.h:510:87: note: expanded from macro 'TX_TRACE_IN_LINE_INSERT'
  510 |                     _tx_trace_header_ptr -> tx_trace_header_buffer_current_pointer =  (ULONG) trace_event_ptr; \
      |                                                                                       ^~~~~~~~~~~~~~~~~~~~~~~
5 warnings generated.
threadx/common/src/tx_semaphore_performance_system_info_get.c:92:5: warning: cast to smaller integer type 'ULONG' (aka 'unsigned long') from 'TX_THREAD *' (aka 'struct TX_THREAD_STRUCT *') [-Wpointer-to-int-cast] (Local CPU 2)
   92 |     TX_TRACE_IN_LINE_INSERT(TX_TRACE_SEMAPHORE__PERFORMANCE_SYSTEM_INFO_GET, 0, 0, 0, 0, TX_TRACE_SEMAPHORE_EVENTS)
      |     ^~~~~~~~~~~~~~~~~~~~~~~~~~~~~~~~~~~~~~~~~~~~~~~~~~~~~~~~~~~~~~~~~~~~~~~~~~~~~~~~~~~~~~~~~~~~~~~~~~~~~~~~~~~~~~~
threadx/common/inc/tx_trace.h:485:41: note: expanded from macro 'TX_TRACE_IN_LINE_INSERT'
  485 |                     trace_priority =    (ULONG) trace_thread_ptr; \
      |                                         ^~~~~~~~~~~~~~~~~~~~~~~~
threadx/common/src/tx_semaphore_performance_system_info_get.c:92:5: warning: cast to smaller integer type 'ULONG' (aka 'unsigned long') from 'TX_THREAD *' (aka 'struct TX_THREAD_STRUCT *') [-Wpointer-to-int-cast]
   92 |     TX_TRACE_IN_LINE_INSERT(TX_TRACE_SEMAPHORE__PERFORMANCE_SYSTEM_INFO_GET, 0, 0, 0, 0, TX_TRACE_SEMAPHORE_EVENTS)
      |     ^~~~~~~~~~~~~~~~~~~~~~~~~~~~~~~~~~~~~~~~~~~~~~~~~~~~~~~~~~~~~~~~~~~~~~~~~~~~~~~~~~~~~~~~~~~~~~~~~~~~~~~~~~~~~~~
threadx/common/inc/tx_trace.h:493:81: note: expanded from macro 'TX_TRACE_IN_LINE_INSERT'
  493 |                 trace_event_ptr -> tx_trace_buffer_entry_thread_pointer =       (ULONG) trace_thread_ptr; \
      |                                                                                 ^~~~~~~~~~~~~~~~~~~~~~~~
threadx/common/src/tx_semaphore_performance_system_info_get.c:92:5: warning: cast to smaller integer type 'ULONG' (aka 'unsigned long') from 'TX_TRACE_BUFFER_ENTRY *' (aka 'struct TX_TRACE_BUFFER_ENTRY_STRUCT *') [-Wpointer-to-int-cast]
   92 |     TX_TRACE_IN_LINE_INSERT(TX_TRACE_SEMAPHORE__PERFORMANCE_SYSTEM_INFO_GET, 0, 0, 0, 0, TX_TRACE_SEMAPHORE_EVENTS)
      |     ^~~~~~~~~~~~~~~~~~~~~~~~~~~~~~~~~~~~~~~~~~~~~~~~~~~~~~~~~~~~~~~~~~~~~~~~~~~~~~~~~~~~~~~~~~~~~~~~~~~~~~~~~~~~~~~
threadx/common/inc/tx_trace.h:503:87: note: expanded from macro 'TX_TRACE_IN_LINE_INSERT'
  503 |                     _tx_trace_header_ptr -> tx_trace_header_buffer_current_pointer =  (ULONG) trace_event_ptr; \
      |                                                                                       ^~~~~~~~~~~~~~~~~~~~~~~
threadx/common/src/tx_semaphore_performance_system_info_get.c:92:5: warning: cast to smaller integer type 'ULONG' (aka 'unsigned long') from 'TX_TRACE_BUFFER_ENTRY *' (aka 'struct TX_TRACE_BUFFER_ENTRY_STRUCT *') [-Wpointer-to-int-cast]
   92 |     TX_TRACE_IN_LINE_INSERT(TX_TRACE_SEMAPHORE__PERFORMANCE_SYSTEM_INFO_GET, 0, 0, 0, 0, TX_TRACE_SEMAPHORE_EVENTS)
      |     ^~~~~~~~~~~~~~~~~~~~~~~~~~~~~~~~~~~~~~~~~~~~~~~~~~~~~~~~~~~~~~~~~~~~~~~~~~~~~~~~~~~~~~~~~~~~~~~~~~~~~~~~~~~~~~~
threadx/common/inc/tx_trace.h:510:87: note: expanded from macro 'TX_TRACE_IN_LINE_INSERT'
  510 |                     _tx_trace_header_ptr -> tx_trace_header_buffer_current_pointer =  (ULONG) trace_event_ptr; \
      |                                                                                       ^~~~~~~~~~~~~~~~~~~~~~~
4 warnings generated.
threadx/common/src/tx_semaphore_prioritize.c:92:5: warning: cast to smaller integer type 'ULONG' (aka 'unsigned long') from 'TX_THREAD *' (aka 'struct TX_THREAD_STRUCT *') [-Wpointer-to-int-cast] (Local CPU 6)
   92 |     TX_TRACE_IN_LINE_INSERT(TX_TRACE_SEMAPHORE_PRIORITIZE, semaphore_ptr, semaphore_ptr -> tx_semaphore_suspended_count, TX_POINTER_TO_ULONG_CONVERT(&suspended_count), 0, TX_TRACE_SEMAPHORE_EVENTS)
      |     ^~~~~~~~~~~~~~~~~~~~~~~~~~~~~~~~~~~~~~~~~~~~~~~~~~~~~~~~~~~~~~~~~~~~~~~~~~~~~~~~~~~~~~~~~~~~~~~~~~~~~~~~~~~~~~~~~~~~~~~~~~~~~~~~~~~~~~~~~~~~~~~~~~~~~~~~~~~~~~~~~~~~~~~~~~~~~~~~~~~~~~~~~~~~~~~~~
threadx/common/inc/tx_trace.h:485:41: note: expanded from macro 'TX_TRACE_IN_LINE_INSERT'
  485 |                     trace_priority =    (ULONG) trace_thread_ptr; \
      |                                         ^~~~~~~~~~~~~~~~~~~~~~~~
threadx/common/src/tx_semaphore_prioritize.c:92:5: warning: cast to smaller integer type 'ULONG' (aka 'unsigned long') from 'TX_THREAD *' (aka 'struct TX_THREAD_STRUCT *') [-Wpointer-to-int-cast]
   92 |     TX_TRACE_IN_LINE_INSERT(TX_TRACE_SEMAPHORE_PRIORITIZE, semaphore_ptr, semaphore_ptr -> tx_semaphore_suspended_count, TX_POINTER_TO_ULONG_CONVERT(&suspended_count), 0, TX_TRACE_SEMAPHORE_EVENTS)
      |     ^~~~~~~~~~~~~~~~~~~~~~~~~~~~~~~~~~~~~~~~~~~~~~~~~~~~~~~~~~~~~~~~~~~~~~~~~~~~~~~~~~~~~~~~~~~~~~~~~~~~~~~~~~~~~~~~~~~~~~~~~~~~~~~~~~~~~~~~~~~~~~~~~~~~~~~~~~~~~~~~~~~~~~~~~~~~~~~~~~~~~~~~~~~~~~~~~
threadx/common/inc/tx_trace.h:493:81: note: expanded from macro 'TX_TRACE_IN_LINE_INSERT'
  493 |                 trace_event_ptr -> tx_trace_buffer_entry_thread_pointer =       (ULONG) trace_thread_ptr; \
      |                                                                                 ^~~~~~~~~~~~~~~~~~~~~~~~
threadx/common/src/tx_semaphore_prioritize.c:92:5: warning: cast to smaller integer type 'ULONG' (aka 'unsigned long') from 'TX_SEMAPHORE *' (aka 'struct TX_SEMAPHORE_STRUCT *') [-Wpointer-to-int-cast]
   92 |     TX_TRACE_IN_LINE_INSERT(TX_TRACE_SEMAPHORE_PRIORITIZE, semaphore_ptr, semaphore_ptr -> tx_semaphore_suspended_count, TX_POINTER_TO_ULONG_CONVERT(&suspended_count), 0, TX_TRACE_SEMAPHORE_EVENTS)
      |     ^~~~~~~~~~~~~~~~~~~~~~~~~~~~~~~~~~~~~~~~~~~~~~~~~~~~~~~~~~~~~~~~~~~~~~~~~~~~~~~~~~~~~~~~~~~~~~~~~~~~~~~~~~~~~~~~~~~~~~~~~~~~~~~~~~~~~~~~~~~~~~~~~~~~~~~~~~~~~~~~~~~~~~~~~~~~~~~~~~~~~~~~~~~~~~~~~
threadx/common/inc/tx_trace.h:497:17: note: expanded from macro 'TX_TRACE_IN_LINE_INSERT'
  497 |                 TX_TRACE_INFO_FIELD_ASSIGNMENT((a),(b),(c),(d)) \
      |                 ^~~~~~~~~~~~~~~~~~~~~~~~~~~~~~~~~~~~~~~~~~~~~~~
threadx/common/inc/tx_trace.h:457:114: note: expanded from macro 'TX_TRACE_INFO_FIELD_ASSIGNMENT'
  457 | #define TX_TRACE_INFO_FIELD_ASSIGNMENT(a,b,c,d)  trace_event_ptr -> tx_trace_buffer_entry_information_field_1 =  (ULONG) (a); trace_event_ptr -> tx_trace_buffer_entry_information_field_2 =  (ULONG) (b); trace_event_ptr -> tx_trace_buffer_entry_information_field_3 =  (ULONG) (c); trace_event_ptr -> tx_trace_buffer_entry_information_field_4 =  (ULONG) (d);
      |                                                                                                                  ^~~~~~~~~~~
threadx/common/src/tx_semaphore_prioritize.c:92:122: warning: cast to smaller integer type 'ULONG' (aka 'unsigned long') from 'void *' [-Wvoid-pointer-to-int-cast]
   92 |     TX_TRACE_IN_LINE_INSERT(TX_TRACE_SEMAPHORE_PRIORITIZE, semaphore_ptr, semaphore_ptr -> tx_semaphore_suspended_count, TX_POINTER_TO_ULONG_CONVERT(&suspended_count), 0, TX_TRACE_SEMAPHORE_EVENTS)
      |     ~~~~~~~~~~~~~~~~~~~~~~~~~~~~~~~~~~~~~~~~~~~~~~~~~~~~~~~~~~~~~~~~~~~~~~~~~~~~~~~~~~~~~~~~~~~~~~~~~~~~~~~~~~~~~~~~~~~~~^~~~~~~~~~~~~~~~~~~~~~~~~~~~~~~~~~~~~~~~~~~~~~~~~~~~~~~~~~~~~~~~~~~~~~~~~~~~
threadx/common/inc/tx_api.h:2062:58: note: expanded from macro 'TX_POINTER_TO_ULONG_CONVERT'
 2062 | #define TX_POINTER_TO_ULONG_CONVERT(a)                  ((ULONG) ((VOID *) (a)))
      |                                                          ^
threadx/common/inc/tx_trace.h:497:57: note: expanded from macro 'TX_TRACE_IN_LINE_INSERT'
  497 |                 TX_TRACE_INFO_FIELD_ASSIGNMENT((a),(b),(c),(d)) \
      |                 ~~~~~~~~~~~~~~~~~~~~~~~~~~~~~~~~~~~~~~~~^~~~~~~
threadx/common/inc/tx_trace.h:457:277: note: expanded from macro 'TX_TRACE_INFO_FIELD_ASSIGNMENT'
  457 | #define TX_TRACE_INFO_FIELD_ASSIGNMENT(a,b,c,d)  trace_event_ptr -> tx_trace_buffer_entry_information_field_1 =  (ULONG) (a); trace_event_ptr -> tx_trace_buffer_entry_information_field_2 =  (ULONG) (b); trace_event_ptr -> tx_trace_buffer_entry_information_field_3 =  (ULONG) (c); trace_event_ptr -> tx_trace_buffer_entry_information_field_4 =  (ULONG) (d);
      |                                                                                                                                                                                                                                                                                     ^
threadx/common/src/tx_semaphore_prioritize.c:92:5: warning: cast to smaller integer type 'ULONG' (aka 'unsigned long') from 'TX_TRACE_BUFFER_ENTRY *' (aka 'struct TX_TRACE_BUFFER_ENTRY_STRUCT *') [-Wpointer-to-int-cast]
   92 |     TX_TRACE_IN_LINE_INSERT(TX_TRACE_SEMAPHORE_PRIORITIZE, semaphore_ptr, semaphore_ptr -> tx_semaphore_suspended_count, TX_POINTER_TO_ULONG_CONVERT(&suspended_count), 0, TX_TRACE_SEMAPHORE_EVENTS)
      |     ^~~~~~~~~~~~~~~~~~~~~~~~~~~~~~~~~~~~~~~~~~~~~~~~~~~~~~~~~~~~~~~~~~~~~~~~~~~~~~~~~~~~~~~~~~~~~~~~~~~~~~~~~~~~~~~~~~~~~~~~~~~~~~~~~~~~~~~~~~~~~~~~~~~~~~~~~~~~~~~~~~~~~~~~~~~~~~~~~~~~~~~~~~~~~~~~~
threadx/common/inc/tx_trace.h:503:87: note: expanded from macro 'TX_TRACE_IN_LINE_INSERT'
  503 |                     _tx_trace_header_ptr -> tx_trace_header_buffer_current_pointer =  (ULONG) trace_event_ptr; \
      |                                                                                       ^~~~~~~~~~~~~~~~~~~~~~~
threadx/common/src/tx_semaphore_prioritize.c:92:5: warning: cast to smaller integer type 'ULONG' (aka 'unsigned long') from 'TX_TRACE_BUFFER_ENTRY *' (aka 'struct TX_TRACE_BUFFER_ENTRY_STRUCT *') [-Wpointer-to-int-cast]
   92 |     TX_TRACE_IN_LINE_INSERT(TX_TRACE_SEMAPHORE_PRIORITIZE, semaphore_ptr, semaphore_ptr -> tx_semaphore_suspended_count, TX_POINTER_TO_ULONG_CONVERT(&suspended_count), 0, TX_TRACE_SEMAPHORE_EVENTS)
      |     ^~~~~~~~~~~~~~~~~~~~~~~~~~~~~~~~~~~~~~~~~~~~~~~~~~~~~~~~~~~~~~~~~~~~~~~~~~~~~~~~~~~~~~~~~~~~~~~~~~~~~~~~~~~~~~~~~~~~~~~~~~~~~~~~~~~~~~~~~~~~~~~~~~~~~~~~~~~~~~~~~~~~~~~~~~~~~~~~~~~~~~~~~~~~~~~~~
threadx/common/inc/tx_trace.h:510:87: note: expanded from macro 'TX_TRACE_IN_LINE_INSERT'
  510 |                     _tx_trace_header_ptr -> tx_trace_header_buffer_current_pointer =  (ULONG) trace_event_ptr; \
      |                                                                                       ^~~~~~~~~~~~~~~~~~~~~~~
6 warnings generated.
"Compiling: threadx/common/src/tx_trace_disable.c"
threadx/common/src/tx_semaphore_put_notify.c:93:5: warning: cast to smaller integer type 'ULONG' (aka 'unsigned long') from 'TX_THREAD *' (aka 'struct TX_THREAD_STRUCT *') [-Wpointer-to-int-cast] (Local CPU 7)
   93 |     TX_TRACE_IN_LINE_INSERT(TX_TRACE_SEMAPHORE_PUT_NOTIFY, semaphore_ptr, 0, 0, 0, TX_TRACE_SEMAPHORE_EVENTS)
      |     ^~~~~~~~~~~~~~~~~~~~~~~~~~~~~~~~~~~~~~~~~~~~~~~~~~~~~~~~~~~~~~~~~~~~~~~~~~~~~~~~~~~~~~~~~~~~~~~~~~~~~~~~~
threadx/common/inc/tx_trace.h:485:41: note: expanded from macro 'TX_TRACE_IN_LINE_INSERT'
  485 |                     trace_priority =    (ULONG) trace_thread_ptr; \
      |                                         ^~~~~~~~~~~~~~~~~~~~~~~~
threadx/common/src/tx_semaphore_put_notify.c:93:5: warning: cast to smaller integer type 'ULONG' (aka 'unsigned long') from 'TX_THREAD *' (aka 'struct TX_THREAD_STRUCT *') [-Wpointer-to-int-cast]
   93 |     TX_TRACE_IN_LINE_INSERT(TX_TRACE_SEMAPHORE_PUT_NOTIFY, semaphore_ptr, 0, 0, 0, TX_TRACE_SEMAPHORE_EVENTS)
      |     ^~~~~~~~~~~~~~~~~~~~~~~~~~~~~~~~~~~~~~~~~~~~~~~~~~~~~~~~~~~~~~~~~~~~~~~~~~~~~~~~~~~~~~~~~~~~~~~~~~~~~~~~~
threadx/common/inc/tx_trace.h:493:81: note: expanded from macro 'TX_TRACE_IN_LINE_INSERT'
  493 |                 trace_event_ptr -> tx_trace_buffer_entry_thread_pointer =       (ULONG) trace_thread_ptr; \
      |                                                                                 ^~~~~~~~~~~~~~~~~~~~~~~~
threadx/common/src/tx_semaphore_put_notify.c:93:5: warning: cast to smaller integer type 'ULONG' (aka 'unsigned long') from 'TX_SEMAPHORE *' (aka 'struct TX_SEMAPHORE_STRUCT *') [-Wpointer-to-int-cast]
   93 |     TX_TRACE_IN_LINE_INSERT(TX_TRACE_SEMAPHORE_PUT_NOTIFY, semaphore_ptr, 0, 0, 0, TX_TRACE_SEMAPHORE_EVENTS)
      |     ^~~~~~~~~~~~~~~~~~~~~~~~~~~~~~~~~~~~~~~~~~~~~~~~~~~~~~~~~~~~~~~~~~~~~~~~~~~~~~~~~~~~~~~~~~~~~~~~~~~~~~~~~
threadx/common/inc/tx_trace.h:497:17: note: expanded from macro 'TX_TRACE_IN_LINE_INSERT'
  497 |                 TX_TRACE_INFO_FIELD_ASSIGNMENT((a),(b),(c),(d)) \
      |                 ^~~~~~~~~~~~~~~~~~~~~~~~~~~~~~~~~~~~~~~~~~~~~~~
threadx/common/inc/tx_trace.h:457:114: note: expanded from macro 'TX_TRACE_INFO_FIELD_ASSIGNMENT'
  457 | #define TX_TRACE_INFO_FIELD_ASSIGNMENT(a,b,c,d)  trace_event_ptr -> tx_trace_buffer_entry_information_field_1 =  (ULONG) (a); trace_event_ptr -> tx_trace_buffer_entry_information_field_2 =  (ULONG) (b); trace_event_ptr -> tx_trace_buffer_entry_information_field_3 =  (ULONG) (c); trace_event_ptr -> tx_trace_buffer_entry_information_field_4 =  (ULONG) (d);
      |                                                                                                                  ^~~~~~~~~~~
threadx/common/src/tx_semaphore_put_notify.c:93:5: warning: cast to smaller integer type 'ULONG' (aka 'unsigned long') from 'TX_TRACE_BUFFER_ENTRY *' (aka 'struct TX_TRACE_BUFFER_ENTRY_STRUCT *') [-Wpointer-to-int-cast]
   93 |     TX_TRACE_IN_LINE_INSERT(TX_TRACE_SEMAPHORE_PUT_NOTIFY, semaphore_ptr, 0, 0, 0, TX_TRACE_SEMAPHORE_EVENTS)
      |     ^~~~~~~~~~~~~~~~~~~~~~~~~~~~~~~~~~~~~~~~~~~~~~~~~~~~~~~~~~~~~~~~~~~~~~~~~~~~~~~~~~~~~~~~~~~~~~~~~~~~~~~~~
threadx/common/inc/tx_trace.h:503:87: note: expanded from macro 'TX_TRACE_IN_LINE_INSERT'
  503 |                     _tx_trace_header_ptr -> tx_trace_header_buffer_current_pointer =  (ULONG) trace_event_ptr; \
      |                                                                                       ^~~~~~~~~~~~~~~~~~~~~~~
threadx/common/src/tx_semaphore_put_notify.c:93:5: warning: cast to smaller integer type 'ULONG' (aka 'unsigned long') from 'TX_TRACE_BUFFER_ENTRY *' (aka 'struct TX_TRACE_BUFFER_ENTRY_STRUCT *') [-Wpointer-to-int-cast]
   93 |     TX_TRACE_IN_LINE_INSERT(TX_TRACE_SEMAPHORE_PUT_NOTIFY, semaphore_ptr, 0, 0, 0, TX_TRACE_SEMAPHORE_EVENTS)
      |     ^~~~~~~~~~~~~~~~~~~~~~~~~~~~~~~~~~~~~~~~~~~~~~~~~~~~~~~~~~~~~~~~~~~~~~~~~~~~~~~~~~~~~~~~~~~~~~~~~~~~~~~~~
threadx/common/inc/tx_trace.h:510:87: note: expanded from macro 'TX_TRACE_IN_LINE_INSERT'
  510 |                     _tx_trace_header_ptr -> tx_trace_header_buffer_current_pointer =  (ULONG) trace_event_ptr; \
      |                                                                                       ^~~~~~~~~~~~~~~~~~~~~~~
5 warnings generated.
"Compiling: threadx_port/src/tx_thread_context_save.c"
"Compiling: threadx/common/src/tx_trace_event_filter.c"
"Compiling: threadx/common/src/tx_trace_initialize.c"
"Compiling: threadx/common/src/tx_trace_interrupt_control.c"
"Compiling: threadx/common/src/tx_trace_isr_enter_insert.c"
"Compiling: threadx/common/src/tx_trace_event_unfilter.c"
"Compiling: threadx/common/src/tx_trace_enable.c"
"Compiling: threadx/common/src/tx_trace_object_register.c"
"Compiling: threadx_port/src/tx_initialize_low_level.c"
"Compiling: threadx_port/src/tx_thread_interrupt_control.c"
"Compiling: threadx_port/src/tx_thread_schedule.c"
"Compiling: threadx_port/src/tx_thread_stack_build.c"
"Compiling: threadx/common/src/tx_trace_user_event_insert.c"
"Compiling: threadx/common/src/tx_trace_isr_exit_insert.c"
"Compiling: threadx_port/src/tx_thread_system_return.c"
"Compiling: threadx/common/src/tx_trace_object_unregister.c"
"Compiling: threadx_port/src/tx_thread_context_restore.c"
clang -Wall -Wextra -g -O0 -DTX_INCLUDE_USER_DEFINE_FILE -Ithreadx/common/inc -Ithreadx_port/inc -I. -c threadx/common/src/tx_trace_disable.c -o build_threadx/tx_common/tx_trace_disable.o
clang -Wall -Wextra -g -O0 -DTX_INCLUDE_USER_DEFINE_FILE -Ithreadx/common/inc -Ithreadx_port/inc -I. -c threadx/common/src/tx_trace_enable.c -o build_threadx/tx_common/tx_trace_enable.o
clang -Wall -Wextra -g -O0 -DTX_INCLUDE_USER_DEFINE_FILE -Ithreadx/common/inc -Ithreadx_port/inc -I. -c threadx/common/src/tx_trace_event_filter.c -o build_threadx/tx_common/tx_trace_event_filter.o
clang -Wall -Wextra -g -O0 -DTX_INCLUDE_USER_DEFINE_FILE -Ithreadx/common/inc -Ithreadx_port/inc -I. -c threadx/common/src/tx_trace_event_unfilter.c -o build_threadx/tx_common/tx_trace_event_unfilter.o
clang -Wall -Wextra -g -O0 -DTX_INCLUDE_USER_DEFINE_FILE -Ithreadx/common/inc -Ithreadx_port/inc -I. -c threadx/common/src/tx_trace_initialize.c -o build_threadx/tx_common/tx_trace_initialize.o
clang -Wall -Wextra -g -O0 -DTX_INCLUDE_USER_DEFINE_FILE -Ithreadx/common/inc -Ithreadx_port/inc -I. -c threadx/common/src/tx_trace_interrupt_control.c -o build_threadx/tx_common/tx_trace_interrupt_control.o
"Compiling: threadx_port/src/tx_timer_interrupt.c"
clang -Wall -Wextra -g -O0 -DTX_INCLUDE_USER_DEFINE_FILE -Ithreadx/common/inc -Ithreadx_port/inc -I. -c threadx/common/src/tx_trace_isr_enter_insert.c -o build_threadx/tx_common/tx_trace_isr_enter_insert.o
clang -Wall -Wextra -g -O0 -DTX_INCLUDE_USER_DEFINE_FILE -Ithreadx/common/inc -Ithreadx_port/inc -I. -c threadx/common/src/tx_trace_isr_exit_insert.c -o build_threadx/tx_common/tx_trace_isr_exit_insert.o
clang -Wall -Wextra -g -O0 -DTX_INCLUDE_USER_DEFINE_FILE -Ithreadx/common/inc -Ithreadx_port/inc -I. -c threadx/common/src/tx_trace_object_register.c -o build_threadx/tx_common/tx_trace_object_register.o
clang -Wall -Wextra -g -O0 -DTX_INCLUDE_USER_DEFINE_FILE -Ithreadx/common/inc -Ithreadx_port/inc -I. -c threadx/common/src/tx_trace_object_unregister.c -o build_threadx/tx_common/tx_trace_object_unregister.o
clang -Wall -Wextra -g -O0 -DTX_INCLUDE_USER_DEFINE_FILE -Ithreadx/common/inc -Ithreadx_port/inc -I. -c threadx/common/src/tx_trace_user_event_insert.c -o build_threadx/tx_common/tx_trace_user_event_insert.o
clang -Wall -Wextra -g -O0 -DTX_INCLUDE_USER_DEFINE_FILE -Ithreadx/common/inc -Ithreadx_port/inc -I. -c threadx_port/src/tx_initialize_low_level.c -o build_threadx/tx_port/tx_initialize_low_level.o
clang -Wall -Wextra -g -O0 -DTX_INCLUDE_USER_DEFINE_FILE -Ithreadx/common/inc -Ithreadx_port/inc -I. -c threadx_port/src/tx_thread_context_restore.c -o build_threadx/tx_port/tx_thread_context_restore.o
clang -Wall -Wextra -g -O0 -DTX_INCLUDE_USER_DEFINE_FILE -Ithreadx/common/inc -Ithreadx_port/inc -I. -c threadx_port/src/tx_thread_context_save.c -o build_threadx/tx_port/tx_thread_context_save.o
clang -Wall -Wextra -g -O0 -DTX_INCLUDE_USER_DEFINE_FILE -Ithreadx/common/inc -Ithreadx_port/inc -I. -c threadx_port/src/tx_thread_interrupt_control.c -o build_threadx/tx_port/tx_thread_interrupt_control.o
clang -Wall -Wextra -g -O0 -DTX_INCLUDE_USER_DEFINE_FILE -Ithreadx/common/inc -Ithreadx_port/inc -I. -c threadx_port/src/tx_thread_schedule.c -o build_threadx/tx_port/tx_thread_schedule.o
clang -Wall -Wextra -g -O0 -DTX_INCLUDE_USER_DEFINE_FILE -Ithreadx/common/inc -Ithreadx_port/inc -I. -c threadx_port/src/tx_thread_stack_build.c -o build_threadx/tx_port/tx_thread_stack_build.o
clang -Wall -Wextra -g -O0 -DTX_INCLUDE_USER_DEFINE_FILE -Ithreadx/common/inc -Ithreadx_port/inc -I. -c threadx_port/src/tx_thread_system_return.c -o build_threadx/tx_port/tx_thread_system_return.o
clang -Wall -Wextra -g -O0 -DTX_INCLUDE_USER_DEFINE_FILE -Ithreadx/common/inc -Ithreadx_port/inc -I. -c threadx_port/src/tx_timer_interrupt.c -o build_threadx/tx_port/tx_timer_interrupt.o
threadx/common/src/tx_semaphore_put.c:102:5: warning: cast to smaller integer type 'ULONG' (aka 'unsigned long') from 'TX_THREAD *' (aka 'struct TX_THREAD_STRUCT *') [-Wpointer-to-int-cast] (Local CPU 18)
  102 |     TX_TRACE_IN_LINE_INSERT(TX_TRACE_SEMAPHORE_PUT, semaphore_ptr, semaphore_ptr -> tx_semaphore_count, semaphore_ptr -> tx_semaphore_suspended_count, TX_POINTER_TO_ULONG_CONVERT(&thread_ptr), TX_TRACE_SEMAPHORE_EVENTS)
      |     ^~~~~~~~~~~~~~~~~~~~~~~~~~~~~~~~~~~~~~~~~~~~~~~~~~~~~~~~~~~~~~~~~~~~~~~~~~~~~~~~~~~~~~~~~~~~~~~~~~~~~~~~~~~~~~~~~~~~~~~~~~~~~~~~~~~~~~~~~~~~~~~~~~~~~~~~~~~~~~~~~~~~~~~~~~~~~~~~~~~~~~~~~~~~~~~~~~~~~~~~~~~~~~~~~~~~~~~
threadx/common/inc/tx_trace.h:485:41: note: expanded from macro 'TX_TRACE_IN_LINE_INSERT'
  485 |                     trace_priority =    (ULONG) trace_thread_ptr; \
      |                                         ^~~~~~~~~~~~~~~~~~~~~~~~
threadx/common/src/tx_semaphore_put.c:102:5: warning: cast to smaller integer type 'ULONG' (aka 'unsigned long') from 'TX_THREAD *' (aka 'struct TX_THREAD_STRUCT *') [-Wpointer-to-int-cast]
  102 |     TX_TRACE_IN_LINE_INSERT(TX_TRACE_SEMAPHORE_PUT, semaphore_ptr, semaphore_ptr -> tx_semaphore_count, semaphore_ptr -> tx_semaphore_suspended_count, TX_POINTER_TO_ULONG_CONVERT(&thread_ptr), TX_TRACE_SEMAPHORE_EVENTS)
      |     ^~~~~~~~~~~~~~~~~~~~~~~~~~~~~~~~~~~~~~~~~~~~~~~~~~~~~~~~~~~~~~~~~~~~~~~~~~~~~~~~~~~~~~~~~~~~~~~~~~~~~~~~~~~~~~~~~~~~~~~~~~~~~~~~~~~~~~~~~~~~~~~~~~~~~~~~~~~~~~~~~~~~~~~~~~~~~~~~~~~~~~~~~~~~~~~~~~~~~~~~~~~~~~~~~~~~~~~
threadx/common/inc/tx_trace.h:493:81: note: expanded from macro 'TX_TRACE_IN_LINE_INSERT'
  493 |                 trace_event_ptr -> tx_trace_buffer_entry_thread_pointer =       (ULONG) trace_thread_ptr; \
      |                                                                                 ^~~~~~~~~~~~~~~~~~~~~~~~
threadx/common/src/tx_semaphore_put.c:102:5: warning: cast to smaller integer type 'ULONG' (aka 'unsigned long') from 'TX_SEMAPHORE *' (aka 'struct TX_SEMAPHORE_STRUCT *') [-Wpointer-to-int-cast]
  102 |     TX_TRACE_IN_LINE_INSERT(TX_TRACE_SEMAPHORE_PUT, semaphore_ptr, semaphore_ptr -> tx_semaphore_count, semaphore_ptr -> tx_semaphore_suspended_count, TX_POINTER_TO_ULONG_CONVERT(&thread_ptr), TX_TRACE_SEMAPHORE_EVENTS)
      |     ^~~~~~~~~~~~~~~~~~~~~~~~~~~~~~~~~~~~~~~~~~~~~~~~~~~~~~~~~~~~~~~~~~~~~~~~~~~~~~~~~~~~~~~~~~~~~~~~~~~~~~~~~~~~~~~~~~~~~~~~~~~~~~~~~~~~~~~~~~~~~~~~~~~~~~~~~~~~~~~~~~~~~~~~~~~~~~~~~~~~~~~~~~~~~~~~~~~~~~~~~~~~~~~~~~~~~~~
threadx/common/inc/tx_trace.h:497:17: note: expanded from macro 'TX_TRACE_IN_LINE_INSERT'
  497 |                 TX_TRACE_INFO_FIELD_ASSIGNMENT((a),(b),(c),(d)) \
      |                 ^~~~~~~~~~~~~~~~~~~~~~~~~~~~~~~~~~~~~~~~~~~~~~~
threadx/common/inc/tx_trace.h:457:114: note: expanded from macro 'TX_TRACE_INFO_FIELD_ASSIGNMENT'
  457 | #define TX_TRACE_INFO_FIELD_ASSIGNMENT(a,b,c,d)  trace_event_ptr -> tx_trace_buffer_entry_information_field_1 =  (ULONG) (a); trace_event_ptr -> tx_trace_buffer_entry_information_field_2 =  (ULONG) (b); trace_event_ptr -> tx_trace_buffer_entry_information_field_3 =  (ULONG) (c); trace_event_ptr -> tx_trace_buffer_entry_information_field_4 =  (ULONG) (d);
      |                                                                                                                  ^~~~~~~~~~~
threadx/common/src/tx_semaphore_put.c:102:152: warning: cast to smaller integer type 'ULONG' (aka 'unsigned long') from 'void *' [-Wvoid-pointer-to-int-cast]
  102 |     TX_TRACE_IN_LINE_INSERT(TX_TRACE_SEMAPHORE_PUT, semaphore_ptr, semaphore_ptr -> tx_semaphore_count, semaphore_ptr -> tx_semaphore_suspended_count, TX_POINTER_TO_ULONG_CONVERT(&thread_ptr), TX_TRACE_SEMAPHORE_EVENTS)
      |     ~~~~~~~~~~~~~~~~~~~~~~~~~~~~~~~~~~~~~~~~~~~~~~~~~~~~~~~~~~~~~~~~~~~~~~~~~~~~~~~~~~~~~~~~~~~~~~~~~~~~~~~~~~~~~~~~~~~~~~~~~~~~~~~~~~~~~~~~~~~~~~~~~~~^~~~~~~~~~~~~~~~~~~~~~~~~~~~~~~~~~~~~~~~~~~~~~~~~~~~~~~~~~~~~~~~~~~~
threadx/common/inc/tx_api.h:2062:58: note: expanded from macro 'TX_POINTER_TO_ULONG_CONVERT'
 2062 | #define TX_POINTER_TO_ULONG_CONVERT(a)                  ((ULONG) ((VOID *) (a)))
      |                                                          ^
threadx/common/inc/tx_trace.h:497:61: note: expanded from macro 'TX_TRACE_IN_LINE_INSERT'
  497 |                 TX_TRACE_INFO_FIELD_ASSIGNMENT((a),(b),(c),(d)) \
      |                 ~~~~~~~~~~~~~~~~~~~~~~~~~~~~~~~~~~~~~~~~~~~~^~~
threadx/common/inc/tx_trace.h:457:354: note: expanded from macro 'TX_TRACE_INFO_FIELD_ASSIGNMENT'
  457 | #define TX_TRACE_INFO_FIELD_ASSIGNMENT(a,b,c,d)  trace_event_ptr -> tx_trace_buffer_entry_information_field_1 =  (ULONG) (a); trace_event_ptr -> tx_trace_buffer_entry_information_field_2 =  (ULONG) (b); trace_event_ptr -> tx_trace_buffer_entry_information_field_3 =  (ULONG) (c); trace_event_ptr -> tx_trace_buffer_entry_information_field_4 =  (ULONG) (d);
      |                                                                                                                                                                                                                                                                                                                                                                  ^
threadx/common/src/tx_semaphore_put.c:102:5: warning: cast to smaller integer type 'ULONG' (aka 'unsigned long') from 'TX_TRACE_BUFFER_ENTRY *' (aka 'struct TX_TRACE_BUFFER_ENTRY_STRUCT *') [-Wpointer-to-int-cast]
  102 |     TX_TRACE_IN_LINE_INSERT(TX_TRACE_SEMAPHORE_PUT, semaphore_ptr, semaphore_ptr -> tx_semaphore_count, semaphore_ptr -> tx_semaphore_suspended_count, TX_POINTER_TO_ULONG_CONVERT(&thread_ptr), TX_TRACE_SEMAPHORE_EVENTS)
      |     ^~~~~~~~~~~~~~~~~~~~~~~~~~~~~~~~~~~~~~~~~~~~~~~~~~~~~~~~~~~~~~~~~~~~~~~~~~~~~~~~~~~~~~~~~~~~~~~~~~~~~~~~~~~~~~~~~~~~~~~~~~~~~~~~~~~~~~~~~~~~~~~~~~~~~~~~~~~~~~~~~~~~~~~~~~~~~~~~~~~~~~~~~~~~~~~~~~~~~~~~~~~~~~~~~~~~~~~
threadx/common/inc/tx_trace.h:503:87: note: expanded from macro 'TX_TRACE_IN_LINE_INSERT'
  503 |                     _tx_trace_header_ptr -> tx_trace_header_buffer_current_pointer =  (ULONG) trace_event_ptr; \
      |                                                                                       ^~~~~~~~~~~~~~~~~~~~~~~
threadx/common/src/tx_semaphore_put.c:102:5: warning: cast to smaller integer type 'ULONG' (aka 'unsigned long') from 'TX_TRACE_BUFFER_ENTRY *' (aka 'struct TX_TRACE_BUFFER_ENTRY_STRUCT *') [-Wpointer-to-int-cast]
  102 |     TX_TRACE_IN_LINE_INSERT(TX_TRACE_SEMAPHORE_PUT, semaphore_ptr, semaphore_ptr -> tx_semaphore_count, semaphore_ptr -> tx_semaphore_suspended_count, TX_POINTER_TO_ULONG_CONVERT(&thread_ptr), TX_TRACE_SEMAPHORE_EVENTS)
      |     ^~~~~~~~~~~~~~~~~~~~~~~~~~~~~~~~~~~~~~~~~~~~~~~~~~~~~~~~~~~~~~~~~~~~~~~~~~~~~~~~~~~~~~~~~~~~~~~~~~~~~~~~~~~~~~~~~~~~~~~~~~~~~~~~~~~~~~~~~~~~~~~~~~~~~~~~~~~~~~~~~~~~~~~~~~~~~~~~~~~~~~~~~~~~~~~~~~~~~~~~~~~~~~~~~~~~~~~
threadx/common/inc/tx_trace.h:510:87: note: expanded from macro 'TX_TRACE_IN_LINE_INSERT'
  510 |                     _tx_trace_header_ptr -> tx_trace_header_buffer_current_pointer =  (ULONG) trace_event_ptr; \
      |                                                                                       ^~~~~~~~~~~~~~~~~~~~~~~
6 warnings generated.
"Compiling: sensor_threadx.c"
clang -Wall -Wextra -g -O0 -DTX_INCLUDE_USER_DEFINE_FILE -Ithreadx/common/inc -Ithreadx_port/inc -I. -c sensor_threadx.c -o build_threadx/sensor_threadx.o
threadx/common/src/tx_thread_create.c:144:24: warning: cast to smaller integer type 'ULONG' (aka 'unsigned long') from 'void *' [-Wvoid-pointer-to-int-cast] (Local CPU 8)
  144 |     new_stack_start =  TX_POINTER_TO_ALIGN_TYPE_CONVERT(stack_start);
      |                        ^~~~~~~~~~~~~~~~~~~~~~~~~~~~~~~~~~~~~~~~~~~~~
threadx/common/inc/tx_api.h:2064:58: note: expanded from macro 'TX_POINTER_TO_ALIGN_TYPE_CONVERT'
 2064 | #define TX_POINTER_TO_ALIGN_TYPE_CONVERT(a)             ((ALIGN_TYPE) ((VOID *) (a)))
      |                                                          ^~~~~~~~~~~~~~~~~~~~~~~~~~~
threadx/common/src/tx_thread_create.c:160:20: warning: cast to 'void *' from smaller integer type 'ULONG' (aka 'unsigned long') [-Wint-to-void-pointer-cast]
  160 |     stack_start =  TX_ALIGN_TYPE_TO_POINTER_CONVERT(updated_stack_start);
      |                    ^~~~~~~~~~~~~~~~~~~~~~~~~~~~~~~~~~~~~~~~~~~~~~~~~~~~~
threadx/common/inc/tx_api.h:2065:58: note: expanded from macro 'TX_ALIGN_TYPE_TO_POINTER_CONVERT'
 2065 | #define TX_ALIGN_TYPE_TO_POINTER_CONVERT(a)             ((VOID *) ((ALIGN_TYPE) (a)))
      |                                                          ^~~~~~~~~~~~~~~~~~~~~~~~~~~
threadx/common/src/tx_thread_create.c:216:5: warning: cast to smaller integer type 'ULONG' (aka 'unsigned long') from 'void *' [-Wvoid-pointer-to-int-cast]
  216 |     TX_THREAD_CREATE_TIMEOUT_SETUP(thread_ptr)
      |     ^~~~~~~~~~~~~~~~~~~~~~~~~~~~~~~~~~~~~~~~~~
threadx/common/inc/tx_thread.h:139:107: note: expanded from macro 'TX_THREAD_CREATE_TIMEOUT_SETUP'
  139 |                                              (t) -> tx_thread_timer.tx_timer_internal_timeout_param =     TX_POINTER_TO_ULONG_CONVERT((t));
      |                                                                                                           ^~~~~~~~~~~~~~~~~~~~~~~~~~~~~~~~
threadx/common/inc/tx_api.h:2062:58: note: expanded from macro 'TX_POINTER_TO_ULONG_CONVERT'
 2062 | #define TX_POINTER_TO_ULONG_CONVERT(a)                  ((ULONG) ((VOID *) (a)))
      |                                                          ^~~~~~~~~~~~~~~~~~~~~~
threadx/common/src/tx_thread_create.c:268:81: warning: cast to smaller integer type 'ULONG' (aka 'unsigned long') from 'void *' [-Wvoid-pointer-to-int-cast]
  268 |     TX_TRACE_OBJECT_REGISTER(TX_TRACE_OBJECT_TYPE_THREAD, thread_ptr, name_ptr, TX_POINTER_TO_ULONG_CONVERT(stack_start), stack_size)
      |     ~~~~~~~~~~~~~~~~~~~~~~~~~~~~~~~~~~~~~~~~~~~~~~~~~~~~~~~~~~~~~~~~~~~~~~~~~~~~^~~~~~~~~~~~~~~~~~~~~~~~~~~~~~~~~~~~~~~~~~~~~~~~~~~~~
threadx/common/inc/tx_api.h:2062:58: note: expanded from macro 'TX_POINTER_TO_ULONG_CONVERT'
 2062 | #define TX_POINTER_TO_ULONG_CONVERT(a)                  ((ULONG) ((VOID *) (a)))
      |                                                          ^
threadx/common/inc/tx_trace.h:462:141: note: expanded from macro 'TX_TRACE_OBJECT_REGISTER'
  462 | #define TX_TRACE_OBJECT_REGISTER(t,p,n,a,b)                     _tx_trace_object_register((UCHAR) (t), (VOID *) (p), (CHAR *) (n), (ULONG) (a), (ULONG) (b));
      |                                                                                                                                             ^
threadx/common/src/tx_thread_create.c:271:5: warning: cast to smaller integer type 'ULONG' (aka 'unsigned long') from 'TX_THREAD *' (aka 'struct TX_THREAD_STRUCT *') [-Wpointer-to-int-cast]
  271 |     TX_TRACE_IN_LINE_INSERT(TX_TRACE_THREAD_CREATE, thread_ptr, priority, TX_POINTER_TO_ULONG_CONVERT(stack_start), stack_size, TX_TRACE_THREAD_EVENTS)
      |     ^~~~~~~~~~~~~~~~~~~~~~~~~~~~~~~~~~~~~~~~~~~~~~~~~~~~~~~~~~~~~~~~~~~~~~~~~~~~~~~~~~~~~~~~~~~~~~~~~~~~~~~~~~~~~~~~~~~~~~~~~~~~~~~~~~~~~~~~~~~~~~~~~~~
threadx/common/inc/tx_trace.h:485:41: note: expanded from macro 'TX_TRACE_IN_LINE_INSERT'
  485 |                     trace_priority =    (ULONG) trace_thread_ptr; \
      |                                         ^~~~~~~~~~~~~~~~~~~~~~~~
threadx/common/src/tx_thread_create.c:271:5: warning: cast to smaller integer type 'ULONG' (aka 'unsigned long') from 'TX_THREAD *' (aka 'struct TX_THREAD_STRUCT *') [-Wpointer-to-int-cast]
  271 |     TX_TRACE_IN_LINE_INSERT(TX_TRACE_THREAD_CREATE, thread_ptr, priority, TX_POINTER_TO_ULONG_CONVERT(stack_start), stack_size, TX_TRACE_THREAD_EVENTS)
      |     ^~~~~~~~~~~~~~~~~~~~~~~~~~~~~~~~~~~~~~~~~~~~~~~~~~~~~~~~~~~~~~~~~~~~~~~~~~~~~~~~~~~~~~~~~~~~~~~~~~~~~~~~~~~~~~~~~~~~~~~~~~~~~~~~~~~~~~~~~~~~~~~~~~~
threadx/common/inc/tx_trace.h:493:81: note: expanded from macro 'TX_TRACE_IN_LINE_INSERT'
  493 |                 trace_event_ptr -> tx_trace_buffer_entry_thread_pointer =       (ULONG) trace_thread_ptr; \
      |                                                                                 ^~~~~~~~~~~~~~~~~~~~~~~~
threadx/common/src/tx_thread_create.c:271:5: warning: cast to smaller integer type 'ULONG' (aka 'unsigned long') from 'TX_THREAD *' (aka 'struct TX_THREAD_STRUCT *') [-Wpointer-to-int-cast]
  271 |     TX_TRACE_IN_LINE_INSERT(TX_TRACE_THREAD_CREATE, thread_ptr, priority, TX_POINTER_TO_ULONG_CONVERT(stack_start), stack_size, TX_TRACE_THREAD_EVENTS)
      |     ^~~~~~~~~~~~~~~~~~~~~~~~~~~~~~~~~~~~~~~~~~~~~~~~~~~~~~~~~~~~~~~~~~~~~~~~~~~~~~~~~~~~~~~~~~~~~~~~~~~~~~~~~~~~~~~~~~~~~~~~~~~~~~~~~~~~~~~~~~~~~~~~~~~
threadx/common/inc/tx_trace.h:497:17: note: expanded from macro 'TX_TRACE_IN_LINE_INSERT'
  497 |                 TX_TRACE_INFO_FIELD_ASSIGNMENT((a),(b),(c),(d)) \
      |                 ^~~~~~~~~~~~~~~~~~~~~~~~~~~~~~~~~~~~~~~~~~~~~~~
threadx/common/inc/tx_trace.h:457:114: note: expanded from macro 'TX_TRACE_INFO_FIELD_ASSIGNMENT'
  457 | #define TX_TRACE_INFO_FIELD_ASSIGNMENT(a,b,c,d)  trace_event_ptr -> tx_trace_buffer_entry_information_field_1 =  (ULONG) (a); trace_event_ptr -> tx_trace_buffer_entry_information_field_2 =  (ULONG) (b); trace_event_ptr -> tx_trace_buffer_entry_information_field_3 =  (ULONG) (c); trace_event_ptr -> tx_trace_buffer_entry_information_field_4 =  (ULONG) (d);
      |                                                                                                                  ^~~~~~~~~~~
threadx/common/src/tx_thread_create.c:271:75: warning: cast to smaller integer type 'ULONG' (aka 'unsigned long') from 'void *' [-Wvoid-pointer-to-int-cast]
  271 |     TX_TRACE_IN_LINE_INSERT(TX_TRACE_THREAD_CREATE, thread_ptr, priority, TX_POINTER_TO_ULONG_CONVERT(stack_start), stack_size, TX_TRACE_THREAD_EVENTS)
      |     ~~~~~~~~~~~~~~~~~~~~~~~~~~~~~~~~~~~~~~~~~~~~~~~~~~~~~~~~~~~~~~~~~~~~~~^~~~~~~~~~~~~~~~~~~~~~~~~~~~~~~~~~~~~~~~~~~~~~~~~~~~~~~~~~~~~~~~~~~~~~~~~~~~~
threadx/common/inc/tx_api.h:2062:58: note: expanded from macro 'TX_POINTER_TO_ULONG_CONVERT'
 2062 | #define TX_POINTER_TO_ULONG_CONVERT(a)                  ((ULONG) ((VOID *) (a)))
      |                                                          ^
threadx/common/inc/tx_trace.h:497:57: note: expanded from macro 'TX_TRACE_IN_LINE_INSERT'
  497 |                 TX_TRACE_INFO_FIELD_ASSIGNMENT((a),(b),(c),(d)) \
      |                 ~~~~~~~~~~~~~~~~~~~~~~~~~~~~~~~~~~~~~~~~^~~~~~~
threadx/common/inc/tx_trace.h:457:277: note: expanded from macro 'TX_TRACE_INFO_FIELD_ASSIGNMENT'
  457 | #define TX_TRACE_INFO_FIELD_ASSIGNMENT(a,b,c,d)  trace_event_ptr -> tx_trace_buffer_entry_information_field_1 =  (ULONG) (a); trace_event_ptr -> tx_trace_buffer_entry_information_field_2 =  (ULONG) (b); trace_event_ptr -> tx_trace_buffer_entry_information_field_3 =  (ULONG) (c); trace_event_ptr -> tx_trace_buffer_entry_information_field_4 =  (ULONG) (d);
      |                                                                                                                                                                                                                                                                                     ^
threadx/common/src/tx_thread_create.c:271:5: warning: cast to smaller integer type 'ULONG' (aka 'unsigned long') from 'TX_TRACE_BUFFER_ENTRY *' (aka 'struct TX_TRACE_BUFFER_ENTRY_STRUCT *') [-Wpointer-to-int-cast]
  271 |     TX_TRACE_IN_LINE_INSERT(TX_TRACE_THREAD_CREATE, thread_ptr, priority, TX_POINTER_TO_ULONG_CONVERT(stack_start), stack_size, TX_TRACE_THREAD_EVENTS)
      |     ^~~~~~~~~~~~~~~~~~~~~~~~~~~~~~~~~~~~~~~~~~~~~~~~~~~~~~~~~~~~~~~~~~~~~~~~~~~~~~~~~~~~~~~~~~~~~~~~~~~~~~~~~~~~~~~~~~~~~~~~~~~~~~~~~~~~~~~~~~~~~~~~~~~
threadx/common/inc/tx_trace.h:503:87: note: expanded from macro 'TX_TRACE_IN_LINE_INSERT'
  503 |                     _tx_trace_header_ptr -> tx_trace_header_buffer_current_pointer =  (ULONG) trace_event_ptr; \
      |                                                                                       ^~~~~~~~~~~~~~~~~~~~~~~
threadx/common/src/tx_thread_create.c:271:5: warning: cast to smaller integer type 'ULONG' (aka 'unsigned long') from 'TX_TRACE_BUFFER_ENTRY *' (aka 'struct TX_TRACE_BUFFER_ENTRY_STRUCT *') [-Wpointer-to-int-cast]
  271 |     TX_TRACE_IN_LINE_INSERT(TX_TRACE_THREAD_CREATE, thread_ptr, priority, TX_POINTER_TO_ULONG_CONVERT(stack_start), stack_size, TX_TRACE_THREAD_EVENTS)
      |     ^~~~~~~~~~~~~~~~~~~~~~~~~~~~~~~~~~~~~~~~~~~~~~~~~~~~~~~~~~~~~~~~~~~~~~~~~~~~~~~~~~~~~~~~~~~~~~~~~~~~~~~~~~~~~~~~~~~~~~~~~~~~~~~~~~~~~~~~~~~~~~~~~~~
threadx/common/inc/tx_trace.h:510:87: note: expanded from macro 'TX_TRACE_IN_LINE_INSERT'
  510 |                     _tx_trace_header_ptr -> tx_trace_header_buffer_current_pointer =  (ULONG) trace_event_ptr; \
      |                                                                                       ^~~~~~~~~~~~~~~~~~~~~~~
10 warnings generated.
threadx/common/src/tx_thread_entry_exit_notify.c:95:5: warning: cast to smaller integer type 'ULONG' (aka 'unsigned long') from 'TX_THREAD *' (aka 'struct TX_THREAD_STRUCT *') [-Wpointer-to-int-cast] (Local CPU 14)
   95 |     TX_TRACE_IN_LINE_INSERT(TX_TRACE_THREAD_ENTRY_EXIT_NOTIFY, thread_ptr, thread_ptr -> tx_thread_state, 0, 0, TX_TRACE_THREAD_EVENTS)
      |     ^~~~~~~~~~~~~~~~~~~~~~~~~~~~~~~~~~~~~~~~~~~~~~~~~~~~~~~~~~~~~~~~~~~~~~~~~~~~~~~~~~~~~~~~~~~~~~~~~~~~~~~~~~~~~~~~~~~~~~~~~~~~~~~~~~~
threadx/common/inc/tx_trace.h:485:41: note: expanded from macro 'TX_TRACE_IN_LINE_INSERT'
  485 |                     trace_priority =    (ULONG) trace_thread_ptr; \
      |                                         ^~~~~~~~~~~~~~~~~~~~~~~~
threadx/common/src/tx_thread_entry_exit_notify.c:95:5: warning: cast to smaller integer type 'ULONG' (aka 'unsigned long') from 'TX_THREAD *' (aka 'struct TX_THREAD_STRUCT *') [-Wpointer-to-int-cast]
   95 |     TX_TRACE_IN_LINE_INSERT(TX_TRACE_THREAD_ENTRY_EXIT_NOTIFY, thread_ptr, thread_ptr -> tx_thread_state, 0, 0, TX_TRACE_THREAD_EVENTS)
      |     ^~~~~~~~~~~~~~~~~~~~~~~~~~~~~~~~~~~~~~~~~~~~~~~~~~~~~~~~~~~~~~~~~~~~~~~~~~~~~~~~~~~~~~~~~~~~~~~~~~~~~~~~~~~~~~~~~~~~~~~~~~~~~~~~~~~
threadx/common/inc/tx_trace.h:493:81: note: expanded from macro 'TX_TRACE_IN_LINE_INSERT'
  493 |                 trace_event_ptr -> tx_trace_buffer_entry_thread_pointer =       (ULONG) trace_thread_ptr; \
      |                                                                                 ^~~~~~~~~~~~~~~~~~~~~~~~
threadx/common/src/tx_thread_entry_exit_notify.c:95:5: warning: cast to smaller integer type 'ULONG' (aka 'unsigned long') from 'TX_THREAD *' (aka 'struct TX_THREAD_STRUCT *') [-Wpointer-to-int-cast]
   95 |     TX_TRACE_IN_LINE_INSERT(TX_TRACE_THREAD_ENTRY_EXIT_NOTIFY, thread_ptr, thread_ptr -> tx_thread_state, 0, 0, TX_TRACE_THREAD_EVENTS)
      |     ^~~~~~~~~~~~~~~~~~~~~~~~~~~~~~~~~~~~~~~~~~~~~~~~~~~~~~~~~~~~~~~~~~~~~~~~~~~~~~~~~~~~~~~~~~~~~~~~~~~~~~~~~~~~~~~~~~~~~~~~~~~~~~~~~~~
threadx/common/inc/tx_trace.h:497:17: note: expanded from macro 'TX_TRACE_IN_LINE_INSERT'
  497 |                 TX_TRACE_INFO_FIELD_ASSIGNMENT((a),(b),(c),(d)) \
      |                 ^~~~~~~~~~~~~~~~~~~~~~~~~~~~~~~~~~~~~~~~~~~~~~~
threadx/common/inc/tx_trace.h:457:114: note: expanded from macro 'TX_TRACE_INFO_FIELD_ASSIGNMENT'
  457 | #define TX_TRACE_INFO_FIELD_ASSIGNMENT(a,b,c,d)  trace_event_ptr -> tx_trace_buffer_entry_information_field_1 =  (ULONG) (a); trace_event_ptr -> tx_trace_buffer_entry_information_field_2 =  (ULONG) (b); trace_event_ptr -> tx_trace_buffer_entry_information_field_3 =  (ULONG) (c); trace_event_ptr -> tx_trace_buffer_entry_information_field_4 =  (ULONG) (d);
      |                                                                                                                  ^~~~~~~~~~~
threadx/common/src/tx_thread_entry_exit_notify.c:95:5: warning: cast to smaller integer type 'ULONG' (aka 'unsigned long') from 'TX_TRACE_BUFFER_ENTRY *' (aka 'struct TX_TRACE_BUFFER_ENTRY_STRUCT *') [-Wpointer-to-int-cast]
   95 |     TX_TRACE_IN_LINE_INSERT(TX_TRACE_THREAD_ENTRY_EXIT_NOTIFY, thread_ptr, thread_ptr -> tx_thread_state, 0, 0, TX_TRACE_THREAD_EVENTS)
      |     ^~~~~~~~~~~~~~~~~~~~~~~~~~~~~~~~~~~~~~~~~~~~~~~~~~~~~~~~~~~~~~~~~~~~~~~~~~~~~~~~~~~~~~~~~~~~~~~~~~~~~~~~~~~~~~~~~~~~~~~~~~~~~~~~~~~
threadx/common/inc/tx_trace.h:503:87: note: expanded from macro 'TX_TRACE_IN_LINE_INSERT'
  503 |                     _tx_trace_header_ptr -> tx_trace_header_buffer_current_pointer =  (ULONG) trace_event_ptr; \
      |                                                                                       ^~~~~~~~~~~~~~~~~~~~~~~
threadx/common/src/tx_thread_entry_exit_notify.c:95:5: warning: cast to smaller integer type 'ULONG' (aka 'unsigned long') from 'TX_TRACE_BUFFER_ENTRY *' (aka 'struct TX_TRACE_BUFFER_ENTRY_STRUCT *') [-Wpointer-to-int-cast]
   95 |     TX_TRACE_IN_LINE_INSERT(TX_TRACE_THREAD_ENTRY_EXIT_NOTIFY, thread_ptr, thread_ptr -> tx_thread_state, 0, 0, TX_TRACE_THREAD_EVENTS)
      |     ^~~~~~~~~~~~~~~~~~~~~~~~~~~~~~~~~~~~~~~~~~~~~~~~~~~~~~~~~~~~~~~~~~~~~~~~~~~~~~~~~~~~~~~~~~~~~~~~~~~~~~~~~~~~~~~~~~~~~~~~~~~~~~~~~~~
threadx/common/inc/tx_trace.h:510:87: note: expanded from macro 'TX_TRACE_IN_LINE_INSERT'
  510 |                     _tx_trace_header_ptr -> tx_trace_header_buffer_current_pointer =  (ULONG) trace_event_ptr; \
      |                                                                                       ^~~~~~~~~~~~~~~~~~~~~~~
5 warnings generated.
threadx/common/src/tx_thread_delete.c:115:9: warning: cast to smaller integer type 'ULONG' (aka 'unsigned long') from 'TX_THREAD *' (aka 'struct TX_THREAD_STRUCT *') [-Wpointer-to-int-cast] (Local CPU 5)
  115 |         TX_TRACE_IN_LINE_INSERT(TX_TRACE_THREAD_DELETE, thread_ptr, TX_POINTER_TO_ULONG_CONVERT(&next_thread), 0, 0, TX_TRACE_THREAD_EVENTS)
      |         ^~~~~~~~~~~~~~~~~~~~~~~~~~~~~~~~~~~~~~~~~~~~~~~~~~~~~~~~~~~~~~~~~~~~~~~~~~~~~~~~~~~~~~~~~~~~~~~~~~~~~~~~~~~~~~~~~~~~~~~~~~~~~~~~~~~~
threadx/common/inc/tx_trace.h:485:41: note: expanded from macro 'TX_TRACE_IN_LINE_INSERT'
  485 |                     trace_priority =    (ULONG) trace_thread_ptr; \
      |                                         ^~~~~~~~~~~~~~~~~~~~~~~~
threadx/common/src/tx_thread_delete.c:115:9: warning: cast to smaller integer type 'ULONG' (aka 'unsigned long') from 'TX_THREAD *' (aka 'struct TX_THREAD_STRUCT *') [-Wpointer-to-int-cast]
  115 |         TX_TRACE_IN_LINE_INSERT(TX_TRACE_THREAD_DELETE, thread_ptr, TX_POINTER_TO_ULONG_CONVERT(&next_thread), 0, 0, TX_TRACE_THREAD_EVENTS)
      |         ^~~~~~~~~~~~~~~~~~~~~~~~~~~~~~~~~~~~~~~~~~~~~~~~~~~~~~~~~~~~~~~~~~~~~~~~~~~~~~~~~~~~~~~~~~~~~~~~~~~~~~~~~~~~~~~~~~~~~~~~~~~~~~~~~~~~
threadx/common/inc/tx_trace.h:493:81: note: expanded from macro 'TX_TRACE_IN_LINE_INSERT'
  493 |                 trace_event_ptr -> tx_trace_buffer_entry_thread_pointer =       (ULONG) trace_thread_ptr; \
      |                                                                                 ^~~~~~~~~~~~~~~~~~~~~~~~
threadx/common/src/tx_thread_delete.c:115:9: warning: cast to smaller integer type 'ULONG' (aka 'unsigned long') from 'TX_THREAD *' (aka 'struct TX_THREAD_STRUCT *') [-Wpointer-to-int-cast]
  115 |         TX_TRACE_IN_LINE_INSERT(TX_TRACE_THREAD_DELETE, thread_ptr, TX_POINTER_TO_ULONG_CONVERT(&next_thread), 0, 0, TX_TRACE_THREAD_EVENTS)
      |         ^~~~~~~~~~~~~~~~~~~~~~~~~~~~~~~~~~~~~~~~~~~~~~~~~~~~~~~~~~~~~~~~~~~~~~~~~~~~~~~~~~~~~~~~~~~~~~~~~~~~~~~~~~~~~~~~~~~~~~~~~~~~~~~~~~~~
threadx/common/inc/tx_trace.h:497:17: note: expanded from macro 'TX_TRACE_IN_LINE_INSERT'
  497 |                 TX_TRACE_INFO_FIELD_ASSIGNMENT((a),(b),(c),(d)) \
      |                 ^~~~~~~~~~~~~~~~~~~~~~~~~~~~~~~~~~~~~~~~~~~~~~~
threadx/common/inc/tx_trace.h:457:114: note: expanded from macro 'TX_TRACE_INFO_FIELD_ASSIGNMENT'
  457 | #define TX_TRACE_INFO_FIELD_ASSIGNMENT(a,b,c,d)  trace_event_ptr -> tx_trace_buffer_entry_information_field_1 =  (ULONG) (a); trace_event_ptr -> tx_trace_buffer_entry_information_field_2 =  (ULONG) (b); trace_event_ptr -> tx_trace_buffer_entry_information_field_3 =  (ULONG) (c); trace_event_ptr -> tx_trace_buffer_entry_information_field_4 =  (ULONG) (d);
      |                                                                                                                  ^~~~~~~~~~~
threadx/common/src/tx_thread_delete.c:115:69: warning: cast to smaller integer type 'ULONG' (aka 'unsigned long') from 'void *' [-Wvoid-pointer-to-int-cast]
  115 |         TX_TRACE_IN_LINE_INSERT(TX_TRACE_THREAD_DELETE, thread_ptr, TX_POINTER_TO_ULONG_CONVERT(&next_thread), 0, 0, TX_TRACE_THREAD_EVENTS)
      |         ~~~~~~~~~~~~~~~~~~~~~~~~~~~~~~~~~~~~~~~~~~~~~~~~~~~~~~~~~~~~^~~~~~~~~~~~~~~~~~~~~~~~~~~~~~~~~~~~~~~~~~~~~~~~~~~~~~~~~~~~~~~~~~~~~~~~
threadx/common/inc/tx_api.h:2062:58: note: expanded from macro 'TX_POINTER_TO_ULONG_CONVERT'
 2062 | #define TX_POINTER_TO_ULONG_CONVERT(a)                  ((ULONG) ((VOID *) (a)))
      |                                                          ^
threadx/common/inc/tx_trace.h:497:53: note: expanded from macro 'TX_TRACE_IN_LINE_INSERT'
  497 |                 TX_TRACE_INFO_FIELD_ASSIGNMENT((a),(b),(c),(d)) \
      |                 ~~~~~~~~~~~~~~~~~~~~~~~~~~~~~~~~~~~~^~~~~~~~~~~
threadx/common/inc/tx_trace.h:457:200: note: expanded from macro 'TX_TRACE_INFO_FIELD_ASSIGNMENT'
  457 | #define TX_TRACE_INFO_FIELD_ASSIGNMENT(a,b,c,d)  trace_event_ptr -> tx_trace_buffer_entry_information_field_1 =  (ULONG) (a); trace_event_ptr -> tx_trace_buffer_entry_information_field_2 =  (ULONG) (b); trace_event_ptr -> tx_trace_buffer_entry_information_field_3 =  (ULONG) (c); trace_event_ptr -> tx_trace_buffer_entry_information_field_4 =  (ULONG) (d);
      |                                                                                                                                                                                                        ^
threadx/common/src/tx_thread_delete.c:115:9: warning: cast to smaller integer type 'ULONG' (aka 'unsigned long') from 'TX_TRACE_BUFFER_ENTRY *' (aka 'struct TX_TRACE_BUFFER_ENTRY_STRUCT *') [-Wpointer-to-int-cast]
  115 |         TX_TRACE_IN_LINE_INSERT(TX_TRACE_THREAD_DELETE, thread_ptr, TX_POINTER_TO_ULONG_CONVERT(&next_thread), 0, 0, TX_TRACE_THREAD_EVENTS)
      |         ^~~~~~~~~~~~~~~~~~~~~~~~~~~~~~~~~~~~~~~~~~~~~~~~~~~~~~~~~~~~~~~~~~~~~~~~~~~~~~~~~~~~~~~~~~~~~~~~~~~~~~~~~~~~~~~~~~~~~~~~~~~~~~~~~~~~
threadx/common/inc/tx_trace.h:503:87: note: expanded from macro 'TX_TRACE_IN_LINE_INSERT'
  503 |                     _tx_trace_header_ptr -> tx_trace_header_buffer_current_pointer =  (ULONG) trace_event_ptr; \
      |                                                                                       ^~~~~~~~~~~~~~~~~~~~~~~
threadx/common/src/tx_thread_delete.c:115:9: warning: cast to smaller integer type 'ULONG' (aka 'unsigned long') from 'TX_TRACE_BUFFER_ENTRY *' (aka 'struct TX_TRACE_BUFFER_ENTRY_STRUCT *') [-Wpointer-to-int-cast]
  115 |         TX_TRACE_IN_LINE_INSERT(TX_TRACE_THREAD_DELETE, thread_ptr, TX_POINTER_TO_ULONG_CONVERT(&next_thread), 0, 0, TX_TRACE_THREAD_EVENTS)
      |         ^~~~~~~~~~~~~~~~~~~~~~~~~~~~~~~~~~~~~~~~~~~~~~~~~~~~~~~~~~~~~~~~~~~~~~~~~~~~~~~~~~~~~~~~~~~~~~~~~~~~~~~~~~~~~~~~~~~~~~~~~~~~~~~~~~~~
threadx/common/inc/tx_trace.h:510:87: note: expanded from macro 'TX_TRACE_IN_LINE_INSERT'
  510 |                     _tx_trace_header_ptr -> tx_trace_header_buffer_current_pointer =  (ULONG) trace_event_ptr; \
      |                                                                                       ^~~~~~~~~~~~~~~~~~~~~~~
6 warnings generated.
threadx/common/src/tx_thread_identify.c:89:5: warning: cast to smaller integer type 'ULONG' (aka 'unsigned long') from 'TX_THREAD *' (aka 'struct TX_THREAD_STRUCT *') [-Wpointer-to-int-cast] (Local CPU 11)
   89 |     TX_TRACE_IN_LINE_INSERT(TX_TRACE_THREAD_IDENTIFY, 0, 0, 0, 0, TX_TRACE_THREAD_EVENTS)
      |     ^~~~~~~~~~~~~~~~~~~~~~~~~~~~~~~~~~~~~~~~~~~~~~~~~~~~~~~~~~~~~~~~~~~~~~~~~~~~~~~~~~~~~
threadx/common/inc/tx_trace.h:485:41: note: expanded from macro 'TX_TRACE_IN_LINE_INSERT'
  485 |                     trace_priority =    (ULONG) trace_thread_ptr; \
      |                                         ^~~~~~~~~~~~~~~~~~~~~~~~
threadx/common/src/tx_thread_identify.c:89:5: warning: cast to smaller integer type 'ULONG' (aka 'unsigned long') from 'TX_THREAD *' (aka 'struct TX_THREAD_STRUCT *') [-Wpointer-to-int-cast]
   89 |     TX_TRACE_IN_LINE_INSERT(TX_TRACE_THREAD_IDENTIFY, 0, 0, 0, 0, TX_TRACE_THREAD_EVENTS)
      |     ^~~~~~~~~~~~~~~~~~~~~~~~~~~~~~~~~~~~~~~~~~~~~~~~~~~~~~~~~~~~~~~~~~~~~~~~~~~~~~~~~~~~~
threadx/common/inc/tx_trace.h:493:81: note: expanded from macro 'TX_TRACE_IN_LINE_INSERT'
  493 |                 trace_event_ptr -> tx_trace_buffer_entry_thread_pointer =       (ULONG) trace_thread_ptr; \
      |                                                                                 ^~~~~~~~~~~~~~~~~~~~~~~~
threadx/common/src/tx_thread_identify.c:89:5: warning: cast to smaller integer type 'ULONG' (aka 'unsigned long') from 'TX_TRACE_BUFFER_ENTRY *' (aka 'struct TX_TRACE_BUFFER_ENTRY_STRUCT *') [-Wpointer-to-int-cast]
   89 |     TX_TRACE_IN_LINE_INSERT(TX_TRACE_THREAD_IDENTIFY, 0, 0, 0, 0, TX_TRACE_THREAD_EVENTS)
      |     ^~~~~~~~~~~~~~~~~~~~~~~~~~~~~~~~~~~~~~~~~~~~~~~~~~~~~~~~~~~~~~~~~~~~~~~~~~~~~~~~~~~~~
threadx/common/inc/tx_trace.h:503:87: note: expanded from macro 'TX_TRACE_IN_LINE_INSERT'
  503 |                     _tx_trace_header_ptr -> tx_trace_header_buffer_current_pointer =  (ULONG) trace_event_ptr; \
      |                                                                                       ^~~~~~~~~~~~~~~~~~~~~~~
threadx/common/src/tx_thread_identify.c:89:5: warning: cast to smaller integer type 'ULONG' (aka 'unsigned long') from 'TX_TRACE_BUFFER_ENTRY *' (aka 'struct TX_TRACE_BUFFER_ENTRY_STRUCT *') [-Wpointer-to-int-cast]
   89 |     TX_TRACE_IN_LINE_INSERT(TX_TRACE_THREAD_IDENTIFY, 0, 0, 0, 0, TX_TRACE_THREAD_EVENTS)
      |     ^~~~~~~~~~~~~~~~~~~~~~~~~~~~~~~~~~~~~~~~~~~~~~~~~~~~~~~~~~~~~~~~~~~~~~~~~~~~~~~~~~~~~
threadx/common/inc/tx_trace.h:510:87: note: expanded from macro 'TX_TRACE_IN_LINE_INSERT'
  510 |                     _tx_trace_header_ptr -> tx_trace_header_buffer_current_pointer =  (ULONG) trace_event_ptr; \
      |                                                                                       ^~~~~~~~~~~~~~~~~~~~~~~
4 warnings generated.
threadx/common/src/tx_thread_performance_system_info_get.c:114:5: warning: cast to smaller integer type 'ULONG' (aka 'unsigned long') from 'TX_THREAD *' (aka 'struct TX_THREAD_STRUCT *') [-Wpointer-to-int-cast] (Local CPU 19)
  114 |     TX_TRACE_IN_LINE_INSERT(TX_TRACE_THREAD_PERFORMANCE_SYSTEM_INFO_GET, 0, 0, 0, 0, TX_TRACE_THREAD_EVENTS)
      |     ^~~~~~~~~~~~~~~~~~~~~~~~~~~~~~~~~~~~~~~~~~~~~~~~~~~~~~~~~~~~~~~~~~~~~~~~~~~~~~~~~~~~~~~~~~~~~~~~~~~~~~~~
threadx/common/inc/tx_trace.h:485:41: note: expanded from macro 'TX_TRACE_IN_LINE_INSERT'
  485 |                     trace_priority =    (ULONG) trace_thread_ptr; \
      |                                         ^~~~~~~~~~~~~~~~~~~~~~~~
threadx/common/src/tx_thread_performance_system_info_get.c:114:5: warning: cast to smaller integer type 'ULONG' (aka 'unsigned long') from 'TX_THREAD *' (aka 'struct TX_THREAD_STRUCT *') [-Wpointer-to-int-cast]
  114 |     TX_TRACE_IN_LINE_INSERT(TX_TRACE_THREAD_PERFORMANCE_SYSTEM_INFO_GET, 0, 0, 0, 0, TX_TRACE_THREAD_EVENTS)
      |     ^~~~~~~~~~~~~~~~~~~~~~~~~~~~~~~~~~~~~~~~~~~~~~~~~~~~~~~~~~~~~~~~~~~~~~~~~~~~~~~~~~~~~~~~~~~~~~~~~~~~~~~~
threadx/common/inc/tx_trace.h:493:81: note: expanded from macro 'TX_TRACE_IN_LINE_INSERT'
  493 |                 trace_event_ptr -> tx_trace_buffer_entry_thread_pointer =       (ULONG) trace_thread_ptr; \
      |                                                                                 ^~~~~~~~~~~~~~~~~~~~~~~~
threadx/common/src/tx_thread_performance_system_info_get.c:114:5: warning: cast to smaller integer type 'ULONG' (aka 'unsigned long') from 'TX_TRACE_BUFFER_ENTRY *' (aka 'struct TX_TRACE_BUFFER_ENTRY_STRUCT *') [-Wpointer-to-int-cast]
  114 |     TX_TRACE_IN_LINE_INSERT(TX_TRACE_THREAD_PERFORMANCE_SYSTEM_INFO_GET, 0, 0, 0, 0, TX_TRACE_THREAD_EVENTS)
      |     ^~~~~~~~~~~~~~~~~~~~~~~~~~~~~~~~~~~~~~~~~~~~~~~~~~~~~~~~~~~~~~~~~~~~~~~~~~~~~~~~~~~~~~~~~~~~~~~~~~~~~~~~
threadx/common/inc/tx_trace.h:503:87: note: expanded from macro 'TX_TRACE_IN_LINE_INSERT'
  503 |                     _tx_trace_header_ptr -> tx_trace_header_buffer_current_pointer =  (ULONG) trace_event_ptr; \
      |                                                                                       ^~~~~~~~~~~~~~~~~~~~~~~
threadx/common/src/tx_thread_performance_system_info_get.c:114:5: warning: cast to smaller integer type 'ULONG' (aka 'unsigned long') from 'TX_TRACE_BUFFER_ENTRY *' (aka 'struct TX_TRACE_BUFFER_ENTRY_STRUCT *') [-Wpointer-to-int-cast]
  114 |     TX_TRACE_IN_LINE_INSERT(TX_TRACE_THREAD_PERFORMANCE_SYSTEM_INFO_GET, 0, 0, 0, 0, TX_TRACE_THREAD_EVENTS)
      |     ^~~~~~~~~~~~~~~~~~~~~~~~~~~~~~~~~~~~~~~~~~~~~~~~~~~~~~~~~~~~~~~~~~~~~~~~~~~~~~~~~~~~~~~~~~~~~~~~~~~~~~~~
threadx/common/inc/tx_trace.h:510:87: note: expanded from macro 'TX_TRACE_IN_LINE_INSERT'
  510 |                     _tx_trace_header_ptr -> tx_trace_header_buffer_current_pointer =  (ULONG) trace_event_ptr; \
      |                                                                                       ^~~~~~~~~~~~~~~~~~~~~~~
4 warnings generated.
threadx/common/src/tx_thread_info_get.c:94:5: warning: cast to smaller integer type 'ULONG' (aka 'unsigned long') from 'TX_THREAD *' (aka 'struct TX_THREAD_STRUCT *') [-Wpointer-to-int-cast] (Local CPU 13)
   94 |     TX_TRACE_IN_LINE_INSERT(TX_TRACE_THREAD_INFO_GET, thread_ptr, thread_ptr -> tx_thread_state, 0, 0, TX_TRACE_THREAD_EVENTS)
      |     ^~~~~~~~~~~~~~~~~~~~~~~~~~~~~~~~~~~~~~~~~~~~~~~~~~~~~~~~~~~~~~~~~~~~~~~~~~~~~~~~~~~~~~~~~~~~~~~~~~~~~~~~~~~~~~~~~~~~~~~~~~
threadx/common/inc/tx_trace.h:485:41: note: expanded from macro 'TX_TRACE_IN_LINE_INSERT'
  485 |                     trace_priority =    (ULONG) trace_thread_ptr; \
      |                                         ^~~~~~~~~~~~~~~~~~~~~~~~
threadx/common/src/tx_thread_info_get.c:94:5: warning: cast to smaller integer type 'ULONG' (aka 'unsigned long') from 'TX_THREAD *' (aka 'struct TX_THREAD_STRUCT *') [-Wpointer-to-int-cast]
   94 |     TX_TRACE_IN_LINE_INSERT(TX_TRACE_THREAD_INFO_GET, thread_ptr, thread_ptr -> tx_thread_state, 0, 0, TX_TRACE_THREAD_EVENTS)
      |     ^~~~~~~~~~~~~~~~~~~~~~~~~~~~~~~~~~~~~~~~~~~~~~~~~~~~~~~~~~~~~~~~~~~~~~~~~~~~~~~~~~~~~~~~~~~~~~~~~~~~~~~~~~~~~~~~~~~~~~~~~~
threadx/common/inc/tx_trace.h:493:81: note: expanded from macro 'TX_TRACE_IN_LINE_INSERT'
  493 |                 trace_event_ptr -> tx_trace_buffer_entry_thread_pointer =       (ULONG) trace_thread_ptr; \
      |                                                                                 ^~~~~~~~~~~~~~~~~~~~~~~~
threadx/common/src/tx_thread_info_get.c:94:5: warning: cast to smaller integer type 'ULONG' (aka 'unsigned long') from 'TX_THREAD *' (aka 'struct TX_THREAD_STRUCT *') [-Wpointer-to-int-cast]
   94 |     TX_TRACE_IN_LINE_INSERT(TX_TRACE_THREAD_INFO_GET, thread_ptr, thread_ptr -> tx_thread_state, 0, 0, TX_TRACE_THREAD_EVENTS)
      |     ^~~~~~~~~~~~~~~~~~~~~~~~~~~~~~~~~~~~~~~~~~~~~~~~~~~~~~~~~~~~~~~~~~~~~~~~~~~~~~~~~~~~~~~~~~~~~~~~~~~~~~~~~~~~~~~~~~~~~~~~~~
threadx/common/inc/tx_trace.h:497:17: note: expanded from macro 'TX_TRACE_IN_LINE_INSERT'
  497 |                 TX_TRACE_INFO_FIELD_ASSIGNMENT((a),(b),(c),(d)) \
      |                 ^~~~~~~~~~~~~~~~~~~~~~~~~~~~~~~~~~~~~~~~~~~~~~~
threadx/common/inc/tx_trace.h:457:114: note: expanded from macro 'TX_TRACE_INFO_FIELD_ASSIGNMENT'
  457 | #define TX_TRACE_INFO_FIELD_ASSIGNMENT(a,b,c,d)  trace_event_ptr -> tx_trace_buffer_entry_information_field_1 =  (ULONG) (a); trace_event_ptr -> tx_trace_buffer_entry_information_field_2 =  (ULONG) (b); trace_event_ptr -> tx_trace_buffer_entry_information_field_3 =  (ULONG) (c); trace_event_ptr -> tx_trace_buffer_entry_information_field_4 =  (ULONG) (d);
      |                                                                                                                  ^~~~~~~~~~~
threadx/common/src/tx_thread_info_get.c:94:5: warning: cast to smaller integer type 'ULONG' (aka 'unsigned long') from 'TX_TRACE_BUFFER_ENTRY *' (aka 'struct TX_TRACE_BUFFER_ENTRY_STRUCT *') [-Wpointer-to-int-cast]
   94 |     TX_TRACE_IN_LINE_INSERT(TX_TRACE_THREAD_INFO_GET, thread_ptr, thread_ptr -> tx_thread_state, 0, 0, TX_TRACE_THREAD_EVENTS)
      |     ^~~~~~~~~~~~~~~~~~~~~~~~~~~~~~~~~~~~~~~~~~~~~~~~~~~~~~~~~~~~~~~~~~~~~~~~~~~~~~~~~~~~~~~~~~~~~~~~~~~~~~~~~~~~~~~~~~~~~~~~~~
threadx/common/inc/tx_trace.h:503:87: note: expanded from macro 'TX_TRACE_IN_LINE_INSERT'
  503 |                     _tx_trace_header_ptr -> tx_trace_header_buffer_current_pointer =  (ULONG) trace_event_ptr; \
      |                                                                                       ^~~~~~~~~~~~~~~~~~~~~~~
threadx/common/src/tx_thread_info_get.c:94:5: warning: cast to smaller integer type 'ULONG' (aka 'unsigned long') from 'TX_TRACE_BUFFER_ENTRY *' (aka 'struct TX_TRACE_BUFFER_ENTRY_STRUCT *') [-Wpointer-to-int-cast]
   94 |     TX_TRACE_IN_LINE_INSERT(TX_TRACE_THREAD_INFO_GET, thread_ptr, thread_ptr -> tx_thread_state, 0, 0, TX_TRACE_THREAD_EVENTS)
      |     ^~~~~~~~~~~~~~~~~~~~~~~~~~~~~~~~~~~~~~~~~~~~~~~~~~~~~~~~~~~~~~~~~~~~~~~~~~~~~~~~~~~~~~~~~~~~~~~~~~~~~~~~~~~~~~~~~~~~~~~~~~
threadx/common/inc/tx_trace.h:510:87: note: expanded from macro 'TX_TRACE_IN_LINE_INSERT'
  510 |                     _tx_trace_header_ptr -> tx_trace_header_buffer_current_pointer =  (ULONG) trace_event_ptr; \
      |                                                                                       ^~~~~~~~~~~~~~~~~~~~~~~
5 warnings generated.
threadx/common/src/tx_thread_performance_info_get.c:132:9: warning: cast to smaller integer type 'ULONG' (aka 'unsigned long') from 'TX_THREAD *' (aka 'struct TX_THREAD_STRUCT *') [-Wpointer-to-int-cast] (Local CPU 17)
  132 |         TX_TRACE_IN_LINE_INSERT(TX_TRACE_THREAD_PERFORMANCE_INFO_GET, thread_ptr, thread_ptr -> tx_thread_state, 0, 0, TX_TRACE_THREAD_EVENTS)
      |         ^~~~~~~~~~~~~~~~~~~~~~~~~~~~~~~~~~~~~~~~~~~~~~~~~~~~~~~~~~~~~~~~~~~~~~~~~~~~~~~~~~~~~~~~~~~~~~~~~~~~~~~~~~~~~~~~~~~~~~~~~~~~~~~~~~~~~~
threadx/common/inc/tx_trace.h:485:41: note: expanded from macro 'TX_TRACE_IN_LINE_INSERT'
  485 |                     trace_priority =    (ULONG) trace_thread_ptr; \
      |                                         ^~~~~~~~~~~~~~~~~~~~~~~~
threadx/common/src/tx_thread_performance_info_get.c:132:9: warning: cast to smaller integer type 'ULONG' (aka 'unsigned long') from 'TX_THREAD *' (aka 'struct TX_THREAD_STRUCT *') [-Wpointer-to-int-cast]
  132 |         TX_TRACE_IN_LINE_INSERT(TX_TRACE_THREAD_PERFORMANCE_INFO_GET, thread_ptr, thread_ptr -> tx_thread_state, 0, 0, TX_TRACE_THREAD_EVENTS)
      |         ^~~~~~~~~~~~~~~~~~~~~~~~~~~~~~~~~~~~~~~~~~~~~~~~~~~~~~~~~~~~~~~~~~~~~~~~~~~~~~~~~~~~~~~~~~~~~~~~~~~~~~~~~~~~~~~~~~~~~~~~~~~~~~~~~~~~~~
threadx/common/inc/tx_trace.h:493:81: note: expanded from macro 'TX_TRACE_IN_LINE_INSERT'
  493 |                 trace_event_ptr -> tx_trace_buffer_entry_thread_pointer =       (ULONG) trace_thread_ptr; \
      |                                                                                 ^~~~~~~~~~~~~~~~~~~~~~~~
threadx/common/src/tx_thread_performance_info_get.c:132:9: warning: cast to smaller integer type 'ULONG' (aka 'unsigned long') from 'TX_THREAD *' (aka 'struct TX_THREAD_STRUCT *') [-Wpointer-to-int-cast]
  132 |         TX_TRACE_IN_LINE_INSERT(TX_TRACE_THREAD_PERFORMANCE_INFO_GET, thread_ptr, thread_ptr -> tx_thread_state, 0, 0, TX_TRACE_THREAD_EVENTS)
      |         ^~~~~~~~~~~~~~~~~~~~~~~~~~~~~~~~~~~~~~~~~~~~~~~~~~~~~~~~~~~~~~~~~~~~~~~~~~~~~~~~~~~~~~~~~~~~~~~~~~~~~~~~~~~~~~~~~~~~~~~~~~~~~~~~~~~~~~
threadx/common/inc/tx_trace.h:497:17: note: expanded from macro 'TX_TRACE_IN_LINE_INSERT'
  497 |                 TX_TRACE_INFO_FIELD_ASSIGNMENT((a),(b),(c),(d)) \
      |                 ^~~~~~~~~~~~~~~~~~~~~~~~~~~~~~~~~~~~~~~~~~~~~~~
threadx/common/inc/tx_trace.h:457:114: note: expanded from macro 'TX_TRACE_INFO_FIELD_ASSIGNMENT'
  457 | #define TX_TRACE_INFO_FIELD_ASSIGNMENT(a,b,c,d)  trace_event_ptr -> tx_trace_buffer_entry_information_field_1 =  (ULONG) (a); trace_event_ptr -> tx_trace_buffer_entry_information_field_2 =  (ULONG) (b); trace_event_ptr -> tx_trace_buffer_entry_information_field_3 =  (ULONG) (c); trace_event_ptr -> tx_trace_buffer_entry_information_field_4 =  (ULONG) (d);
      |                                                                                                                  ^~~~~~~~~~~
threadx/common/src/tx_thread_performance_info_get.c:132:9: warning: cast to smaller integer type 'ULONG' (aka 'unsigned long') from 'TX_TRACE_BUFFER_ENTRY *' (aka 'struct TX_TRACE_BUFFER_ENTRY_STRUCT *') [-Wpointer-to-int-cast]
  132 |         TX_TRACE_IN_LINE_INSERT(TX_TRACE_THREAD_PERFORMANCE_INFO_GET, thread_ptr, thread_ptr -> tx_thread_state, 0, 0, TX_TRACE_THREAD_EVENTS)
      |         ^~~~~~~~~~~~~~~~~~~~~~~~~~~~~~~~~~~~~~~~~~~~~~~~~~~~~~~~~~~~~~~~~~~~~~~~~~~~~~~~~~~~~~~~~~~~~~~~~~~~~~~~~~~~~~~~~~~~~~~~~~~~~~~~~~~~~~
threadx/common/inc/tx_trace.h:503:87: note: expanded from macro 'TX_TRACE_IN_LINE_INSERT'
  503 |                     _tx_trace_header_ptr -> tx_trace_header_buffer_current_pointer =  (ULONG) trace_event_ptr; \
      |                                                                                       ^~~~~~~~~~~~~~~~~~~~~~~
threadx/common/src/tx_thread_performance_info_get.c:132:9: warning: cast to smaller integer type 'ULONG' (aka 'unsigned long') from 'TX_TRACE_BUFFER_ENTRY *' (aka 'struct TX_TRACE_BUFFER_ENTRY_STRUCT *') [-Wpointer-to-int-cast]
  132 |         TX_TRACE_IN_LINE_INSERT(TX_TRACE_THREAD_PERFORMANCE_INFO_GET, thread_ptr, thread_ptr -> tx_thread_state, 0, 0, TX_TRACE_THREAD_EVENTS)
      |         ^~~~~~~~~~~~~~~~~~~~~~~~~~~~~~~~~~~~~~~~~~~~~~~~~~~~~~~~~~~~~~~~~~~~~~~~~~~~~~~~~~~~~~~~~~~~~~~~~~~~~~~~~~~~~~~~~~~~~~~~~~~~~~~~~~~~~~
threadx/common/inc/tx_trace.h:510:87: note: expanded from macro 'TX_TRACE_IN_LINE_INSERT'
  510 |                     _tx_trace_header_ptr -> tx_trace_header_buffer_current_pointer =  (ULONG) trace_event_ptr; \
      |                                                                                       ^~~~~~~~~~~~~~~~~~~~~~~
5 warnings generated.
threadx/common/src/tx_thread_preemption_change.c:116:5: warning: cast to smaller integer type 'ULONG' (aka 'unsigned long') from 'TX_THREAD *' (aka 'struct TX_THREAD_STRUCT *') [-Wpointer-to-int-cast] (Local CPU 10)
  116 |     TX_TRACE_IN_LINE_INSERT(TX_TRACE_THREAD_PREEMPTION_CHANGE, thread_ptr, new_threshold, thread_ptr -> tx_thread_preempt_threshold, thread_ptr -> tx_thread_state, TX_TRACE_THREAD_EVENTS)
      |     ^~~~~~~~~~~~~~~~~~~~~~~~~~~~~~~~~~~~~~~~~~~~~~~~~~~~~~~~~~~~~~~~~~~~~~~~~~~~~~~~~~~~~~~~~~~~~~~~~~~~~~~~~~~~~~~~~~~~~~~~~~~~~~~~~~~~~~~~~~~~~~~~~~~~~~~~~~~~~~~~~~~~~~~~~~~~~~~~~~~~~~~
threadx/common/inc/tx_trace.h:485:41: note: expanded from macro 'TX_TRACE_IN_LINE_INSERT'
  485 |                     trace_priority =    (ULONG) trace_thread_ptr; \
      |                                         ^~~~~~~~~~~~~~~~~~~~~~~~
threadx/common/src/tx_thread_preemption_change.c:116:5: warning: cast to smaller integer type 'ULONG' (aka 'unsigned long') from 'TX_THREAD *' (aka 'struct TX_THREAD_STRUCT *') [-Wpointer-to-int-cast]
  116 |     TX_TRACE_IN_LINE_INSERT(TX_TRACE_THREAD_PREEMPTION_CHANGE, thread_ptr, new_threshold, thread_ptr -> tx_thread_preempt_threshold, thread_ptr -> tx_thread_state, TX_TRACE_THREAD_EVENTS)
      |     ^~~~~~~~~~~~~~~~~~~~~~~~~~~~~~~~~~~~~~~~~~~~~~~~~~~~~~~~~~~~~~~~~~~~~~~~~~~~~~~~~~~~~~~~~~~~~~~~~~~~~~~~~~~~~~~~~~~~~~~~~~~~~~~~~~~~~~~~~~~~~~~~~~~~~~~~~~~~~~~~~~~~~~~~~~~~~~~~~~~~~~~
threadx/common/inc/tx_trace.h:493:81: note: expanded from macro 'TX_TRACE_IN_LINE_INSERT'
  493 |                 trace_event_ptr -> tx_trace_buffer_entry_thread_pointer =       (ULONG) trace_thread_ptr; \
      |                                                                                 ^~~~~~~~~~~~~~~~~~~~~~~~
threadx/common/src/tx_thread_preemption_change.c:116:5: warning: cast to smaller integer type 'ULONG' (aka 'unsigned long') from 'TX_THREAD *' (aka 'struct TX_THREAD_STRUCT *') [-Wpointer-to-int-cast]
  116 |     TX_TRACE_IN_LINE_INSERT(TX_TRACE_THREAD_PREEMPTION_CHANGE, thread_ptr, new_threshold, thread_ptr -> tx_thread_preempt_threshold, thread_ptr -> tx_thread_state, TX_TRACE_THREAD_EVENTS)
      |     ^~~~~~~~~~~~~~~~~~~~~~~~~~~~~~~~~~~~~~~~~~~~~~~~~~~~~~~~~~~~~~~~~~~~~~~~~~~~~~~~~~~~~~~~~~~~~~~~~~~~~~~~~~~~~~~~~~~~~~~~~~~~~~~~~~~~~~~~~~~~~~~~~~~~~~~~~~~~~~~~~~~~~~~~~~~~~~~~~~~~~~~
threadx/common/inc/tx_trace.h:497:17: note: expanded from macro 'TX_TRACE_IN_LINE_INSERT'
  497 |                 TX_TRACE_INFO_FIELD_ASSIGNMENT((a),(b),(c),(d)) \
      |                 ^~~~~~~~~~~~~~~~~~~~~~~~~~~~~~~~~~~~~~~~~~~~~~~
threadx/common/inc/tx_trace.h:457:114: note: expanded from macro 'TX_TRACE_INFO_FIELD_ASSIGNMENT'
  457 | #define TX_TRACE_INFO_FIELD_ASSIGNMENT(a,b,c,d)  trace_event_ptr -> tx_trace_buffer_entry_information_field_1 =  (ULONG) (a); trace_event_ptr -> tx_trace_buffer_entry_information_field_2 =  (ULONG) (b); trace_event_ptr -> tx_trace_buffer_entry_information_field_3 =  (ULONG) (c); trace_event_ptr -> tx_trace_buffer_entry_information_field_4 =  (ULONG) (d);
      |                                                                                                                  ^~~~~~~~~~~
threadx/common/src/tx_thread_preemption_change.c:116:5: warning: cast to smaller integer type 'ULONG' (aka 'unsigned long') from 'TX_TRACE_BUFFER_ENTRY *' (aka 'struct TX_TRACE_BUFFER_ENTRY_STRUCT *') [-Wpointer-to-int-cast]
  116 |     TX_TRACE_IN_LINE_INSERT(TX_TRACE_THREAD_PREEMPTION_CHANGE, thread_ptr, new_threshold, thread_ptr -> tx_thread_preempt_threshold, thread_ptr -> tx_thread_state, TX_TRACE_THREAD_EVENTS)
      |     ^~~~~~~~~~~~~~~~~~~~~~~~~~~~~~~~~~~~~~~~~~~~~~~~~~~~~~~~~~~~~~~~~~~~~~~~~~~~~~~~~~~~~~~~~~~~~~~~~~~~~~~~~~~~~~~~~~~~~~~~~~~~~~~~~~~~~~~~~~~~~~~~~~~~~~~~~~~~~~~~~~~~~~~~~~~~~~~~~~~~~~~
threadx/common/inc/tx_trace.h:503:87: note: expanded from macro 'TX_TRACE_IN_LINE_INSERT'
  503 |                     _tx_trace_header_ptr -> tx_trace_header_buffer_current_pointer =  (ULONG) trace_event_ptr; \
      |                                                                                       ^~~~~~~~~~~~~~~~~~~~~~~
threadx/common/src/tx_thread_preemption_change.c:116:5: warning: cast to smaller integer type 'ULONG' (aka 'unsigned long') from 'TX_TRACE_BUFFER_ENTRY *' (aka 'struct TX_TRACE_BUFFER_ENTRY_STRUCT *') [-Wpointer-to-int-cast]
  116 |     TX_TRACE_IN_LINE_INSERT(TX_TRACE_THREAD_PREEMPTION_CHANGE, thread_ptr, new_threshold, thread_ptr -> tx_thread_preempt_threshold, thread_ptr -> tx_thread_state, TX_TRACE_THREAD_EVENTS)
      |     ^~~~~~~~~~~~~~~~~~~~~~~~~~~~~~~~~~~~~~~~~~~~~~~~~~~~~~~~~~~~~~~~~~~~~~~~~~~~~~~~~~~~~~~~~~~~~~~~~~~~~~~~~~~~~~~~~~~~~~~~~~~~~~~~~~~~~~~~~~~~~~~~~~~~~~~~~~~~~~~~~~~~~~~~~~~~~~~~~~~~~~~
threadx/common/inc/tx_trace.h:510:87: note: expanded from macro 'TX_TRACE_IN_LINE_INSERT'
  510 |                     _tx_trace_header_ptr -> tx_trace_header_buffer_current_pointer =  (ULONG) trace_event_ptr; \
      |                                                                                       ^~~~~~~~~~~~~~~~~~~~~~~
5 warnings generated.
threadx/common/src/tx_thread_priority_change.c:105:5: warning: cast to smaller integer type 'ULONG' (aka 'unsigned long') from 'TX_THREAD *' (aka 'struct TX_THREAD_STRUCT *') [-Wpointer-to-int-cast] (Local CPU 16)
  105 |     TX_TRACE_IN_LINE_INSERT(TX_TRACE_THREAD_PRIORITY_CHANGE, thread_ptr, new_priority, thread_ptr -> tx_thread_priority, thread_ptr -> tx_thread_state, TX_TRACE_THREAD_EVENTS)
      |     ^~~~~~~~~~~~~~~~~~~~~~~~~~~~~~~~~~~~~~~~~~~~~~~~~~~~~~~~~~~~~~~~~~~~~~~~~~~~~~~~~~~~~~~~~~~~~~~~~~~~~~~~~~~~~~~~~~~~~~~~~~~~~~~~~~~~~~~~~~~~~~~~~~~~~~~~~~~~~~~~~~~~~~~~~~~
threadx/common/inc/tx_trace.h:485:41: note: expanded from macro 'TX_TRACE_IN_LINE_INSERT'
  485 |                     trace_priority =    (ULONG) trace_thread_ptr; \
      |                                         ^~~~~~~~~~~~~~~~~~~~~~~~
threadx/common/src/tx_thread_priority_change.c:105:5: warning: cast to smaller integer type 'ULONG' (aka 'unsigned long') from 'TX_THREAD *' (aka 'struct TX_THREAD_STRUCT *') [-Wpointer-to-int-cast]
  105 |     TX_TRACE_IN_LINE_INSERT(TX_TRACE_THREAD_PRIORITY_CHANGE, thread_ptr, new_priority, thread_ptr -> tx_thread_priority, thread_ptr -> tx_thread_state, TX_TRACE_THREAD_EVENTS)
      |     ^~~~~~~~~~~~~~~~~~~~~~~~~~~~~~~~~~~~~~~~~~~~~~~~~~~~~~~~~~~~~~~~~~~~~~~~~~~~~~~~~~~~~~~~~~~~~~~~~~~~~~~~~~~~~~~~~~~~~~~~~~~~~~~~~~~~~~~~~~~~~~~~~~~~~~~~~~~~~~~~~~~~~~~~~~~
threadx/common/inc/tx_trace.h:493:81: note: expanded from macro 'TX_TRACE_IN_LINE_INSERT'
  493 |                 trace_event_ptr -> tx_trace_buffer_entry_thread_pointer =       (ULONG) trace_thread_ptr; \
      |                                                                                 ^~~~~~~~~~~~~~~~~~~~~~~~
threadx/common/src/tx_thread_priority_change.c:105:5: warning: cast to smaller integer type 'ULONG' (aka 'unsigned long') from 'TX_THREAD *' (aka 'struct TX_THREAD_STRUCT *') [-Wpointer-to-int-cast]
  105 |     TX_TRACE_IN_LINE_INSERT(TX_TRACE_THREAD_PRIORITY_CHANGE, thread_ptr, new_priority, thread_ptr -> tx_thread_priority, thread_ptr -> tx_thread_state, TX_TRACE_THREAD_EVENTS)
      |     ^~~~~~~~~~~~~~~~~~~~~~~~~~~~~~~~~~~~~~~~~~~~~~~~~~~~~~~~~~~~~~~~~~~~~~~~~~~~~~~~~~~~~~~~~~~~~~~~~~~~~~~~~~~~~~~~~~~~~~~~~~~~~~~~~~~~~~~~~~~~~~~~~~~~~~~~~~~~~~~~~~~~~~~~~~~
threadx/common/inc/tx_trace.h:497:17: note: expanded from macro 'TX_TRACE_IN_LINE_INSERT'
  497 |                 TX_TRACE_INFO_FIELD_ASSIGNMENT((a),(b),(c),(d)) \
      |                 ^~~~~~~~~~~~~~~~~~~~~~~~~~~~~~~~~~~~~~~~~~~~~~~
threadx/common/inc/tx_trace.h:457:114: note: expanded from macro 'TX_TRACE_INFO_FIELD_ASSIGNMENT'
  457 | #define TX_TRACE_INFO_FIELD_ASSIGNMENT(a,b,c,d)  trace_event_ptr -> tx_trace_buffer_entry_information_field_1 =  (ULONG) (a); trace_event_ptr -> tx_trace_buffer_entry_information_field_2 =  (ULONG) (b); trace_event_ptr -> tx_trace_buffer_entry_information_field_3 =  (ULONG) (c); trace_event_ptr -> tx_trace_buffer_entry_information_field_4 =  (ULONG) (d);
      |                                                                                                                  ^~~~~~~~~~~
threadx/common/src/tx_thread_priority_change.c:105:5: warning: cast to smaller integer type 'ULONG' (aka 'unsigned long') from 'TX_TRACE_BUFFER_ENTRY *' (aka 'struct TX_TRACE_BUFFER_ENTRY_STRUCT *') [-Wpointer-to-int-cast]
  105 |     TX_TRACE_IN_LINE_INSERT(TX_TRACE_THREAD_PRIORITY_CHANGE, thread_ptr, new_priority, thread_ptr -> tx_thread_priority, thread_ptr -> tx_thread_state, TX_TRACE_THREAD_EVENTS)
      |     ^~~~~~~~~~~~~~~~~~~~~~~~~~~~~~~~~~~~~~~~~~~~~~~~~~~~~~~~~~~~~~~~~~~~~~~~~~~~~~~~~~~~~~~~~~~~~~~~~~~~~~~~~~~~~~~~~~~~~~~~~~~~~~~~~~~~~~~~~~~~~~~~~~~~~~~~~~~~~~~~~~~~~~~~~~~
threadx/common/inc/tx_trace.h:503:87: note: expanded from macro 'TX_TRACE_IN_LINE_INSERT'
  503 |                     _tx_trace_header_ptr -> tx_trace_header_buffer_current_pointer =  (ULONG) trace_event_ptr; \
      |                                                                                       ^~~~~~~~~~~~~~~~~~~~~~~
threadx/common/src/tx_thread_priority_change.c:105:5: warning: cast to smaller integer type 'ULONG' (aka 'unsigned long') from 'TX_TRACE_BUFFER_ENTRY *' (aka 'struct TX_TRACE_BUFFER_ENTRY_STRUCT *') [-Wpointer-to-int-cast]
  105 |     TX_TRACE_IN_LINE_INSERT(TX_TRACE_THREAD_PRIORITY_CHANGE, thread_ptr, new_priority, thread_ptr -> tx_thread_priority, thread_ptr -> tx_thread_state, TX_TRACE_THREAD_EVENTS)
      |     ^~~~~~~~~~~~~~~~~~~~~~~~~~~~~~~~~~~~~~~~~~~~~~~~~~~~~~~~~~~~~~~~~~~~~~~~~~~~~~~~~~~~~~~~~~~~~~~~~~~~~~~~~~~~~~~~~~~~~~~~~~~~~~~~~~~~~~~~~~~~~~~~~~~~~~~~~~~~~~~~~~~~~~~~~~~
threadx/common/inc/tx_trace.h:510:87: note: expanded from macro 'TX_TRACE_IN_LINE_INSERT'
  510 |                     _tx_trace_header_ptr -> tx_trace_header_buffer_current_pointer =  (ULONG) trace_event_ptr; \
      |                                                                                       ^~~~~~~~~~~~~~~~~~~~~~~
5 warnings generated.
threadx/common/src/tx_thread_resume.c:113:5: warning: cast to smaller integer type 'ULONG' (aka 'unsigned long') from 'TX_THREAD *' (aka 'struct TX_THREAD_STRUCT *') [-Wpointer-to-int-cast] (Local CPU 22)
  113 |     TX_TRACE_IN_LINE_INSERT(TX_TRACE_THREAD_RESUME_API, thread_ptr, thread_ptr -> tx_thread_state, TX_POINTER_TO_ULONG_CONVERT(&status), 0, TX_TRACE_THREAD_EVENTS)
      |     ^~~~~~~~~~~~~~~~~~~~~~~~~~~~~~~~~~~~~~~~~~~~~~~~~~~~~~~~~~~~~~~~~~~~~~~~~~~~~~~~~~~~~~~~~~~~~~~~~~~~~~~~~~~~~~~~~~~~~~~~~~~~~~~~~~~~~~~~~~~~~~~~~~~~~~~~~~~~~~~
threadx/common/inc/tx_trace.h:485:41: note: expanded from macro 'TX_TRACE_IN_LINE_INSERT'
  485 |                     trace_priority =    (ULONG) trace_thread_ptr; \
      |                                         ^~~~~~~~~~~~~~~~~~~~~~~~
threadx/common/src/tx_thread_resume.c:113:5: warning: cast to smaller integer type 'ULONG' (aka 'unsigned long') from 'TX_THREAD *' (aka 'struct TX_THREAD_STRUCT *') [-Wpointer-to-int-cast]
  113 |     TX_TRACE_IN_LINE_INSERT(TX_TRACE_THREAD_RESUME_API, thread_ptr, thread_ptr -> tx_thread_state, TX_POINTER_TO_ULONG_CONVERT(&status), 0, TX_TRACE_THREAD_EVENTS)
      |     ^~~~~~~~~~~~~~~~~~~~~~~~~~~~~~~~~~~~~~~~~~~~~~~~~~~~~~~~~~~~~~~~~~~~~~~~~~~~~~~~~~~~~~~~~~~~~~~~~~~~~~~~~~~~~~~~~~~~~~~~~~~~~~~~~~~~~~~~~~~~~~~~~~~~~~~~~~~~~~~
threadx/common/inc/tx_trace.h:493:81: note: expanded from macro 'TX_TRACE_IN_LINE_INSERT'
  493 |                 trace_event_ptr -> tx_trace_buffer_entry_thread_pointer =       (ULONG) trace_thread_ptr; \
      |                                                                                 ^~~~~~~~~~~~~~~~~~~~~~~~
threadx/common/src/tx_thread_resume.c:113:5: warning: cast to smaller integer type 'ULONG' (aka 'unsigned long') from 'TX_THREAD *' (aka 'struct TX_THREAD_STRUCT *') [-Wpointer-to-int-cast]
  113 |     TX_TRACE_IN_LINE_INSERT(TX_TRACE_THREAD_RESUME_API, thread_ptr, thread_ptr -> tx_thread_state, TX_POINTER_TO_ULONG_CONVERT(&status), 0, TX_TRACE_THREAD_EVENTS)
      |     ^~~~~~~~~~~~~~~~~~~~~~~~~~~~~~~~~~~~~~~~~~~~~~~~~~~~~~~~~~~~~~~~~~~~~~~~~~~~~~~~~~~~~~~~~~~~~~~~~~~~~~~~~~~~~~~~~~~~~~~~~~~~~~~~~~~~~~~~~~~~~~~~~~~~~~~~~~~~~~~
threadx/common/inc/tx_trace.h:497:17: note: expanded from macro 'TX_TRACE_IN_LINE_INSERT'
  497 |                 TX_TRACE_INFO_FIELD_ASSIGNMENT((a),(b),(c),(d)) \
      |                 ^~~~~~~~~~~~~~~~~~~~~~~~~~~~~~~~~~~~~~~~~~~~~~~
threadx/common/inc/tx_trace.h:457:114: note: expanded from macro 'TX_TRACE_INFO_FIELD_ASSIGNMENT'
  457 | #define TX_TRACE_INFO_FIELD_ASSIGNMENT(a,b,c,d)  trace_event_ptr -> tx_trace_buffer_entry_information_field_1 =  (ULONG) (a); trace_event_ptr -> tx_trace_buffer_entry_information_field_2 =  (ULONG) (b); trace_event_ptr -> tx_trace_buffer_entry_information_field_3 =  (ULONG) (c); trace_event_ptr -> tx_trace_buffer_entry_information_field_4 =  (ULONG) (d);
      |                                                                                                                  ^~~~~~~~~~~
threadx/common/src/tx_thread_resume.c:113:100: warning: cast to smaller integer type 'ULONG' (aka 'unsigned long') from 'void *' [-Wvoid-pointer-to-int-cast]
  113 |     TX_TRACE_IN_LINE_INSERT(TX_TRACE_THREAD_RESUME_API, thread_ptr, thread_ptr -> tx_thread_state, TX_POINTER_TO_ULONG_CONVERT(&status), 0, TX_TRACE_THREAD_EVENTS)
      |     ~~~~~~~~~~~~~~~~~~~~~~~~~~~~~~~~~~~~~~~~~~~~~~~~~~~~~~~~~~~~~~~~~~~~~~~~~~~~~~~~~~~~~~~~~~~~~~~^~~~~~~~~~~~~~~~~~~~~~~~~~~~~~~~~~~~~~~~~~~~~~~~~~~~~~~~~~~~~~~~
threadx/common/inc/tx_api.h:2062:58: note: expanded from macro 'TX_POINTER_TO_ULONG_CONVERT'
 2062 | #define TX_POINTER_TO_ULONG_CONVERT(a)                  ((ULONG) ((VOID *) (a)))
      |                                                          ^
threadx/common/inc/tx_trace.h:497:57: note: expanded from macro 'TX_TRACE_IN_LINE_INSERT'
  497 |                 TX_TRACE_INFO_FIELD_ASSIGNMENT((a),(b),(c),(d)) \
      |                 ~~~~~~~~~~~~~~~~~~~~~~~~~~~~~~~~~~~~~~~~^~~~~~~
threadx/common/inc/tx_trace.h:457:277: note: expanded from macro 'TX_TRACE_INFO_FIELD_ASSIGNMENT'
  457 | #define TX_TRACE_INFO_FIELD_ASSIGNMENT(a,b,c,d)  trace_event_ptr -> tx_trace_buffer_entry_information_field_1 =  (ULONG) (a); trace_event_ptr -> tx_trace_buffer_entry_information_field_2 =  (ULONG) (b); trace_event_ptr -> tx_trace_buffer_entry_information_field_3 =  (ULONG) (c); trace_event_ptr -> tx_trace_buffer_entry_information_field_4 =  (ULONG) (d);
      |                                                                                                                                                                                                                                                                                     ^
threadx/common/src/tx_thread_resume.c:113:5: warning: cast to smaller integer type 'ULONG' (aka 'unsigned long') from 'TX_TRACE_BUFFER_ENTRY *' (aka 'struct TX_TRACE_BUFFER_ENTRY_STRUCT *') [-Wpointer-to-int-cast]
  113 |     TX_TRACE_IN_LINE_INSERT(TX_TRACE_THREAD_RESUME_API, thread_ptr, thread_ptr -> tx_thread_state, TX_POINTER_TO_ULONG_CONVERT(&status), 0, TX_TRACE_THREAD_EVENTS)
      |     ^~~~~~~~~~~~~~~~~~~~~~~~~~~~~~~~~~~~~~~~~~~~~~~~~~~~~~~~~~~~~~~~~~~~~~~~~~~~~~~~~~~~~~~~~~~~~~~~~~~~~~~~~~~~~~~~~~~~~~~~~~~~~~~~~~~~~~~~~~~~~~~~~~~~~~~~~~~~~~~
threadx/common/inc/tx_trace.h:503:87: note: expanded from macro 'TX_TRACE_IN_LINE_INSERT'
  503 |                     _tx_trace_header_ptr -> tx_trace_header_buffer_current_pointer =  (ULONG) trace_event_ptr; \
      |                                                                                       ^~~~~~~~~~~~~~~~~~~~~~~
threadx/common/src/tx_thread_resume.c:113:5: warning: cast to smaller integer type 'ULONG' (aka 'unsigned long') from 'TX_TRACE_BUFFER_ENTRY *' (aka 'struct TX_TRACE_BUFFER_ENTRY_STRUCT *') [-Wpointer-to-int-cast]
  113 |     TX_TRACE_IN_LINE_INSERT(TX_TRACE_THREAD_RESUME_API, thread_ptr, thread_ptr -> tx_thread_state, TX_POINTER_TO_ULONG_CONVERT(&status), 0, TX_TRACE_THREAD_EVENTS)
      |     ^~~~~~~~~~~~~~~~~~~~~~~~~~~~~~~~~~~~~~~~~~~~~~~~~~~~~~~~~~~~~~~~~~~~~~~~~~~~~~~~~~~~~~~~~~~~~~~~~~~~~~~~~~~~~~~~~~~~~~~~~~~~~~~~~~~~~~~~~~~~~~~~~~~~~~~~~~~~~~~
threadx/common/inc/tx_trace.h:510:87: note: expanded from macro 'TX_TRACE_IN_LINE_INSERT'
  510 |                     _tx_trace_header_ptr -> tx_trace_header_buffer_current_pointer =  (ULONG) trace_event_ptr; \
      |                                                                                       ^~~~~~~~~~~~~~~~~~~~~~~
6 warnings generated.
threadx/common/src/tx_thread_relinquish.c:132:5: warning: cast to smaller integer type 'ULONG' (aka 'unsigned long') from 'TX_THREAD *' (aka 'struct TX_THREAD_STRUCT *') [-Wpointer-to-int-cast] (Local CPU 20)
  132 |     TX_TRACE_IN_LINE_INSERT(TX_TRACE_THREAD_RELINQUISH, &thread_ptr, TX_POINTER_TO_ULONG_CONVERT(_tx_thread_execute_ptr), 0, 0, TX_TRACE_THREAD_EVENTS)
      |     ^~~~~~~~~~~~~~~~~~~~~~~~~~~~~~~~~~~~~~~~~~~~~~~~~~~~~~~~~~~~~~~~~~~~~~~~~~~~~~~~~~~~~~~~~~~~~~~~~~~~~~~~~~~~~~~~~~~~~~~~~~~~~~~~~~~~~~~~~~~~~~~~~~~
threadx/common/inc/tx_trace.h:485:41: note: expanded from macro 'TX_TRACE_IN_LINE_INSERT'
  485 |                     trace_priority =    (ULONG) trace_thread_ptr; \
      |                                         ^~~~~~~~~~~~~~~~~~~~~~~~
threadx/common/src/tx_thread_relinquish.c:132:5: warning: cast to smaller integer type 'ULONG' (aka 'unsigned long') from 'TX_THREAD *' (aka 'struct TX_THREAD_STRUCT *') [-Wpointer-to-int-cast]
  132 |     TX_TRACE_IN_LINE_INSERT(TX_TRACE_THREAD_RELINQUISH, &thread_ptr, TX_POINTER_TO_ULONG_CONVERT(_tx_thread_execute_ptr), 0, 0, TX_TRACE_THREAD_EVENTS)
      |     ^~~~~~~~~~~~~~~~~~~~~~~~~~~~~~~~~~~~~~~~~~~~~~~~~~~~~~~~~~~~~~~~~~~~~~~~~~~~~~~~~~~~~~~~~~~~~~~~~~~~~~~~~~~~~~~~~~~~~~~~~~~~~~~~~~~~~~~~~~~~~~~~~~~
threadx/common/inc/tx_trace.h:493:81: note: expanded from macro 'TX_TRACE_IN_LINE_INSERT'
  493 |                 trace_event_ptr -> tx_trace_buffer_entry_thread_pointer =       (ULONG) trace_thread_ptr; \
      |                                                                                 ^~~~~~~~~~~~~~~~~~~~~~~~
threadx/common/src/tx_thread_relinquish.c:132:5: warning: cast to smaller integer type 'ULONG' (aka 'unsigned long') from 'TX_THREAD **' (aka 'struct TX_THREAD_STRUCT **') [-Wpointer-to-int-cast]
  132 |     TX_TRACE_IN_LINE_INSERT(TX_TRACE_THREAD_RELINQUISH, &thread_ptr, TX_POINTER_TO_ULONG_CONVERT(_tx_thread_execute_ptr), 0, 0, TX_TRACE_THREAD_EVENTS)
      |     ^~~~~~~~~~~~~~~~~~~~~~~~~~~~~~~~~~~~~~~~~~~~~~~~~~~~~~~~~~~~~~~~~~~~~~~~~~~~~~~~~~~~~~~~~~~~~~~~~~~~~~~~~~~~~~~~~~~~~~~~~~~~~~~~~~~~~~~~~~~~~~~~~~~
threadx/common/inc/tx_trace.h:497:17: note: expanded from macro 'TX_TRACE_IN_LINE_INSERT'
  497 |                 TX_TRACE_INFO_FIELD_ASSIGNMENT((a),(b),(c),(d)) \
      |                 ^~~~~~~~~~~~~~~~~~~~~~~~~~~~~~~~~~~~~~~~~~~~~~~
threadx/common/inc/tx_trace.h:457:114: note: expanded from macro 'TX_TRACE_INFO_FIELD_ASSIGNMENT'
  457 | #define TX_TRACE_INFO_FIELD_ASSIGNMENT(a,b,c,d)  trace_event_ptr -> tx_trace_buffer_entry_information_field_1 =  (ULONG) (a); trace_event_ptr -> tx_trace_buffer_entry_information_field_2 =  (ULONG) (b); trace_event_ptr -> tx_trace_buffer_entry_information_field_3 =  (ULONG) (c); trace_event_ptr -> tx_trace_buffer_entry_information_field_4 =  (ULONG) (d);
      |                                                                                                                  ^~~~~~~~~~~
threadx/common/src/tx_thread_relinquish.c:132:70: warning: cast to smaller integer type 'ULONG' (aka 'unsigned long') from 'void *' [-Wvoid-pointer-to-int-cast]
  132 |     TX_TRACE_IN_LINE_INSERT(TX_TRACE_THREAD_RELINQUISH, &thread_ptr, TX_POINTER_TO_ULONG_CONVERT(_tx_thread_execute_ptr), 0, 0, TX_TRACE_THREAD_EVENTS)
      |     ~~~~~~~~~~~~~~~~~~~~~~~~~~~~~~~~~~~~~~~~~~~~~~~~~~~~~~~~~~~~~~~~~^~~~~~~~~~~~~~~~~~~~~~~~~~~~~~~~~~~~~~~~~~~~~~~~~~~~~~~~~~~~~~~~~~~~~~~~~~~~~~~~~~
threadx/common/inc/tx_api.h:2062:58: note: expanded from macro 'TX_POINTER_TO_ULONG_CONVERT'
 2062 | #define TX_POINTER_TO_ULONG_CONVERT(a)                  ((ULONG) ((VOID *) (a)))
      |                                                          ^
threadx/common/inc/tx_trace.h:497:53: note: expanded from macro 'TX_TRACE_IN_LINE_INSERT'
  497 |                 TX_TRACE_INFO_FIELD_ASSIGNMENT((a),(b),(c),(d)) \
      |                 ~~~~~~~~~~~~~~~~~~~~~~~~~~~~~~~~~~~~^~~~~~~~~~~
threadx/common/inc/tx_trace.h:457:200: note: expanded from macro 'TX_TRACE_INFO_FIELD_ASSIGNMENT'
  457 | #define TX_TRACE_INFO_FIELD_ASSIGNMENT(a,b,c,d)  trace_event_ptr -> tx_trace_buffer_entry_information_field_1 =  (ULONG) (a); trace_event_ptr -> tx_trace_buffer_entry_information_field_2 =  (ULONG) (b); trace_event_ptr -> tx_trace_buffer_entry_information_field_3 =  (ULONG) (c); trace_event_ptr -> tx_trace_buffer_entry_information_field_4 =  (ULONG) (d);
      |                                                                                                                                                                                                        ^
threadx/common/src/tx_thread_relinquish.c:132:5: warning: cast to smaller integer type 'ULONG' (aka 'unsigned long') from 'TX_TRACE_BUFFER_ENTRY *' (aka 'struct TX_TRACE_BUFFER_ENTRY_STRUCT *') [-Wpointer-to-int-cast]
  132 |     TX_TRACE_IN_LINE_INSERT(TX_TRACE_THREAD_RELINQUISH, &thread_ptr, TX_POINTER_TO_ULONG_CONVERT(_tx_thread_execute_ptr), 0, 0, TX_TRACE_THREAD_EVENTS)
      |     ^~~~~~~~~~~~~~~~~~~~~~~~~~~~~~~~~~~~~~~~~~~~~~~~~~~~~~~~~~~~~~~~~~~~~~~~~~~~~~~~~~~~~~~~~~~~~~~~~~~~~~~~~~~~~~~~~~~~~~~~~~~~~~~~~~~~~~~~~~~~~~~~~~~
threadx/common/inc/tx_trace.h:503:87: note: expanded from macro 'TX_TRACE_IN_LINE_INSERT'
  503 |                     _tx_trace_header_ptr -> tx_trace_header_buffer_current_pointer =  (ULONG) trace_event_ptr; \
      |                                                                                       ^~~~~~~~~~~~~~~~~~~~~~~
threadx/common/src/tx_thread_relinquish.c:132:5: warning: cast to smaller integer type 'ULONG' (aka 'unsigned long') from 'TX_TRACE_BUFFER_ENTRY *' (aka 'struct TX_TRACE_BUFFER_ENTRY_STRUCT *') [-Wpointer-to-int-cast]
  132 |     TX_TRACE_IN_LINE_INSERT(TX_TRACE_THREAD_RELINQUISH, &thread_ptr, TX_POINTER_TO_ULONG_CONVERT(_tx_thread_execute_ptr), 0, 0, TX_TRACE_THREAD_EVENTS)
      |     ^~~~~~~~~~~~~~~~~~~~~~~~~~~~~~~~~~~~~~~~~~~~~~~~~~~~~~~~~~~~~~~~~~~~~~~~~~~~~~~~~~~~~~~~~~~~~~~~~~~~~~~~~~~~~~~~~~~~~~~~~~~~~~~~~~~~~~~~~~~~~~~~~~~
threadx/common/inc/tx_trace.h:510:87: note: expanded from macro 'TX_TRACE_IN_LINE_INSERT'
  510 |                     _tx_trace_header_ptr -> tx_trace_header_buffer_current_pointer =  (ULONG) trace_event_ptr; \
      |                                                                                       ^~~~~~~~~~~~~~~~~~~~~~~
6 warnings generated.
threadx/common/src/tx_thread_system_resume.c:137:5: warning: cast to smaller integer type 'ULONG' (aka 'unsigned long') from 'TX_THREAD *' (aka 'struct TX_THREAD_STRUCT *') [-Wpointer-to-int-cast] (Local CPU 2)
  137 |     TX_TRACE_IN_LINE_INSERT(TX_TRACE_THREAD_RESUME, thread_ptr, thread_ptr -> tx_thread_state, TX_POINTER_TO_ULONG_CONVERT(&execute_ptr), TX_POINTER_TO_ULONG_CONVERT(_tx_thread_execute_ptr), TX_TRACE_INTERNAL_EVENTS)
      |     ^~~~~~~~~~~~~~~~~~~~~~~~~~~~~~~~~~~~~~~~~~~~~~~~~~~~~~~~~~~~~~~~~~~~~~~~~~~~~~~~~~~~~~~~~~~~~~~~~~~~~~~~~~~~~~~~~~~~~~~~~~~~~~~~~~~~~~~~~~~~~~~~~~~~~~~~~~~~~~~~~~~~~~~~~~~~~~~~~~~~~~~~~~~~~~~~~~~~~~~~~~~~~~~~~~~~
threadx/common/inc/tx_trace.h:485:41: note: expanded from macro 'TX_TRACE_IN_LINE_INSERT'
  485 |                     trace_priority =    (ULONG) trace_thread_ptr; \
      |                                         ^~~~~~~~~~~~~~~~~~~~~~~~
threadx/common/src/tx_thread_system_resume.c:137:5: warning: cast to smaller integer type 'ULONG' (aka 'unsigned long') from 'TX_THREAD *' (aka 'struct TX_THREAD_STRUCT *') [-Wpointer-to-int-cast]
  137 |     TX_TRACE_IN_LINE_INSERT(TX_TRACE_THREAD_RESUME, thread_ptr, thread_ptr -> tx_thread_state, TX_POINTER_TO_ULONG_CONVERT(&execute_ptr), TX_POINTER_TO_ULONG_CONVERT(_tx_thread_execute_ptr), TX_TRACE_INTERNAL_EVENTS)
      |     ^~~~~~~~~~~~~~~~~~~~~~~~~~~~~~~~~~~~~~~~~~~~~~~~~~~~~~~~~~~~~~~~~~~~~~~~~~~~~~~~~~~~~~~~~~~~~~~~~~~~~~~~~~~~~~~~~~~~~~~~~~~~~~~~~~~~~~~~~~~~~~~~~~~~~~~~~~~~~~~~~~~~~~~~~~~~~~~~~~~~~~~~~~~~~~~~~~~~~~~~~~~~~~~~~~~~
threadx/common/inc/tx_trace.h:493:81: note: expanded from macro 'TX_TRACE_IN_LINE_INSERT'
  493 |                 trace_event_ptr -> tx_trace_buffer_entry_thread_pointer =       (ULONG) trace_thread_ptr; \
      |                                                                                 ^~~~~~~~~~~~~~~~~~~~~~~~
threadx/common/src/tx_thread_system_resume.c:137:5: warning: cast to smaller integer type 'ULONG' (aka 'unsigned long') from 'TX_THREAD *' (aka 'struct TX_THREAD_STRUCT *') [-Wpointer-to-int-cast]
  137 |     TX_TRACE_IN_LINE_INSERT(TX_TRACE_THREAD_RESUME, thread_ptr, thread_ptr -> tx_thread_state, TX_POINTER_TO_ULONG_CONVERT(&execute_ptr), TX_POINTER_TO_ULONG_CONVERT(_tx_thread_execute_ptr), TX_TRACE_INTERNAL_EVENTS)
      |     ^~~~~~~~~~~~~~~~~~~~~~~~~~~~~~~~~~~~~~~~~~~~~~~~~~~~~~~~~~~~~~~~~~~~~~~~~~~~~~~~~~~~~~~~~~~~~~~~~~~~~~~~~~~~~~~~~~~~~~~~~~~~~~~~~~~~~~~~~~~~~~~~~~~~~~~~~~~~~~~~~~~~~~~~~~~~~~~~~~~~~~~~~~~~~~~~~~~~~~~~~~~~~~~~~~~~
threadx/common/inc/tx_trace.h:497:17: note: expanded from macro 'TX_TRACE_IN_LINE_INSERT'
  497 |                 TX_TRACE_INFO_FIELD_ASSIGNMENT((a),(b),(c),(d)) \
      |                 ^~~~~~~~~~~~~~~~~~~~~~~~~~~~~~~~~~~~~~~~~~~~~~~
threadx/common/inc/tx_trace.h:457:114: note: expanded from macro 'TX_TRACE_INFO_FIELD_ASSIGNMENT'
  457 | #define TX_TRACE_INFO_FIELD_ASSIGNMENT(a,b,c,d)  trace_event_ptr -> tx_trace_buffer_entry_information_field_1 =  (ULONG) (a); trace_event_ptr -> tx_trace_buffer_entry_information_field_2 =  (ULONG) (b); trace_event_ptr -> tx_trace_buffer_entry_information_field_3 =  (ULONG) (c); trace_event_ptr -> tx_trace_buffer_entry_information_field_4 =  (ULONG) (d);
      |                                                                                                                  ^~~~~~~~~~~
threadx/common/src/tx_thread_system_resume.c:137:96: warning: cast to smaller integer type 'ULONG' (aka 'unsigned long') from 'void *' [-Wvoid-pointer-to-int-cast]
  137 |     TX_TRACE_IN_LINE_INSERT(TX_TRACE_THREAD_RESUME, thread_ptr, thread_ptr -> tx_thread_state, TX_POINTER_TO_ULONG_CONVERT(&execute_ptr), TX_POINTER_TO_ULONG_CONVERT(_tx_thread_execute_ptr), TX_TRACE_INTERNAL_EVENTS)
      |     ~~~~~~~~~~~~~~~~~~~~~~~~~~~~~~~~~~~~~~~~~~~~~~~~~~~~~~~~~~~~~~~~~~~~~~~~~~~~~~~~~~~~~~~~~~~^~~~~~~~~~~~~~~~~~~~~~~~~~~~~~~~~~~~~~~~~~~~~~~~~~~~~~~~~~~~~~~~~~~~~~~~~~~~~~~~~~~~~~~~~~~~~~~~~~~~~~~~~~~~~~~~~~~~~~~~~
threadx/common/inc/tx_api.h:2062:58: note: expanded from macro 'TX_POINTER_TO_ULONG_CONVERT'
 2062 | #define TX_POINTER_TO_ULONG_CONVERT(a)                  ((ULONG) ((VOID *) (a)))
      |                                                          ^
threadx/common/inc/tx_trace.h:497:57: note: expanded from macro 'TX_TRACE_IN_LINE_INSERT'
  497 |                 TX_TRACE_INFO_FIELD_ASSIGNMENT((a),(b),(c),(d)) \
      |                 ~~~~~~~~~~~~~~~~~~~~~~~~~~~~~~~~~~~~~~~~^~~~~~~
threadx/common/inc/tx_trace.h:457:277: note: expanded from macro 'TX_TRACE_INFO_FIELD_ASSIGNMENT'
  457 | #define TX_TRACE_INFO_FIELD_ASSIGNMENT(a,b,c,d)  trace_event_ptr -> tx_trace_buffer_entry_information_field_1 =  (ULONG) (a); trace_event_ptr -> tx_trace_buffer_entry_information_field_2 =  (ULONG) (b); trace_event_ptr -> tx_trace_buffer_entry_information_field_3 =  (ULONG) (c); trace_event_ptr -> tx_trace_buffer_entry_information_field_4 =  (ULONG) (d);
      |                                                                                                                                                                                                                                                                                     ^
threadx/common/src/tx_thread_system_resume.c:137:139: warning: cast to smaller integer type 'ULONG' (aka 'unsigned long') from 'void *' [-Wvoid-pointer-to-int-cast]
  137 |     TX_TRACE_IN_LINE_INSERT(TX_TRACE_THREAD_RESUME, thread_ptr, thread_ptr -> tx_thread_state, TX_POINTER_TO_ULONG_CONVERT(&execute_ptr), TX_POINTER_TO_ULONG_CONVERT(_tx_thread_execute_ptr), TX_TRACE_INTERNAL_EVENTS)
      |     ~~~~~~~~~~~~~~~~~~~~~~~~~~~~~~~~~~~~~~~~~~~~~~~~~~~~~~~~~~~~~~~~~~~~~~~~~~~~~~~~~~~~~~~~~~~~~~~~~~~~~~~~~~~~~~~~~~~~~~~~~~~~~~~~~~~~~~^~~~~~~~~~~~~~~~~~~~~~~~~~~~~~~~~~~~~~~~~~~~~~~~~~~~~~~~~~~~~~~~~~~~~~~~~~~~~~
threadx/common/inc/tx_api.h:2062:58: note: expanded from macro 'TX_POINTER_TO_ULONG_CONVERT'
 2062 | #define TX_POINTER_TO_ULONG_CONVERT(a)                  ((ULONG) ((VOID *) (a)))
      |                                                          ^
threadx/common/inc/tx_trace.h:497:61: note: expanded from macro 'TX_TRACE_IN_LINE_INSERT'
  497 |                 TX_TRACE_INFO_FIELD_ASSIGNMENT((a),(b),(c),(d)) \
      |                 ~~~~~~~~~~~~~~~~~~~~~~~~~~~~~~~~~~~~~~~~~~~~^~~
threadx/common/inc/tx_trace.h:457:354: note: expanded from macro 'TX_TRACE_INFO_FIELD_ASSIGNMENT'
  457 | #define TX_TRACE_INFO_FIELD_ASSIGNMENT(a,b,c,d)  trace_event_ptr -> tx_trace_buffer_entry_information_field_1 =  (ULONG) (a); trace_event_ptr -> tx_trace_buffer_entry_information_field_2 =  (ULONG) (b); trace_event_ptr -> tx_trace_buffer_entry_information_field_3 =  (ULONG) (c); trace_event_ptr -> tx_trace_buffer_entry_information_field_4 =  (ULONG) (d);
      |                                                                                                                                                                                                                                                                                                                                                                  ^
threadx/common/src/tx_thread_system_resume.c:137:5: warning: cast to smaller integer type 'ULONG' (aka 'unsigned long') from 'TX_TRACE_BUFFER_ENTRY *' (aka 'struct TX_TRACE_BUFFER_ENTRY_STRUCT *') [-Wpointer-to-int-cast]
  137 |     TX_TRACE_IN_LINE_INSERT(TX_TRACE_THREAD_RESUME, thread_ptr, thread_ptr -> tx_thread_state, TX_POINTER_TO_ULONG_CONVERT(&execute_ptr), TX_POINTER_TO_ULONG_CONVERT(_tx_thread_execute_ptr), TX_TRACE_INTERNAL_EVENTS)
      |     ^~~~~~~~~~~~~~~~~~~~~~~~~~~~~~~~~~~~~~~~~~~~~~~~~~~~~~~~~~~~~~~~~~~~~~~~~~~~~~~~~~~~~~~~~~~~~~~~~~~~~~~~~~~~~~~~~~~~~~~~~~~~~~~~~~~~~~~~~~~~~~~~~~~~~~~~~~~~~~~~~~~~~~~~~~~~~~~~~~~~~~~~~~~~~~~~~~~~~~~~~~~~~~~~~~~~
threadx/common/inc/tx_trace.h:503:87: note: expanded from macro 'TX_TRACE_IN_LINE_INSERT'
  503 |                     _tx_trace_header_ptr -> tx_trace_header_buffer_current_pointer =  (ULONG) trace_event_ptr; \
      |                                                                                       ^~~~~~~~~~~~~~~~~~~~~~~
threadx/common/src/tx_thread_system_resume.c:137:5: warning: cast to smaller integer type 'ULONG' (aka 'unsigned long') from 'TX_TRACE_BUFFER_ENTRY *' (aka 'struct TX_TRACE_BUFFER_ENTRY_STRUCT *') [-Wpointer-to-int-cast]
  137 |     TX_TRACE_IN_LINE_INSERT(TX_TRACE_THREAD_RESUME, thread_ptr, thread_ptr -> tx_thread_state, TX_POINTER_TO_ULONG_CONVERT(&execute_ptr), TX_POINTER_TO_ULONG_CONVERT(_tx_thread_execute_ptr), TX_TRACE_INTERNAL_EVENTS)
      |     ^~~~~~~~~~~~~~~~~~~~~~~~~~~~~~~~~~~~~~~~~~~~~~~~~~~~~~~~~~~~~~~~~~~~~~~~~~~~~~~~~~~~~~~~~~~~~~~~~~~~~~~~~~~~~~~~~~~~~~~~~~~~~~~~~~~~~~~~~~~~~~~~~~~~~~~~~~~~~~~~~~~~~~~~~~~~~~~~~~~~~~~~~~~~~~~~~~~~~~~~~~~~~~~~~~~~
threadx/common/inc/tx_trace.h:510:87: note: expanded from macro 'TX_TRACE_IN_LINE_INSERT'
  510 |                     _tx_trace_header_ptr -> tx_trace_header_buffer_current_pointer =  (ULONG) trace_event_ptr; \
      |                                                                                       ^~~~~~~~~~~~~~~~~~~~~~~
threadx/common/src/tx_thread_system_resume.c:344:99: warning: cast to smaller integer type 'ULONG' (aka 'unsigned long') from 'void *' [-Wvoid-pointer-to-int-cast]
  344 |                                         entry_ptr -> tx_trace_buffer_entry_information_field_4 =  TX_POINTER_TO_ULONG_CONVERT(_tx_thread_execute_ptr);
      |                                                                                                   ^~~~~~~~~~~~~~~~~~~~~~~~~~~~~~~~~~~~~~~~~~~~~~~~~~~
threadx/common/inc/tx_api.h:2062:58: note: expanded from macro 'TX_POINTER_TO_ULONG_CONVERT'
 2062 | #define TX_POINTER_TO_ULONG_CONVERT(a)                  ((ULONG) ((VOID *) (a)))
      |                                                          ^~~~~~~~~~~~~~~~~~~~~~
threadx/common/src/tx_thread_system_resume.c:498:71: warning: cast to smaller integer type 'ULONG' (aka 'unsigned long') from 'void *' [-Wvoid-pointer-to-int-cast]
  498 |             entry_ptr -> tx_trace_buffer_entry_information_field_4 =  TX_POINTER_TO_ULONG_CONVERT(_tx_thread_execute_ptr);
      |                                                                       ^~~~~~~~~~~~~~~~~~~~~~~~~~~~~~~~~~~~~~~~~~~~~~~~~~~
threadx/common/inc/tx_api.h:2062:58: note: expanded from macro 'TX_POINTER_TO_ULONG_CONVERT'
 2062 | #define TX_POINTER_TO_ULONG_CONVERT(a)                  ((ULONG) ((VOID *) (a)))
      |                                                          ^~~~~~~~~~~~~~~~~~~~~~
9 warnings generated.
threadx/common/src/tx_thread_sleep.c:153:13: warning: cast to smaller integer type 'ULONG' (aka 'unsigned long') from 'TX_THREAD *' (aka 'struct TX_THREAD_STRUCT *') [-Wpointer-to-int-cast] (Local CPU 3)
  153 |             TX_TRACE_IN_LINE_INSERT(TX_TRACE_THREAD_SLEEP, TX_ULONG_TO_POINTER_CONVERT(timer_ticks), thread_ptr -> tx_thread_state, TX_POINTER_TO_ULONG_CONVERT(&status), 0, TX_TRACE_THREAD_EVENTS)
      |             ^~~~~~~~~~~~~~~~~~~~~~~~~~~~~~~~~~~~~~~~~~~~~~~~~~~~~~~~~~~~~~~~~~~~~~~~~~~~~~~~~~~~~~~~~~~~~~~~~~~~~~~~~~~~~~~~~~~~~~~~~~~~~~~~~~~~~~~~~~~~~~~~~~~~~~~~~~~~~~~~~~~~~~~~~~~~~~~~~~~~~~~~
threadx/common/inc/tx_trace.h:485:41: note: expanded from macro 'TX_TRACE_IN_LINE_INSERT'
  485 |                     trace_priority =    (ULONG) trace_thread_ptr; \
      |                                         ^~~~~~~~~~~~~~~~~~~~~~~~
threadx/common/src/tx_thread_sleep.c:153:13: warning: cast to smaller integer type 'ULONG' (aka 'unsigned long') from 'TX_THREAD *' (aka 'struct TX_THREAD_STRUCT *') [-Wpointer-to-int-cast]
  153 |             TX_TRACE_IN_LINE_INSERT(TX_TRACE_THREAD_SLEEP, TX_ULONG_TO_POINTER_CONVERT(timer_ticks), thread_ptr -> tx_thread_state, TX_POINTER_TO_ULONG_CONVERT(&status), 0, TX_TRACE_THREAD_EVENTS)
      |             ^~~~~~~~~~~~~~~~~~~~~~~~~~~~~~~~~~~~~~~~~~~~~~~~~~~~~~~~~~~~~~~~~~~~~~~~~~~~~~~~~~~~~~~~~~~~~~~~~~~~~~~~~~~~~~~~~~~~~~~~~~~~~~~~~~~~~~~~~~~~~~~~~~~~~~~~~~~~~~~~~~~~~~~~~~~~~~~~~~~~~~~~
threadx/common/inc/tx_trace.h:493:81: note: expanded from macro 'TX_TRACE_IN_LINE_INSERT'
  493 |                 trace_event_ptr -> tx_trace_buffer_entry_thread_pointer =       (ULONG) trace_thread_ptr; \
      |                                                                                 ^~~~~~~~~~~~~~~~~~~~~~~~
threadx/common/src/tx_thread_sleep.c:153:60: warning: cast to 'void *' from smaller integer type 'ULONG' (aka 'unsigned long') [-Wint-to-void-pointer-cast]
  153 |             TX_TRACE_IN_LINE_INSERT(TX_TRACE_THREAD_SLEEP, TX_ULONG_TO_POINTER_CONVERT(timer_ticks), thread_ptr -> tx_thread_state, TX_POINTER_TO_ULONG_CONVERT(&status), 0, TX_TRACE_THREAD_EVENTS)
      |             ~~~~~~~~~~~~~~~~~~~~~~~~~~~~~~~~~~~~~~~~~~~~~~~^~~~~~~~~~~~~~~~~~~~~~~~~~~~~~~~~~~~~~~~~~~~~~~~~~~~~~~~~~~~~~~~~~~~~~~~~~~~~~~~~~~~~~~~~~~~~~~~~~~~~~~~~~~~~~~~~~~~~~~~~~~~~~~~~~~~~~~~~
threadx/common/inc/tx_api.h:2063:58: note: expanded from macro 'TX_ULONG_TO_POINTER_CONVERT'
 2063 | #define TX_ULONG_TO_POINTER_CONVERT(a)                  ((VOID *) ((ULONG) (a)))
      |                                                          ^
threadx/common/inc/tx_trace.h:497:49: note: expanded from macro 'TX_TRACE_IN_LINE_INSERT'
  497 |                 TX_TRACE_INFO_FIELD_ASSIGNMENT((a),(b),(c),(d)) \
      |                 ~~~~~~~~~~~~~~~~~~~~~~~~~~~~~~~~^~~~~~~~~~~~~~~
threadx/common/inc/tx_trace.h:457:123: note: expanded from macro 'TX_TRACE_INFO_FIELD_ASSIGNMENT'
  457 | #define TX_TRACE_INFO_FIELD_ASSIGNMENT(a,b,c,d)  trace_event_ptr -> tx_trace_buffer_entry_information_field_1 =  (ULONG) (a); trace_event_ptr -> tx_trace_buffer_entry_information_field_2 =  (ULONG) (b); trace_event_ptr -> tx_trace_buffer_entry_information_field_3 =  (ULONG) (c); trace_event_ptr -> tx_trace_buffer_entry_information_field_4 =  (ULONG) (d);
      |                                                                                                                           ^
threadx/common/src/tx_thread_sleep.c:153:13: warning: cast to smaller integer type 'ULONG' (aka 'unsigned long') from 'void *' [-Wvoid-pointer-to-int-cast]
  153 |             TX_TRACE_IN_LINE_INSERT(TX_TRACE_THREAD_SLEEP, TX_ULONG_TO_POINTER_CONVERT(timer_ticks), thread_ptr -> tx_thread_state, TX_POINTER_TO_ULONG_CONVERT(&status), 0, TX_TRACE_THREAD_EVENTS)
      |             ^~~~~~~~~~~~~~~~~~~~~~~~~~~~~~~~~~~~~~~~~~~~~~~~~~~~~~~~~~~~~~~~~~~~~~~~~~~~~~~~~~~~~~~~~~~~~~~~~~~~~~~~~~~~~~~~~~~~~~~~~~~~~~~~~~~~~~~~~~~~~~~~~~~~~~~~~~~~~~~~~~~~~~~~~~~~~~~~~~~~~~~~
threadx/common/inc/tx_trace.h:497:17: note: expanded from macro 'TX_TRACE_IN_LINE_INSERT'
  497 |                 TX_TRACE_INFO_FIELD_ASSIGNMENT((a),(b),(c),(d)) \
      |                 ^~~~~~~~~~~~~~~~~~~~~~~~~~~~~~~~~~~~~~~~~~~~~~~
threadx/common/inc/tx_trace.h:457:114: note: expanded from macro 'TX_TRACE_INFO_FIELD_ASSIGNMENT'
  457 | #define TX_TRACE_INFO_FIELD_ASSIGNMENT(a,b,c,d)  trace_event_ptr -> tx_trace_buffer_entry_information_field_1 =  (ULONG) (a); trace_event_ptr -> tx_trace_buffer_entry_information_field_2 =  (ULONG) (b); trace_event_ptr -> tx_trace_buffer_entry_information_field_3 =  (ULONG) (c); trace_event_ptr -> tx_trace_buffer_entry_information_field_4 =  (ULONG) (d);
      |                                                                                                                  ^~~~~~~~~~~
threadx/common/src/tx_thread_sleep.c:153:133: warning: cast to smaller integer type 'ULONG' (aka 'unsigned long') from 'void *' [-Wvoid-pointer-to-int-cast]
  153 |             TX_TRACE_IN_LINE_INSERT(TX_TRACE_THREAD_SLEEP, TX_ULONG_TO_POINTER_CONVERT(timer_ticks), thread_ptr -> tx_thread_state, TX_POINTER_TO_ULONG_CONVERT(&status), 0, TX_TRACE_THREAD_EVENTS)
      |             ~~~~~~~~~~~~~~~~~~~~~~~~~~~~~~~~~~~~~~~~~~~~~~~~~~~~~~~~~~~~~~~~~~~~~~~~~~~~~~~~~~~~~~~~~~~~~~~~~~~~~~~~~~~~~~~~~~~~~~~~^~~~~~~~~~~~~~~~~~~~~~~~~~~~~~~~~~~~~~~~~~~~~~~~~~~~~~~~~~~~~~~~
threadx/common/inc/tx_api.h:2062:58: note: expanded from macro 'TX_POINTER_TO_ULONG_CONVERT'
 2062 | #define TX_POINTER_TO_ULONG_CONVERT(a)                  ((ULONG) ((VOID *) (a)))
      |                                                          ^
threadx/common/inc/tx_trace.h:497:57: note: expanded from macro 'TX_TRACE_IN_LINE_INSERT'
  497 |                 TX_TRACE_INFO_FIELD_ASSIGNMENT((a),(b),(c),(d)) \
      |                 ~~~~~~~~~~~~~~~~~~~~~~~~~~~~~~~~~~~~~~~~^~~~~~~
threadx/common/inc/tx_trace.h:457:277: note: expanded from macro 'TX_TRACE_INFO_FIELD_ASSIGNMENT'
  457 | #define TX_TRACE_INFO_FIELD_ASSIGNMENT(a,b,c,d)  trace_event_ptr -> tx_trace_buffer_entry_information_field_1 =  (ULONG) (a); trace_event_ptr -> tx_trace_buffer_entry_information_field_2 =  (ULONG) (b); trace_event_ptr -> tx_trace_buffer_entry_information_field_3 =  (ULONG) (c); trace_event_ptr -> tx_trace_buffer_entry_information_field_4 =  (ULONG) (d);
      |                                                                                                                                                                                                                                                                                     ^
threadx/common/src/tx_thread_sleep.c:153:13: warning: cast to smaller integer type 'ULONG' (aka 'unsigned long') from 'TX_TRACE_BUFFER_ENTRY *' (aka 'struct TX_TRACE_BUFFER_ENTRY_STRUCT *') [-Wpointer-to-int-cast]
  153 |             TX_TRACE_IN_LINE_INSERT(TX_TRACE_THREAD_SLEEP, TX_ULONG_TO_POINTER_CONVERT(timer_ticks), thread_ptr -> tx_thread_state, TX_POINTER_TO_ULONG_CONVERT(&status), 0, TX_TRACE_THREAD_EVENTS)
      |             ^~~~~~~~~~~~~~~~~~~~~~~~~~~~~~~~~~~~~~~~~~~~~~~~~~~~~~~~~~~~~~~~~~~~~~~~~~~~~~~~~~~~~~~~~~~~~~~~~~~~~~~~~~~~~~~~~~~~~~~~~~~~~~~~~~~~~~~~~~~~~~~~~~~~~~~~~~~~~~~~~~~~~~~~~~~~~~~~~~~~~~~~
threadx/common/inc/tx_trace.h:503:87: note: expanded from macro 'TX_TRACE_IN_LINE_INSERT'
  503 |                     _tx_trace_header_ptr -> tx_trace_header_buffer_current_pointer =  (ULONG) trace_event_ptr; \
      |                                                                                       ^~~~~~~~~~~~~~~~~~~~~~~
threadx/common/src/tx_thread_sleep.c:153:13: warning: cast to smaller integer type 'ULONG' (aka 'unsigned long') from 'TX_TRACE_BUFFER_ENTRY *' (aka 'struct TX_TRACE_BUFFER_ENTRY_STRUCT *') [-Wpointer-to-int-cast]
  153 |             TX_TRACE_IN_LINE_INSERT(TX_TRACE_THREAD_SLEEP, TX_ULONG_TO_POINTER_CONVERT(timer_ticks), thread_ptr -> tx_thread_state, TX_POINTER_TO_ULONG_CONVERT(&status), 0, TX_TRACE_THREAD_EVENTS)
      |             ^~~~~~~~~~~~~~~~~~~~~~~~~~~~~~~~~~~~~~~~~~~~~~~~~~~~~~~~~~~~~~~~~~~~~~~~~~~~~~~~~~~~~~~~~~~~~~~~~~~~~~~~~~~~~~~~~~~~~~~~~~~~~~~~~~~~~~~~~~~~~~~~~~~~~~~~~~~~~~~~~~~~~~~~~~~~~~~~~~~~~~~~
threadx/common/inc/tx_trace.h:510:87: note: expanded from macro 'TX_TRACE_IN_LINE_INSERT'
  510 |                     _tx_trace_header_ptr -> tx_trace_header_buffer_current_pointer =  (ULONG) trace_event_ptr; \
      |                                                                                       ^~~~~~~~~~~~~~~~~~~~~~~
7 warnings generated.
threadx/common/src/tx_thread_reset.c:149:9: warning: cast to smaller integer type 'ULONG' (aka 'unsigned long') from 'TX_THREAD *' (aka 'struct TX_THREAD_STRUCT *') [-Wpointer-to-int-cast] (Local CPU 24)
  149 |         TX_TRACE_IN_LINE_INSERT(TX_TRACE_THREAD_RESET, thread_ptr, thread_ptr -> tx_thread_state, 0, 0, TX_TRACE_THREAD_EVENTS)
      |         ^~~~~~~~~~~~~~~~~~~~~~~~~~~~~~~~~~~~~~~~~~~~~~~~~~~~~~~~~~~~~~~~~~~~~~~~~~~~~~~~~~~~~~~~~~~~~~~~~~~~~~~~~~~~~~~~~~~~~~~
threadx/common/inc/tx_trace.h:485:41: note: expanded from macro 'TX_TRACE_IN_LINE_INSERT'
  485 |                     trace_priority =    (ULONG) trace_thread_ptr; \
      |                                         ^~~~~~~~~~~~~~~~~~~~~~~~
threadx/common/src/tx_thread_reset.c:149:9: warning: cast to smaller integer type 'ULONG' (aka 'unsigned long') from 'TX_THREAD *' (aka 'struct TX_THREAD_STRUCT *') [-Wpointer-to-int-cast]
  149 |         TX_TRACE_IN_LINE_INSERT(TX_TRACE_THREAD_RESET, thread_ptr, thread_ptr -> tx_thread_state, 0, 0, TX_TRACE_THREAD_EVENTS)
      |         ^~~~~~~~~~~~~~~~~~~~~~~~~~~~~~~~~~~~~~~~~~~~~~~~~~~~~~~~~~~~~~~~~~~~~~~~~~~~~~~~~~~~~~~~~~~~~~~~~~~~~~~~~~~~~~~~~~~~~~~
threadx/common/inc/tx_trace.h:493:81: note: expanded from macro 'TX_TRACE_IN_LINE_INSERT'
  493 |                 trace_event_ptr -> tx_trace_buffer_entry_thread_pointer =       (ULONG) trace_thread_ptr; \
      |                                                                                 ^~~~~~~~~~~~~~~~~~~~~~~~
threadx/common/src/tx_thread_reset.c:149:9: warning: cast to smaller integer type 'ULONG' (aka 'unsigned long') from 'TX_THREAD *' (aka 'struct TX_THREAD_STRUCT *') [-Wpointer-to-int-cast]
  149 |         TX_TRACE_IN_LINE_INSERT(TX_TRACE_THREAD_RESET, thread_ptr, thread_ptr -> tx_thread_state, 0, 0, TX_TRACE_THREAD_EVENTS)
      |         ^~~~~~~~~~~~~~~~~~~~~~~~~~~~~~~~~~~~~~~~~~~~~~~~~~~~~~~~~~~~~~~~~~~~~~~~~~~~~~~~~~~~~~~~~~~~~~~~~~~~~~~~~~~~~~~~~~~~~~~
threadx/common/inc/tx_trace.h:497:17: note: expanded from macro 'TX_TRACE_IN_LINE_INSERT'
  497 |                 TX_TRACE_INFO_FIELD_ASSIGNMENT((a),(b),(c),(d)) \
      |                 ^~~~~~~~~~~~~~~~~~~~~~~~~~~~~~~~~~~~~~~~~~~~~~~
threadx/common/inc/tx_trace.h:457:114: note: expanded from macro 'TX_TRACE_INFO_FIELD_ASSIGNMENT'
  457 | #define TX_TRACE_INFO_FIELD_ASSIGNMENT(a,b,c,d)  trace_event_ptr -> tx_trace_buffer_entry_information_field_1 =  (ULONG) (a); trace_event_ptr -> tx_trace_buffer_entry_information_field_2 =  (ULONG) (b); trace_event_ptr -> tx_trace_buffer_entry_information_field_3 =  (ULONG) (c); trace_event_ptr -> tx_trace_buffer_entry_information_field_4 =  (ULONG) (d);
      |                                                                                                                  ^~~~~~~~~~~
threadx/common/src/tx_thread_reset.c:149:9: warning: cast to smaller integer type 'ULONG' (aka 'unsigned long') from 'TX_TRACE_BUFFER_ENTRY *' (aka 'struct TX_TRACE_BUFFER_ENTRY_STRUCT *') [-Wpointer-to-int-cast]
  149 |         TX_TRACE_IN_LINE_INSERT(TX_TRACE_THREAD_RESET, thread_ptr, thread_ptr -> tx_thread_state, 0, 0, TX_TRACE_THREAD_EVENTS)
      |         ^~~~~~~~~~~~~~~~~~~~~~~~~~~~~~~~~~~~~~~~~~~~~~~~~~~~~~~~~~~~~~~~~~~~~~~~~~~~~~~~~~~~~~~~~~~~~~~~~~~~~~~~~~~~~~~~~~~~~~~
threadx/common/inc/tx_trace.h:503:87: note: expanded from macro 'TX_TRACE_IN_LINE_INSERT'
  503 |                     _tx_trace_header_ptr -> tx_trace_header_buffer_current_pointer =  (ULONG) trace_event_ptr; \
      |                                                                                       ^~~~~~~~~~~~~~~~~~~~~~~
threadx/common/src/tx_thread_reset.c:149:9: warning: cast to smaller integer type 'ULONG' (aka 'unsigned long') from 'TX_TRACE_BUFFER_ENTRY *' (aka 'struct TX_TRACE_BUFFER_ENTRY_STRUCT *') [-Wpointer-to-int-cast]
  149 |         TX_TRACE_IN_LINE_INSERT(TX_TRACE_THREAD_RESET, thread_ptr, thread_ptr -> tx_thread_state, 0, 0, TX_TRACE_THREAD_EVENTS)
      |         ^~~~~~~~~~~~~~~~~~~~~~~~~~~~~~~~~~~~~~~~~~~~~~~~~~~~~~~~~~~~~~~~~~~~~~~~~~~~~~~~~~~~~~~~~~~~~~~~~~~~~~~~~~~~~~~~~~~~~~~
threadx/common/inc/tx_trace.h:510:87: note: expanded from macro 'TX_TRACE_IN_LINE_INSERT'
  510 |                     _tx_trace_header_ptr -> tx_trace_header_buffer_current_pointer =  (ULONG) trace_event_ptr; \
      |                                                                                       ^~~~~~~~~~~~~~~~~~~~~~~
5 warnings generated.
threadx/common/src/tx_thread_stack_error_notify.c:119:5: warning: cast to smaller integer type 'ULONG' (aka 'unsigned long') from 'TX_THREAD *' (aka 'struct TX_THREAD_STRUCT *') [-Wpointer-to-int-cast] (Local CPU 1)
  119 |     TX_TRACE_IN_LINE_INSERT(TX_TRACE_THREAD_STACK_ERROR_NOTIFY, 0, 0, 0, 0, TX_TRACE_THREAD_EVENTS)
      |     ^~~~~~~~~~~~~~~~~~~~~~~~~~~~~~~~~~~~~~~~~~~~~~~~~~~~~~~~~~~~~~~~~~~~~~~~~~~~~~~~~~~~~~~~~~~~~~~
threadx/common/inc/tx_trace.h:485:41: note: expanded from macro 'TX_TRACE_IN_LINE_INSERT'
  485 |                     trace_priority =    (ULONG) trace_thread_ptr; \
      |                                         ^~~~~~~~~~~~~~~~~~~~~~~~
threadx/common/src/tx_thread_stack_error_notify.c:119:5: warning: cast to smaller integer type 'ULONG' (aka 'unsigned long') from 'TX_THREAD *' (aka 'struct TX_THREAD_STRUCT *') [-Wpointer-to-int-cast]
  119 |     TX_TRACE_IN_LINE_INSERT(TX_TRACE_THREAD_STACK_ERROR_NOTIFY, 0, 0, 0, 0, TX_TRACE_THREAD_EVENTS)
      |     ^~~~~~~~~~~~~~~~~~~~~~~~~~~~~~~~~~~~~~~~~~~~~~~~~~~~~~~~~~~~~~~~~~~~~~~~~~~~~~~~~~~~~~~~~~~~~~~
threadx/common/inc/tx_trace.h:493:81: note: expanded from macro 'TX_TRACE_IN_LINE_INSERT'
  493 |                 trace_event_ptr -> tx_trace_buffer_entry_thread_pointer =       (ULONG) trace_thread_ptr; \
      |                                                                                 ^~~~~~~~~~~~~~~~~~~~~~~~
threadx/common/src/tx_thread_stack_error_notify.c:119:5: warning: cast to smaller integer type 'ULONG' (aka 'unsigned long') from 'TX_TRACE_BUFFER_ENTRY *' (aka 'struct TX_TRACE_BUFFER_ENTRY_STRUCT *') [-Wpointer-to-int-cast]
  119 |     TX_TRACE_IN_LINE_INSERT(TX_TRACE_THREAD_STACK_ERROR_NOTIFY, 0, 0, 0, 0, TX_TRACE_THREAD_EVENTS)
      |     ^~~~~~~~~~~~~~~~~~~~~~~~~~~~~~~~~~~~~~~~~~~~~~~~~~~~~~~~~~~~~~~~~~~~~~~~~~~~~~~~~~~~~~~~~~~~~~~
threadx/common/inc/tx_trace.h:503:87: note: expanded from macro 'TX_TRACE_IN_LINE_INSERT'
  503 |                     _tx_trace_header_ptr -> tx_trace_header_buffer_current_pointer =  (ULONG) trace_event_ptr; \
      |                                                                                       ^~~~~~~~~~~~~~~~~~~~~~~
threadx/common/src/tx_thread_stack_error_notify.c:119:5: warning: cast to smaller integer type 'ULONG' (aka 'unsigned long') from 'TX_TRACE_BUFFER_ENTRY *' (aka 'struct TX_TRACE_BUFFER_ENTRY_STRUCT *') [-Wpointer-to-int-cast]
  119 |     TX_TRACE_IN_LINE_INSERT(TX_TRACE_THREAD_STACK_ERROR_NOTIFY, 0, 0, 0, 0, TX_TRACE_THREAD_EVENTS)
      |     ^~~~~~~~~~~~~~~~~~~~~~~~~~~~~~~~~~~~~~~~~~~~~~~~~~~~~~~~~~~~~~~~~~~~~~~~~~~~~~~~~~~~~~~~~~~~~~~
threadx/common/inc/tx_trace.h:510:87: note: expanded from macro 'TX_TRACE_IN_LINE_INSERT'
  510 |                     _tx_trace_header_ptr -> tx_trace_header_buffer_current_pointer =  (ULONG) trace_event_ptr; \
      |                                                                                       ^~~~~~~~~~~~~~~~~~~~~~~
4 warnings generated.
threadx/common/src/tx_thread_terminate.c:102:5: warning: cast to smaller integer type 'ULONG' (aka 'unsigned long') from 'TX_THREAD *' (aka 'struct TX_THREAD_STRUCT *') [-Wpointer-to-int-cast] (Local CPU 7)
  102 |     TX_TRACE_IN_LINE_INSERT(TX_TRACE_THREAD_TERMINATE, thread_ptr, thread_ptr -> tx_thread_state, TX_POINTER_TO_ULONG_CONVERT(&suspend_cleanup), 0, TX_TRACE_THREAD_EVENTS)
      |     ^~~~~~~~~~~~~~~~~~~~~~~~~~~~~~~~~~~~~~~~~~~~~~~~~~~~~~~~~~~~~~~~~~~~~~~~~~~~~~~~~~~~~~~~~~~~~~~~~~~~~~~~~~~~~~~~~~~~~~~~~~~~~~~~~~~~~~~~~~~~~~~~~~~~~~~~~~~~~~~~~~~~~~~
threadx/common/inc/tx_trace.h:485:41: note: expanded from macro 'TX_TRACE_IN_LINE_INSERT'
  485 |                     trace_priority =    (ULONG) trace_thread_ptr; \
      |                                         ^~~~~~~~~~~~~~~~~~~~~~~~
threadx/common/src/tx_thread_terminate.c:102:5: warning: cast to smaller integer type 'ULONG' (aka 'unsigned long') from 'TX_THREAD *' (aka 'struct TX_THREAD_STRUCT *') [-Wpointer-to-int-cast]
  102 |     TX_TRACE_IN_LINE_INSERT(TX_TRACE_THREAD_TERMINATE, thread_ptr, thread_ptr -> tx_thread_state, TX_POINTER_TO_ULONG_CONVERT(&suspend_cleanup), 0, TX_TRACE_THREAD_EVENTS)
      |     ^~~~~~~~~~~~~~~~~~~~~~~~~~~~~~~~~~~~~~~~~~~~~~~~~~~~~~~~~~~~~~~~~~~~~~~~~~~~~~~~~~~~~~~~~~~~~~~~~~~~~~~~~~~~~~~~~~~~~~~~~~~~~~~~~~~~~~~~~~~~~~~~~~~~~~~~~~~~~~~~~~~~~~~
threadx/common/inc/tx_trace.h:493:81: note: expanded from macro 'TX_TRACE_IN_LINE_INSERT'
  493 |                 trace_event_ptr -> tx_trace_buffer_entry_thread_pointer =       (ULONG) trace_thread_ptr; \
      |                                                                                 ^~~~~~~~~~~~~~~~~~~~~~~~
threadx/common/src/tx_thread_terminate.c:102:5: warning: cast to smaller integer type 'ULONG' (aka 'unsigned long') from 'TX_THREAD *' (aka 'struct TX_THREAD_STRUCT *') [-Wpointer-to-int-cast]
  102 |     TX_TRACE_IN_LINE_INSERT(TX_TRACE_THREAD_TERMINATE, thread_ptr, thread_ptr -> tx_thread_state, TX_POINTER_TO_ULONG_CONVERT(&suspend_cleanup), 0, TX_TRACE_THREAD_EVENTS)
      |     ^~~~~~~~~~~~~~~~~~~~~~~~~~~~~~~~~~~~~~~~~~~~~~~~~~~~~~~~~~~~~~~~~~~~~~~~~~~~~~~~~~~~~~~~~~~~~~~~~~~~~~~~~~~~~~~~~~~~~~~~~~~~~~~~~~~~~~~~~~~~~~~~~~~~~~~~~~~~~~~~~~~~~~~
threadx/common/inc/tx_trace.h:497:17: note: expanded from macro 'TX_TRACE_IN_LINE_INSERT'
  497 |                 TX_TRACE_INFO_FIELD_ASSIGNMENT((a),(b),(c),(d)) \
      |                 ^~~~~~~~~~~~~~~~~~~~~~~~~~~~~~~~~~~~~~~~~~~~~~~
threadx/common/inc/tx_trace.h:457:114: note: expanded from macro 'TX_TRACE_INFO_FIELD_ASSIGNMENT'
  457 | #define TX_TRACE_INFO_FIELD_ASSIGNMENT(a,b,c,d)  trace_event_ptr -> tx_trace_buffer_entry_information_field_1 =  (ULONG) (a); trace_event_ptr -> tx_trace_buffer_entry_information_field_2 =  (ULONG) (b); trace_event_ptr -> tx_trace_buffer_entry_information_field_3 =  (ULONG) (c); trace_event_ptr -> tx_trace_buffer_entry_information_field_4 =  (ULONG) (d);
      |                                                                                                                  ^~~~~~~~~~~
threadx/common/src/tx_thread_terminate.c:102:99: warning: cast to smaller integer type 'ULONG' (aka 'unsigned long') from 'void *' [-Wvoid-pointer-to-int-cast]
  102 |     TX_TRACE_IN_LINE_INSERT(TX_TRACE_THREAD_TERMINATE, thread_ptr, thread_ptr -> tx_thread_state, TX_POINTER_TO_ULONG_CONVERT(&suspend_cleanup), 0, TX_TRACE_THREAD_EVENTS)
      |     ~~~~~~~~~~~~~~~~~~~~~~~~~~~~~~~~~~~~~~~~~~~~~~~~~~~~~~~~~~~~~~~~~~~~~~~~~~~~~~~~~~~~~~~~~~~~~~^~~~~~~~~~~~~~~~~~~~~~~~~~~~~~~~~~~~~~~~~~~~~~~~~~~~~~~~~~~~~~~~~~~~~~~~~
threadx/common/inc/tx_api.h:2062:58: note: expanded from macro 'TX_POINTER_TO_ULONG_CONVERT'
 2062 | #define TX_POINTER_TO_ULONG_CONVERT(a)                  ((ULONG) ((VOID *) (a)))
      |                                                          ^
threadx/common/inc/tx_trace.h:497:57: note: expanded from macro 'TX_TRACE_IN_LINE_INSERT'
  497 |                 TX_TRACE_INFO_FIELD_ASSIGNMENT((a),(b),(c),(d)) \
      |                 ~~~~~~~~~~~~~~~~~~~~~~~~~~~~~~~~~~~~~~~~^~~~~~~
threadx/common/inc/tx_trace.h:457:277: note: expanded from macro 'TX_TRACE_INFO_FIELD_ASSIGNMENT'
  457 | #define TX_TRACE_INFO_FIELD_ASSIGNMENT(a,b,c,d)  trace_event_ptr -> tx_trace_buffer_entry_information_field_1 =  (ULONG) (a); trace_event_ptr -> tx_trace_buffer_entry_information_field_2 =  (ULONG) (b); trace_event_ptr -> tx_trace_buffer_entry_information_field_3 =  (ULONG) (c); trace_event_ptr -> tx_trace_buffer_entry_information_field_4 =  (ULONG) (d);
      |                                                                                                                                                                                                                                                                                     ^
threadx/common/src/tx_thread_terminate.c:102:5: warning: cast to smaller integer type 'ULONG' (aka 'unsigned long') from 'TX_TRACE_BUFFER_ENTRY *' (aka 'struct TX_TRACE_BUFFER_ENTRY_STRUCT *') [-Wpointer-to-int-cast]
  102 |     TX_TRACE_IN_LINE_INSERT(TX_TRACE_THREAD_TERMINATE, thread_ptr, thread_ptr -> tx_thread_state, TX_POINTER_TO_ULONG_CONVERT(&suspend_cleanup), 0, TX_TRACE_THREAD_EVENTS)
      |     ^~~~~~~~~~~~~~~~~~~~~~~~~~~~~~~~~~~~~~~~~~~~~~~~~~~~~~~~~~~~~~~~~~~~~~~~~~~~~~~~~~~~~~~~~~~~~~~~~~~~~~~~~~~~~~~~~~~~~~~~~~~~~~~~~~~~~~~~~~~~~~~~~~~~~~~~~~~~~~~~~~~~~~~
threadx/common/inc/tx_trace.h:503:87: note: expanded from macro 'TX_TRACE_IN_LINE_INSERT'
  503 |                     _tx_trace_header_ptr -> tx_trace_header_buffer_current_pointer =  (ULONG) trace_event_ptr; \
      |                                                                                       ^~~~~~~~~~~~~~~~~~~~~~~
threadx/common/src/tx_thread_terminate.c:102:5: warning: cast to smaller integer type 'ULONG' (aka 'unsigned long') from 'TX_TRACE_BUFFER_ENTRY *' (aka 'struct TX_TRACE_BUFFER_ENTRY_STRUCT *') [-Wpointer-to-int-cast]
  102 |     TX_TRACE_IN_LINE_INSERT(TX_TRACE_THREAD_TERMINATE, thread_ptr, thread_ptr -> tx_thread_state, TX_POINTER_TO_ULONG_CONVERT(&suspend_cleanup), 0, TX_TRACE_THREAD_EVENTS)
      |     ^~~~~~~~~~~~~~~~~~~~~~~~~~~~~~~~~~~~~~~~~~~~~~~~~~~~~~~~~~~~~~~~~~~~~~~~~~~~~~~~~~~~~~~~~~~~~~~~~~~~~~~~~~~~~~~~~~~~~~~~~~~~~~~~~~~~~~~~~~~~~~~~~~~~~~~~~~~~~~~~~~~~~~~
threadx/common/inc/tx_trace.h:510:87: note: expanded from macro 'TX_TRACE_IN_LINE_INSERT'
  510 |                     _tx_trace_header_ptr -> tx_trace_header_buffer_current_pointer =  (ULONG) trace_event_ptr; \
      |                                                                                       ^~~~~~~~~~~~~~~~~~~~~~~
6 warnings generated.
threadx/common/src/tx_thread_suspend.c:96:5: warning: cast to smaller integer type 'ULONG' (aka 'unsigned long') from 'TX_THREAD *' (aka 'struct TX_THREAD_STRUCT *') [-Wpointer-to-int-cast] (Local CPU 9)
   96 |     TX_TRACE_IN_LINE_INSERT(TX_TRACE_THREAD_SUSPEND_API, thread_ptr, thread_ptr -> tx_thread_state, TX_POINTER_TO_ULONG_CONVERT(&status), 0, TX_TRACE_THREAD_EVENTS)
      |     ^~~~~~~~~~~~~~~~~~~~~~~~~~~~~~~~~~~~~~~~~~~~~~~~~~~~~~~~~~~~~~~~~~~~~~~~~~~~~~~~~~~~~~~~~~~~~~~~~~~~~~~~~~~~~~~~~~~~~~~~~~~~~~~~~~~~~~~~~~~~~~~~~~~~~~~~~~~~~~~~
threadx/common/inc/tx_trace.h:485:41: note: expanded from macro 'TX_TRACE_IN_LINE_INSERT'
  485 |                     trace_priority =    (ULONG) trace_thread_ptr; \
      |                                         ^~~~~~~~~~~~~~~~~~~~~~~~
threadx/common/src/tx_thread_suspend.c:96:5: warning: cast to smaller integer type 'ULONG' (aka 'unsigned long') from 'TX_THREAD *' (aka 'struct TX_THREAD_STRUCT *') [-Wpointer-to-int-cast]
   96 |     TX_TRACE_IN_LINE_INSERT(TX_TRACE_THREAD_SUSPEND_API, thread_ptr, thread_ptr -> tx_thread_state, TX_POINTER_TO_ULONG_CONVERT(&status), 0, TX_TRACE_THREAD_EVENTS)
      |     ^~~~~~~~~~~~~~~~~~~~~~~~~~~~~~~~~~~~~~~~~~~~~~~~~~~~~~~~~~~~~~~~~~~~~~~~~~~~~~~~~~~~~~~~~~~~~~~~~~~~~~~~~~~~~~~~~~~~~~~~~~~~~~~~~~~~~~~~~~~~~~~~~~~~~~~~~~~~~~~~
threadx/common/inc/tx_trace.h:493:81: note: expanded from macro 'TX_TRACE_IN_LINE_INSERT'
  493 |                 trace_event_ptr -> tx_trace_buffer_entry_thread_pointer =       (ULONG) trace_thread_ptr; \
      |                                                                                 ^~~~~~~~~~~~~~~~~~~~~~~~
threadx/common/src/tx_thread_suspend.c:96:5: warning: cast to smaller integer type 'ULONG' (aka 'unsigned long') from 'TX_THREAD *' (aka 'struct TX_THREAD_STRUCT *') [-Wpointer-to-int-cast]
   96 |     TX_TRACE_IN_LINE_INSERT(TX_TRACE_THREAD_SUSPEND_API, thread_ptr, thread_ptr -> tx_thread_state, TX_POINTER_TO_ULONG_CONVERT(&status), 0, TX_TRACE_THREAD_EVENTS)
      |     ^~~~~~~~~~~~~~~~~~~~~~~~~~~~~~~~~~~~~~~~~~~~~~~~~~~~~~~~~~~~~~~~~~~~~~~~~~~~~~~~~~~~~~~~~~~~~~~~~~~~~~~~~~~~~~~~~~~~~~~~~~~~~~~~~~~~~~~~~~~~~~~~~~~~~~~~~~~~~~~~
threadx/common/inc/tx_trace.h:497:17: note: expanded from macro 'TX_TRACE_IN_LINE_INSERT'
  497 |                 TX_TRACE_INFO_FIELD_ASSIGNMENT((a),(b),(c),(d)) \
      |                 ^~~~~~~~~~~~~~~~~~~~~~~~~~~~~~~~~~~~~~~~~~~~~~~
threadx/common/inc/tx_trace.h:457:114: note: expanded from macro 'TX_TRACE_INFO_FIELD_ASSIGNMENT'
  457 | #define TX_TRACE_INFO_FIELD_ASSIGNMENT(a,b,c,d)  trace_event_ptr -> tx_trace_buffer_entry_information_field_1 =  (ULONG) (a); trace_event_ptr -> tx_trace_buffer_entry_information_field_2 =  (ULONG) (b); trace_event_ptr -> tx_trace_buffer_entry_information_field_3 =  (ULONG) (c); trace_event_ptr -> tx_trace_buffer_entry_information_field_4 =  (ULONG) (d);
      |                                                                                                                  ^~~~~~~~~~~
threadx/common/src/tx_thread_suspend.c:96:101: warning: cast to smaller integer type 'ULONG' (aka 'unsigned long') from 'void *' [-Wvoid-pointer-to-int-cast]
   96 |     TX_TRACE_IN_LINE_INSERT(TX_TRACE_THREAD_SUSPEND_API, thread_ptr, thread_ptr -> tx_thread_state, TX_POINTER_TO_ULONG_CONVERT(&status), 0, TX_TRACE_THREAD_EVENTS)
      |     ~~~~~~~~~~~~~~~~~~~~~~~~~~~~~~~~~~~~~~~~~~~~~~~~~~~~~~~~~~~~~~~~~~~~~~~~~~~~~~~~~~~~~~~~~~~~~~~~^~~~~~~~~~~~~~~~~~~~~~~~~~~~~~~~~~~~~~~~~~~~~~~~~~~~~~~~~~~~~~~~
threadx/common/inc/tx_api.h:2062:58: note: expanded from macro 'TX_POINTER_TO_ULONG_CONVERT'
 2062 | #define TX_POINTER_TO_ULONG_CONVERT(a)                  ((ULONG) ((VOID *) (a)))
      |                                                          ^
threadx/common/inc/tx_trace.h:497:57: note: expanded from macro 'TX_TRACE_IN_LINE_INSERT'
  497 |                 TX_TRACE_INFO_FIELD_ASSIGNMENT((a),(b),(c),(d)) \
      |                 ~~~~~~~~~~~~~~~~~~~~~~~~~~~~~~~~~~~~~~~~^~~~~~~
threadx/common/inc/tx_trace.h:457:277: note: expanded from macro 'TX_TRACE_INFO_FIELD_ASSIGNMENT'
  457 | #define TX_TRACE_INFO_FIELD_ASSIGNMENT(a,b,c,d)  trace_event_ptr -> tx_trace_buffer_entry_information_field_1 =  (ULONG) (a); trace_event_ptr -> tx_trace_buffer_entry_information_field_2 =  (ULONG) (b); trace_event_ptr -> tx_trace_buffer_entry_information_field_3 =  (ULONG) (c); trace_event_ptr -> tx_trace_buffer_entry_information_field_4 =  (ULONG) (d);
      |                                                                                                                                                                                                                                                                                     ^
threadx/common/src/tx_thread_suspend.c:96:5: warning: cast to smaller integer type 'ULONG' (aka 'unsigned long') from 'TX_TRACE_BUFFER_ENTRY *' (aka 'struct TX_TRACE_BUFFER_ENTRY_STRUCT *') [-Wpointer-to-int-cast]
   96 |     TX_TRACE_IN_LINE_INSERT(TX_TRACE_THREAD_SUSPEND_API, thread_ptr, thread_ptr -> tx_thread_state, TX_POINTER_TO_ULONG_CONVERT(&status), 0, TX_TRACE_THREAD_EVENTS)
      |     ^~~~~~~~~~~~~~~~~~~~~~~~~~~~~~~~~~~~~~~~~~~~~~~~~~~~~~~~~~~~~~~~~~~~~~~~~~~~~~~~~~~~~~~~~~~~~~~~~~~~~~~~~~~~~~~~~~~~~~~~~~~~~~~~~~~~~~~~~~~~~~~~~~~~~~~~~~~~~~~~
threadx/common/inc/tx_trace.h:503:87: note: expanded from macro 'TX_TRACE_IN_LINE_INSERT'
  503 |                     _tx_trace_header_ptr -> tx_trace_header_buffer_current_pointer =  (ULONG) trace_event_ptr; \
      |                                                                                       ^~~~~~~~~~~~~~~~~~~~~~~
threadx/common/src/tx_thread_suspend.c:96:5: warning: cast to smaller integer type 'ULONG' (aka 'unsigned long') from 'TX_TRACE_BUFFER_ENTRY *' (aka 'struct TX_TRACE_BUFFER_ENTRY_STRUCT *') [-Wpointer-to-int-cast]
   96 |     TX_TRACE_IN_LINE_INSERT(TX_TRACE_THREAD_SUSPEND_API, thread_ptr, thread_ptr -> tx_thread_state, TX_POINTER_TO_ULONG_CONVERT(&status), 0, TX_TRACE_THREAD_EVENTS)
      |     ^~~~~~~~~~~~~~~~~~~~~~~~~~~~~~~~~~~~~~~~~~~~~~~~~~~~~~~~~~~~~~~~~~~~~~~~~~~~~~~~~~~~~~~~~~~~~~~~~~~~~~~~~~~~~~~~~~~~~~~~~~~~~~~~~~~~~~~~~~~~~~~~~~~~~~~~~~~~~~~~
threadx/common/inc/tx_trace.h:510:87: note: expanded from macro 'TX_TRACE_IN_LINE_INSERT'
  510 |                     _tx_trace_header_ptr -> tx_trace_header_buffer_current_pointer =  (ULONG) trace_event_ptr; \
      |                                                                                       ^~~~~~~~~~~~~~~~~~~~~~~
6 warnings generated.
threadx/common/src/tx_thread_system_suspend.c:179:9: warning: cast to smaller integer type 'ULONG' (aka 'unsigned long') from 'TX_THREAD *' (aka 'struct TX_THREAD_STRUCT *') [-Wpointer-to-int-cast] (Local CPU 6)
  179 |         TX_TRACE_IN_LINE_INSERT(TX_TRACE_THREAD_SUSPEND, thread_ptr, thread_ptr -> tx_thread_state, TX_POINTER_TO_ULONG_CONVERT(&priority), TX_POINTER_TO_ULONG_CONVERT(_tx_thread_execute_ptr), TX_TRACE_INTERNAL_EVENTS)
      |         ^~~~~~~~~~~~~~~~~~~~~~~~~~~~~~~~~~~~~~~~~~~~~~~~~~~~~~~~~~~~~~~~~~~~~~~~~~~~~~~~~~~~~~~~~~~~~~~~~~~~~~~~~~~~~~~~~~~~~~~~~~~~~~~~~~~~~~~~~~~~~~~~~~~~~~~~~~~~~~~~~~~~~~~~~~~~~~~~~~~~~~~~~~~~~~~~~~~~~~~~~~~~~~~~~~
threadx/common/inc/tx_trace.h:485:41: note: expanded from macro 'TX_TRACE_IN_LINE_INSERT'
  485 |                     trace_priority =    (ULONG) trace_thread_ptr; \
      |                                         ^~~~~~~~~~~~~~~~~~~~~~~~
threadx/common/src/tx_thread_system_suspend.c:179:9: warning: cast to smaller integer type 'ULONG' (aka 'unsigned long') from 'TX_THREAD *' (aka 'struct TX_THREAD_STRUCT *') [-Wpointer-to-int-cast]
  179 |         TX_TRACE_IN_LINE_INSERT(TX_TRACE_THREAD_SUSPEND, thread_ptr, thread_ptr -> tx_thread_state, TX_POINTER_TO_ULONG_CONVERT(&priority), TX_POINTER_TO_ULONG_CONVERT(_tx_thread_execute_ptr), TX_TRACE_INTERNAL_EVENTS)
      |         ^~~~~~~~~~~~~~~~~~~~~~~~~~~~~~~~~~~~~~~~~~~~~~~~~~~~~~~~~~~~~~~~~~~~~~~~~~~~~~~~~~~~~~~~~~~~~~~~~~~~~~~~~~~~~~~~~~~~~~~~~~~~~~~~~~~~~~~~~~~~~~~~~~~~~~~~~~~~~~~~~~~~~~~~~~~~~~~~~~~~~~~~~~~~~~~~~~~~~~~~~~~~~~~~~~
threadx/common/inc/tx_trace.h:493:81: note: expanded from macro 'TX_TRACE_IN_LINE_INSERT'
  493 |                 trace_event_ptr -> tx_trace_buffer_entry_thread_pointer =       (ULONG) trace_thread_ptr; \
      |                                                                                 ^~~~~~~~~~~~~~~~~~~~~~~~
threadx/common/src/tx_thread_system_suspend.c:179:9: warning: cast to smaller integer type 'ULONG' (aka 'unsigned long') from 'TX_THREAD *' (aka 'struct TX_THREAD_STRUCT *') [-Wpointer-to-int-cast]
  179 |         TX_TRACE_IN_LINE_INSERT(TX_TRACE_THREAD_SUSPEND, thread_ptr, thread_ptr -> tx_thread_state, TX_POINTER_TO_ULONG_CONVERT(&priority), TX_POINTER_TO_ULONG_CONVERT(_tx_thread_execute_ptr), TX_TRACE_INTERNAL_EVENTS)
      |         ^~~~~~~~~~~~~~~~~~~~~~~~~~~~~~~~~~~~~~~~~~~~~~~~~~~~~~~~~~~~~~~~~~~~~~~~~~~~~~~~~~~~~~~~~~~~~~~~~~~~~~~~~~~~~~~~~~~~~~~~~~~~~~~~~~~~~~~~~~~~~~~~~~~~~~~~~~~~~~~~~~~~~~~~~~~~~~~~~~~~~~~~~~~~~~~~~~~~~~~~~~~~~~~~~~
threadx/common/inc/tx_trace.h:497:17: note: expanded from macro 'TX_TRACE_IN_LINE_INSERT'
  497 |                 TX_TRACE_INFO_FIELD_ASSIGNMENT((a),(b),(c),(d)) \
      |                 ^~~~~~~~~~~~~~~~~~~~~~~~~~~~~~~~~~~~~~~~~~~~~~~
threadx/common/inc/tx_trace.h:457:114: note: expanded from macro 'TX_TRACE_INFO_FIELD_ASSIGNMENT'
  457 | #define TX_TRACE_INFO_FIELD_ASSIGNMENT(a,b,c,d)  trace_event_ptr -> tx_trace_buffer_entry_information_field_1 =  (ULONG) (a); trace_event_ptr -> tx_trace_buffer_entry_information_field_2 =  (ULONG) (b); trace_event_ptr -> tx_trace_buffer_entry_information_field_3 =  (ULONG) (c); trace_event_ptr -> tx_trace_buffer_entry_information_field_4 =  (ULONG) (d);
      |                                                                                                                  ^~~~~~~~~~~
threadx/common/src/tx_thread_system_suspend.c:179:101: warning: cast to smaller integer type 'ULONG' (aka 'unsigned long') from 'void *' [-Wvoid-pointer-to-int-cast]
  179 |         TX_TRACE_IN_LINE_INSERT(TX_TRACE_THREAD_SUSPEND, thread_ptr, thread_ptr -> tx_thread_state, TX_POINTER_TO_ULONG_CONVERT(&priority), TX_POINTER_TO_ULONG_CONVERT(_tx_thread_execute_ptr), TX_TRACE_INTERNAL_EVENTS)
      |         ~~~~~~~~~~~~~~~~~~~~~~~~~~~~~~~~~~~~~~~~~~~~~~~~~~~~~~~~~~~~~~~~~~~~~~~~~~~~~~~~~~~~~~~~~~~~^~~~~~~~~~~~~~~~~~~~~~~~~~~~~~~~~~~~~~~~~~~~~~~~~~~~~~~~~~~~~~~~~~~~~~~~~~~~~~~~~~~~~~~~~~~~~~~~~~~~~~~~~~~~~~~~~~~~~~
threadx/common/inc/tx_api.h:2062:58: note: expanded from macro 'TX_POINTER_TO_ULONG_CONVERT'
 2062 | #define TX_POINTER_TO_ULONG_CONVERT(a)                  ((ULONG) ((VOID *) (a)))
      |                                                          ^
threadx/common/inc/tx_trace.h:497:57: note: expanded from macro 'TX_TRACE_IN_LINE_INSERT'
  497 |                 TX_TRACE_INFO_FIELD_ASSIGNMENT((a),(b),(c),(d)) \
      |                 ~~~~~~~~~~~~~~~~~~~~~~~~~~~~~~~~~~~~~~~~^~~~~~~
threadx/common/inc/tx_trace.h:457:277: note: expanded from macro 'TX_TRACE_INFO_FIELD_ASSIGNMENT'
  457 | #define TX_TRACE_INFO_FIELD_ASSIGNMENT(a,b,c,d)  trace_event_ptr -> tx_trace_buffer_entry_information_field_1 =  (ULONG) (a); trace_event_ptr -> tx_trace_buffer_entry_information_field_2 =  (ULONG) (b); trace_event_ptr -> tx_trace_buffer_entry_information_field_3 =  (ULONG) (c); trace_event_ptr -> tx_trace_buffer_entry_information_field_4 =  (ULONG) (d);
      |                                                                                                                                                                                                                                                                                     ^
threadx/common/src/tx_thread_system_suspend.c:179:141: warning: cast to smaller integer type 'ULONG' (aka 'unsigned long') from 'void *' [-Wvoid-pointer-to-int-cast]
  179 |         TX_TRACE_IN_LINE_INSERT(TX_TRACE_THREAD_SUSPEND, thread_ptr, thread_ptr -> tx_thread_state, TX_POINTER_TO_ULONG_CONVERT(&priority), TX_POINTER_TO_ULONG_CONVERT(_tx_thread_execute_ptr), TX_TRACE_INTERNAL_EVENTS)
      |         ~~~~~~~~~~~~~~~~~~~~~~~~~~~~~~~~~~~~~~~~~~~~~~~~~~~~~~~~~~~~~~~~~~~~~~~~~~~~~~~~~~~~~~~~~~~~~~~~~~~~~~~~~~~~~~~~~~~~~~~~~~~~~~~~~~~~^~~~~~~~~~~~~~~~~~~~~~~~~~~~~~~~~~~~~~~~~~~~~~~~~~~~~~~~~~~~~~~~~~~~~~~~~~~~~~
threadx/common/inc/tx_api.h:2062:58: note: expanded from macro 'TX_POINTER_TO_ULONG_CONVERT'
 2062 | #define TX_POINTER_TO_ULONG_CONVERT(a)                  ((ULONG) ((VOID *) (a)))
      |                                                          ^
threadx/common/inc/tx_trace.h:497:61: note: expanded from macro 'TX_TRACE_IN_LINE_INSERT'
  497 |                 TX_TRACE_INFO_FIELD_ASSIGNMENT((a),(b),(c),(d)) \
      |                 ~~~~~~~~~~~~~~~~~~~~~~~~~~~~~~~~~~~~~~~~~~~~^~~
threadx/common/inc/tx_trace.h:457:354: note: expanded from macro 'TX_TRACE_INFO_FIELD_ASSIGNMENT'
  457 | #define TX_TRACE_INFO_FIELD_ASSIGNMENT(a,b,c,d)  trace_event_ptr -> tx_trace_buffer_entry_information_field_1 =  (ULONG) (a); trace_event_ptr -> tx_trace_buffer_entry_information_field_2 =  (ULONG) (b); trace_event_ptr -> tx_trace_buffer_entry_information_field_3 =  (ULONG) (c); trace_event_ptr -> tx_trace_buffer_entry_information_field_4 =  (ULONG) (d);
      |                                                                                                                                                                                                                                                                                                                                                                  ^
threadx/common/src/tx_thread_system_suspend.c:179:9: warning: cast to smaller integer type 'ULONG' (aka 'unsigned long') from 'TX_TRACE_BUFFER_ENTRY *' (aka 'struct TX_TRACE_BUFFER_ENTRY_STRUCT *') [-Wpointer-to-int-cast]
  179 |         TX_TRACE_IN_LINE_INSERT(TX_TRACE_THREAD_SUSPEND, thread_ptr, thread_ptr -> tx_thread_state, TX_POINTER_TO_ULONG_CONVERT(&priority), TX_POINTER_TO_ULONG_CONVERT(_tx_thread_execute_ptr), TX_TRACE_INTERNAL_EVENTS)
      |         ^~~~~~~~~~~~~~~~~~~~~~~~~~~~~~~~~~~~~~~~~~~~~~~~~~~~~~~~~~~~~~~~~~~~~~~~~~~~~~~~~~~~~~~~~~~~~~~~~~~~~~~~~~~~~~~~~~~~~~~~~~~~~~~~~~~~~~~~~~~~~~~~~~~~~~~~~~~~~~~~~~~~~~~~~~~~~~~~~~~~~~~~~~~~~~~~~~~~~~~~~~~~~~~~~~
threadx/common/inc/tx_trace.h:503:87: note: expanded from macro 'TX_TRACE_IN_LINE_INSERT'
  503 |                     _tx_trace_header_ptr -> tx_trace_header_buffer_current_pointer =  (ULONG) trace_event_ptr; \
      |                                                                                       ^~~~~~~~~~~~~~~~~~~~~~~
threadx/common/src/tx_thread_system_suspend.c:179:9: warning: cast to smaller integer type 'ULONG' (aka 'unsigned long') from 'TX_TRACE_BUFFER_ENTRY *' (aka 'struct TX_TRACE_BUFFER_ENTRY_STRUCT *') [-Wpointer-to-int-cast]
  179 |         TX_TRACE_IN_LINE_INSERT(TX_TRACE_THREAD_SUSPEND, thread_ptr, thread_ptr -> tx_thread_state, TX_POINTER_TO_ULONG_CONVERT(&priority), TX_POINTER_TO_ULONG_CONVERT(_tx_thread_execute_ptr), TX_TRACE_INTERNAL_EVENTS)
      |         ^~~~~~~~~~~~~~~~~~~~~~~~~~~~~~~~~~~~~~~~~~~~~~~~~~~~~~~~~~~~~~~~~~~~~~~~~~~~~~~~~~~~~~~~~~~~~~~~~~~~~~~~~~~~~~~~~~~~~~~~~~~~~~~~~~~~~~~~~~~~~~~~~~~~~~~~~~~~~~~~~~~~~~~~~~~~~~~~~~~~~~~~~~~~~~~~~~~~~~~~~~~~~~~~~~
threadx/common/inc/tx_trace.h:510:87: note: expanded from macro 'TX_TRACE_IN_LINE_INSERT'
  510 |                     _tx_trace_header_ptr -> tx_trace_header_buffer_current_pointer =  (ULONG) trace_event_ptr; \
      |                                                                                       ^~~~~~~~~~~~~~~~~~~~~~~
threadx/common/src/tx_thread_system_suspend.c:527:79: warning: cast to smaller integer type 'ULONG' (aka 'unsigned long') from 'void *' [-Wvoid-pointer-to-int-cast]
  527 |                     entry_ptr -> tx_trace_buffer_entry_information_field_4 =  TX_POINTER_TO_ULONG_CONVERT(_tx_thread_execute_ptr);
      |                                                                               ^~~~~~~~~~~~~~~~~~~~~~~~~~~~~~~~~~~~~~~~~~~~~~~~~~~
threadx/common/inc/tx_api.h:2062:58: note: expanded from macro 'TX_POINTER_TO_ULONG_CONVERT'
 2062 | #define TX_POINTER_TO_ULONG_CONVERT(a)                  ((ULONG) ((VOID *) (a)))
      |                                                          ^~~~~~~~~~~~~~~~~~~~~~
threadx/common/src/tx_thread_system_suspend.c:596:75: warning: cast to smaller integer type 'ULONG' (aka 'unsigned long') from 'void *' [-Wvoid-pointer-to-int-cast]
  596 |                 entry_ptr -> tx_trace_buffer_entry_information_field_4 =  TX_POINTER_TO_ULONG_CONVERT(_tx_thread_execute_ptr);
      |                                                                           ^~~~~~~~~~~~~~~~~~~~~~~~~~~~~~~~~~~~~~~~~~~~~~~~~~~
threadx/common/inc/tx_api.h:2062:58: note: expanded from macro 'TX_POINTER_TO_ULONG_CONVERT'
 2062 | #define TX_POINTER_TO_ULONG_CONVERT(a)                  ((ULONG) ((VOID *) (a)))
      |                                                          ^~~~~~~~~~~~~~~~~~~~~~
9 warnings generated.
threadx/common/src/tx_thread_time_slice.c:171:5: warning: cast to smaller integer type 'ULONG' (aka 'unsigned long') from 'TX_THREAD *' (aka 'struct TX_THREAD_STRUCT *') [-Wpointer-to-int-cast] (Local CPU 8)
  171 |     TX_TRACE_IN_LINE_INSERT(TX_TRACE_TIME_SLICE, _tx_thread_execute_ptr, system_state, preempt_disable, TX_POINTER_TO_ULONG_CONVERT(&thread_ptr), TX_TRACE_INTERNAL_EVENTS)
      |     ^~~~~~~~~~~~~~~~~~~~~~~~~~~~~~~~~~~~~~~~~~~~~~~~~~~~~~~~~~~~~~~~~~~~~~~~~~~~~~~~~~~~~~~~~~~~~~~~~~~~~~~~~~~~~~~~~~~~~~~~~~~~~~~~~~~~~~~~~~~~~~~~~~~~~~~~~~~~~~~~~~~~~~~
threadx/common/inc/tx_trace.h:485:41: note: expanded from macro 'TX_TRACE_IN_LINE_INSERT'
  485 |                     trace_priority =    (ULONG) trace_thread_ptr; \
      |                                         ^~~~~~~~~~~~~~~~~~~~~~~~
threadx/common/src/tx_thread_time_slice.c:171:5: warning: cast to smaller integer type 'ULONG' (aka 'unsigned long') from 'TX_THREAD *' (aka 'struct TX_THREAD_STRUCT *') [-Wpointer-to-int-cast]
  171 |     TX_TRACE_IN_LINE_INSERT(TX_TRACE_TIME_SLICE, _tx_thread_execute_ptr, system_state, preempt_disable, TX_POINTER_TO_ULONG_CONVERT(&thread_ptr), TX_TRACE_INTERNAL_EVENTS)
      |     ^~~~~~~~~~~~~~~~~~~~~~~~~~~~~~~~~~~~~~~~~~~~~~~~~~~~~~~~~~~~~~~~~~~~~~~~~~~~~~~~~~~~~~~~~~~~~~~~~~~~~~~~~~~~~~~~~~~~~~~~~~~~~~~~~~~~~~~~~~~~~~~~~~~~~~~~~~~~~~~~~~~~~~~
threadx/common/inc/tx_trace.h:493:81: note: expanded from macro 'TX_TRACE_IN_LINE_INSERT'
  493 |                 trace_event_ptr -> tx_trace_buffer_entry_thread_pointer =       (ULONG) trace_thread_ptr; \
      |                                                                                 ^~~~~~~~~~~~~~~~~~~~~~~~
threadx/common/src/tx_thread_time_slice.c:171:5: warning: cast to smaller integer type 'ULONG' (aka 'unsigned long') from 'TX_THREAD *' (aka 'struct TX_THREAD_STRUCT *') [-Wpointer-to-int-cast]
  171 |     TX_TRACE_IN_LINE_INSERT(TX_TRACE_TIME_SLICE, _tx_thread_execute_ptr, system_state, preempt_disable, TX_POINTER_TO_ULONG_CONVERT(&thread_ptr), TX_TRACE_INTERNAL_EVENTS)
      |     ^~~~~~~~~~~~~~~~~~~~~~~~~~~~~~~~~~~~~~~~~~~~~~~~~~~~~~~~~~~~~~~~~~~~~~~~~~~~~~~~~~~~~~~~~~~~~~~~~~~~~~~~~~~~~~~~~~~~~~~~~~~~~~~~~~~~~~~~~~~~~~~~~~~~~~~~~~~~~~~~~~~~~~~
threadx/common/inc/tx_trace.h:497:17: note: expanded from macro 'TX_TRACE_IN_LINE_INSERT'
  497 |                 TX_TRACE_INFO_FIELD_ASSIGNMENT((a),(b),(c),(d)) \
      |                 ^~~~~~~~~~~~~~~~~~~~~~~~~~~~~~~~~~~~~~~~~~~~~~~
threadx/common/inc/tx_trace.h:457:114: note: expanded from macro 'TX_TRACE_INFO_FIELD_ASSIGNMENT'
  457 | #define TX_TRACE_INFO_FIELD_ASSIGNMENT(a,b,c,d)  trace_event_ptr -> tx_trace_buffer_entry_information_field_1 =  (ULONG) (a); trace_event_ptr -> tx_trace_buffer_entry_information_field_2 =  (ULONG) (b); trace_event_ptr -> tx_trace_buffer_entry_information_field_3 =  (ULONG) (c); trace_event_ptr -> tx_trace_buffer_entry_information_field_4 =  (ULONG) (d);
      |                                                                                                                  ^~~~~~~~~~~
threadx/common/src/tx_thread_time_slice.c:171:105: warning: cast to smaller integer type 'ULONG' (aka 'unsigned long') from 'void *' [-Wvoid-pointer-to-int-cast]
  171 |     TX_TRACE_IN_LINE_INSERT(TX_TRACE_TIME_SLICE, _tx_thread_execute_ptr, system_state, preempt_disable, TX_POINTER_TO_ULONG_CONVERT(&thread_ptr), TX_TRACE_INTERNAL_EVENTS)
      |     ~~~~~~~~~~~~~~~~~~~~~~~~~~~~~~~~~~~~~~~~~~~~~~~~~~~~~~~~~~~~~~~~~~~~~~~~~~~~~~~~~~~~~~~~~~~~~~~~~~~~^~~~~~~~~~~~~~~~~~~~~~~~~~~~~~~~~~~~~~~~~~~~~~~~~~~~~~~~~~~~~~~~~~~
threadx/common/inc/tx_api.h:2062:58: note: expanded from macro 'TX_POINTER_TO_ULONG_CONVERT'
 2062 | #define TX_POINTER_TO_ULONG_CONVERT(a)                  ((ULONG) ((VOID *) (a)))
      |                                                          ^
threadx/common/inc/tx_trace.h:497:61: note: expanded from macro 'TX_TRACE_IN_LINE_INSERT'
  497 |                 TX_TRACE_INFO_FIELD_ASSIGNMENT((a),(b),(c),(d)) \
      |                 ~~~~~~~~~~~~~~~~~~~~~~~~~~~~~~~~~~~~~~~~~~~~^~~
threadx/common/inc/tx_trace.h:457:354: note: expanded from macro 'TX_TRACE_INFO_FIELD_ASSIGNMENT'
  457 | #define TX_TRACE_INFO_FIELD_ASSIGNMENT(a,b,c,d)  trace_event_ptr -> tx_trace_buffer_entry_information_field_1 =  (ULONG) (a); trace_event_ptr -> tx_trace_buffer_entry_information_field_2 =  (ULONG) (b); trace_event_ptr -> tx_trace_buffer_entry_information_field_3 =  (ULONG) (c); trace_event_ptr -> tx_trace_buffer_entry_information_field_4 =  (ULONG) (d);
      |                                                                                                                                                                                                                                                                                                                                                                  ^
threadx/common/src/tx_thread_time_slice.c:171:5: warning: cast to smaller integer type 'ULONG' (aka 'unsigned long') from 'TX_TRACE_BUFFER_ENTRY *' (aka 'struct TX_TRACE_BUFFER_ENTRY_STRUCT *') [-Wpointer-to-int-cast]
  171 |     TX_TRACE_IN_LINE_INSERT(TX_TRACE_TIME_SLICE, _tx_thread_execute_ptr, system_state, preempt_disable, TX_POINTER_TO_ULONG_CONVERT(&thread_ptr), TX_TRACE_INTERNAL_EVENTS)
      |     ^~~~~~~~~~~~~~~~~~~~~~~~~~~~~~~~~~~~~~~~~~~~~~~~~~~~~~~~~~~~~~~~~~~~~~~~~~~~~~~~~~~~~~~~~~~~~~~~~~~~~~~~~~~~~~~~~~~~~~~~~~~~~~~~~~~~~~~~~~~~~~~~~~~~~~~~~~~~~~~~~~~~~~~
threadx/common/inc/tx_trace.h:503:87: note: expanded from macro 'TX_TRACE_IN_LINE_INSERT'
  503 |                     _tx_trace_header_ptr -> tx_trace_header_buffer_current_pointer =  (ULONG) trace_event_ptr; \
      |                                                                                       ^~~~~~~~~~~~~~~~~~~~~~~
threadx/common/src/tx_thread_time_slice.c:171:5: warning: cast to smaller integer type 'ULONG' (aka 'unsigned long') from 'TX_TRACE_BUFFER_ENTRY *' (aka 'struct TX_TRACE_BUFFER_ENTRY_STRUCT *') [-Wpointer-to-int-cast]
  171 |     TX_TRACE_IN_LINE_INSERT(TX_TRACE_TIME_SLICE, _tx_thread_execute_ptr, system_state, preempt_disable, TX_POINTER_TO_ULONG_CONVERT(&thread_ptr), TX_TRACE_INTERNAL_EVENTS)
      |     ^~~~~~~~~~~~~~~~~~~~~~~~~~~~~~~~~~~~~~~~~~~~~~~~~~~~~~~~~~~~~~~~~~~~~~~~~~~~~~~~~~~~~~~~~~~~~~~~~~~~~~~~~~~~~~~~~~~~~~~~~~~~~~~~~~~~~~~~~~~~~~~~~~~~~~~~~~~~~~~~~~~~~~~
threadx/common/inc/tx_trace.h:510:87: note: expanded from macro 'TX_TRACE_IN_LINE_INSERT'
  510 |                     _tx_trace_header_ptr -> tx_trace_header_buffer_current_pointer =  (ULONG) trace_event_ptr; \
      |                                                                                       ^~~~~~~~~~~~~~~~~~~~~~~
6 warnings generated.
threadx/common/src/tx_thread_time_slice_change.c:89:5: warning: cast to smaller integer type 'ULONG' (aka 'unsigned long') from 'TX_THREAD *' (aka 'struct TX_THREAD_STRUCT *') [-Wpointer-to-int-cast] (Local CPU 18)
   89 |     TX_TRACE_IN_LINE_INSERT(TX_TRACE_THREAD_TIME_SLICE_CHANGE, thread_ptr, new_time_slice, thread_ptr -> tx_thread_new_time_slice, 0, TX_TRACE_THREAD_EVENTS)
      |     ^~~~~~~~~~~~~~~~~~~~~~~~~~~~~~~~~~~~~~~~~~~~~~~~~~~~~~~~~~~~~~~~~~~~~~~~~~~~~~~~~~~~~~~~~~~~~~~~~~~~~~~~~~~~~~~~~~~~~~~~~~~~~~~~~~~~~~~~~~~~~~~~~~~~~~~~~
threadx/common/inc/tx_trace.h:485:41: note: expanded from macro 'TX_TRACE_IN_LINE_INSERT'
  485 |                     trace_priority =    (ULONG) trace_thread_ptr; \
      |                                         ^~~~~~~~~~~~~~~~~~~~~~~~
threadx/common/src/tx_thread_time_slice_change.c:89:5: warning: cast to smaller integer type 'ULONG' (aka 'unsigned long') from 'TX_THREAD *' (aka 'struct TX_THREAD_STRUCT *') [-Wpointer-to-int-cast]
   89 |     TX_TRACE_IN_LINE_INSERT(TX_TRACE_THREAD_TIME_SLICE_CHANGE, thread_ptr, new_time_slice, thread_ptr -> tx_thread_new_time_slice, 0, TX_TRACE_THREAD_EVENTS)
      |     ^~~~~~~~~~~~~~~~~~~~~~~~~~~~~~~~~~~~~~~~~~~~~~~~~~~~~~~~~~~~~~~~~~~~~~~~~~~~~~~~~~~~~~~~~~~~~~~~~~~~~~~~~~~~~~~~~~~~~~~~~~~~~~~~~~~~~~~~~~~~~~~~~~~~~~~~~
threadx/common/inc/tx_trace.h:493:81: note: expanded from macro 'TX_TRACE_IN_LINE_INSERT'
  493 |                 trace_event_ptr -> tx_trace_buffer_entry_thread_pointer =       (ULONG) trace_thread_ptr; \
      |                                                                                 ^~~~~~~~~~~~~~~~~~~~~~~~
threadx/common/src/tx_thread_time_slice_change.c:89:5: warning: cast to smaller integer type 'ULONG' (aka 'unsigned long') from 'TX_THREAD *' (aka 'struct TX_THREAD_STRUCT *') [-Wpointer-to-int-cast]
   89 |     TX_TRACE_IN_LINE_INSERT(TX_TRACE_THREAD_TIME_SLICE_CHANGE, thread_ptr, new_time_slice, thread_ptr -> tx_thread_new_time_slice, 0, TX_TRACE_THREAD_EVENTS)
      |     ^~~~~~~~~~~~~~~~~~~~~~~~~~~~~~~~~~~~~~~~~~~~~~~~~~~~~~~~~~~~~~~~~~~~~~~~~~~~~~~~~~~~~~~~~~~~~~~~~~~~~~~~~~~~~~~~~~~~~~~~~~~~~~~~~~~~~~~~~~~~~~~~~~~~~~~~~
threadx/common/inc/tx_trace.h:497:17: note: expanded from macro 'TX_TRACE_IN_LINE_INSERT'
  497 |                 TX_TRACE_INFO_FIELD_ASSIGNMENT((a),(b),(c),(d)) \
      |                 ^~~~~~~~~~~~~~~~~~~~~~~~~~~~~~~~~~~~~~~~~~~~~~~
threadx/common/inc/tx_trace.h:457:114: note: expanded from macro 'TX_TRACE_INFO_FIELD_ASSIGNMENT'
  457 | #define TX_TRACE_INFO_FIELD_ASSIGNMENT(a,b,c,d)  trace_event_ptr -> tx_trace_buffer_entry_information_field_1 =  (ULONG) (a); trace_event_ptr -> tx_trace_buffer_entry_information_field_2 =  (ULONG) (b); trace_event_ptr -> tx_trace_buffer_entry_information_field_3 =  (ULONG) (c); trace_event_ptr -> tx_trace_buffer_entry_information_field_4 =  (ULONG) (d);
      |                                                                                                                  ^~~~~~~~~~~
threadx/common/src/tx_thread_time_slice_change.c:89:5: warning: cast to smaller integer type 'ULONG' (aka 'unsigned long') from 'TX_TRACE_BUFFER_ENTRY *' (aka 'struct TX_TRACE_BUFFER_ENTRY_STRUCT *') [-Wpointer-to-int-cast]
   89 |     TX_TRACE_IN_LINE_INSERT(TX_TRACE_THREAD_TIME_SLICE_CHANGE, thread_ptr, new_time_slice, thread_ptr -> tx_thread_new_time_slice, 0, TX_TRACE_THREAD_EVENTS)
      |     ^~~~~~~~~~~~~~~~~~~~~~~~~~~~~~~~~~~~~~~~~~~~~~~~~~~~~~~~~~~~~~~~~~~~~~~~~~~~~~~~~~~~~~~~~~~~~~~~~~~~~~~~~~~~~~~~~~~~~~~~~~~~~~~~~~~~~~~~~~~~~~~~~~~~~~~~~
threadx/common/inc/tx_trace.h:503:87: note: expanded from macro 'TX_TRACE_IN_LINE_INSERT'
  503 |                     _tx_trace_header_ptr -> tx_trace_header_buffer_current_pointer =  (ULONG) trace_event_ptr; \
      |                                                                                       ^~~~~~~~~~~~~~~~~~~~~~~
threadx/common/src/tx_thread_time_slice_change.c:89:5: warning: cast to smaller integer type 'ULONG' (aka 'unsigned long') from 'TX_TRACE_BUFFER_ENTRY *' (aka 'struct TX_TRACE_BUFFER_ENTRY_STRUCT *') [-Wpointer-to-int-cast]
   89 |     TX_TRACE_IN_LINE_INSERT(TX_TRACE_THREAD_TIME_SLICE_CHANGE, thread_ptr, new_time_slice, thread_ptr -> tx_thread_new_time_slice, 0, TX_TRACE_THREAD_EVENTS)
      |     ^~~~~~~~~~~~~~~~~~~~~~~~~~~~~~~~~~~~~~~~~~~~~~~~~~~~~~~~~~~~~~~~~~~~~~~~~~~~~~~~~~~~~~~~~~~~~~~~~~~~~~~~~~~~~~~~~~~~~~~~~~~~~~~~~~~~~~~~~~~~~~~~~~~~~~~~~
threadx/common/inc/tx_trace.h:510:87: note: expanded from macro 'TX_TRACE_IN_LINE_INSERT'
  510 |                     _tx_trace_header_ptr -> tx_trace_header_buffer_current_pointer =  (ULONG) trace_event_ptr; \
      |                                                                                       ^~~~~~~~~~~~~~~~~~~~~~~
5 warnings generated.
threadx/common/src/tx_thread_wait_abort.c:92:5: warning: cast to smaller integer type 'ULONG' (aka 'unsigned long') from 'TX_THREAD *' (aka 'struct TX_THREAD_STRUCT *') [-Wpointer-to-int-cast] (Local CPU 5)
   92 |     TX_TRACE_IN_LINE_INSERT(TX_TRACE_THREAD_WAIT_ABORT, thread_ptr, thread_ptr -> tx_thread_state, 0, 0, TX_TRACE_THREAD_EVENTS)
      |     ^~~~~~~~~~~~~~~~~~~~~~~~~~~~~~~~~~~~~~~~~~~~~~~~~~~~~~~~~~~~~~~~~~~~~~~~~~~~~~~~~~~~~~~~~~~~~~~~~~~~~~~~~~~~~~~~~~~~~~~~~~~~
threadx/common/inc/tx_trace.h:485:41: note: expanded from macro 'TX_TRACE_IN_LINE_INSERT'
  485 |                     trace_priority =    (ULONG) trace_thread_ptr; \
      |                                         ^~~~~~~~~~~~~~~~~~~~~~~~
threadx/common/src/tx_thread_wait_abort.c:92:5: warning: cast to smaller integer type 'ULONG' (aka 'unsigned long') from 'TX_THREAD *' (aka 'struct TX_THREAD_STRUCT *') [-Wpointer-to-int-cast]
   92 |     TX_TRACE_IN_LINE_INSERT(TX_TRACE_THREAD_WAIT_ABORT, thread_ptr, thread_ptr -> tx_thread_state, 0, 0, TX_TRACE_THREAD_EVENTS)
      |     ^~~~~~~~~~~~~~~~~~~~~~~~~~~~~~~~~~~~~~~~~~~~~~~~~~~~~~~~~~~~~~~~~~~~~~~~~~~~~~~~~~~~~~~~~~~~~~~~~~~~~~~~~~~~~~~~~~~~~~~~~~~~
threadx/common/inc/tx_trace.h:493:81: note: expanded from macro 'TX_TRACE_IN_LINE_INSERT'
  493 |                 trace_event_ptr -> tx_trace_buffer_entry_thread_pointer =       (ULONG) trace_thread_ptr; \
      |                                                                                 ^~~~~~~~~~~~~~~~~~~~~~~~
threadx/common/src/tx_thread_wait_abort.c:92:5: warning: cast to smaller integer type 'ULONG' (aka 'unsigned long') from 'TX_THREAD *' (aka 'struct TX_THREAD_STRUCT *') [-Wpointer-to-int-cast]
   92 |     TX_TRACE_IN_LINE_INSERT(TX_TRACE_THREAD_WAIT_ABORT, thread_ptr, thread_ptr -> tx_thread_state, 0, 0, TX_TRACE_THREAD_EVENTS)
      |     ^~~~~~~~~~~~~~~~~~~~~~~~~~~~~~~~~~~~~~~~~~~~~~~~~~~~~~~~~~~~~~~~~~~~~~~~~~~~~~~~~~~~~~~~~~~~~~~~~~~~~~~~~~~~~~~~~~~~~~~~~~~~
threadx/common/inc/tx_trace.h:497:17: note: expanded from macro 'TX_TRACE_IN_LINE_INSERT'
  497 |                 TX_TRACE_INFO_FIELD_ASSIGNMENT((a),(b),(c),(d)) \
      |                 ^~~~~~~~~~~~~~~~~~~~~~~~~~~~~~~~~~~~~~~~~~~~~~~
threadx/common/inc/tx_trace.h:457:114: note: expanded from macro 'TX_TRACE_INFO_FIELD_ASSIGNMENT'
  457 | #define TX_TRACE_INFO_FIELD_ASSIGNMENT(a,b,c,d)  trace_event_ptr -> tx_trace_buffer_entry_information_field_1 =  (ULONG) (a); trace_event_ptr -> tx_trace_buffer_entry_information_field_2 =  (ULONG) (b); trace_event_ptr -> tx_trace_buffer_entry_information_field_3 =  (ULONG) (c); trace_event_ptr -> tx_trace_buffer_entry_information_field_4 =  (ULONG) (d);
      |                                                                                                                  ^~~~~~~~~~~
threadx/common/src/tx_thread_wait_abort.c:92:5: warning: cast to smaller integer type 'ULONG' (aka 'unsigned long') from 'TX_TRACE_BUFFER_ENTRY *' (aka 'struct TX_TRACE_BUFFER_ENTRY_STRUCT *') [-Wpointer-to-int-cast]
   92 |     TX_TRACE_IN_LINE_INSERT(TX_TRACE_THREAD_WAIT_ABORT, thread_ptr, thread_ptr -> tx_thread_state, 0, 0, TX_TRACE_THREAD_EVENTS)
      |     ^~~~~~~~~~~~~~~~~~~~~~~~~~~~~~~~~~~~~~~~~~~~~~~~~~~~~~~~~~~~~~~~~~~~~~~~~~~~~~~~~~~~~~~~~~~~~~~~~~~~~~~~~~~~~~~~~~~~~~~~~~~~
threadx/common/inc/tx_trace.h:503:87: note: expanded from macro 'TX_TRACE_IN_LINE_INSERT'
  503 |                     _tx_trace_header_ptr -> tx_trace_header_buffer_current_pointer =  (ULONG) trace_event_ptr; \
      |                                                                                       ^~~~~~~~~~~~~~~~~~~~~~~
threadx/common/src/tx_thread_wait_abort.c:92:5: warning: cast to smaller integer type 'ULONG' (aka 'unsigned long') from 'TX_TRACE_BUFFER_ENTRY *' (aka 'struct TX_TRACE_BUFFER_ENTRY_STRUCT *') [-Wpointer-to-int-cast]
   92 |     TX_TRACE_IN_LINE_INSERT(TX_TRACE_THREAD_WAIT_ABORT, thread_ptr, thread_ptr -> tx_thread_state, 0, 0, TX_TRACE_THREAD_EVENTS)
      |     ^~~~~~~~~~~~~~~~~~~~~~~~~~~~~~~~~~~~~~~~~~~~~~~~~~~~~~~~~~~~~~~~~~~~~~~~~~~~~~~~~~~~~~~~~~~~~~~~~~~~~~~~~~~~~~~~~~~~~~~~~~~~
threadx/common/inc/tx_trace.h:510:87: note: expanded from macro 'TX_TRACE_IN_LINE_INSERT'
  510 |                     _tx_trace_header_ptr -> tx_trace_header_buffer_current_pointer =  (ULONG) trace_event_ptr; \
      |                                                                                       ^~~~~~~~~~~~~~~~~~~~~~~
5 warnings generated.
threadx/common/src/tx_thread_timeout.c:89:5: warning: cast to 'void *' from smaller integer type 'ULONG' (aka 'unsigned long') [-Wint-to-void-pointer-cast] (Local CPU 14)
   89 |     TX_THREAD_TIMEOUT_POINTER_SETUP(thread_ptr)
      |     ^~~~~~~~~~~~~~~~~~~~~~~~~~~~~~~~~~~~~~~~~~~
threadx/common/inc/tx_thread.h:146:53: note: expanded from macro 'TX_THREAD_TIMEOUT_POINTER_SETUP'
  146 | #define TX_THREAD_TIMEOUT_POINTER_SETUP(t)   (t) =  TX_ULONG_TO_THREAD_POINTER_CONVERT(timeout_input);
      |                                                     ^~~~~~~~~~~~~~~~~~~~~~~~~~~~~~~~~~~~~~~~~~~~~~~~~
threadx/common/inc/tx_api.h:2095:73: note: expanded from macro 'TX_ULONG_TO_THREAD_POINTER_CONVERT'
 2095 | #define TX_ULONG_TO_THREAD_POINTER_CONVERT(a)           ((TX_THREAD *) ((VOID *) (a)))
      |                                                                         ^~~~~~~~~~~~
1 warning generated.
threadx/common/src/tx_time_get.c:92:5: warning: cast to smaller integer type 'ULONG' (aka 'unsigned long') from 'TX_THREAD *' (aka 'struct TX_THREAD_STRUCT *') [-Wpointer-to-int-cast] (Local CPU 11)
   92 |     TX_TRACE_IN_LINE_INSERT(TX_TRACE_TIME_GET, TX_ULONG_TO_POINTER_CONVERT(temp_time), TX_POINTER_TO_ULONG_CONVERT(&another_temp_time), 0, 0, TX_TRACE_TIME_EVENTS)
      |     ^~~~~~~~~~~~~~~~~~~~~~~~~~~~~~~~~~~~~~~~~~~~~~~~~~~~~~~~~~~~~~~~~~~~~~~~~~~~~~~~~~~~~~~~~~~~~~~~~~~~~~~~~~~~~~~~~~~~~~~~~~~~~~~~~~~~~~~~~~~~~~~~~~~~~~~~~~~~~~~
threadx/common/inc/tx_trace.h:485:41: note: expanded from macro 'TX_TRACE_IN_LINE_INSERT'
  485 |                     trace_priority =    (ULONG) trace_thread_ptr; \
      |                                         ^~~~~~~~~~~~~~~~~~~~~~~~
threadx/common/src/tx_time_get.c:92:5: warning: cast to smaller integer type 'ULONG' (aka 'unsigned long') from 'TX_THREAD *' (aka 'struct TX_THREAD_STRUCT *') [-Wpointer-to-int-cast]
   92 |     TX_TRACE_IN_LINE_INSERT(TX_TRACE_TIME_GET, TX_ULONG_TO_POINTER_CONVERT(temp_time), TX_POINTER_TO_ULONG_CONVERT(&another_temp_time), 0, 0, TX_TRACE_TIME_EVENTS)
      |     ^~~~~~~~~~~~~~~~~~~~~~~~~~~~~~~~~~~~~~~~~~~~~~~~~~~~~~~~~~~~~~~~~~~~~~~~~~~~~~~~~~~~~~~~~~~~~~~~~~~~~~~~~~~~~~~~~~~~~~~~~~~~~~~~~~~~~~~~~~~~~~~~~~~~~~~~~~~~~~~
threadx/common/inc/tx_trace.h:493:81: note: expanded from macro 'TX_TRACE_IN_LINE_INSERT'
  493 |                 trace_event_ptr -> tx_trace_buffer_entry_thread_pointer =       (ULONG) trace_thread_ptr; \
      |                                                                                 ^~~~~~~~~~~~~~~~~~~~~~~~
threadx/common/src/tx_time_get.c:92:48: warning: cast to 'void *' from smaller integer type 'ULONG' (aka 'unsigned long') [-Wint-to-void-pointer-cast]
   92 |     TX_TRACE_IN_LINE_INSERT(TX_TRACE_TIME_GET, TX_ULONG_TO_POINTER_CONVERT(temp_time), TX_POINTER_TO_ULONG_CONVERT(&another_temp_time), 0, 0, TX_TRACE_TIME_EVENTS)
      |     ~~~~~~~~~~~~~~~~~~~~~~~~~~~~~~~~~~~~~~~~~~~^~~~~~~~~~~~~~~~~~~~~~~~~~~~~~~~~~~~~~~~~~~~~~~~~~~~~~~~~~~~~~~~~~~~~~~~~~~~~~~~~~~~~~~~~~~~~~~~~~~~~~~~~~~~~~~~~~~~
threadx/common/inc/tx_api.h:2063:58: note: expanded from macro 'TX_ULONG_TO_POINTER_CONVERT'
 2063 | #define TX_ULONG_TO_POINTER_CONVERT(a)                  ((VOID *) ((ULONG) (a)))
      |                                                          ^
threadx/common/inc/tx_trace.h:497:49: note: expanded from macro 'TX_TRACE_IN_LINE_INSERT'
  497 |                 TX_TRACE_INFO_FIELD_ASSIGNMENT((a),(b),(c),(d)) \
      |                 ~~~~~~~~~~~~~~~~~~~~~~~~~~~~~~~~^~~~~~~~~~~~~~~
threadx/common/inc/tx_trace.h:457:123: note: expanded from macro 'TX_TRACE_INFO_FIELD_ASSIGNMENT'
  457 | #define TX_TRACE_INFO_FIELD_ASSIGNMENT(a,b,c,d)  trace_event_ptr -> tx_trace_buffer_entry_information_field_1 =  (ULONG) (a); trace_event_ptr -> tx_trace_buffer_entry_information_field_2 =  (ULONG) (b); trace_event_ptr -> tx_trace_buffer_entry_information_field_3 =  (ULONG) (c); trace_event_ptr -> tx_trace_buffer_entry_information_field_4 =  (ULONG) (d);
      |                                                                                                                           ^
threadx/common/src/tx_time_get.c:92:5: warning: cast to smaller integer type 'ULONG' (aka 'unsigned long') from 'void *' [-Wvoid-pointer-to-int-cast]
   92 |     TX_TRACE_IN_LINE_INSERT(TX_TRACE_TIME_GET, TX_ULONG_TO_POINTER_CONVERT(temp_time), TX_POINTER_TO_ULONG_CONVERT(&another_temp_time), 0, 0, TX_TRACE_TIME_EVENTS)
      |     ^~~~~~~~~~~~~~~~~~~~~~~~~~~~~~~~~~~~~~~~~~~~~~~~~~~~~~~~~~~~~~~~~~~~~~~~~~~~~~~~~~~~~~~~~~~~~~~~~~~~~~~~~~~~~~~~~~~~~~~~~~~~~~~~~~~~~~~~~~~~~~~~~~~~~~~~~~~~~~~
threadx/common/inc/tx_trace.h:497:17: note: expanded from macro 'TX_TRACE_IN_LINE_INSERT'
  497 |                 TX_TRACE_INFO_FIELD_ASSIGNMENT((a),(b),(c),(d)) \
      |                 ^~~~~~~~~~~~~~~~~~~~~~~~~~~~~~~~~~~~~~~~~~~~~~~
threadx/common/inc/tx_trace.h:457:114: note: expanded from macro 'TX_TRACE_INFO_FIELD_ASSIGNMENT'
  457 | #define TX_TRACE_INFO_FIELD_ASSIGNMENT(a,b,c,d)  trace_event_ptr -> tx_trace_buffer_entry_information_field_1 =  (ULONG) (a); trace_event_ptr -> tx_trace_buffer_entry_information_field_2 =  (ULONG) (b); trace_event_ptr -> tx_trace_buffer_entry_information_field_3 =  (ULONG) (c); trace_event_ptr -> tx_trace_buffer_entry_information_field_4 =  (ULONG) (d);
      |                                                                                                                  ^~~~~~~~~~~
threadx/common/src/tx_time_get.c:92:88: warning: cast to smaller integer type 'ULONG' (aka 'unsigned long') from 'void *' [-Wvoid-pointer-to-int-cast]
   92 |     TX_TRACE_IN_LINE_INSERT(TX_TRACE_TIME_GET, TX_ULONG_TO_POINTER_CONVERT(temp_time), TX_POINTER_TO_ULONG_CONVERT(&another_temp_time), 0, 0, TX_TRACE_TIME_EVENTS)
      |     ~~~~~~~~~~~~~~~~~~~~~~~~~~~~~~~~~~~~~~~~~~~~~~~~~~~~~~~~~~~~~~~~~~~~~~~~~~~~~~~~~~~^~~~~~~~~~~~~~~~~~~~~~~~~~~~~~~~~~~~~~~~~~~~~~~~~~~~~~~~~~~~~~~~~~~~~~~~~~~~
threadx/common/inc/tx_api.h:2062:58: note: expanded from macro 'TX_POINTER_TO_ULONG_CONVERT'
 2062 | #define TX_POINTER_TO_ULONG_CONVERT(a)                  ((ULONG) ((VOID *) (a)))
      |                                                          ^
threadx/common/inc/tx_trace.h:497:53: note: expanded from macro 'TX_TRACE_IN_LINE_INSERT'
  497 |                 TX_TRACE_INFO_FIELD_ASSIGNMENT((a),(b),(c),(d)) \
      |                 ~~~~~~~~~~~~~~~~~~~~~~~~~~~~~~~~~~~~^~~~~~~~~~~
threadx/common/inc/tx_trace.h:457:200: note: expanded from macro 'TX_TRACE_INFO_FIELD_ASSIGNMENT'
  457 | #define TX_TRACE_INFO_FIELD_ASSIGNMENT(a,b,c,d)  trace_event_ptr -> tx_trace_buffer_entry_information_field_1 =  (ULONG) (a); trace_event_ptr -> tx_trace_buffer_entry_information_field_2 =  (ULONG) (b); trace_event_ptr -> tx_trace_buffer_entry_information_field_3 =  (ULONG) (c); trace_event_ptr -> tx_trace_buffer_entry_information_field_4 =  (ULONG) (d);
      |                                                                                                                                                                                                        ^
threadx/common/src/tx_time_get.c:92:5: warning: cast to smaller integer type 'ULONG' (aka 'unsigned long') from 'TX_TRACE_BUFFER_ENTRY *' (aka 'struct TX_TRACE_BUFFER_ENTRY_STRUCT *') [-Wpointer-to-int-cast]
   92 |     TX_TRACE_IN_LINE_INSERT(TX_TRACE_TIME_GET, TX_ULONG_TO_POINTER_CONVERT(temp_time), TX_POINTER_TO_ULONG_CONVERT(&another_temp_time), 0, 0, TX_TRACE_TIME_EVENTS)
      |     ^~~~~~~~~~~~~~~~~~~~~~~~~~~~~~~~~~~~~~~~~~~~~~~~~~~~~~~~~~~~~~~~~~~~~~~~~~~~~~~~~~~~~~~~~~~~~~~~~~~~~~~~~~~~~~~~~~~~~~~~~~~~~~~~~~~~~~~~~~~~~~~~~~~~~~~~~~~~~~~
threadx/common/inc/tx_trace.h:503:87: note: expanded from macro 'TX_TRACE_IN_LINE_INSERT'
  503 |                     _tx_trace_header_ptr -> tx_trace_header_buffer_current_pointer =  (ULONG) trace_event_ptr; \
      |                                                                                       ^~~~~~~~~~~~~~~~~~~~~~~
threadx/common/src/tx_time_get.c:92:5: warning: cast to smaller integer type 'ULONG' (aka 'unsigned long') from 'TX_TRACE_BUFFER_ENTRY *' (aka 'struct TX_TRACE_BUFFER_ENTRY_STRUCT *') [-Wpointer-to-int-cast]
   92 |     TX_TRACE_IN_LINE_INSERT(TX_TRACE_TIME_GET, TX_ULONG_TO_POINTER_CONVERT(temp_time), TX_POINTER_TO_ULONG_CONVERT(&another_temp_time), 0, 0, TX_TRACE_TIME_EVENTS)
      |     ^~~~~~~~~~~~~~~~~~~~~~~~~~~~~~~~~~~~~~~~~~~~~~~~~~~~~~~~~~~~~~~~~~~~~~~~~~~~~~~~~~~~~~~~~~~~~~~~~~~~~~~~~~~~~~~~~~~~~~~~~~~~~~~~~~~~~~~~~~~~~~~~~~~~~~~~~~~~~~~
threadx/common/inc/tx_trace.h:510:87: note: expanded from macro 'TX_TRACE_IN_LINE_INSERT'
  510 |                     _tx_trace_header_ptr -> tx_trace_header_buffer_current_pointer =  (ULONG) trace_event_ptr; \
      |                                                                                       ^~~~~~~~~~~~~~~~~~~~~~~
7 warnings generated.
threadx/common/src/tx_time_set.c:82:5: warning: cast to smaller integer type 'ULONG' (aka 'unsigned long') from 'TX_THREAD *' (aka 'struct TX_THREAD_STRUCT *') [-Wpointer-to-int-cast] (Local CPU 19)
   82 |     TX_TRACE_IN_LINE_INSERT(TX_TRACE_TIME_SET, TX_ULONG_TO_POINTER_CONVERT(new_time), 0, 0, 0, TX_TRACE_TIME_EVENTS)
      |     ^~~~~~~~~~~~~~~~~~~~~~~~~~~~~~~~~~~~~~~~~~~~~~~~~~~~~~~~~~~~~~~~~~~~~~~~~~~~~~~~~~~~~~~~~~~~~~~~~~~~~~~~~~~~~~~~
threadx/common/inc/tx_trace.h:485:41: note: expanded from macro 'TX_TRACE_IN_LINE_INSERT'
  485 |                     trace_priority =    (ULONG) trace_thread_ptr; \
      |                                         ^~~~~~~~~~~~~~~~~~~~~~~~
threadx/common/src/tx_time_set.c:82:5: warning: cast to smaller integer type 'ULONG' (aka 'unsigned long') from 'TX_THREAD *' (aka 'struct TX_THREAD_STRUCT *') [-Wpointer-to-int-cast]
   82 |     TX_TRACE_IN_LINE_INSERT(TX_TRACE_TIME_SET, TX_ULONG_TO_POINTER_CONVERT(new_time), 0, 0, 0, TX_TRACE_TIME_EVENTS)
      |     ^~~~~~~~~~~~~~~~~~~~~~~~~~~~~~~~~~~~~~~~~~~~~~~~~~~~~~~~~~~~~~~~~~~~~~~~~~~~~~~~~~~~~~~~~~~~~~~~~~~~~~~~~~~~~~~~
threadx/common/inc/tx_trace.h:493:81: note: expanded from macro 'TX_TRACE_IN_LINE_INSERT'
  493 |                 trace_event_ptr -> tx_trace_buffer_entry_thread_pointer =       (ULONG) trace_thread_ptr; \
      |                                                                                 ^~~~~~~~~~~~~~~~~~~~~~~~
threadx/common/src/tx_time_set.c:82:48: warning: cast to 'void *' from smaller integer type 'ULONG' (aka 'unsigned long') [-Wint-to-void-pointer-cast]
   82 |     TX_TRACE_IN_LINE_INSERT(TX_TRACE_TIME_SET, TX_ULONG_TO_POINTER_CONVERT(new_time), 0, 0, 0, TX_TRACE_TIME_EVENTS)
      |     ~~~~~~~~~~~~~~~~~~~~~~~~~~~~~~~~~~~~~~~~~~~^~~~~~~~~~~~~~~~~~~~~~~~~~~~~~~~~~~~~~~~~~~~~~~~~~~~~~~~~~~~~~~~~~~~~
threadx/common/inc/tx_api.h:2063:58: note: expanded from macro 'TX_ULONG_TO_POINTER_CONVERT'
 2063 | #define TX_ULONG_TO_POINTER_CONVERT(a)                  ((VOID *) ((ULONG) (a)))
      |                                                          ^
threadx/common/inc/tx_trace.h:497:49: note: expanded from macro 'TX_TRACE_IN_LINE_INSERT'
  497 |                 TX_TRACE_INFO_FIELD_ASSIGNMENT((a),(b),(c),(d)) \
      |                 ~~~~~~~~~~~~~~~~~~~~~~~~~~~~~~~~^~~~~~~~~~~~~~~
threadx/common/inc/tx_trace.h:457:123: note: expanded from macro 'TX_TRACE_INFO_FIELD_ASSIGNMENT'
  457 | #define TX_TRACE_INFO_FIELD_ASSIGNMENT(a,b,c,d)  trace_event_ptr -> tx_trace_buffer_entry_information_field_1 =  (ULONG) (a); trace_event_ptr -> tx_trace_buffer_entry_information_field_2 =  (ULONG) (b); trace_event_ptr -> tx_trace_buffer_entry_information_field_3 =  (ULONG) (c); trace_event_ptr -> tx_trace_buffer_entry_information_field_4 =  (ULONG) (d);
      |                                                                                                                           ^
threadx/common/src/tx_time_set.c:82:5: warning: cast to smaller integer type 'ULONG' (aka 'unsigned long') from 'void *' [-Wvoid-pointer-to-int-cast]
   82 |     TX_TRACE_IN_LINE_INSERT(TX_TRACE_TIME_SET, TX_ULONG_TO_POINTER_CONVERT(new_time), 0, 0, 0, TX_TRACE_TIME_EVENTS)
      |     ^~~~~~~~~~~~~~~~~~~~~~~~~~~~~~~~~~~~~~~~~~~~~~~~~~~~~~~~~~~~~~~~~~~~~~~~~~~~~~~~~~~~~~~~~~~~~~~~~~~~~~~~~~~~~~~~
threadx/common/inc/tx_trace.h:497:17: note: expanded from macro 'TX_TRACE_IN_LINE_INSERT'
  497 |                 TX_TRACE_INFO_FIELD_ASSIGNMENT((a),(b),(c),(d)) \
      |                 ^~~~~~~~~~~~~~~~~~~~~~~~~~~~~~~~~~~~~~~~~~~~~~~
threadx/common/inc/tx_trace.h:457:114: note: expanded from macro 'TX_TRACE_INFO_FIELD_ASSIGNMENT'
  457 | #define TX_TRACE_INFO_FIELD_ASSIGNMENT(a,b,c,d)  trace_event_ptr -> tx_trace_buffer_entry_information_field_1 =  (ULONG) (a); trace_event_ptr -> tx_trace_buffer_entry_information_field_2 =  (ULONG) (b); trace_event_ptr -> tx_trace_buffer_entry_information_field_3 =  (ULONG) (c); trace_event_ptr -> tx_trace_buffer_entry_information_field_4 =  (ULONG) (d);
      |                                                                                                                  ^~~~~~~~~~~
threadx/common/src/tx_time_set.c:82:5: warning: cast to smaller integer type 'ULONG' (aka 'unsigned long') from 'TX_TRACE_BUFFER_ENTRY *' (aka 'struct TX_TRACE_BUFFER_ENTRY_STRUCT *') [-Wpointer-to-int-cast]
   82 |     TX_TRACE_IN_LINE_INSERT(TX_TRACE_TIME_SET, TX_ULONG_TO_POINTER_CONVERT(new_time), 0, 0, 0, TX_TRACE_TIME_EVENTS)
      |     ^~~~~~~~~~~~~~~~~~~~~~~~~~~~~~~~~~~~~~~~~~~~~~~~~~~~~~~~~~~~~~~~~~~~~~~~~~~~~~~~~~~~~~~~~~~~~~~~~~~~~~~~~~~~~~~~
threadx/common/inc/tx_trace.h:503:87: note: expanded from macro 'TX_TRACE_IN_LINE_INSERT'
  503 |                     _tx_trace_header_ptr -> tx_trace_header_buffer_current_pointer =  (ULONG) trace_event_ptr; \
      |                                                                                       ^~~~~~~~~~~~~~~~~~~~~~~
threadx/common/src/tx_time_set.c:82:5: warning: cast to smaller integer type 'ULONG' (aka 'unsigned long') from 'TX_TRACE_BUFFER_ENTRY *' (aka 'struct TX_TRACE_BUFFER_ENTRY_STRUCT *') [-Wpointer-to-int-cast]
   82 |     TX_TRACE_IN_LINE_INSERT(TX_TRACE_TIME_SET, TX_ULONG_TO_POINTER_CONVERT(new_time), 0, 0, 0, TX_TRACE_TIME_EVENTS)
      |     ^~~~~~~~~~~~~~~~~~~~~~~~~~~~~~~~~~~~~~~~~~~~~~~~~~~~~~~~~~~~~~~~~~~~~~~~~~~~~~~~~~~~~~~~~~~~~~~~~~~~~~~~~~~~~~~~
threadx/common/inc/tx_trace.h:510:87: note: expanded from macro 'TX_TRACE_IN_LINE_INSERT'
  510 |                     _tx_trace_header_ptr -> tx_trace_header_buffer_current_pointer =  (ULONG) trace_event_ptr; \
      |                                                                                       ^~~~~~~~~~~~~~~~~~~~~~~
6 warnings generated.
threadx/common/src/tx_timer_activate.c:87:5: warning: cast to smaller integer type 'ULONG' (aka 'unsigned long') from 'TX_THREAD *' (aka 'struct TX_THREAD_STRUCT *') [-Wpointer-to-int-cast] (Local CPU 13)
   87 |     TX_TRACE_IN_LINE_INSERT(TX_TRACE_TIMER_ACTIVATE, timer_ptr, 0, 0, 0, TX_TRACE_TIMER_EVENTS)
      |     ^~~~~~~~~~~~~~~~~~~~~~~~~~~~~~~~~~~~~~~~~~~~~~~~~~~~~~~~~~~~~~~~~~~~~~~~~~~~~~~~~~~~~~~~~~~
threadx/common/inc/tx_trace.h:485:41: note: expanded from macro 'TX_TRACE_IN_LINE_INSERT'
  485 |                     trace_priority =    (ULONG) trace_thread_ptr; \
      |                                         ^~~~~~~~~~~~~~~~~~~~~~~~
threadx/common/src/tx_timer_activate.c:87:5: warning: cast to smaller integer type 'ULONG' (aka 'unsigned long') from 'TX_THREAD *' (aka 'struct TX_THREAD_STRUCT *') [-Wpointer-to-int-cast]
   87 |     TX_TRACE_IN_LINE_INSERT(TX_TRACE_TIMER_ACTIVATE, timer_ptr, 0, 0, 0, TX_TRACE_TIMER_EVENTS)
      |     ^~~~~~~~~~~~~~~~~~~~~~~~~~~~~~~~~~~~~~~~~~~~~~~~~~~~~~~~~~~~~~~~~~~~~~~~~~~~~~~~~~~~~~~~~~~
threadx/common/inc/tx_trace.h:493:81: note: expanded from macro 'TX_TRACE_IN_LINE_INSERT'
  493 |                 trace_event_ptr -> tx_trace_buffer_entry_thread_pointer =       (ULONG) trace_thread_ptr; \
      |                                                                                 ^~~~~~~~~~~~~~~~~~~~~~~~
threadx/common/src/tx_timer_activate.c:87:5: warning: cast to smaller integer type 'ULONG' (aka 'unsigned long') from 'TX_TIMER *' (aka 'struct TX_TIMER_STRUCT *') [-Wpointer-to-int-cast]
   87 |     TX_TRACE_IN_LINE_INSERT(TX_TRACE_TIMER_ACTIVATE, timer_ptr, 0, 0, 0, TX_TRACE_TIMER_EVENTS)
      |     ^~~~~~~~~~~~~~~~~~~~~~~~~~~~~~~~~~~~~~~~~~~~~~~~~~~~~~~~~~~~~~~~~~~~~~~~~~~~~~~~~~~~~~~~~~~
threadx/common/inc/tx_trace.h:497:17: note: expanded from macro 'TX_TRACE_IN_LINE_INSERT'
  497 |                 TX_TRACE_INFO_FIELD_ASSIGNMENT((a),(b),(c),(d)) \
      |                 ^~~~~~~~~~~~~~~~~~~~~~~~~~~~~~~~~~~~~~~~~~~~~~~
threadx/common/inc/tx_trace.h:457:114: note: expanded from macro 'TX_TRACE_INFO_FIELD_ASSIGNMENT'
  457 | #define TX_TRACE_INFO_FIELD_ASSIGNMENT(a,b,c,d)  trace_event_ptr -> tx_trace_buffer_entry_information_field_1 =  (ULONG) (a); trace_event_ptr -> tx_trace_buffer_entry_information_field_2 =  (ULONG) (b); trace_event_ptr -> tx_trace_buffer_entry_information_field_3 =  (ULONG) (c); trace_event_ptr -> tx_trace_buffer_entry_information_field_4 =  (ULONG) (d);
      |                                                                                                                  ^~~~~~~~~~~
threadx/common/src/tx_timer_activate.c:87:5: warning: cast to smaller integer type 'ULONG' (aka 'unsigned long') from 'TX_TRACE_BUFFER_ENTRY *' (aka 'struct TX_TRACE_BUFFER_ENTRY_STRUCT *') [-Wpointer-to-int-cast]
   87 |     TX_TRACE_IN_LINE_INSERT(TX_TRACE_TIMER_ACTIVATE, timer_ptr, 0, 0, 0, TX_TRACE_TIMER_EVENTS)
      |     ^~~~~~~~~~~~~~~~~~~~~~~~~~~~~~~~~~~~~~~~~~~~~~~~~~~~~~~~~~~~~~~~~~~~~~~~~~~~~~~~~~~~~~~~~~~
threadx/common/inc/tx_trace.h:503:87: note: expanded from macro 'TX_TRACE_IN_LINE_INSERT'
  503 |                     _tx_trace_header_ptr -> tx_trace_header_buffer_current_pointer =  (ULONG) trace_event_ptr; \
      |                                                                                       ^~~~~~~~~~~~~~~~~~~~~~~
threadx/common/src/tx_timer_activate.c:87:5: warning: cast to smaller integer type 'ULONG' (aka 'unsigned long') from 'TX_TRACE_BUFFER_ENTRY *' (aka 'struct TX_TRACE_BUFFER_ENTRY_STRUCT *') [-Wpointer-to-int-cast]
   87 |     TX_TRACE_IN_LINE_INSERT(TX_TRACE_TIMER_ACTIVATE, timer_ptr, 0, 0, 0, TX_TRACE_TIMER_EVENTS)
      |     ^~~~~~~~~~~~~~~~~~~~~~~~~~~~~~~~~~~~~~~~~~~~~~~~~~~~~~~~~~~~~~~~~~~~~~~~~~~~~~~~~~~~~~~~~~~
threadx/common/inc/tx_trace.h:510:87: note: expanded from macro 'TX_TRACE_IN_LINE_INSERT'
  510 |                     _tx_trace_header_ptr -> tx_trace_header_buffer_current_pointer =  (ULONG) trace_event_ptr; \
      |                                                                                       ^~~~~~~~~~~~~~~~~~~~~~~
5 warnings generated.
threadx/common/src/tx_timer_change.c:84:5: warning: cast to smaller integer type 'ULONG' (aka 'unsigned long') from 'TX_THREAD *' (aka 'struct TX_THREAD_STRUCT *') [-Wpointer-to-int-cast] (Local CPU 17)
   84 |     TX_TRACE_IN_LINE_INSERT(TX_TRACE_TIMER_CHANGE, timer_ptr, initial_ticks, reschedule_ticks, 0, TX_TRACE_TIMER_EVENTS)
      |     ^~~~~~~~~~~~~~~~~~~~~~~~~~~~~~~~~~~~~~~~~~~~~~~~~~~~~~~~~~~~~~~~~~~~~~~~~~~~~~~~~~~~~~~~~~~~~~~~~~~~~~~~~~~~~~~~~~~~
threadx/common/inc/tx_trace.h:485:41: note: expanded from macro 'TX_TRACE_IN_LINE_INSERT'
  485 |                     trace_priority =    (ULONG) trace_thread_ptr; \
      |                                         ^~~~~~~~~~~~~~~~~~~~~~~~
threadx/common/src/tx_timer_change.c:84:5: warning: cast to smaller integer type 'ULONG' (aka 'unsigned long') from 'TX_THREAD *' (aka 'struct TX_THREAD_STRUCT *') [-Wpointer-to-int-cast]
   84 |     TX_TRACE_IN_LINE_INSERT(TX_TRACE_TIMER_CHANGE, timer_ptr, initial_ticks, reschedule_ticks, 0, TX_TRACE_TIMER_EVENTS)
      |     ^~~~~~~~~~~~~~~~~~~~~~~~~~~~~~~~~~~~~~~~~~~~~~~~~~~~~~~~~~~~~~~~~~~~~~~~~~~~~~~~~~~~~~~~~~~~~~~~~~~~~~~~~~~~~~~~~~~~
threadx/common/inc/tx_trace.h:493:81: note: expanded from macro 'TX_TRACE_IN_LINE_INSERT'
  493 |                 trace_event_ptr -> tx_trace_buffer_entry_thread_pointer =       (ULONG) trace_thread_ptr; \
      |                                                                                 ^~~~~~~~~~~~~~~~~~~~~~~~
threadx/common/src/tx_timer_change.c:84:5: warning: cast to smaller integer type 'ULONG' (aka 'unsigned long') from 'TX_TIMER *' (aka 'struct TX_TIMER_STRUCT *') [-Wpointer-to-int-cast]
   84 |     TX_TRACE_IN_LINE_INSERT(TX_TRACE_TIMER_CHANGE, timer_ptr, initial_ticks, reschedule_ticks, 0, TX_TRACE_TIMER_EVENTS)
      |     ^~~~~~~~~~~~~~~~~~~~~~~~~~~~~~~~~~~~~~~~~~~~~~~~~~~~~~~~~~~~~~~~~~~~~~~~~~~~~~~~~~~~~~~~~~~~~~~~~~~~~~~~~~~~~~~~~~~~
threadx/common/inc/tx_trace.h:497:17: note: expanded from macro 'TX_TRACE_IN_LINE_INSERT'
  497 |                 TX_TRACE_INFO_FIELD_ASSIGNMENT((a),(b),(c),(d)) \
      |                 ^~~~~~~~~~~~~~~~~~~~~~~~~~~~~~~~~~~~~~~~~~~~~~~
threadx/common/inc/tx_trace.h:457:114: note: expanded from macro 'TX_TRACE_INFO_FIELD_ASSIGNMENT'
  457 | #define TX_TRACE_INFO_FIELD_ASSIGNMENT(a,b,c,d)  trace_event_ptr -> tx_trace_buffer_entry_information_field_1 =  (ULONG) (a); trace_event_ptr -> tx_trace_buffer_entry_information_field_2 =  (ULONG) (b); trace_event_ptr -> tx_trace_buffer_entry_information_field_3 =  (ULONG) (c); trace_event_ptr -> tx_trace_buffer_entry_information_field_4 =  (ULONG) (d);
      |                                                                                                                  ^~~~~~~~~~~
threadx/common/src/tx_timer_change.c:84:5: warning: cast to smaller integer type 'ULONG' (aka 'unsigned long') from 'TX_TRACE_BUFFER_ENTRY *' (aka 'struct TX_TRACE_BUFFER_ENTRY_STRUCT *') [-Wpointer-to-int-cast]
   84 |     TX_TRACE_IN_LINE_INSERT(TX_TRACE_TIMER_CHANGE, timer_ptr, initial_ticks, reschedule_ticks, 0, TX_TRACE_TIMER_EVENTS)
      |     ^~~~~~~~~~~~~~~~~~~~~~~~~~~~~~~~~~~~~~~~~~~~~~~~~~~~~~~~~~~~~~~~~~~~~~~~~~~~~~~~~~~~~~~~~~~~~~~~~~~~~~~~~~~~~~~~~~~~
threadx/common/inc/tx_trace.h:503:87: note: expanded from macro 'TX_TRACE_IN_LINE_INSERT'
  503 |                     _tx_trace_header_ptr -> tx_trace_header_buffer_current_pointer =  (ULONG) trace_event_ptr; \
      |                                                                                       ^~~~~~~~~~~~~~~~~~~~~~~
threadx/common/src/tx_timer_change.c:84:5: warning: cast to smaller integer type 'ULONG' (aka 'unsigned long') from 'TX_TRACE_BUFFER_ENTRY *' (aka 'struct TX_TRACE_BUFFER_ENTRY_STRUCT *') [-Wpointer-to-int-cast]
   84 |     TX_TRACE_IN_LINE_INSERT(TX_TRACE_TIMER_CHANGE, timer_ptr, initial_ticks, reschedule_ticks, 0, TX_TRACE_TIMER_EVENTS)
      |     ^~~~~~~~~~~~~~~~~~~~~~~~~~~~~~~~~~~~~~~~~~~~~~~~~~~~~~~~~~~~~~~~~~~~~~~~~~~~~~~~~~~~~~~~~~~~~~~~~~~~~~~~~~~~~~~~~~~~
threadx/common/inc/tx_trace.h:510:87: note: expanded from macro 'TX_TRACE_IN_LINE_INSERT'
  510 |                     _tx_trace_header_ptr -> tx_trace_header_buffer_current_pointer =  (ULONG) trace_event_ptr; \
      |                                                                                       ^~~~~~~~~~~~~~~~~~~~~~~
5 warnings generated.
threadx/common/src/tx_timer_create.c:140:5: warning: cast to smaller integer type 'ULONG' (aka 'unsigned long') from 'TX_THREAD *' (aka 'struct TX_THREAD_STRUCT *') [-Wpointer-to-int-cast] (Local CPU 15)
  140 |     TX_TRACE_IN_LINE_INSERT(TX_TRACE_TIMER_CREATE, timer_ptr, initial_ticks, reschedule_ticks, auto_activate, TX_TRACE_TIMER_EVENTS)
      |     ^~~~~~~~~~~~~~~~~~~~~~~~~~~~~~~~~~~~~~~~~~~~~~~~~~~~~~~~~~~~~~~~~~~~~~~~~~~~~~~~~~~~~~~~~~~~~~~~~~~~~~~~~~~~~~~~~~~~~~~~~~~~~~~~
threadx/common/inc/tx_trace.h:485:41: note: expanded from macro 'TX_TRACE_IN_LINE_INSERT'
  485 |                     trace_priority =    (ULONG) trace_thread_ptr; \
      |                                         ^~~~~~~~~~~~~~~~~~~~~~~~
threadx/common/src/tx_timer_create.c:140:5: warning: cast to smaller integer type 'ULONG' (aka 'unsigned long') from 'TX_THREAD *' (aka 'struct TX_THREAD_STRUCT *') [-Wpointer-to-int-cast]
  140 |     TX_TRACE_IN_LINE_INSERT(TX_TRACE_TIMER_CREATE, timer_ptr, initial_ticks, reschedule_ticks, auto_activate, TX_TRACE_TIMER_EVENTS)
      |     ^~~~~~~~~~~~~~~~~~~~~~~~~~~~~~~~~~~~~~~~~~~~~~~~~~~~~~~~~~~~~~~~~~~~~~~~~~~~~~~~~~~~~~~~~~~~~~~~~~~~~~~~~~~~~~~~~~~~~~~~~~~~~~~~
threadx/common/inc/tx_trace.h:493:81: note: expanded from macro 'TX_TRACE_IN_LINE_INSERT'
  493 |                 trace_event_ptr -> tx_trace_buffer_entry_thread_pointer =       (ULONG) trace_thread_ptr; \
      |                                                                                 ^~~~~~~~~~~~~~~~~~~~~~~~
threadx/common/src/tx_timer_create.c:140:5: warning: cast to smaller integer type 'ULONG' (aka 'unsigned long') from 'TX_TIMER *' (aka 'struct TX_TIMER_STRUCT *') [-Wpointer-to-int-cast]
  140 |     TX_TRACE_IN_LINE_INSERT(TX_TRACE_TIMER_CREATE, timer_ptr, initial_ticks, reschedule_ticks, auto_activate, TX_TRACE_TIMER_EVENTS)
      |     ^~~~~~~~~~~~~~~~~~~~~~~~~~~~~~~~~~~~~~~~~~~~~~~~~~~~~~~~~~~~~~~~~~~~~~~~~~~~~~~~~~~~~~~~~~~~~~~~~~~~~~~~~~~~~~~~~~~~~~~~~~~~~~~~
threadx/common/inc/tx_trace.h:497:17: note: expanded from macro 'TX_TRACE_IN_LINE_INSERT'
  497 |                 TX_TRACE_INFO_FIELD_ASSIGNMENT((a),(b),(c),(d)) \
      |                 ^~~~~~~~~~~~~~~~~~~~~~~~~~~~~~~~~~~~~~~~~~~~~~~
threadx/common/inc/tx_trace.h:457:114: note: expanded from macro 'TX_TRACE_INFO_FIELD_ASSIGNMENT'
  457 | #define TX_TRACE_INFO_FIELD_ASSIGNMENT(a,b,c,d)  trace_event_ptr -> tx_trace_buffer_entry_information_field_1 =  (ULONG) (a); trace_event_ptr -> tx_trace_buffer_entry_information_field_2 =  (ULONG) (b); trace_event_ptr -> tx_trace_buffer_entry_information_field_3 =  (ULONG) (c); trace_event_ptr -> tx_trace_buffer_entry_information_field_4 =  (ULONG) (d);
      |                                                                                                                  ^~~~~~~~~~~
threadx/common/src/tx_timer_create.c:140:5: warning: cast to smaller integer type 'ULONG' (aka 'unsigned long') from 'TX_TRACE_BUFFER_ENTRY *' (aka 'struct TX_TRACE_BUFFER_ENTRY_STRUCT *') [-Wpointer-to-int-cast]
  140 |     TX_TRACE_IN_LINE_INSERT(TX_TRACE_TIMER_CREATE, timer_ptr, initial_ticks, reschedule_ticks, auto_activate, TX_TRACE_TIMER_EVENTS)
      |     ^~~~~~~~~~~~~~~~~~~~~~~~~~~~~~~~~~~~~~~~~~~~~~~~~~~~~~~~~~~~~~~~~~~~~~~~~~~~~~~~~~~~~~~~~~~~~~~~~~~~~~~~~~~~~~~~~~~~~~~~~~~~~~~~
threadx/common/inc/tx_trace.h:503:87: note: expanded from macro 'TX_TRACE_IN_LINE_INSERT'
  503 |                     _tx_trace_header_ptr -> tx_trace_header_buffer_current_pointer =  (ULONG) trace_event_ptr; \
      |                                                                                       ^~~~~~~~~~~~~~~~~~~~~~~
threadx/common/src/tx_timer_create.c:140:5: warning: cast to smaller integer type 'ULONG' (aka 'unsigned long') from 'TX_TRACE_BUFFER_ENTRY *' (aka 'struct TX_TRACE_BUFFER_ENTRY_STRUCT *') [-Wpointer-to-int-cast]
  140 |     TX_TRACE_IN_LINE_INSERT(TX_TRACE_TIMER_CREATE, timer_ptr, initial_ticks, reschedule_ticks, auto_activate, TX_TRACE_TIMER_EVENTS)
      |     ^~~~~~~~~~~~~~~~~~~~~~~~~~~~~~~~~~~~~~~~~~~~~~~~~~~~~~~~~~~~~~~~~~~~~~~~~~~~~~~~~~~~~~~~~~~~~~~~~~~~~~~~~~~~~~~~~~~~~~~~~~~~~~~~
threadx/common/inc/tx_trace.h:510:87: note: expanded from macro 'TX_TRACE_IN_LINE_INSERT'
  510 |                     _tx_trace_header_ptr -> tx_trace_header_buffer_current_pointer =  (ULONG) trace_event_ptr; \
      |                                                                                       ^~~~~~~~~~~~~~~~~~~~~~~
5 warnings generated.
threadx/common/src/tx_timer_delete.c:92:5: warning: cast to smaller integer type 'ULONG' (aka 'unsigned long') from 'TX_THREAD *' (aka 'struct TX_THREAD_STRUCT *') [-Wpointer-to-int-cast] (Local CPU 16)
   92 |     TX_TRACE_IN_LINE_INSERT(TX_TRACE_TIMER_DELETE, timer_ptr, 0, 0, 0, TX_TRACE_TIMER_EVENTS)
      |     ^~~~~~~~~~~~~~~~~~~~~~~~~~~~~~~~~~~~~~~~~~~~~~~~~~~~~~~~~~~~~~~~~~~~~~~~~~~~~~~~~~~~~~~~~
threadx/common/inc/tx_trace.h:485:41: note: expanded from macro 'TX_TRACE_IN_LINE_INSERT'
  485 |                     trace_priority =    (ULONG) trace_thread_ptr; \
      |                                         ^~~~~~~~~~~~~~~~~~~~~~~~
threadx/common/src/tx_timer_delete.c:92:5: warning: cast to smaller integer type 'ULONG' (aka 'unsigned long') from 'TX_THREAD *' (aka 'struct TX_THREAD_STRUCT *') [-Wpointer-to-int-cast]
   92 |     TX_TRACE_IN_LINE_INSERT(TX_TRACE_TIMER_DELETE, timer_ptr, 0, 0, 0, TX_TRACE_TIMER_EVENTS)
      |     ^~~~~~~~~~~~~~~~~~~~~~~~~~~~~~~~~~~~~~~~~~~~~~~~~~~~~~~~~~~~~~~~~~~~~~~~~~~~~~~~~~~~~~~~~
threadx/common/inc/tx_trace.h:493:81: note: expanded from macro 'TX_TRACE_IN_LINE_INSERT'
  493 |                 trace_event_ptr -> tx_trace_buffer_entry_thread_pointer =       (ULONG) trace_thread_ptr; \
      |                                                                                 ^~~~~~~~~~~~~~~~~~~~~~~~
threadx/common/src/tx_timer_delete.c:92:5: warning: cast to smaller integer type 'ULONG' (aka 'unsigned long') from 'TX_TIMER *' (aka 'struct TX_TIMER_STRUCT *') [-Wpointer-to-int-cast]
   92 |     TX_TRACE_IN_LINE_INSERT(TX_TRACE_TIMER_DELETE, timer_ptr, 0, 0, 0, TX_TRACE_TIMER_EVENTS)
      |     ^~~~~~~~~~~~~~~~~~~~~~~~~~~~~~~~~~~~~~~~~~~~~~~~~~~~~~~~~~~~~~~~~~~~~~~~~~~~~~~~~~~~~~~~~
threadx/common/inc/tx_trace.h:497:17: note: expanded from macro 'TX_TRACE_IN_LINE_INSERT'
  497 |                 TX_TRACE_INFO_FIELD_ASSIGNMENT((a),(b),(c),(d)) \
      |                 ^~~~~~~~~~~~~~~~~~~~~~~~~~~~~~~~~~~~~~~~~~~~~~~
threadx/common/inc/tx_trace.h:457:114: note: expanded from macro 'TX_TRACE_INFO_FIELD_ASSIGNMENT'
  457 | #define TX_TRACE_INFO_FIELD_ASSIGNMENT(a,b,c,d)  trace_event_ptr -> tx_trace_buffer_entry_information_field_1 =  (ULONG) (a); trace_event_ptr -> tx_trace_buffer_entry_information_field_2 =  (ULONG) (b); trace_event_ptr -> tx_trace_buffer_entry_information_field_3 =  (ULONG) (c); trace_event_ptr -> tx_trace_buffer_entry_information_field_4 =  (ULONG) (d);
      |                                                                                                                  ^~~~~~~~~~~
threadx/common/src/tx_timer_delete.c:92:5: warning: cast to smaller integer type 'ULONG' (aka 'unsigned long') from 'TX_TRACE_BUFFER_ENTRY *' (aka 'struct TX_TRACE_BUFFER_ENTRY_STRUCT *') [-Wpointer-to-int-cast]
   92 |     TX_TRACE_IN_LINE_INSERT(TX_TRACE_TIMER_DELETE, timer_ptr, 0, 0, 0, TX_TRACE_TIMER_EVENTS)
      |     ^~~~~~~~~~~~~~~~~~~~~~~~~~~~~~~~~~~~~~~~~~~~~~~~~~~~~~~~~~~~~~~~~~~~~~~~~~~~~~~~~~~~~~~~~
threadx/common/inc/tx_trace.h:503:87: note: expanded from macro 'TX_TRACE_IN_LINE_INSERT'
  503 |                     _tx_trace_header_ptr -> tx_trace_header_buffer_current_pointer =  (ULONG) trace_event_ptr; \
      |                                                                                       ^~~~~~~~~~~~~~~~~~~~~~~
threadx/common/src/tx_timer_delete.c:92:5: warning: cast to smaller integer type 'ULONG' (aka 'unsigned long') from 'TX_TRACE_BUFFER_ENTRY *' (aka 'struct TX_TRACE_BUFFER_ENTRY_STRUCT *') [-Wpointer-to-int-cast]
   92 |     TX_TRACE_IN_LINE_INSERT(TX_TRACE_TIMER_DELETE, timer_ptr, 0, 0, 0, TX_TRACE_TIMER_EVENTS)
      |     ^~~~~~~~~~~~~~~~~~~~~~~~~~~~~~~~~~~~~~~~~~~~~~~~~~~~~~~~~~~~~~~~~~~~~~~~~~~~~~~~~~~~~~~~~
threadx/common/inc/tx_trace.h:510:87: note: expanded from macro 'TX_TRACE_IN_LINE_INSERT'
  510 |                     _tx_trace_header_ptr -> tx_trace_header_buffer_current_pointer =  (ULONG) trace_event_ptr; \
      |                                                                                       ^~~~~~~~~~~~~~~~~~~~~~~
5 warnings generated.
threadx/common/src/tx_timer_deactivate.c:100:5: warning: cast to smaller integer type 'ULONG' (aka 'unsigned long') from 'TX_THREAD *' (aka 'struct TX_THREAD_STRUCT *') [-Wpointer-to-int-cast] (Local CPU 10)
  100 |     TX_TRACE_IN_LINE_INSERT(TX_TRACE_TIMER_DEACTIVATE, timer_ptr, TX_POINTER_TO_ULONG_CONVERT(&ticks_left), 0, 0, TX_TRACE_TIMER_EVENTS)
      |     ^~~~~~~~~~~~~~~~~~~~~~~~~~~~~~~~~~~~~~~~~~~~~~~~~~~~~~~~~~~~~~~~~~~~~~~~~~~~~~~~~~~~~~~~~~~~~~~~~~~~~~~~~~~~~~~~~~~~~~~~~~~~~~~~~~~~
threadx/common/inc/tx_trace.h:485:41: note: expanded from macro 'TX_TRACE_IN_LINE_INSERT'
  485 |                     trace_priority =    (ULONG) trace_thread_ptr; \
      |                                         ^~~~~~~~~~~~~~~~~~~~~~~~
threadx/common/src/tx_timer_deactivate.c:100:5: warning: cast to smaller integer type 'ULONG' (aka 'unsigned long') from 'TX_THREAD *' (aka 'struct TX_THREAD_STRUCT *') [-Wpointer-to-int-cast]
  100 |     TX_TRACE_IN_LINE_INSERT(TX_TRACE_TIMER_DEACTIVATE, timer_ptr, TX_POINTER_TO_ULONG_CONVERT(&ticks_left), 0, 0, TX_TRACE_TIMER_EVENTS)
      |     ^~~~~~~~~~~~~~~~~~~~~~~~~~~~~~~~~~~~~~~~~~~~~~~~~~~~~~~~~~~~~~~~~~~~~~~~~~~~~~~~~~~~~~~~~~~~~~~~~~~~~~~~~~~~~~~~~~~~~~~~~~~~~~~~~~~~
threadx/common/inc/tx_trace.h:493:81: note: expanded from macro 'TX_TRACE_IN_LINE_INSERT'
  493 |                 trace_event_ptr -> tx_trace_buffer_entry_thread_pointer =       (ULONG) trace_thread_ptr; \
      |                                                                                 ^~~~~~~~~~~~~~~~~~~~~~~~
threadx/common/src/tx_timer_deactivate.c:100:5: warning: cast to smaller integer type 'ULONG' (aka 'unsigned long') from 'TX_TIMER *' (aka 'struct TX_TIMER_STRUCT *') [-Wpointer-to-int-cast]
  100 |     TX_TRACE_IN_LINE_INSERT(TX_TRACE_TIMER_DEACTIVATE, timer_ptr, TX_POINTER_TO_ULONG_CONVERT(&ticks_left), 0, 0, TX_TRACE_TIMER_EVENTS)
      |     ^~~~~~~~~~~~~~~~~~~~~~~~~~~~~~~~~~~~~~~~~~~~~~~~~~~~~~~~~~~~~~~~~~~~~~~~~~~~~~~~~~~~~~~~~~~~~~~~~~~~~~~~~~~~~~~~~~~~~~~~~~~~~~~~~~~~
threadx/common/inc/tx_trace.h:497:17: note: expanded from macro 'TX_TRACE_IN_LINE_INSERT'
  497 |                 TX_TRACE_INFO_FIELD_ASSIGNMENT((a),(b),(c),(d)) \
      |                 ^~~~~~~~~~~~~~~~~~~~~~~~~~~~~~~~~~~~~~~~~~~~~~~
threadx/common/inc/tx_trace.h:457:114: note: expanded from macro 'TX_TRACE_INFO_FIELD_ASSIGNMENT'
  457 | #define TX_TRACE_INFO_FIELD_ASSIGNMENT(a,b,c,d)  trace_event_ptr -> tx_trace_buffer_entry_information_field_1 =  (ULONG) (a); trace_event_ptr -> tx_trace_buffer_entry_information_field_2 =  (ULONG) (b); trace_event_ptr -> tx_trace_buffer_entry_information_field_3 =  (ULONG) (c); trace_event_ptr -> tx_trace_buffer_entry_information_field_4 =  (ULONG) (d);
      |                                                                                                                  ^~~~~~~~~~~
threadx/common/src/tx_timer_deactivate.c:100:67: warning: cast to smaller integer type 'ULONG' (aka 'unsigned long') from 'void *' [-Wvoid-pointer-to-int-cast]
  100 |     TX_TRACE_IN_LINE_INSERT(TX_TRACE_TIMER_DEACTIVATE, timer_ptr, TX_POINTER_TO_ULONG_CONVERT(&ticks_left), 0, 0, TX_TRACE_TIMER_EVENTS)
      |     ~~~~~~~~~~~~~~~~~~~~~~~~~~~~~~~~~~~~~~~~~~~~~~~~~~~~~~~~~~~~~~^~~~~~~~~~~~~~~~~~~~~~~~~~~~~~~~~~~~~~~~~~~~~~~~~~~~~~~~~~~~~~~~~~~~~~
threadx/common/inc/tx_api.h:2062:58: note: expanded from macro 'TX_POINTER_TO_ULONG_CONVERT'
 2062 | #define TX_POINTER_TO_ULONG_CONVERT(a)                  ((ULONG) ((VOID *) (a)))
      |                                                          ^
threadx/common/inc/tx_trace.h:497:53: note: expanded from macro 'TX_TRACE_IN_LINE_INSERT'
  497 |                 TX_TRACE_INFO_FIELD_ASSIGNMENT((a),(b),(c),(d)) \
      |                 ~~~~~~~~~~~~~~~~~~~~~~~~~~~~~~~~~~~~^~~~~~~~~~~
threadx/common/inc/tx_trace.h:457:200: note: expanded from macro 'TX_TRACE_INFO_FIELD_ASSIGNMENT'
  457 | #define TX_TRACE_INFO_FIELD_ASSIGNMENT(a,b,c,d)  trace_event_ptr -> tx_trace_buffer_entry_information_field_1 =  (ULONG) (a); trace_event_ptr -> tx_trace_buffer_entry_information_field_2 =  (ULONG) (b); trace_event_ptr -> tx_trace_buffer_entry_information_field_3 =  (ULONG) (c); trace_event_ptr -> tx_trace_buffer_entry_information_field_4 =  (ULONG) (d);
      |                                                                                                                                                                                                        ^
threadx/common/src/tx_timer_deactivate.c:100:5: warning: cast to smaller integer type 'ULONG' (aka 'unsigned long') from 'TX_TRACE_BUFFER_ENTRY *' (aka 'struct TX_TRACE_BUFFER_ENTRY_STRUCT *') [-Wpointer-to-int-cast]
  100 |     TX_TRACE_IN_LINE_INSERT(TX_TRACE_TIMER_DEACTIVATE, timer_ptr, TX_POINTER_TO_ULONG_CONVERT(&ticks_left), 0, 0, TX_TRACE_TIMER_EVENTS)
      |     ^~~~~~~~~~~~~~~~~~~~~~~~~~~~~~~~~~~~~~~~~~~~~~~~~~~~~~~~~~~~~~~~~~~~~~~~~~~~~~~~~~~~~~~~~~~~~~~~~~~~~~~~~~~~~~~~~~~~~~~~~~~~~~~~~~~~
threadx/common/inc/tx_trace.h:503:87: note: expanded from macro 'TX_TRACE_IN_LINE_INSERT'
  503 |                     _tx_trace_header_ptr -> tx_trace_header_buffer_current_pointer =  (ULONG) trace_event_ptr; \
      |                                                                                       ^~~~~~~~~~~~~~~~~~~~~~~
threadx/common/src/tx_timer_deactivate.c:100:5: warning: cast to smaller integer type 'ULONG' (aka 'unsigned long') from 'TX_TRACE_BUFFER_ENTRY *' (aka 'struct TX_TRACE_BUFFER_ENTRY_STRUCT *') [-Wpointer-to-int-cast]
  100 |     TX_TRACE_IN_LINE_INSERT(TX_TRACE_TIMER_DEACTIVATE, timer_ptr, TX_POINTER_TO_ULONG_CONVERT(&ticks_left), 0, 0, TX_TRACE_TIMER_EVENTS)
      |     ^~~~~~~~~~~~~~~~~~~~~~~~~~~~~~~~~~~~~~~~~~~~~~~~~~~~~~~~~~~~~~~~~~~~~~~~~~~~~~~~~~~~~~~~~~~~~~~~~~~~~~~~~~~~~~~~~~~~~~~~~~~~~~~~~~~~
threadx/common/inc/tx_trace.h:510:87: note: expanded from macro 'TX_TRACE_IN_LINE_INSERT'
  510 |                     _tx_trace_header_ptr -> tx_trace_header_buffer_current_pointer =  (ULONG) trace_event_ptr; \
      |                                                                                       ^~~~~~~~~~~~~~~~~~~~~~~
6 warnings generated.
threadx/common/src/tx_timer_info_get.c:95:5: warning: cast to smaller integer type 'ULONG' (aka 'unsigned long') from 'TX_THREAD *' (aka 'struct TX_THREAD_STRUCT *') [-Wpointer-to-int-cast] (Local CPU 22)
   95 |     TX_TRACE_IN_LINE_INSERT(TX_TRACE_TIMER_INFO_GET, timer_ptr, TX_POINTER_TO_ULONG_CONVERT(&ticks_left), 0, 0, TX_TRACE_TIMER_EVENTS)
      |     ^~~~~~~~~~~~~~~~~~~~~~~~~~~~~~~~~~~~~~~~~~~~~~~~~~~~~~~~~~~~~~~~~~~~~~~~~~~~~~~~~~~~~~~~~~~~~~~~~~~~~~~~~~~~~~~~~~~~~~~~~~~~~~~~~~
threadx/common/inc/tx_trace.h:485:41: note: expanded from macro 'TX_TRACE_IN_LINE_INSERT'
  485 |                     trace_priority =    (ULONG) trace_thread_ptr; \
      |                                         ^~~~~~~~~~~~~~~~~~~~~~~~
threadx/common/src/tx_timer_info_get.c:95:5: warning: cast to smaller integer type 'ULONG' (aka 'unsigned long') from 'TX_THREAD *' (aka 'struct TX_THREAD_STRUCT *') [-Wpointer-to-int-cast]
   95 |     TX_TRACE_IN_LINE_INSERT(TX_TRACE_TIMER_INFO_GET, timer_ptr, TX_POINTER_TO_ULONG_CONVERT(&ticks_left), 0, 0, TX_TRACE_TIMER_EVENTS)
      |     ^~~~~~~~~~~~~~~~~~~~~~~~~~~~~~~~~~~~~~~~~~~~~~~~~~~~~~~~~~~~~~~~~~~~~~~~~~~~~~~~~~~~~~~~~~~~~~~~~~~~~~~~~~~~~~~~~~~~~~~~~~~~~~~~~~
threadx/common/inc/tx_trace.h:493:81: note: expanded from macro 'TX_TRACE_IN_LINE_INSERT'
  493 |                 trace_event_ptr -> tx_trace_buffer_entry_thread_pointer =       (ULONG) trace_thread_ptr; \
      |                                                                                 ^~~~~~~~~~~~~~~~~~~~~~~~
threadx/common/src/tx_timer_info_get.c:95:5: warning: cast to smaller integer type 'ULONG' (aka 'unsigned long') from 'TX_TIMER *' (aka 'struct TX_TIMER_STRUCT *') [-Wpointer-to-int-cast]
   95 |     TX_TRACE_IN_LINE_INSERT(TX_TRACE_TIMER_INFO_GET, timer_ptr, TX_POINTER_TO_ULONG_CONVERT(&ticks_left), 0, 0, TX_TRACE_TIMER_EVENTS)
      |     ^~~~~~~~~~~~~~~~~~~~~~~~~~~~~~~~~~~~~~~~~~~~~~~~~~~~~~~~~~~~~~~~~~~~~~~~~~~~~~~~~~~~~~~~~~~~~~~~~~~~~~~~~~~~~~~~~~~~~~~~~~~~~~~~~~
threadx/common/inc/tx_trace.h:497:17: note: expanded from macro 'TX_TRACE_IN_LINE_INSERT'
  497 |                 TX_TRACE_INFO_FIELD_ASSIGNMENT((a),(b),(c),(d)) \
      |                 ^~~~~~~~~~~~~~~~~~~~~~~~~~~~~~~~~~~~~~~~~~~~~~~
threadx/common/inc/tx_trace.h:457:114: note: expanded from macro 'TX_TRACE_INFO_FIELD_ASSIGNMENT'
  457 | #define TX_TRACE_INFO_FIELD_ASSIGNMENT(a,b,c,d)  trace_event_ptr -> tx_trace_buffer_entry_information_field_1 =  (ULONG) (a); trace_event_ptr -> tx_trace_buffer_entry_information_field_2 =  (ULONG) (b); trace_event_ptr -> tx_trace_buffer_entry_information_field_3 =  (ULONG) (c); trace_event_ptr -> tx_trace_buffer_entry_information_field_4 =  (ULONG) (d);
      |                                                                                                                  ^~~~~~~~~~~
threadx/common/src/tx_timer_info_get.c:95:65: warning: cast to smaller integer type 'ULONG' (aka 'unsigned long') from 'void *' [-Wvoid-pointer-to-int-cast]
   95 |     TX_TRACE_IN_LINE_INSERT(TX_TRACE_TIMER_INFO_GET, timer_ptr, TX_POINTER_TO_ULONG_CONVERT(&ticks_left), 0, 0, TX_TRACE_TIMER_EVENTS)
      |     ~~~~~~~~~~~~~~~~~~~~~~~~~~~~~~~~~~~~~~~~~~~~~~~~~~~~~~~~~~~~^~~~~~~~~~~~~~~~~~~~~~~~~~~~~~~~~~~~~~~~~~~~~~~~~~~~~~~~~~~~~~~~~~~~~~
threadx/common/inc/tx_api.h:2062:58: note: expanded from macro 'TX_POINTER_TO_ULONG_CONVERT'
 2062 | #define TX_POINTER_TO_ULONG_CONVERT(a)                  ((ULONG) ((VOID *) (a)))
      |                                                          ^
threadx/common/inc/tx_trace.h:497:53: note: expanded from macro 'TX_TRACE_IN_LINE_INSERT'
  497 |                 TX_TRACE_INFO_FIELD_ASSIGNMENT((a),(b),(c),(d)) \
      |                 ~~~~~~~~~~~~~~~~~~~~~~~~~~~~~~~~~~~~^~~~~~~~~~~
threadx/common/inc/tx_trace.h:457:200: note: expanded from macro 'TX_TRACE_INFO_FIELD_ASSIGNMENT'
  457 | #define TX_TRACE_INFO_FIELD_ASSIGNMENT(a,b,c,d)  trace_event_ptr -> tx_trace_buffer_entry_information_field_1 =  (ULONG) (a); trace_event_ptr -> tx_trace_buffer_entry_information_field_2 =  (ULONG) (b); trace_event_ptr -> tx_trace_buffer_entry_information_field_3 =  (ULONG) (c); trace_event_ptr -> tx_trace_buffer_entry_information_field_4 =  (ULONG) (d);
      |                                                                                                                                                                                                        ^
threadx/common/src/tx_timer_info_get.c:95:5: warning: cast to smaller integer type 'ULONG' (aka 'unsigned long') from 'TX_TRACE_BUFFER_ENTRY *' (aka 'struct TX_TRACE_BUFFER_ENTRY_STRUCT *') [-Wpointer-to-int-cast]
   95 |     TX_TRACE_IN_LINE_INSERT(TX_TRACE_TIMER_INFO_GET, timer_ptr, TX_POINTER_TO_ULONG_CONVERT(&ticks_left), 0, 0, TX_TRACE_TIMER_EVENTS)
      |     ^~~~~~~~~~~~~~~~~~~~~~~~~~~~~~~~~~~~~~~~~~~~~~~~~~~~~~~~~~~~~~~~~~~~~~~~~~~~~~~~~~~~~~~~~~~~~~~~~~~~~~~~~~~~~~~~~~~~~~~~~~~~~~~~~~
threadx/common/inc/tx_trace.h:503:87: note: expanded from macro 'TX_TRACE_IN_LINE_INSERT'
  503 |                     _tx_trace_header_ptr -> tx_trace_header_buffer_current_pointer =  (ULONG) trace_event_ptr; \
      |                                                                                       ^~~~~~~~~~~~~~~~~~~~~~~
threadx/common/src/tx_timer_info_get.c:95:5: warning: cast to smaller integer type 'ULONG' (aka 'unsigned long') from 'TX_TRACE_BUFFER_ENTRY *' (aka 'struct TX_TRACE_BUFFER_ENTRY_STRUCT *') [-Wpointer-to-int-cast]
   95 |     TX_TRACE_IN_LINE_INSERT(TX_TRACE_TIMER_INFO_GET, timer_ptr, TX_POINTER_TO_ULONG_CONVERT(&ticks_left), 0, 0, TX_TRACE_TIMER_EVENTS)
      |     ^~~~~~~~~~~~~~~~~~~~~~~~~~~~~~~~~~~~~~~~~~~~~~~~~~~~~~~~~~~~~~~~~~~~~~~~~~~~~~~~~~~~~~~~~~~~~~~~~~~~~~~~~~~~~~~~~~~~~~~~~~~~~~~~~~
threadx/common/inc/tx_trace.h:510:87: note: expanded from macro 'TX_TRACE_IN_LINE_INSERT'
  510 |                     _tx_trace_header_ptr -> tx_trace_header_buffer_current_pointer =  (ULONG) trace_event_ptr; \
      |                                                                                       ^~~~~~~~~~~~~~~~~~~~~~~
6 warnings generated.
threadx/common/src/tx_timer_performance_system_info_get.c:95:5: warning: cast to smaller integer type 'ULONG' (aka 'unsigned long') from 'TX_THREAD *' (aka 'struct TX_THREAD_STRUCT *') [-Wpointer-to-int-cast] (Local CPU 23)
   95 |     TX_TRACE_IN_LINE_INSERT(TX_TRACE_TIMER_PERFORMANCE_SYSTEM_INFO_GET, 0, 0, 0, 0, TX_TRACE_TIMER_EVENTS)
      |     ^~~~~~~~~~~~~~~~~~~~~~~~~~~~~~~~~~~~~~~~~~~~~~~~~~~~~~~~~~~~~~~~~~~~~~~~~~~~~~~~~~~~~~~~~~~~~~~~~~~~~~
threadx/common/inc/tx_trace.h:485:41: note: expanded from macro 'TX_TRACE_IN_LINE_INSERT'
  485 |                     trace_priority =    (ULONG) trace_thread_ptr; \
      |                                         ^~~~~~~~~~~~~~~~~~~~~~~~
threadx/common/src/tx_timer_performance_system_info_get.c:95:5: warning: cast to smaller integer type 'ULONG' (aka 'unsigned long') from 'TX_THREAD *' (aka 'struct TX_THREAD_STRUCT *') [-Wpointer-to-int-cast]
   95 |     TX_TRACE_IN_LINE_INSERT(TX_TRACE_TIMER_PERFORMANCE_SYSTEM_INFO_GET, 0, 0, 0, 0, TX_TRACE_TIMER_EVENTS)
      |     ^~~~~~~~~~~~~~~~~~~~~~~~~~~~~~~~~~~~~~~~~~~~~~~~~~~~~~~~~~~~~~~~~~~~~~~~~~~~~~~~~~~~~~~~~~~~~~~~~~~~~~
threadx/common/inc/tx_trace.h:493:81: note: expanded from macro 'TX_TRACE_IN_LINE_INSERT'
  493 |                 trace_event_ptr -> tx_trace_buffer_entry_thread_pointer =       (ULONG) trace_thread_ptr; \
      |                                                                                 ^~~~~~~~~~~~~~~~~~~~~~~~
threadx/common/src/tx_timer_performance_system_info_get.c:95:5: warning: cast to smaller integer type 'ULONG' (aka 'unsigned long') from 'TX_TRACE_BUFFER_ENTRY *' (aka 'struct TX_TRACE_BUFFER_ENTRY_STRUCT *') [-Wpointer-to-int-cast]
   95 |     TX_TRACE_IN_LINE_INSERT(TX_TRACE_TIMER_PERFORMANCE_SYSTEM_INFO_GET, 0, 0, 0, 0, TX_TRACE_TIMER_EVENTS)
      |     ^~~~~~~~~~~~~~~~~~~~~~~~~~~~~~~~~~~~~~~~~~~~~~~~~~~~~~~~~~~~~~~~~~~~~~~~~~~~~~~~~~~~~~~~~~~~~~~~~~~~~~
threadx/common/inc/tx_trace.h:503:87: note: expanded from macro 'TX_TRACE_IN_LINE_INSERT'
  503 |                     _tx_trace_header_ptr -> tx_trace_header_buffer_current_pointer =  (ULONG) trace_event_ptr; \
      |                                                                                       ^~~~~~~~~~~~~~~~~~~~~~~
threadx/common/src/tx_timer_performance_system_info_get.c:95:5: warning: cast to smaller integer type 'ULONG' (aka 'unsigned long') from 'TX_TRACE_BUFFER_ENTRY *' (aka 'struct TX_TRACE_BUFFER_ENTRY_STRUCT *') [-Wpointer-to-int-cast]
   95 |     TX_TRACE_IN_LINE_INSERT(TX_TRACE_TIMER_PERFORMANCE_SYSTEM_INFO_GET, 0, 0, 0, 0, TX_TRACE_TIMER_EVENTS)
      |     ^~~~~~~~~~~~~~~~~~~~~~~~~~~~~~~~~~~~~~~~~~~~~~~~~~~~~~~~~~~~~~~~~~~~~~~~~~~~~~~~~~~~~~~~~~~~~~~~~~~~~~
threadx/common/inc/tx_trace.h:510:87: note: expanded from macro 'TX_TRACE_IN_LINE_INSERT'
  510 |                     _tx_trace_header_ptr -> tx_trace_header_buffer_current_pointer =  (ULONG) trace_event_ptr; \
      |                                                                                       ^~~~~~~~~~~~~~~~~~~~~~~
4 warnings generated.
threadx/common/src/tx_timer_performance_info_get.c:117:9: warning: cast to smaller integer type 'ULONG' (aka 'unsigned long') from 'TX_THREAD *' (aka 'struct TX_THREAD_STRUCT *') [-Wpointer-to-int-cast] (Local CPU 4)
  117 |         TX_TRACE_IN_LINE_INSERT(TX_TRACE_TIMER_PERFORMANCE_INFO_GET, timer_ptr, 0, 0, 0, TX_TRACE_TIMER_EVENTS)
      |         ^~~~~~~~~~~~~~~~~~~~~~~~~~~~~~~~~~~~~~~~~~~~~~~~~~~~~~~~~~~~~~~~~~~~~~~~~~~~~~~~~~~~~~~~~~~~~~~~~~~~~~~
threadx/common/inc/tx_trace.h:485:41: note: expanded from macro 'TX_TRACE_IN_LINE_INSERT'
  485 |                     trace_priority =    (ULONG) trace_thread_ptr; \
      |                                         ^~~~~~~~~~~~~~~~~~~~~~~~
threadx/common/src/tx_timer_performance_info_get.c:117:9: warning: cast to smaller integer type 'ULONG' (aka 'unsigned long') from 'TX_THREAD *' (aka 'struct TX_THREAD_STRUCT *') [-Wpointer-to-int-cast]
  117 |         TX_TRACE_IN_LINE_INSERT(TX_TRACE_TIMER_PERFORMANCE_INFO_GET, timer_ptr, 0, 0, 0, TX_TRACE_TIMER_EVENTS)
      |         ^~~~~~~~~~~~~~~~~~~~~~~~~~~~~~~~~~~~~~~~~~~~~~~~~~~~~~~~~~~~~~~~~~~~~~~~~~~~~~~~~~~~~~~~~~~~~~~~~~~~~~~
threadx/common/inc/tx_trace.h:493:81: note: expanded from macro 'TX_TRACE_IN_LINE_INSERT'
  493 |                 trace_event_ptr -> tx_trace_buffer_entry_thread_pointer =       (ULONG) trace_thread_ptr; \
      |                                                                                 ^~~~~~~~~~~~~~~~~~~~~~~~
threadx/common/src/tx_timer_performance_info_get.c:117:9: warning: cast to smaller integer type 'ULONG' (aka 'unsigned long') from 'TX_TIMER *' (aka 'struct TX_TIMER_STRUCT *') [-Wpointer-to-int-cast]
  117 |         TX_TRACE_IN_LINE_INSERT(TX_TRACE_TIMER_PERFORMANCE_INFO_GET, timer_ptr, 0, 0, 0, TX_TRACE_TIMER_EVENTS)
      |         ^~~~~~~~~~~~~~~~~~~~~~~~~~~~~~~~~~~~~~~~~~~~~~~~~~~~~~~~~~~~~~~~~~~~~~~~~~~~~~~~~~~~~~~~~~~~~~~~~~~~~~~
threadx/common/inc/tx_trace.h:497:17: note: expanded from macro 'TX_TRACE_IN_LINE_INSERT'
  497 |                 TX_TRACE_INFO_FIELD_ASSIGNMENT((a),(b),(c),(d)) \
      |                 ^~~~~~~~~~~~~~~~~~~~~~~~~~~~~~~~~~~~~~~~~~~~~~~
threadx/common/inc/tx_trace.h:457:114: note: expanded from macro 'TX_TRACE_INFO_FIELD_ASSIGNMENT'
  457 | #define TX_TRACE_INFO_FIELD_ASSIGNMENT(a,b,c,d)  trace_event_ptr -> tx_trace_buffer_entry_information_field_1 =  (ULONG) (a); trace_event_ptr -> tx_trace_buffer_entry_information_field_2 =  (ULONG) (b); trace_event_ptr -> tx_trace_buffer_entry_information_field_3 =  (ULONG) (c); trace_event_ptr -> tx_trace_buffer_entry_information_field_4 =  (ULONG) (d);
      |                                                                                                                  ^~~~~~~~~~~
threadx/common/src/tx_timer_performance_info_get.c:117:9: warning: cast to smaller integer type 'ULONG' (aka 'unsigned long') from 'TX_TRACE_BUFFER_ENTRY *' (aka 'struct TX_TRACE_BUFFER_ENTRY_STRUCT *') [-Wpointer-to-int-cast]
  117 |         TX_TRACE_IN_LINE_INSERT(TX_TRACE_TIMER_PERFORMANCE_INFO_GET, timer_ptr, 0, 0, 0, TX_TRACE_TIMER_EVENTS)
      |         ^~~~~~~~~~~~~~~~~~~~~~~~~~~~~~~~~~~~~~~~~~~~~~~~~~~~~~~~~~~~~~~~~~~~~~~~~~~~~~~~~~~~~~~~~~~~~~~~~~~~~~~
threadx/common/inc/tx_trace.h:503:87: note: expanded from macro 'TX_TRACE_IN_LINE_INSERT'
  503 |                     _tx_trace_header_ptr -> tx_trace_header_buffer_current_pointer =  (ULONG) trace_event_ptr; \
      |                                                                                       ^~~~~~~~~~~~~~~~~~~~~~~
threadx/common/src/tx_timer_performance_info_get.c:117:9: warning: cast to smaller integer type 'ULONG' (aka 'unsigned long') from 'TX_TRACE_BUFFER_ENTRY *' (aka 'struct TX_TRACE_BUFFER_ENTRY_STRUCT *') [-Wpointer-to-int-cast]
  117 |         TX_TRACE_IN_LINE_INSERT(TX_TRACE_TIMER_PERFORMANCE_INFO_GET, timer_ptr, 0, 0, 0, TX_TRACE_TIMER_EVENTS)
      |         ^~~~~~~~~~~~~~~~~~~~~~~~~~~~~~~~~~~~~~~~~~~~~~~~~~~~~~~~~~~~~~~~~~~~~~~~~~~~~~~~~~~~~~~~~~~~~~~~~~~~~~~
threadx/common/inc/tx_trace.h:510:87: note: expanded from macro 'TX_TRACE_IN_LINE_INSERT'
  510 |                     _tx_trace_header_ptr -> tx_trace_header_buffer_current_pointer =  (ULONG) trace_event_ptr; \
      |                                                                                       ^~~~~~~~~~~~~~~~~~~~~~~
5 warnings generated.
threadx/common/src/tx_trace_enable.c:207:82: warning: cast to smaller integer type 'ULONG' (aka 'unsigned long') from 'void *' [-Wvoid-pointer-to-int-cast] (Local CPU 9)
  207 |         _tx_trace_header_ptr -> tx_trace_header_trace_base_address =             TX_POINTER_TO_ULONG_CONVERT(trace_buffer_start);
      |                                                                                  ^~~~~~~~~~~~~~~~~~~~~~~~~~~~~~~~~~~~~~~~~~~~~~~
threadx/common/inc/tx_api.h:2062:58: note: expanded from macro 'TX_POINTER_TO_ULONG_CONVERT'
 2062 | #define TX_POINTER_TO_ULONG_CONVERT(a)                  ((ULONG) ((VOID *) (a)))
      |                                                          ^~~~~~~~~~~~~~~~~~~~~~
threadx/common/src/tx_trace_enable.c:208:82: warning: cast to smaller integer type 'ULONG' (aka 'unsigned long') from 'void *' [-Wvoid-pointer-to-int-cast]
  208 |         _tx_trace_header_ptr -> tx_trace_header_registry_start_pointer =         TX_POINTER_TO_ULONG_CONVERT(_tx_trace_registry_start_ptr);
      |                                                                                  ^~~~~~~~~~~~~~~~~~~~~~~~~~~~~~~~~~~~~~~~~~~~~~~~~~~~~~~~~
threadx/common/inc/tx_api.h:2062:58: note: expanded from macro 'TX_POINTER_TO_ULONG_CONVERT'
 2062 | #define TX_POINTER_TO_ULONG_CONVERT(a)                  ((ULONG) ((VOID *) (a)))
      |                                                          ^~~~~~~~~~~~~~~~~~~~~~
threadx/common/src/tx_trace_enable.c:211:82: warning: cast to smaller integer type 'ULONG' (aka 'unsigned long') from 'void *' [-Wvoid-pointer-to-int-cast]
  211 |         _tx_trace_header_ptr -> tx_trace_header_registry_end_pointer =           TX_POINTER_TO_ULONG_CONVERT(_tx_trace_registry_end_ptr);
      |                                                                                  ^~~~~~~~~~~~~~~~~~~~~~~~~~~~~~~~~~~~~~~~~~~~~~~~~~~~~~~
threadx/common/inc/tx_api.h:2062:58: note: expanded from macro 'TX_POINTER_TO_ULONG_CONVERT'
 2062 | #define TX_POINTER_TO_ULONG_CONVERT(a)                  ((ULONG) ((VOID *) (a)))
      |                                                          ^~~~~~~~~~~~~~~~~~~~~~
threadx/common/src/tx_trace_enable.c:212:82: warning: cast to smaller integer type 'ULONG' (aka 'unsigned long') from 'void *' [-Wvoid-pointer-to-int-cast]
  212 |         _tx_trace_header_ptr -> tx_trace_header_buffer_start_pointer =           TX_POINTER_TO_ULONG_CONVERT(_tx_trace_buffer_start_ptr);
      |                                                                                  ^~~~~~~~~~~~~~~~~~~~~~~~~~~~~~~~~~~~~~~~~~~~~~~~~~~~~~~
threadx/common/inc/tx_api.h:2062:58: note: expanded from macro 'TX_POINTER_TO_ULONG_CONVERT'
 2062 | #define TX_POINTER_TO_ULONG_CONVERT(a)                  ((ULONG) ((VOID *) (a)))
      |                                                          ^~~~~~~~~~~~~~~~~~~~~~
threadx/common/src/tx_trace_enable.c:213:82: warning: cast to smaller integer type 'ULONG' (aka 'unsigned long') from 'void *' [-Wvoid-pointer-to-int-cast]
  213 |         _tx_trace_header_ptr -> tx_trace_header_buffer_end_pointer =             TX_POINTER_TO_ULONG_CONVERT(_tx_trace_buffer_end_ptr);
      |                                                                                  ^~~~~~~~~~~~~~~~~~~~~~~~~~~~~~~~~~~~~~~~~~~~~~~~~~~~~
threadx/common/inc/tx_api.h:2062:58: note: expanded from macro 'TX_POINTER_TO_ULONG_CONVERT'
 2062 | #define TX_POINTER_TO_ULONG_CONVERT(a)                  ((ULONG) ((VOID *) (a)))
      |                                                          ^~~~~~~~~~~~~~~~~~~~~~
threadx/common/src/tx_trace_enable.c:214:82: warning: cast to smaller integer type 'ULONG' (aka 'unsigned long') from 'void *' [-Wvoid-pointer-to-int-cast]
  214 |         _tx_trace_header_ptr -> tx_trace_header_buffer_current_pointer =         TX_POINTER_TO_ULONG_CONVERT(_tx_trace_buffer_start_ptr);
      |                                                                                  ^~~~~~~~~~~~~~~~~~~~~~~~~~~~~~~~~~~~~~~~~~~~~~~~~~~~~~~
threadx/common/inc/tx_api.h:2062:58: note: expanded from macro 'TX_POINTER_TO_ULONG_CONVERT'
 2062 | #define TX_POINTER_TO_ULONG_CONVERT(a)                  ((ULONG) ((VOID *) (a)))
      |                                                          ^~~~~~~~~~~~~~~~~~~~~~
threadx/common/src/tx_trace_enable.c:243:41: warning: cast to smaller integer type 'ULONG' (aka 'unsigned long') from 'void *' [-Wvoid-pointer-to-int-cast]
  243 |                                         TX_POINTER_TO_ULONG_CONVERT(thread_ptr -> tx_thread_stack_start), (ULONG) thread_ptr -> tx_thread_stack_size);
      |                                         ^~~~~~~~~~~~~~~~~~~~~~~~~~~~~~~~~~~~~~~~~~~~~~~~~~~~~~~~~~~~~~~~
threadx/common/inc/tx_api.h:2062:58: note: expanded from macro 'TX_POINTER_TO_ULONG_CONVERT'
 2062 | #define TX_POINTER_TO_ULONG_CONVERT(a)                  ((ULONG) ((VOID *) (a)))
      |                                                          ^~~~~~~~~~~~~~~~~~~~~~
threadx/common/src/tx_trace_enable.c:391:9: warning: cast to smaller integer type 'ULONG' (aka 'unsigned long') from 'TX_THREAD *' (aka 'struct TX_THREAD_STRUCT *') [-Wpointer-to-int-cast]
  391 |         TX_TRACE_IN_LINE_INSERT(TX_TRACE_RUNNING, 0, 0, 0, 0, TX_TRACE_INTERNAL_EVENTS)
      |         ^~~~~~~~~~~~~~~~~~~~~~~~~~~~~~~~~~~~~~~~~~~~~~~~~~~~~~~~~~~~~~~~~~~~~~~~~~~~~~~
threadx/common/inc/tx_trace.h:485:41: note: expanded from macro 'TX_TRACE_IN_LINE_INSERT'
  485 |                     trace_priority =    (ULONG) trace_thread_ptr; \
      |                                         ^~~~~~~~~~~~~~~~~~~~~~~~
threadx/common/src/tx_trace_enable.c:391:9: warning: cast to smaller integer type 'ULONG' (aka 'unsigned long') from 'TX_THREAD *' (aka 'struct TX_THREAD_STRUCT *') [-Wpointer-to-int-cast]
  391 |         TX_TRACE_IN_LINE_INSERT(TX_TRACE_RUNNING, 0, 0, 0, 0, TX_TRACE_INTERNAL_EVENTS)
      |         ^~~~~~~~~~~~~~~~~~~~~~~~~~~~~~~~~~~~~~~~~~~~~~~~~~~~~~~~~~~~~~~~~~~~~~~~~~~~~~~
threadx/common/inc/tx_trace.h:493:81: note: expanded from macro 'TX_TRACE_IN_LINE_INSERT'
  493 |                 trace_event_ptr -> tx_trace_buffer_entry_thread_pointer =       (ULONG) trace_thread_ptr; \
      |                                                                                 ^~~~~~~~~~~~~~~~~~~~~~~~
threadx/common/src/tx_trace_enable.c:391:9: warning: cast to smaller integer type 'ULONG' (aka 'unsigned long') from 'TX_TRACE_BUFFER_ENTRY *' (aka 'struct TX_TRACE_BUFFER_ENTRY_STRUCT *') [-Wpointer-to-int-cast]
  391 |         TX_TRACE_IN_LINE_INSERT(TX_TRACE_RUNNING, 0, 0, 0, 0, TX_TRACE_INTERNAL_EVENTS)
      |         ^~~~~~~~~~~~~~~~~~~~~~~~~~~~~~~~~~~~~~~~~~~~~~~~~~~~~~~~~~~~~~~~~~~~~~~~~~~~~~~
threadx/common/inc/tx_trace.h:503:87: note: expanded from macro 'TX_TRACE_IN_LINE_INSERT'
  503 |                     _tx_trace_header_ptr -> tx_trace_header_buffer_current_pointer =  (ULONG) trace_event_ptr; \
      |                                                                                       ^~~~~~~~~~~~~~~~~~~~~~~
threadx/common/src/tx_trace_enable.c:391:9: warning: cast to smaller integer type 'ULONG' (aka 'unsigned long') from 'TX_TRACE_BUFFER_ENTRY *' (aka 'struct TX_TRACE_BUFFER_ENTRY_STRUCT *') [-Wpointer-to-int-cast]
  391 |         TX_TRACE_IN_LINE_INSERT(TX_TRACE_RUNNING, 0, 0, 0, 0, TX_TRACE_INTERNAL_EVENTS)
      |         ^~~~~~~~~~~~~~~~~~~~~~~~~~~~~~~~~~~~~~~~~~~~~~~~~~~~~~~~~~~~~~~~~~~~~~~~~~~~~~~
threadx/common/inc/tx_trace.h:510:87: note: expanded from macro 'TX_TRACE_IN_LINE_INSERT'
  510 |                     _tx_trace_header_ptr -> tx_trace_header_buffer_current_pointer =  (ULONG) trace_event_ptr; \
      |                                                                                       ^~~~~~~~~~~~~~~~~~~~~~~
threadx/common/src/tx_trace_enable.c:392:9: warning: cast to smaller integer type 'ULONG' (aka 'unsigned long') from 'TX_THREAD *' (aka 'struct TX_THREAD_STRUCT *') [-Wpointer-to-int-cast]
  392 |         TX_TRACE_IN_LINE_INSERT(TX_TRACE_RUNNING, 0, 0, 0, 0, TX_TRACE_INTERNAL_EVENTS)
      |         ^~~~~~~~~~~~~~~~~~~~~~~~~~~~~~~~~~~~~~~~~~~~~~~~~~~~~~~~~~~~~~~~~~~~~~~~~~~~~~~
threadx/common/inc/tx_trace.h:485:41: note: expanded from macro 'TX_TRACE_IN_LINE_INSERT'
  485 |                     trace_priority =    (ULONG) trace_thread_ptr; \
      |                                         ^~~~~~~~~~~~~~~~~~~~~~~~
threadx/common/src/tx_trace_enable.c:392:9: warning: cast to smaller integer type 'ULONG' (aka 'unsigned long') from 'TX_THREAD *' (aka 'struct TX_THREAD_STRUCT *') [-Wpointer-to-int-cast]
  392 |         TX_TRACE_IN_LINE_INSERT(TX_TRACE_RUNNING, 0, 0, 0, 0, TX_TRACE_INTERNAL_EVENTS)
      |         ^~~~~~~~~~~~~~~~~~~~~~~~~~~~~~~~~~~~~~~~~~~~~~~~~~~~~~~~~~~~~~~~~~~~~~~~~~~~~~~
threadx/common/inc/tx_trace.h:493:81: note: expanded from macro 'TX_TRACE_IN_LINE_INSERT'
  493 |                 trace_event_ptr -> tx_trace_buffer_entry_thread_pointer =       (ULONG) trace_thread_ptr; \
      |                                                                                 ^~~~~~~~~~~~~~~~~~~~~~~~
threadx/common/src/tx_trace_enable.c:392:9: warning: cast to smaller integer type 'ULONG' (aka 'unsigned long') from 'TX_TRACE_BUFFER_ENTRY *' (aka 'struct TX_TRACE_BUFFER_ENTRY_STRUCT *') [-Wpointer-to-int-cast]
  392 |         TX_TRACE_IN_LINE_INSERT(TX_TRACE_RUNNING, 0, 0, 0, 0, TX_TRACE_INTERNAL_EVENTS)
      |         ^~~~~~~~~~~~~~~~~~~~~~~~~~~~~~~~~~~~~~~~~~~~~~~~~~~~~~~~~~~~~~~~~~~~~~~~~~~~~~~
threadx/common/inc/tx_trace.h:503:87: note: expanded from macro 'TX_TRACE_IN_LINE_INSERT'
  503 |                     _tx_trace_header_ptr -> tx_trace_header_buffer_current_pointer =  (ULONG) trace_event_ptr; \
      |                                                                                       ^~~~~~~~~~~~~~~~~~~~~~~
threadx/common/src/tx_trace_enable.c:392:9: warning: cast to smaller integer type 'ULONG' (aka 'unsigned long') from 'TX_TRACE_BUFFER_ENTRY *' (aka 'struct TX_TRACE_BUFFER_ENTRY_STRUCT *') [-Wpointer-to-int-cast]
  392 |         TX_TRACE_IN_LINE_INSERT(TX_TRACE_RUNNING, 0, 0, 0, 0, TX_TRACE_INTERNAL_EVENTS)
      |         ^~~~~~~~~~~~~~~~~~~~~~~~~~~~~~~~~~~~~~~~~~~~~~~~~~~~~~~~~~~~~~~~~~~~~~~~~~~~~~~
threadx/common/inc/tx_trace.h:510:87: note: expanded from macro 'TX_TRACE_IN_LINE_INSERT'
  510 |                     _tx_trace_header_ptr -> tx_trace_header_buffer_current_pointer =  (ULONG) trace_event_ptr; \
      |                                                                                       ^~~~~~~~~~~~~~~~~~~~~~~
15 warnings generated.
threadx/common/src/tx_trace_isr_enter_insert.c:93:5: warning: cast to smaller integer type 'ULONG' (aka 'unsigned long') from 'TX_THREAD *' (aka 'struct TX_THREAD_STRUCT *') [-Wpointer-to-int-cast] (Local CPU 5)
   93 |     TX_TRACE_IN_LINE_INSERT(TX_TRACE_ISR_ENTER, &stack_address, isr_id, system_state, preempt_disable, TX_TRACE_INTERNAL_EVENTS)
      |     ^~~~~~~~~~~~~~~~~~~~~~~~~~~~~~~~~~~~~~~~~~~~~~~~~~~~~~~~~~~~~~~~~~~~~~~~~~~~~~~~~~~~~~~~~~~~~~~~~~~~~~~~~~~~~~~~~~~~~~~~~~~~
threadx/common/inc/tx_trace.h:485:41: note: expanded from macro 'TX_TRACE_IN_LINE_INSERT'
  485 |                     trace_priority =    (ULONG) trace_thread_ptr; \
      |                                         ^~~~~~~~~~~~~~~~~~~~~~~~
threadx/common/src/tx_trace_isr_enter_insert.c:93:5: warning: cast to smaller integer type 'ULONG' (aka 'unsigned long') from 'TX_THREAD *' (aka 'struct TX_THREAD_STRUCT *') [-Wpointer-to-int-cast]
   93 |     TX_TRACE_IN_LINE_INSERT(TX_TRACE_ISR_ENTER, &stack_address, isr_id, system_state, preempt_disable, TX_TRACE_INTERNAL_EVENTS)
      |     ^~~~~~~~~~~~~~~~~~~~~~~~~~~~~~~~~~~~~~~~~~~~~~~~~~~~~~~~~~~~~~~~~~~~~~~~~~~~~~~~~~~~~~~~~~~~~~~~~~~~~~~~~~~~~~~~~~~~~~~~~~~~
threadx/common/inc/tx_trace.h:493:81: note: expanded from macro 'TX_TRACE_IN_LINE_INSERT'
  493 |                 trace_event_ptr -> tx_trace_buffer_entry_thread_pointer =       (ULONG) trace_thread_ptr; \
      |                                                                                 ^~~~~~~~~~~~~~~~~~~~~~~~
threadx/common/src/tx_trace_isr_enter_insert.c:93:5: warning: cast to smaller integer type 'ULONG' (aka 'unsigned long') from 'UINT *' (aka 'unsigned int *') [-Wpointer-to-int-cast]
   93 |     TX_TRACE_IN_LINE_INSERT(TX_TRACE_ISR_ENTER, &stack_address, isr_id, system_state, preempt_disable, TX_TRACE_INTERNAL_EVENTS)
      |     ^~~~~~~~~~~~~~~~~~~~~~~~~~~~~~~~~~~~~~~~~~~~~~~~~~~~~~~~~~~~~~~~~~~~~~~~~~~~~~~~~~~~~~~~~~~~~~~~~~~~~~~~~~~~~~~~~~~~~~~~~~~~
threadx/common/inc/tx_trace.h:497:17: note: expanded from macro 'TX_TRACE_IN_LINE_INSERT'
  497 |                 TX_TRACE_INFO_FIELD_ASSIGNMENT((a),(b),(c),(d)) \
      |                 ^~~~~~~~~~~~~~~~~~~~~~~~~~~~~~~~~~~~~~~~~~~~~~~
threadx/common/inc/tx_trace.h:457:114: note: expanded from macro 'TX_TRACE_INFO_FIELD_ASSIGNMENT'
  457 | #define TX_TRACE_INFO_FIELD_ASSIGNMENT(a,b,c,d)  trace_event_ptr -> tx_trace_buffer_entry_information_field_1 =  (ULONG) (a); trace_event_ptr -> tx_trace_buffer_entry_information_field_2 =  (ULONG) (b); trace_event_ptr -> tx_trace_buffer_entry_information_field_3 =  (ULONG) (c); trace_event_ptr -> tx_trace_buffer_entry_information_field_4 =  (ULONG) (d);
      |                                                                                                                  ^~~~~~~~~~~
threadx/common/src/tx_trace_isr_enter_insert.c:93:5: warning: cast to smaller integer type 'ULONG' (aka 'unsigned long') from 'TX_TRACE_BUFFER_ENTRY *' (aka 'struct TX_TRACE_BUFFER_ENTRY_STRUCT *') [-Wpointer-to-int-cast]
   93 |     TX_TRACE_IN_LINE_INSERT(TX_TRACE_ISR_ENTER, &stack_address, isr_id, system_state, preempt_disable, TX_TRACE_INTERNAL_EVENTS)
      |     ^~~~~~~~~~~~~~~~~~~~~~~~~~~~~~~~~~~~~~~~~~~~~~~~~~~~~~~~~~~~~~~~~~~~~~~~~~~~~~~~~~~~~~~~~~~~~~~~~~~~~~~~~~~~~~~~~~~~~~~~~~~~
threadx/common/inc/tx_trace.h:503:87: note: expanded from macro 'TX_TRACE_IN_LINE_INSERT'
  503 |                     _tx_trace_header_ptr -> tx_trace_header_buffer_current_pointer =  (ULONG) trace_event_ptr; \
      |                                                                                       ^~~~~~~~~~~~~~~~~~~~~~~
threadx/common/src/tx_trace_isr_enter_insert.c:93:5: warning: cast to smaller integer type 'ULONG' (aka 'unsigned long') from 'TX_TRACE_BUFFER_ENTRY *' (aka 'struct TX_TRACE_BUFFER_ENTRY_STRUCT *') [-Wpointer-to-int-cast]
   93 |     TX_TRACE_IN_LINE_INSERT(TX_TRACE_ISR_ENTER, &stack_address, isr_id, system_state, preempt_disable, TX_TRACE_INTERNAL_EVENTS)
      |     ^~~~~~~~~~~~~~~~~~~~~~~~~~~~~~~~~~~~~~~~~~~~~~~~~~~~~~~~~~~~~~~~~~~~~~~~~~~~~~~~~~~~~~~~~~~~~~~~~~~~~~~~~~~~~~~~~~~~~~~~~~~~
threadx/common/inc/tx_trace.h:510:87: note: expanded from macro 'TX_TRACE_IN_LINE_INSERT'
  510 |                     _tx_trace_header_ptr -> tx_trace_header_buffer_current_pointer =  (ULONG) trace_event_ptr; \
      |                                                                                       ^~~~~~~~~~~~~~~~~~~~~~~
5 warnings generated.
threadx/common/src/tx_trace_isr_exit_insert.c:93:5: warning: cast to smaller integer type 'ULONG' (aka 'unsigned long') from 'TX_THREAD *' (aka 'struct TX_THREAD_STRUCT *') [-Wpointer-to-int-cast] (Local CPU 14)
   93 |     TX_TRACE_IN_LINE_INSERT(TX_TRACE_ISR_EXIT, &stack_address, isr_id, system_state, preempt_disable, TX_TRACE_INTERNAL_EVENTS)
      |     ^~~~~~~~~~~~~~~~~~~~~~~~~~~~~~~~~~~~~~~~~~~~~~~~~~~~~~~~~~~~~~~~~~~~~~~~~~~~~~~~~~~~~~~~~~~~~~~~~~~~~~~~~~~~~~~~~~~~~~~~~~~
threadx/common/inc/tx_trace.h:485:41: note: expanded from macro 'TX_TRACE_IN_LINE_INSERT'
  485 |                     trace_priority =    (ULONG) trace_thread_ptr; \
      |                                         ^~~~~~~~~~~~~~~~~~~~~~~~
threadx/common/src/tx_trace_isr_exit_insert.c:93:5: warning: cast to smaller integer type 'ULONG' (aka 'unsigned long') from 'TX_THREAD *' (aka 'struct TX_THREAD_STRUCT *') [-Wpointer-to-int-cast]
   93 |     TX_TRACE_IN_LINE_INSERT(TX_TRACE_ISR_EXIT, &stack_address, isr_id, system_state, preempt_disable, TX_TRACE_INTERNAL_EVENTS)
      |     ^~~~~~~~~~~~~~~~~~~~~~~~~~~~~~~~~~~~~~~~~~~~~~~~~~~~~~~~~~~~~~~~~~~~~~~~~~~~~~~~~~~~~~~~~~~~~~~~~~~~~~~~~~~~~~~~~~~~~~~~~~~
threadx/common/inc/tx_trace.h:493:81: note: expanded from macro 'TX_TRACE_IN_LINE_INSERT'
  493 |                 trace_event_ptr -> tx_trace_buffer_entry_thread_pointer =       (ULONG) trace_thread_ptr; \
      |                                                                                 ^~~~~~~~~~~~~~~~~~~~~~~~
threadx/common/src/tx_trace_isr_exit_insert.c:93:5: warning: cast to smaller integer type 'ULONG' (aka 'unsigned long') from 'UINT *' (aka 'unsigned int *') [-Wpointer-to-int-cast]
   93 |     TX_TRACE_IN_LINE_INSERT(TX_TRACE_ISR_EXIT, &stack_address, isr_id, system_state, preempt_disable, TX_TRACE_INTERNAL_EVENTS)
      |     ^~~~~~~~~~~~~~~~~~~~~~~~~~~~~~~~~~~~~~~~~~~~~~~~~~~~~~~~~~~~~~~~~~~~~~~~~~~~~~~~~~~~~~~~~~~~~~~~~~~~~~~~~~~~~~~~~~~~~~~~~~~
threadx/common/inc/tx_trace.h:497:17: note: expanded from macro 'TX_TRACE_IN_LINE_INSERT'
  497 |                 TX_TRACE_INFO_FIELD_ASSIGNMENT((a),(b),(c),(d)) \
      |                 ^~~~~~~~~~~~~~~~~~~~~~~~~~~~~~~~~~~~~~~~~~~~~~~
threadx/common/inc/tx_trace.h:457:114: note: expanded from macro 'TX_TRACE_INFO_FIELD_ASSIGNMENT'
  457 | #define TX_TRACE_INFO_FIELD_ASSIGNMENT(a,b,c,d)  trace_event_ptr -> tx_trace_buffer_entry_information_field_1 =  (ULONG) (a); trace_event_ptr -> tx_trace_buffer_entry_information_field_2 =  (ULONG) (b); trace_event_ptr -> tx_trace_buffer_entry_information_field_3 =  (ULONG) (c); trace_event_ptr -> tx_trace_buffer_entry_information_field_4 =  (ULONG) (d);
      |                                                                                                                  ^~~~~~~~~~~
threadx/common/src/tx_trace_isr_exit_insert.c:93:5: warning: cast to smaller integer type 'ULONG' (aka 'unsigned long') from 'TX_TRACE_BUFFER_ENTRY *' (aka 'struct TX_TRACE_BUFFER_ENTRY_STRUCT *') [-Wpointer-to-int-cast]
   93 |     TX_TRACE_IN_LINE_INSERT(TX_TRACE_ISR_EXIT, &stack_address, isr_id, system_state, preempt_disable, TX_TRACE_INTERNAL_EVENTS)
      |     ^~~~~~~~~~~~~~~~~~~~~~~~~~~~~~~~~~~~~~~~~~~~~~~~~~~~~~~~~~~~~~~~~~~~~~~~~~~~~~~~~~~~~~~~~~~~~~~~~~~~~~~~~~~~~~~~~~~~~~~~~~~
threadx/common/inc/tx_trace.h:503:87: note: expanded from macro 'TX_TRACE_IN_LINE_INSERT'
  503 |                     _tx_trace_header_ptr -> tx_trace_header_buffer_current_pointer =  (ULONG) trace_event_ptr; \
      |                                                                                       ^~~~~~~~~~~~~~~~~~~~~~~
threadx/common/src/tx_trace_isr_exit_insert.c:93:5: warning: cast to smaller integer type 'ULONG' (aka 'unsigned long') from 'TX_TRACE_BUFFER_ENTRY *' (aka 'struct TX_TRACE_BUFFER_ENTRY_STRUCT *') [-Wpointer-to-int-cast]
   93 |     TX_TRACE_IN_LINE_INSERT(TX_TRACE_ISR_EXIT, &stack_address, isr_id, system_state, preempt_disable, TX_TRACE_INTERNAL_EVENTS)
      |     ^~~~~~~~~~~~~~~~~~~~~~~~~~~~~~~~~~~~~~~~~~~~~~~~~~~~~~~~~~~~~~~~~~~~~~~~~~~~~~~~~~~~~~~~~~~~~~~~~~~~~~~~~~~~~~~~~~~~~~~~~~~
threadx/common/inc/tx_trace.h:510:87: note: expanded from macro 'TX_TRACE_IN_LINE_INSERT'
  510 |                     _tx_trace_header_ptr -> tx_trace_header_buffer_current_pointer =  (ULONG) trace_event_ptr; \
      |                                                                                       ^~~~~~~~~~~~~~~~~~~~~~~
5 warnings generated.
threadx/common/src/tx_trace_object_register.c:132:74: warning: cast to smaller integer type 'ULONG' (aka 'unsigned long') from 'void *' [-Wvoid-pointer-to-int-cast] (Local CPU 11)
  132 |                 if (entry_ptr -> tx_trace_object_entry_thread_pointer == TX_POINTER_TO_ULONG_CONVERT(object_ptr))
      |                                                                          ^~~~~~~~~~~~~~~~~~~~~~~~~~~~~~~~~~~~~~~
threadx/common/inc/tx_api.h:2062:58: note: expanded from macro 'TX_POINTER_TO_ULONG_CONVERT'
 2062 | #define TX_POINTER_TO_ULONG_CONVERT(a)                  ((ULONG) ((VOID *) (a)))
      |                                                          ^~~~~~~~~~~~~~~~~~~~~~
threadx/common/src/tx_trace_object_register.c:216:70: warning: cast to smaller integer type 'ULONG' (aka 'unsigned long') from 'void *' [-Wvoid-pointer-to-int-cast]
  216 |                 entry_ptr -> tx_trace_object_entry_thread_pointer =  TX_POINTER_TO_ULONG_CONVERT(object_ptr);
      |                                                                      ^~~~~~~~~~~~~~~~~~~~~~~~~~~~~~~~~~~~~~~
threadx/common/inc/tx_api.h:2062:58: note: expanded from macro 'TX_POINTER_TO_ULONG_CONVERT'
 2062 | #define TX_POINTER_TO_ULONG_CONVERT(a)                  ((ULONG) ((VOID *) (a)))
      |                                                          ^~~~~~~~~~~~~~~~~~~~~~
2 warnings generated.
threadx/common/src/tx_trace_user_event_insert.c:101:9: warning: cast to smaller integer type 'ULONG' (aka 'unsigned long') from 'TX_THREAD *' (aka 'struct TX_THREAD_STRUCT *') [-Wpointer-to-int-cast] (Local CPU 13)
  101 |         TX_TRACE_IN_LINE_INSERT(event_id, info_field_1, info_field_2, info_field_3, info_field_4, TX_TRACE_USER_EVENTS)
      |         ^~~~~~~~~~~~~~~~~~~~~~~~~~~~~~~~~~~~~~~~~~~~~~~~~~~~~~~~~~~~~~~~~~~~~~~~~~~~~~~~~~~~~~~~~~~~~~~~~~~~~~~~~~~~~~~
threadx/common/inc/tx_trace.h:485:41: note: expanded from macro 'TX_TRACE_IN_LINE_INSERT'
  485 |                     trace_priority =    (ULONG) trace_thread_ptr; \
      |                                         ^~~~~~~~~~~~~~~~~~~~~~~~
threadx/common/src/tx_trace_user_event_insert.c:101:9: warning: cast to smaller integer type 'ULONG' (aka 'unsigned long') from 'TX_THREAD *' (aka 'struct TX_THREAD_STRUCT *') [-Wpointer-to-int-cast]
  101 |         TX_TRACE_IN_LINE_INSERT(event_id, info_field_1, info_field_2, info_field_3, info_field_4, TX_TRACE_USER_EVENTS)
      |         ^~~~~~~~~~~~~~~~~~~~~~~~~~~~~~~~~~~~~~~~~~~~~~~~~~~~~~~~~~~~~~~~~~~~~~~~~~~~~~~~~~~~~~~~~~~~~~~~~~~~~~~~~~~~~~~
threadx/common/inc/tx_trace.h:493:81: note: expanded from macro 'TX_TRACE_IN_LINE_INSERT'
  493 |                 trace_event_ptr -> tx_trace_buffer_entry_thread_pointer =       (ULONG) trace_thread_ptr; \
      |                                                                                 ^~~~~~~~~~~~~~~~~~~~~~~~
threadx/common/src/tx_trace_user_event_insert.c:101:9: warning: cast to smaller integer type 'ULONG' (aka 'unsigned long') from 'TX_TRACE_BUFFER_ENTRY *' (aka 'struct TX_TRACE_BUFFER_ENTRY_STRUCT *') [-Wpointer-to-int-cast]
  101 |         TX_TRACE_IN_LINE_INSERT(event_id, info_field_1, info_field_2, info_field_3, info_field_4, TX_TRACE_USER_EVENTS)
      |         ^~~~~~~~~~~~~~~~~~~~~~~~~~~~~~~~~~~~~~~~~~~~~~~~~~~~~~~~~~~~~~~~~~~~~~~~~~~~~~~~~~~~~~~~~~~~~~~~~~~~~~~~~~~~~~~
threadx/common/inc/tx_trace.h:503:87: note: expanded from macro 'TX_TRACE_IN_LINE_INSERT'
  503 |                     _tx_trace_header_ptr -> tx_trace_header_buffer_current_pointer =  (ULONG) trace_event_ptr; \
      |                                                                                       ^~~~~~~~~~~~~~~~~~~~~~~
threadx/common/src/tx_trace_user_event_insert.c:101:9: warning: cast to smaller integer type 'ULONG' (aka 'unsigned long') from 'TX_TRACE_BUFFER_ENTRY *' (aka 'struct TX_TRACE_BUFFER_ENTRY_STRUCT *') [-Wpointer-to-int-cast]
  101 |         TX_TRACE_IN_LINE_INSERT(event_id, info_field_1, info_field_2, info_field_3, info_field_4, TX_TRACE_USER_EVENTS)
      |         ^~~~~~~~~~~~~~~~~~~~~~~~~~~~~~~~~~~~~~~~~~~~~~~~~~~~~~~~~~~~~~~~~~~~~~~~~~~~~~~~~~~~~~~~~~~~~~~~~~~~~~~~~~~~~~~
threadx/common/inc/tx_trace.h:510:87: note: expanded from macro 'TX_TRACE_IN_LINE_INSERT'
  510 |                     _tx_trace_header_ptr -> tx_trace_header_buffer_current_pointer =  (ULONG) trace_event_ptr; \
      |                                                                                       ^~~~~~~~~~~~~~~~~~~~~~~
4 warnings generated.
threadx/common/src/tx_trace_interrupt_control.c:84:5: warning: cast to smaller integer type 'ULONG' (aka 'unsigned long') from 'TX_THREAD *' (aka 'struct TX_THREAD_STRUCT *') [-Wpointer-to-int-cast] (Local CPU 18)
   84 |     TX_TRACE_IN_LINE_INSERT(TX_TRACE_INTERRUPT_CONTROL, TX_ULONG_TO_POINTER_CONVERT(new_posture), TX_POINTER_TO_ULONG_CONVERT(&saved_posture), 0, 0, TX_TRACE_INTERRUPT_CONTROL_EVENT)
      |     ^~~~~~~~~~~~~~~~~~~~~~~~~~~~~~~~~~~~~~~~~~~~~~~~~~~~~~~~~~~~~~~~~~~~~~~~~~~~~~~~~~~~~~~~~~~~~~~~~~~~~~~~~~~~~~~~~~~~~~~~~~~~~~~~~~~~~~~~~~~~~~~~~~~~~~~~~~~~~~~~~~~~~~~~~~~~~~~~~~
threadx/common/inc/tx_trace.h:485:41: note: expanded from macro 'TX_TRACE_IN_LINE_INSERT'
  485 |                     trace_priority =    (ULONG) trace_thread_ptr; \
      |                                         ^~~~~~~~~~~~~~~~~~~~~~~~
threadx/common/src/tx_trace_interrupt_control.c:84:5: warning: cast to smaller integer type 'ULONG' (aka 'unsigned long') from 'TX_THREAD *' (aka 'struct TX_THREAD_STRUCT *') [-Wpointer-to-int-cast]
   84 |     TX_TRACE_IN_LINE_INSERT(TX_TRACE_INTERRUPT_CONTROL, TX_ULONG_TO_POINTER_CONVERT(new_posture), TX_POINTER_TO_ULONG_CONVERT(&saved_posture), 0, 0, TX_TRACE_INTERRUPT_CONTROL_EVENT)
      |     ^~~~~~~~~~~~~~~~~~~~~~~~~~~~~~~~~~~~~~~~~~~~~~~~~~~~~~~~~~~~~~~~~~~~~~~~~~~~~~~~~~~~~~~~~~~~~~~~~~~~~~~~~~~~~~~~~~~~~~~~~~~~~~~~~~~~~~~~~~~~~~~~~~~~~~~~~~~~~~~~~~~~~~~~~~~~~~~~~~
threadx/common/inc/tx_trace.h:493:81: note: expanded from macro 'TX_TRACE_IN_LINE_INSERT'
  493 |                 trace_event_ptr -> tx_trace_buffer_entry_thread_pointer =       (ULONG) trace_thread_ptr; \
      |                                                                                 ^~~~~~~~~~~~~~~~~~~~~~~~
threadx/common/src/tx_trace_interrupt_control.c:84:57: warning: cast to 'void *' from smaller integer type 'ULONG' (aka 'unsigned long') [-Wint-to-void-pointer-cast]
   84 |     TX_TRACE_IN_LINE_INSERT(TX_TRACE_INTERRUPT_CONTROL, TX_ULONG_TO_POINTER_CONVERT(new_posture), TX_POINTER_TO_ULONG_CONVERT(&saved_posture), 0, 0, TX_TRACE_INTERRUPT_CONTROL_EVENT)
      |     ~~~~~~~~~~~~~~~~~~~~~~~~~~~~~~~~~~~~~~~~~~~~~~~~~~~~^~~~~~~~~~~~~~~~~~~~~~~~~~~~~~~~~~~~~~~~~~~~~~~~~~~~~~~~~~~~~~~~~~~~~~~~~~~~~~~~~~~~~~~~~~~~~~~~~~~~~~~~~~~~~~~~~~~~~~~~~~~~~~
threadx/common/inc/tx_api.h:2063:58: note: expanded from macro 'TX_ULONG_TO_POINTER_CONVERT'
 2063 | #define TX_ULONG_TO_POINTER_CONVERT(a)                  ((VOID *) ((ULONG) (a)))
      |                                                          ^
threadx/common/inc/tx_trace.h:497:49: note: expanded from macro 'TX_TRACE_IN_LINE_INSERT'
  497 |                 TX_TRACE_INFO_FIELD_ASSIGNMENT((a),(b),(c),(d)) \
      |                 ~~~~~~~~~~~~~~~~~~~~~~~~~~~~~~~~^~~~~~~~~~~~~~~
threadx/common/inc/tx_trace.h:457:123: note: expanded from macro 'TX_TRACE_INFO_FIELD_ASSIGNMENT'
  457 | #define TX_TRACE_INFO_FIELD_ASSIGNMENT(a,b,c,d)  trace_event_ptr -> tx_trace_buffer_entry_information_field_1 =  (ULONG) (a); trace_event_ptr -> tx_trace_buffer_entry_information_field_2 =  (ULONG) (b); trace_event_ptr -> tx_trace_buffer_entry_information_field_3 =  (ULONG) (c); trace_event_ptr -> tx_trace_buffer_entry_information_field_4 =  (ULONG) (d);
      |                                                                                                                           ^
threadx/common/src/tx_trace_interrupt_control.c:84:5: warning: cast to smaller integer type 'ULONG' (aka 'unsigned long') from 'void *' [-Wvoid-pointer-to-int-cast]
   84 |     TX_TRACE_IN_LINE_INSERT(TX_TRACE_INTERRUPT_CONTROL, TX_ULONG_TO_POINTER_CONVERT(new_posture), TX_POINTER_TO_ULONG_CONVERT(&saved_posture), 0, 0, TX_TRACE_INTERRUPT_CONTROL_EVENT)
      |     ^~~~~~~~~~~~~~~~~~~~~~~~~~~~~~~~~~~~~~~~~~~~~~~~~~~~~~~~~~~~~~~~~~~~~~~~~~~~~~~~~~~~~~~~~~~~~~~~~~~~~~~~~~~~~~~~~~~~~~~~~~~~~~~~~~~~~~~~~~~~~~~~~~~~~~~~~~~~~~~~~~~~~~~~~~~~~~~~~~
threadx/common/inc/tx_trace.h:497:17: note: expanded from macro 'TX_TRACE_IN_LINE_INSERT'
  497 |                 TX_TRACE_INFO_FIELD_ASSIGNMENT((a),(b),(c),(d)) \
      |                 ^~~~~~~~~~~~~~~~~~~~~~~~~~~~~~~~~~~~~~~~~~~~~~~
threadx/common/inc/tx_trace.h:457:114: note: expanded from macro 'TX_TRACE_INFO_FIELD_ASSIGNMENT'
  457 | #define TX_TRACE_INFO_FIELD_ASSIGNMENT(a,b,c,d)  trace_event_ptr -> tx_trace_buffer_entry_information_field_1 =  (ULONG) (a); trace_event_ptr -> tx_trace_buffer_entry_information_field_2 =  (ULONG) (b); trace_event_ptr -> tx_trace_buffer_entry_information_field_3 =  (ULONG) (c); trace_event_ptr -> tx_trace_buffer_entry_information_field_4 =  (ULONG) (d);
      |                                                                                                                  ^~~~~~~~~~~
threadx/common/src/tx_trace_interrupt_control.c:84:99: warning: cast to smaller integer type 'ULONG' (aka 'unsigned long') from 'void *' [-Wvoid-pointer-to-int-cast]
   84 |     TX_TRACE_IN_LINE_INSERT(TX_TRACE_INTERRUPT_CONTROL, TX_ULONG_TO_POINTER_CONVERT(new_posture), TX_POINTER_TO_ULONG_CONVERT(&saved_posture), 0, 0, TX_TRACE_INTERRUPT_CONTROL_EVENT)
      |     ~~~~~~~~~~~~~~~~~~~~~~~~~~~~~~~~~~~~~~~~~~~~~~~~~~~~~~~~~~~~~~~~~~~~~~~~~~~~~~~~~~~~~~~~~~~~~~^~~~~~~~~~~~~~~~~~~~~~~~~~~~~~~~~~~~~~~~~~~~~~~~~~~~~~~~~~~~~~~~~~~~~~~~~~~~~~~~~~~~
threadx/common/inc/tx_api.h:2062:58: note: expanded from macro 'TX_POINTER_TO_ULONG_CONVERT'
 2062 | #define TX_POINTER_TO_ULONG_CONVERT(a)                  ((ULONG) ((VOID *) (a)))
      |                                                          ^
threadx/common/inc/tx_trace.h:497:53: note: expanded from macro 'TX_TRACE_IN_LINE_INSERT'
  497 |                 TX_TRACE_INFO_FIELD_ASSIGNMENT((a),(b),(c),(d)) \
      |                 ~~~~~~~~~~~~~~~~~~~~~~~~~~~~~~~~~~~~^~~~~~~~~~~
threadx/common/inc/tx_trace.h:457:200: note: expanded from macro 'TX_TRACE_INFO_FIELD_ASSIGNMENT'
  457 | #define TX_TRACE_INFO_FIELD_ASSIGNMENT(a,b,c,d)  trace_event_ptr -> tx_trace_buffer_entry_information_field_1 =  (ULONG) (a); trace_event_ptr -> tx_trace_buffer_entry_information_field_2 =  (ULONG) (b); trace_event_ptr -> tx_trace_buffer_entry_information_field_3 =  (ULONG) (c); trace_event_ptr -> tx_trace_buffer_entry_information_field_4 =  (ULONG) (d);
      |                                                                                                                                                                                                        ^
threadx/common/src/tx_trace_interrupt_control.c:84:5: warning: cast to smaller integer type 'ULONG' (aka 'unsigned long') from 'TX_TRACE_BUFFER_ENTRY *' (aka 'struct TX_TRACE_BUFFER_ENTRY_STRUCT *') [-Wpointer-to-int-cast]
   84 |     TX_TRACE_IN_LINE_INSERT(TX_TRACE_INTERRUPT_CONTROL, TX_ULONG_TO_POINTER_CONVERT(new_posture), TX_POINTER_TO_ULONG_CONVERT(&saved_posture), 0, 0, TX_TRACE_INTERRUPT_CONTROL_EVENT)
      |     ^~~~~~~~~~~~~~~~~~~~~~~~~~~~~~~~~~~~~~~~~~~~~~~~~~~~~~~~~~~~~~~~~~~~~~~~~~~~~~~~~~~~~~~~~~~~~~~~~~~~~~~~~~~~~~~~~~~~~~~~~~~~~~~~~~~~~~~~~~~~~~~~~~~~~~~~~~~~~~~~~~~~~~~~~~~~~~~~~~
threadx/common/inc/tx_trace.h:503:87: note: expanded from macro 'TX_TRACE_IN_LINE_INSERT'
  503 |                     _tx_trace_header_ptr -> tx_trace_header_buffer_current_pointer =  (ULONG) trace_event_ptr; \
      |                                                                                       ^~~~~~~~~~~~~~~~~~~~~~~
threadx/common/src/tx_trace_interrupt_control.c:84:5: warning: cast to smaller integer type 'ULONG' (aka 'unsigned long') from 'TX_TRACE_BUFFER_ENTRY *' (aka 'struct TX_TRACE_BUFFER_ENTRY_STRUCT *') [-Wpointer-to-int-cast]
   84 |     TX_TRACE_IN_LINE_INSERT(TX_TRACE_INTERRUPT_CONTROL, TX_ULONG_TO_POINTER_CONVERT(new_posture), TX_POINTER_TO_ULONG_CONVERT(&saved_posture), 0, 0, TX_TRACE_INTERRUPT_CONTROL_EVENT)
      |     ^~~~~~~~~~~~~~~~~~~~~~~~~~~~~~~~~~~~~~~~~~~~~~~~~~~~~~~~~~~~~~~~~~~~~~~~~~~~~~~~~~~~~~~~~~~~~~~~~~~~~~~~~~~~~~~~~~~~~~~~~~~~~~~~~~~~~~~~~~~~~~~~~~~~~~~~~~~~~~~~~~~~~~~~~~~~~~~~~~
threadx/common/inc/tx_trace.h:510:87: note: expanded from macro 'TX_TRACE_IN_LINE_INSERT'
  510 |                     _tx_trace_header_ptr -> tx_trace_header_buffer_current_pointer =  (ULONG) trace_event_ptr; \
      |                                                                                       ^~~~~~~~~~~~~~~~~~~~~~~
7 warnings generated.
threadx/common/src/tx_trace_object_unregister.c:100:70: warning: cast to smaller integer type 'ULONG' (aka 'unsigned long') from 'void *' [-Wvoid-pointer-to-int-cast] (Local CPU 19)
  100 |             if (entry_ptr -> tx_trace_object_entry_thread_pointer == TX_POINTER_TO_ULONG_CONVERT(object_ptr))
      |                                                                      ^~~~~~~~~~~~~~~~~~~~~~~~~~~~~~~~~~~~~~~
threadx/common/inc/tx_api.h:2062:58: note: expanded from macro 'TX_POINTER_TO_ULONG_CONVERT'
 2062 | #define TX_POINTER_TO_ULONG_CONVERT(a)                  ((ULONG) ((VOID *) (a)))
      |                                                          ^~~~~~~~~~~~~~~~~~~~~~
1 warning generated.
threadx_port/src/tx_thread_schedule.c:165:16: warning: variable 'thread_ptr' set but not used [-Wunused-but-set-variable] (Local CPU 21)
  165 | TX_THREAD     *thread_ptr;
      |                ^
1 warning generated.
threadx_port/src/tx_thread_stack_build.c:81:61: warning: unused parameter 'function_ptr' [-Wunused-parameter] (Local CPU 22)
   81 | VOID   _tx_thread_stack_build(TX_THREAD *thread_ptr, VOID (*function_ptr)(VOID))
      |                                                             ^
1 warning generated.
"Creating ThreadX library..."
llvm-ar rcs build_threadx/libtx.a build_threadx/tx_common/txe_event_flags_create.o build_threadx/tx_common/txe_mutex_delete.o build_threadx/tx_common/txe_semaphore_prioritize.o build_threadx/tx_common/txe_thread_reset.o build_threadx/tx_common/txe_semaphore_get.o build_threadx/tx_common/txe_event_flags_info_get.o build_threadx/tx_common/txe_timer_create.o build_threadx/tx_common/txe_block_release.o build_threadx/tx_common/txe_byte_pool_info_get.o build_threadx/tx_common/txe_queue_send_notify.o build_threadx/tx_common/txe_mutex_put.o build_threadx/tx_common/txe_semaphore_delete.o build_threadx/tx_common/txe_timer_deactivate.o build_threadx/tx_common/txe_timer_info_get.o build_threadx/tx_common/txe_mutex_prioritize.o build_threadx/tx_common/txe_event_flags_set.o build_threadx/tx_common/txe_event_flags_get.o build_threadx/tx_common/txe_thread_delete.o build_threadx/tx_common/txe_thread_info_get.o build_threadx/tx_common/txe_semaphore_put_notify.o build_threadx/tx_common/txe_block_pool_create.o build_threadx/tx_common/txe_block_pool_info_get.o build_threadx/tx_common/txe_semaphore_ceiling_put.o build_threadx/tx_common/txe_queue_delete.o build_threadx/tx_common/txe_block_allocate.o build_threadx/tx_common/txe_thread_time_slice_change.o build_threadx/tx_common/txe_mutex_info_get.o build_threadx/tx_common/txe_queue_front_send.o build_threadx/tx_common/txe_block_pool_delete.o build_threadx/tx_common/txe_thread_relinquish.o build_threadx/tx_common/txe_byte_pool_delete.o build_threadx/tx_common/txe_semaphore_create.o build_threadx/tx_common/txe_mutex_create.o build_threadx/tx_common/txe_byte_allocate.o build_threadx/tx_common/txe_byte_pool_prioritize.o build_threadx/tx_common/txe_thread_priority_change.o build_threadx/tx_common/txe_thread_preemption_change.o build_threadx/tx_common/txe_semaphore_info_get.o build_threadx/tx_common/txe_thread_wait_abort.o build_threadx/tx_common/txe_thread_create.o build_threadx/tx_common/txe_timer_change.o build_threadx/tx_common/txe_event_flags_delete.o build_threadx/tx_common/txe_semaphore_put.o build_threadx/tx_common/txe_timer_activate.o build_threadx/tx_common/txe_thread_entry_exit_notify.o build_threadx/tx_common/txe_queue_create.o build_threadx/tx_common/txe_thread_resume.o build_threadx/tx_common/txe_timer_delete.o build_threadx/tx_common/txe_event_flags_set_notify.o build_threadx/tx_common/txe_queue_info_get.o build_threadx/tx_common/txe_queue_prioritize.o build_threadx/tx_common/txe_queue_send.o build_threadx/tx_common/txe_byte_release.o build_threadx/tx_common/txe_thread_suspend.o build_threadx/tx_common/txe_block_pool_prioritize.o build_threadx/tx_common/txe_queue_receive.o build_threadx/tx_common/txe_byte_pool_create.o build_threadx/tx_common/txe_thread_terminate.o build_threadx/tx_common/txe_mutex_get.o build_threadx/tx_common/txe_queue_flush.o build_threadx/tx_common/tx_block_allocate.o build_threadx/tx_common/tx_block_pool_cleanup.o build_threadx/tx_common/tx_block_pool_create.o build_threadx/tx_common/tx_block_pool_delete.o build_threadx/tx_common/tx_block_pool_info_get.o build_threadx/tx_common/tx_block_pool_initialize.o build_threadx/tx_common/tx_block_pool_performance_info_get.o build_threadx/tx_common/tx_block_pool_performance_system_info_get.o build_threadx/tx_common/tx_block_pool_prioritize.o build_threadx/tx_common/tx_block_release.o build_threadx/tx_common/tx_byte_allocate.o build_threadx/tx_common/tx_byte_pool_cleanup.o build_threadx/tx_common/tx_byte_pool_create.o build_threadx/tx_common/tx_byte_pool_delete.o build_threadx/tx_common/tx_byte_pool_info_get.o build_threadx/tx_common/tx_byte_pool_initialize.o build_threadx/tx_common/tx_byte_pool_performance_info_get.o build_threadx/tx_common/tx_byte_pool_performance_system_info_get.o build_threadx/tx_common/tx_byte_pool_prioritize.o build_threadx/tx_common/tx_byte_pool_search.o build_threadx/tx_common/tx_byte_release.o build_threadx/tx_common/tx_event_flags_cleanup.o build_threadx/tx_common/tx_event_flags_create.o build_threadx/tx_common/tx_event_flags_delete.o build_threadx/tx_common/tx_event_flags_get.o build_threadx/tx_common/tx_event_flags_info_get.o build_threadx/tx_common/tx_event_flags_initialize.o build_threadx/tx_common/tx_event_flags_performance_info_get.o build_threadx/tx_common/tx_event_flags_performance_system_info_get.o build_threadx/tx_common/tx_event_flags_set_notify.o build_threadx/tx_common/tx_event_flags_set.o build_threadx/tx_common/tx_initialize_high_level.o build_threadx/tx_common/tx_initialize_kernel_enter.o build_threadx/tx_common/tx_initialize_kernel_setup.o build_threadx/tx_common/tx_mutex_cleanup.o build_threadx/tx_common/tx_mutex_create.o build_threadx/tx_common/tx_mutex_delete.o build_threadx/tx_common/tx_mutex_get.o build_threadx/tx_common/tx_mutex_info_get.o build_threadx/tx_common/tx_mutex_initialize.o build_threadx/tx_common/tx_mutex_performance_info_get.o build_threadx/tx_common/tx_mutex_performance_system_info_get.o build_threadx/tx_common/tx_mutex_prioritize.o build_threadx/tx_common/tx_mutex_priority_change.o build_threadx/tx_common/tx_mutex_put.o build_threadx/tx_common/tx_queue_cleanup.o build_threadx/tx_common/tx_queue_create.o build_threadx/tx_common/tx_queue_delete.o build_threadx/tx_common/tx_queue_flush.o build_threadx/tx_common/tx_queue_front_send.o build_threadx/tx_common/tx_queue_info_get.o build_threadx/tx_common/tx_queue_initialize.o build_threadx/tx_common/tx_queue_performance_info_get.o build_threadx/tx_common/tx_queue_performance_system_info_get.o build_threadx/tx_common/tx_queue_prioritize.o build_threadx/tx_common/tx_queue_receive.o build_threadx/tx_common/tx_queue_send_notify.o build_threadx/tx_common/tx_queue_send.o build_threadx/tx_common/tx_semaphore_ceiling_put.o build_threadx/tx_common/tx_semaphore_cleanup.o build_threadx/tx_common/tx_semaphore_create.o build_threadx/tx_common/tx_semaphore_delete.o build_threadx/tx_common/tx_semaphore_get.o build_threadx/tx_common/tx_semaphore_info_get.o build_threadx/tx_common/tx_semaphore_initialize.o build_threadx/tx_common/tx_semaphore_performance_info_get.o build_threadx/tx_common/tx_semaphore_performance_system_info_get.o build_threadx/tx_common/tx_semaphore_prioritize.o build_threadx/tx_common/tx_semaphore_put_notify.o build_threadx/tx_common/tx_semaphore_put.o build_threadx/tx_common/tx_thread_create.o build_threadx/tx_common/tx_thread_delete.o build_threadx/tx_common/tx_thread_entry_exit_notify.o build_threadx/tx_common/tx_thread_identify.o build_threadx/tx_common/tx_thread_info_get.o build_threadx/tx_common/tx_thread_initialize.o build_threadx/tx_common/tx_thread_performance_info_get.o build_threadx/tx_common/tx_thread_performance_system_info_get.o build_threadx/tx_common/tx_thread_preemption_change.o build_threadx/tx_common/tx_thread_priority_change.o build_threadx/tx_common/tx_thread_relinquish.o build_threadx/tx_common/tx_thread_reset.o build_threadx/tx_common/tx_thread_resume.o build_threadx/tx_common/tx_thread_shell_entry.o build_threadx/tx_common/tx_thread_sleep.o build_threadx/tx_common/tx_thread_stack_analyze.o build_threadx/tx_common/tx_thread_stack_error_handler.o build_threadx/tx_common/tx_thread_stack_error_notify.o build_threadx/tx_common/tx_thread_suspend.o build_threadx/tx_common/tx_thread_system_preempt_check.o build_threadx/tx_common/tx_thread_system_resume.o build_threadx/tx_common/tx_thread_system_suspend.o build_threadx/tx_common/tx_thread_terminate.o build_threadx/tx_common/tx_thread_time_slice_change.o build_threadx/tx_common/tx_thread_time_slice.o build_threadx/tx_common/tx_thread_timeout.o build_threadx/tx_common/tx_thread_wait_abort.o build_threadx/tx_common/tx_time_get.o build_threadx/tx_common/tx_time_set.o build_threadx/tx_common/tx_timer_activate.o build_threadx/tx_common/tx_timer_change.o build_threadx/tx_common/tx_timer_create.o build_threadx/tx_common/tx_timer_deactivate.o build_threadx/tx_common/tx_timer_delete.o build_threadx/tx_common/tx_timer_expiration_process.o build_threadx/tx_common/tx_timer_info_get.o build_threadx/tx_common/tx_timer_initialize.o build_threadx/tx_common/tx_timer_performance_info_get.o build_threadx/tx_common/tx_timer_performance_system_info_get.o build_threadx/tx_common/tx_timer_system_activate.o build_threadx/tx_common/tx_timer_system_deactivate.o build_threadx/tx_common/tx_timer_thread_entry.o build_threadx/tx_common/tx_trace_buffer_full_notify.o build_threadx/tx_common/tx_trace_disable.o build_threadx/tx_common/tx_trace_enable.o build_threadx/tx_common/tx_trace_event_filter.o build_threadx/tx_common/tx_trace_event_unfilter.o build_threadx/tx_common/tx_trace_initialize.o build_threadx/tx_common/tx_trace_interrupt_control.o build_threadx/tx_common/tx_trace_isr_enter_insert.o build_threadx/tx_common/tx_trace_isr_exit_insert.o build_threadx/tx_common/tx_trace_object_register.o build_threadx/tx_common/tx_trace_object_unregister.o build_threadx/tx_common/tx_trace_user_event_insert.o build_threadx/tx_port/tx_initialize_low_level.o build_threadx/tx_port/tx_thread_context_restore.o build_threadx/tx_port/tx_thread_context_save.o build_threadx/tx_port/tx_thread_interrupt_control.o build_threadx/tx_port/tx_thread_schedule.o build_threadx/tx_port/tx_thread_stack_build.o build_threadx/tx_port/tx_thread_system_return.o build_threadx/tx_port/tx_timer_interrupt.o
"ThreadX library built: build_threadx/libtx.a"
sensor_threadx.c:939:5: warning: 'memset' will always overflow; destination buffer has size 16, but size argument is 2048 [-Wfortify-source] (Local CPU 24)
  939 |     memset(check_buffer, 0x41, 2048);
      |     ^
sensor_threadx.c:1389:5: warning: 'strcpy' will always overflow; destination buffer has size 4, but the source string has length 24 (including NUL byte) [-Wfortify-source]
 1389 |     strcpy(parasoft_demo_small_buffer, "this string is too long");
      |     ^
2 warnings generated.
"Linking application..."
clang -o sensor_threadx.exe build_threadx/sensor_threadx.o -Lbuild_threadx -ltx -lwinmm
"=========================================="
" Build complete: sensor_threadx.exe"
" Run with: ./sensor_threadx.exe"
"=========================================="
 
