[2026-09-16 01:33:12.439] [info] [coordinator_service] [5704] [main.cpp:69] ============= Incredibuild Version 10.36.0 (Build 18415) =============
[2026-09-16 01:33:12.439] [info] [coordinator_service] [5704] [main.cpp:71] Coordinator flavor: legacy (CoordinatorService executable, Delphi CoordinatorCore.dll)
[2026-09-16 01:33:12.447] [info] [rest_database] [7724] [BuildDatabaseScheme.hpp:29] Start creating BuildsDB tables
[2026-09-16 01:33:12.468] [info] [rest_database] [7724] [DatabaseBase.hpp:117] Finished sync_schema for BuildsDB with result: 
agent_build_activity table and storage is already in sync.
agent_role table and storage is already in sync.
backup_coord_activity table and storage is already in sync.
bi_issuer table and storage is already in sync.
build_activity table and storage is already in sync.
build_cache_stat table and storage is already in sync.
build_demand_availability table and storage is already in sync.
build_missing_features table and storage is already in sync.
build_status table and storage is already in sync.
build_type table and storage is already in sync.
build_utilized_features table and storage is already in sync.
[2026-09-16 01:33:12.469] [info] [rest_database] [7724] [BuildsDatabaseImpl.cpp:47] Start setting values to BuildsDB static tables
[2026-09-16 01:33:12.470] [info] [rest_database] [7724] [DatabaseBase.hpp:140] Start creating Data Dictionary (table_column_metadata) table for BuildsDB
[2026-09-16 01:33:12.528] [info] [rest_database] [7724] [DatabaseBase.hpp:160] Data Dictionary (table_column_metadata) table was created successfully for BuildsDB
[2026-09-16 01:33:12.528] [info] [rest_database] [7724] [DatabaseBase.hpp:169] Setting auto_vacuum for BuildsDB
[2026-09-16 01:33:12.559] [info] [rest_database] [7724] [DatabaseBase.hpp:183] Successfully set auto_vacuum for BuildsDB
[2026-09-16 01:33:12.569] [info] [rest_database] [7724] [CoordinatorDatabaseScheme.hpp:32] Start creating CoordinatorDB tables
[2026-09-16 01:33:12.576] [info] [rest_database] [7724] [DatabaseBase.hpp:117] Finished sync_schema for CoordinatorDB with result: 
agent table and storage is already in sync.
agent_build_group table and storage is already in sync.
allocation_type table and storage is already in sync.
backup_coord_info table and storage is already in sync.
build_group table and storage is already in sync.
cloud_state table and storage is already in sync.
coordinator table and storage is already in sync.
coordinator_build_group table and storage is already in sync.
feature table and storage is already in sync.
feature_type table and storage is already in sync.
license table and storage is already in sync.
license_feature table and storage is already in sync.
license_status table and storage is already in sync.
machine table and storage is already in sync.
machine_type table and storage is already in sync.
[2026-09-16 01:33:12.577] [info] [rest_database] [7724] [CoordinatorDatabaseImpl.cpp:65] Start setting values to CoordinatorDB static tables
[2026-09-16 01:33:12.577] [info] [rest_database] [7724] [DatabaseBase.hpp:140] Start creating Data Dictionary (table_column_metadata) table for CoordinatorDB
[2026-09-16 01:33:12.602] [info] [rest_database] [7724] [DatabaseBase.hpp:160] Data Dictionary (table_column_metadata) table was created successfully for CoordinatorDB
[2026-09-16 01:33:12.603] [info] [rest_database] [7724] [DatabaseBase.hpp:169] Setting auto_vacuum for CoordinatorDB
[2026-09-16 01:33:12.625] [info] [rest_database] [7724] [DatabaseBase.hpp:183] Successfully set auto_vacuum for CoordinatorDB
[2026-09-16 01:33:12.635] [info] [rest_database] [7724] [DatabaseBase.hpp:117] Finished sync_schema for NotificationsDB with result: 
user_notifications table and storage is already in sync.
[2026-09-16 01:33:12.649] [info] [rest_business_logic] [7724] [BuildGroupsManager.cpp:34] buildGroupMgmt: build groups persistence file exists: C:\Program Files (x86)\Incredibuild\resources\build_groups_persistence.json
[2026-09-16 01:33:12.657] [info] [rest_business_logic] [7724] [BuildGroupsPersistence.cpp:48] Build groups backup saved to: C:\Program Files (x86)\Incredibuild\resources\build_groups_persistence.json.backup
[2026-09-16 01:33:12.658] [info] [coordinator_service] [7724] [EngineController.cpp:38] EngineController start
[2026-09-16 01:33:12.658] [info] [coordinator_service] [7724] [EngineController.cpp:101] Start coordinator monitor thread
[2026-09-16 01:33:12.658] [info] [coordinator_service] [7724] [EngineController.cpp:61] Start REST Server thread
[2026-09-16 01:33:12.658] [info] [coordinator_service] [7724] [EngineController.cpp:79] Start coordinator thread
[2026-09-16 01:33:12.658] [info] [coordinator_service] [8368] [EngineController.cpp:129] coordinatorMonitor 'telemetry' configuration is enabled.
[2026-09-16 01:33:12.659] [info] [coordinator_service] [8368] [Exporter.cpp:20] Telemetry Exporter started
[2026-09-16 01:33:12.659] [info] [rest_business_logic] [8372] [business_logic_relayer.cpp:921] Automatic restart enabled. Time: 4:00. Threshold: 1536MB
[2026-09-16 01:33:12.670] [info] [rest_module] [8372] [logger_adapter.hpp:33] init accept #0
[2026-09-16 01:33:12.671] [info] [rest_module] [8372] [logger_adapter.hpp:33] server started on 0.0.0.0:31100
[2026-09-16 01:33:22.587] [info] [rest_module] [8468] [session_handlers.cpp:30] on_session_create_post - login
[2026-09-16 01:33:22.601] [info] [rest_business_logic] [8468] [business_logic_relayer.cpp:592] Added new history buffer
[2026-09-16 01:33:22.601] [info] [rest_business_logic] [8468] [business_logic_relayer.cpp:821] Remove diff buffers
[2026-09-16 01:43:22.630] [info] [rest_module] [8468] [session_handlers.cpp:90] on_session_renew_post - refresh
[2026-09-16 01:53:22.629] [info] [rest_module] [8468] [session_handlers.cpp:90] on_session_renew_post - refresh
[2026-09-16 02:03:22.629] [info] [rest_module] [8468] [session_handlers.cpp:90] on_session_renew_post - refresh
[2026-09-16 02:13:23.970] [info] [rest_module] [8468] [session_handlers.cpp:90] on_session_renew_post - refresh
[2026-09-16 02:23:23.972] [info] [rest_module] [8468] [session_handlers.cpp:90] on_session_renew_post - refresh
[2026-09-16 02:33:12.014] [info] [rest_database] [8468] [BuildsDatabaseImpl.cpp:258] Builds Database: Deleting tables history records after telemetry gZip file was created [ C:\Program Files (x86)\Incredibuild\\Temp\BuildsDB_AB42BA03-531E-4A75-828B-3A4C3BC7BD34_1789515192010.gz ].
[2026-09-16 02:33:12.021] [info] [rest_database] [8468] [CoordinatorDatabaseImpl.cpp:839] Coordinator Database: Deleting tables history records after telemetry gZip file was created [ C:\Program Files (x86)\Incredibuild\\Temp\CoordinatorDB_AB42BA03-531E-4A75-828B-3A4C3BC7BD34_1789515192010.gz ]. Purge all data = false
[2026-09-16 02:33:12.024] [info] [rest_telemetry] [8468] [TelemetryManagement.hpp:82] buildDbEmpty: [ true ]
[2026-09-16 02:33:12.789] [info] [rest_telemetry] [8468] [TelemetryManagement.hpp:122] Telemetry upload completed for gZip files:[ C:\Program Files (x86)\Incredibuild\\Temp\BuildsDB_AB42BA03-531E-4A75-828B-3A4C3BC7BD34_1789515192010.gz ], [ C:\Program Files (x86)\Incredibuild\\Temp\CoordinatorDB_AB42BA03-531E-4A75-828B-3A4C3BC7BD34_1789515192010.gz ], upload done for S3:  [ true ]
[2026-09-16 02:33:12.825] [info] [rest_telemetry] [8468] [TelemetryManagement.hpp:137] Telemetry upload completed for zip file:[ C:\Program Files (x86)\Incredibuild\\Temp\DBFiles_AB42BA03-531E-4A75-828B-3A4C3BC7BD34_1789515192010.zip ], upload done for IB Manager (Data Access):  [ true ]
[2026-09-16 02:33:23.979] [info] [rest_module] [8468] [session_handlers.cpp:90] on_session_renew_post - refresh
[2026-09-16 02:43:23.993] [info] [rest_module] [8468] [session_handlers.cpp:90] on_session_renew_post - refresh
[2026-09-16 02:53:24.007] [info] [rest_module] [8468] [session_handlers.cpp:90] on_session_renew_post - refresh
[2026-09-16 03:03:24.015] [info] [rest_module] [8468] [session_handlers.cpp:90] on_session_renew_post - refresh
[2026-09-16 03:13:24.030] [info] [rest_module] [8468] [session_handlers.cpp:90] on_session_renew_post - refresh
[2026-09-16 03:23:24.030] [info] [rest_module] [8468] [session_handlers.cpp:90] on_session_renew_post - refresh
[2026-09-16 03:33:12.007] [info] [rest_database] [8468] [BuildsDatabaseImpl.cpp:258] Builds Database: Deleting tables history records after telemetry gZip file was created [ C:\Program Files (x86)\Incredibuild\\Temp\BuildsDB_AB42BA03-531E-4A75-828B-3A4C3BC7BD34_1789518792000.gz ].
[2026-09-16 03:33:12.013] [info] [rest_database] [8468] [CoordinatorDatabaseImpl.cpp:839] Coordinator Database: Deleting tables history records after telemetry gZip file was created [ C:\Program Files (x86)\Incredibuild\\Temp\CoordinatorDB_AB42BA03-531E-4A75-828B-3A4C3BC7BD34_1789518792000.gz ]. Purge all data = false
[2026-09-16 03:33:12.015] [info] [rest_telemetry] [8468] [TelemetryManagement.hpp:82] buildDbEmpty: [ true ]
[2026-09-16 03:33:12.684] [info] [rest_telemetry] [8468] [TelemetryManagement.hpp:122] Telemetry upload completed for gZip files:[ C:\Program Files (x86)\Incredibuild\\Temp\BuildsDB_AB42BA03-531E-4A75-828B-3A4C3BC7BD34_1789518792000.gz ], [ C:\Program Files (x86)\Incredibuild\\Temp\CoordinatorDB_AB42BA03-531E-4A75-828B-3A4C3BC7BD34_1789518792000.gz ], upload done for S3:  [ true ]
[2026-09-16 03:33:12.704] [info] [rest_telemetry] [8468] [TelemetryManagement.hpp:137] Telemetry upload completed for zip file:[ C:\Program Files (x86)\Incredibuild\\Temp\DBFiles_AB42BA03-531E-4A75-828B-3A4C3BC7BD34_1789518792000.zip ], upload done for IB Manager (Data Access):  [ true ]
[2026-09-16 03:33:24.045] [info] [rest_module] [8468] [session_handlers.cpp:90] on_session_renew_post - refresh
[2026-09-16 03:43:24.048] [info] [rest_module] [8468] [session_handlers.cpp:90] on_session_renew_post - refresh
[2026-09-16 03:53:24.048] [info] [rest_module] [8468] [session_handlers.cpp:90] on_session_renew_post - refresh
[2026-09-16 04:03:24.053] [info] [rest_module] [8468] [session_handlers.cpp:90] on_session_renew_post - refresh
[2026-09-16 04:13:24.059] [info] [rest_module] [8468] [session_handlers.cpp:90] on_session_renew_post - refresh
[2026-09-16 04:23:24.063] [info] [rest_module] [8468] [session_handlers.cpp:90] on_session_renew_post - refresh
[2026-09-16 04:33:12.012] [info] [rest_database] [8468] [BuildsDatabaseImpl.cpp:258] Builds Database: Deleting tables history records after telemetry gZip file was created [ C:\Program Files (x86)\Incredibuild\\Temp\BuildsDB_AB42BA03-531E-4A75-828B-3A4C3BC7BD34_1789522392004.gz ].
[2026-09-16 04:33:12.021] [info] [rest_database] [8468] [CoordinatorDatabaseImpl.cpp:839] Coordinator Database: Deleting tables history records after telemetry gZip file was created [ C:\Program Files (x86)\Incredibuild\\Temp\CoordinatorDB_AB42BA03-531E-4A75-828B-3A4C3BC7BD34_1789522392004.gz ]. Purge all data = false
[2026-09-16 04:33:12.022] [info] [rest_telemetry] [8468] [TelemetryManagement.hpp:82] buildDbEmpty: [ true ]
[2026-09-16 04:33:12.793] [info] [rest_telemetry] [8468] [TelemetryManagement.hpp:122] Telemetry upload completed for gZip files:[ C:\Program Files (x86)\Incredibuild\\Temp\BuildsDB_AB42BA03-531E-4A75-828B-3A4C3BC7BD34_1789522392004.gz ], [ C:\Program Files (x86)\Incredibuild\\Temp\CoordinatorDB_AB42BA03-531E-4A75-828B-3A4C3BC7BD34_1789522392004.gz ], upload done for S3:  [ true ]
[2026-09-16 04:33:12.818] [info] [rest_telemetry] [8468] [TelemetryManagement.hpp:137] Telemetry upload completed for zip file:[ C:\Program Files (x86)\Incredibuild\\Temp\DBFiles_AB42BA03-531E-4A75-828B-3A4C3BC7BD34_1789522392004.zip ], upload done for IB Manager (Data Access):  [ true ]
[2026-09-16 04:33:24.069] [info] [rest_module] [8468] [session_handlers.cpp:90] on_session_renew_post - refresh
[2026-09-16 04:43:24.083] [info] [rest_module] [8468] [session_handlers.cpp:90] on_session_renew_post - refresh
[2026-09-16 04:53:24.083] [info] [rest_module] [8468] [session_handlers.cpp:90] on_session_renew_post - refresh
[2026-09-16 05:03:24.089] [info] [rest_module] [8468] [session_handlers.cpp:90] on_session_renew_post - refresh
[2026-09-16 05:13:24.095] [info] [rest_module] [8468] [session_handlers.cpp:90] on_session_renew_post - refresh
[2026-09-16 05:23:24.101] [info] [rest_module] [8468] [session_handlers.cpp:90] on_session_renew_post - refresh
[2026-09-16 05:33:12.015] [info] [rest_database] [8468] [BuildsDatabaseImpl.cpp:258] Builds Database: Deleting tables history records after telemetry gZip file was created [ C:\Program Files (x86)\Incredibuild\\Temp\BuildsDB_AB42BA03-531E-4A75-828B-3A4C3BC7BD34_1789525992009.gz ].
[2026-09-16 05:33:12.023] [info] [rest_database] [8468] [CoordinatorDatabaseImpl.cpp:839] Coordinator Database: Deleting tables history records after telemetry gZip file was created [ C:\Program Files (x86)\Incredibuild\\Temp\CoordinatorDB_AB42BA03-531E-4A75-828B-3A4C3BC7BD34_1789525992009.gz ]. Purge all data = false
[2026-09-16 05:33:12.024] [info] [rest_telemetry] [8468] [TelemetryManagement.hpp:82] buildDbEmpty: [ true ]
[2026-09-16 05:33:12.673] [info] [rest_telemetry] [8468] [TelemetryManagement.hpp:122] Telemetry upload completed for gZip files:[ C:\Program Files (x86)\Incredibuild\\Temp\BuildsDB_AB42BA03-531E-4A75-828B-3A4C3BC7BD34_1789525992009.gz ], [ C:\Program Files (x86)\Incredibuild\\Temp\CoordinatorDB_AB42BA03-531E-4A75-828B-3A4C3BC7BD34_1789525992009.gz ], upload done for S3:  [ true ]
[2026-09-16 05:33:12.702] [info] [rest_telemetry] [8468] [TelemetryManagement.hpp:137] Telemetry upload completed for zip file:[ C:\Program Files (x86)\Incredibuild\\Temp\DBFiles_AB42BA03-531E-4A75-828B-3A4C3BC7BD34_1789525992009.zip ], upload done for IB Manager (Data Access):  [ true ]
[2026-09-16 05:33:24.112] [info] [rest_module] [8468] [session_handlers.cpp:90] on_session_renew_post - refresh
[2026-09-16 05:43:24.119] [info] [rest_module] [8468] [session_handlers.cpp:90] on_session_renew_post - refresh
[2026-09-16 05:53:24.121] [info] [rest_module] [8468] [session_handlers.cpp:90] on_session_renew_post - refresh
[2026-09-16 06:03:24.134] [info] [rest_module] [8468] [session_handlers.cpp:90] on_session_renew_post - refresh
[2026-09-16 06:13:24.140] [info] [rest_module] [8468] [session_handlers.cpp:90] on_session_renew_post - refresh
[2026-09-16 06:23:24.147] [info] [rest_module] [8468] [session_handlers.cpp:90] on_session_renew_post - refresh
[2026-09-16 06:33:12.008] [info] [rest_database] [8468] [BuildsDatabaseImpl.cpp:258] Builds Database: Deleting tables history records after telemetry gZip file was created [ C:\Program Files (x86)\Incredibuild\\Temp\BuildsDB_AB42BA03-531E-4A75-828B-3A4C3BC7BD34_1789529592000.gz ].
[2026-09-16 06:33:12.015] [info] [rest_database] [8468] [CoordinatorDatabaseImpl.cpp:839] Coordinator Database: Deleting tables history records after telemetry gZip file was created [ C:\Program Files (x86)\Incredibuild\\Temp\CoordinatorDB_AB42BA03-531E-4A75-828B-3A4C3BC7BD34_1789529592000.gz ]. Purge all data = false
[2026-09-16 06:33:12.016] [info] [rest_telemetry] [8468] [TelemetryManagement.hpp:82] buildDbEmpty: [ true ]
[2026-09-16 06:33:12.773] [info] [rest_telemetry] [8468] [TelemetryManagement.hpp:122] Telemetry upload completed for gZip files:[ C:\Program Files (x86)\Incredibuild\\Temp\BuildsDB_AB42BA03-531E-4A75-828B-3A4C3BC7BD34_1789529592000.gz ], [ C:\Program Files (x86)\Incredibuild\\Temp\CoordinatorDB_AB42BA03-531E-4A75-828B-3A4C3BC7BD34_1789529592000.gz ], upload done for S3:  [ true ]
[2026-09-16 06:33:12.805] [info] [rest_telemetry] [8468] [TelemetryManagement.hpp:137] Telemetry upload completed for zip file:[ C:\Program Files (x86)\Incredibuild\\Temp\DBFiles_AB42BA03-531E-4A75-828B-3A4C3BC7BD34_1789529592000.zip ], upload done for IB Manager (Data Access):  [ true ]
[2026-09-16 06:33:24.159] [info] [rest_module] [8468] [session_handlers.cpp:90] on_session_renew_post - refresh
[2026-09-16 06:43:24.164] [info] [rest_module] [8468] [session_handlers.cpp:90] on_session_renew_post - refresh
[2026-09-16 06:53:24.176] [info] [rest_module] [8468] [session_handlers.cpp:90] on_session_renew_post - refresh
[2026-09-16 07:03:24.191] [info] [rest_module] [8468] [session_handlers.cpp:90] on_session_renew_post - refresh
[2026-09-16 07:13:24.200] [info] [rest_module] [8468] [session_handlers.cpp:90] on_session_renew_post - refresh
[2026-09-16 07:23:24.209] [info] [rest_module] [8468] [session_handlers.cpp:90] on_session_renew_post - refresh
[2026-09-16 07:33:12.017] [info] [rest_database] [8468] [BuildsDatabaseImpl.cpp:258] Builds Database: Deleting tables history records after telemetry gZip file was created [ C:\Program Files (x86)\Incredibuild\\Temp\BuildsDB_AB42BA03-531E-4A75-828B-3A4C3BC7BD34_1789533192012.gz ].
[2026-09-16 07:33:12.024] [info] [rest_database] [8468] [CoordinatorDatabaseImpl.cpp:839] Coordinator Database: Deleting tables history records after telemetry gZip file was created [ C:\Program Files (x86)\Incredibuild\\Temp\CoordinatorDB_AB42BA03-531E-4A75-828B-3A4C3BC7BD34_1789533192012.gz ]. Purge all data = false
[2026-09-16 07:33:12.025] [info] [rest_telemetry] [8468] [TelemetryManagement.hpp:82] buildDbEmpty: [ true ]
[2026-09-16 07:33:12.647] [info] [rest_telemetry] [8468] [TelemetryManagement.hpp:122] Telemetry upload completed for gZip files:[ C:\Program Files (x86)\Incredibuild\\Temp\BuildsDB_AB42BA03-531E-4A75-828B-3A4C3BC7BD34_1789533192012.gz ], [ C:\Program Files (x86)\Incredibuild\\Temp\CoordinatorDB_AB42BA03-531E-4A75-828B-3A4C3BC7BD34_1789533192012.gz ], upload done for S3:  [ true ]
[2026-09-16 07:33:12.677] [info] [rest_telemetry] [8468] [TelemetryManagement.hpp:137] Telemetry upload completed for zip file:[ C:\Program Files (x86)\Incredibuild\\Temp\DBFiles_AB42BA03-531E-4A75-828B-3A4C3BC7BD34_1789533192012.zip ], upload done for IB Manager (Data Access):  [ true ]
[2026-09-16 07:33:24.218] [info] [rest_module] [8468] [session_handlers.cpp:90] on_session_renew_post - refresh
[2026-09-16 07:43:24.229] [info] [rest_module] [8468] [session_handlers.cpp:90] on_session_renew_post - refresh
[2026-09-16 07:53:24.234] [info] [rest_module] [8468] [session_handlers.cpp:90] on_session_renew_post - refresh
[2026-09-16 08:03:24.247] [info] [rest_module] [8468] [session_handlers.cpp:90] on_session_renew_post - refresh
[2026-09-16 08:13:24.260] [info] [rest_module] [8468] [session_handlers.cpp:90] on_session_renew_post - refresh
[2026-09-16 08:23:24.266] [info] [rest_module] [8468] [session_handlers.cpp:90] on_session_renew_post - refresh
[2026-09-16 08:33:12.019] [info] [rest_database] [8468] [BuildsDatabaseImpl.cpp:258] Builds Database: Deleting tables history records after telemetry gZip file was created [ C:\Program Files (x86)\Incredibuild\\Temp\BuildsDB_AB42BA03-531E-4A75-828B-3A4C3BC7BD34_1789536792014.gz ].
[2026-09-16 08:33:12.026] [info] [rest_database] [8468] [CoordinatorDatabaseImpl.cpp:839] Coordinator Database: Deleting tables history records after telemetry gZip file was created [ C:\Program Files (x86)\Incredibuild\\Temp\CoordinatorDB_AB42BA03-531E-4A75-828B-3A4C3BC7BD34_1789536792014.gz ]. Purge all data = false
[2026-09-16 08:33:12.027] [info] [rest_telemetry] [8468] [TelemetryManagement.hpp:82] buildDbEmpty: [ true ]
[2026-09-16 08:33:12.725] [info] [rest_telemetry] [8468] [TelemetryManagement.hpp:122] Telemetry upload completed for gZip files:[ C:\Program Files (x86)\Incredibuild\\Temp\BuildsDB_AB42BA03-531E-4A75-828B-3A4C3BC7BD34_1789536792014.gz ], [ C:\Program Files (x86)\Incredibuild\\Temp\CoordinatorDB_AB42BA03-531E-4A75-828B-3A4C3BC7BD34_1789536792014.gz ], upload done for S3:  [ true ]
[2026-09-16 08:33:12.752] [info] [rest_telemetry] [8468] [TelemetryManagement.hpp:137] Telemetry upload completed for zip file:[ C:\Program Files (x86)\Incredibuild\\Temp\DBFiles_AB42BA03-531E-4A75-828B-3A4C3BC7BD34_1789536792014.zip ], upload done for IB Manager (Data Access):  [ true ]
[2026-09-16 08:33:24.276] [info] [rest_module] [8468] [session_handlers.cpp:90] on_session_renew_post - refresh
[2026-09-16 08:43:24.283] [info] [rest_module] [8468] [session_handlers.cpp:90] on_session_renew_post - refresh
[2026-09-16 08:53:24.296] [info] [rest_module] [8468] [session_handlers.cpp:90] on_session_renew_post - refresh
[2026-09-16 09:03:24.301] [info] [rest_module] [8468] [session_handlers.cpp:90] on_session_renew_post - refresh
[2026-09-16 09:13:24.308] [info] [rest_module] [8468] [session_handlers.cpp:90] on_session_renew_post - refresh
[2026-09-16 09:23:24.318] [info] [rest_module] [8468] [session_handlers.cpp:90] on_session_renew_post - refresh
[2026-09-16 09:33:12.010] [info] [rest_database] [8468] [BuildsDatabaseImpl.cpp:258] Builds Database: Deleting tables history records after telemetry gZip file was created [ C:\Program Files (x86)\Incredibuild\\Temp\BuildsDB_AB42BA03-531E-4A75-828B-3A4C3BC7BD34_1789540392006.gz ].
[2026-09-16 09:33:12.018] [info] [rest_database] [8468] [CoordinatorDatabaseImpl.cpp:839] Coordinator Database: Deleting tables history records after telemetry gZip file was created [ C:\Program Files (x86)\Incredibuild\\Temp\CoordinatorDB_AB42BA03-531E-4A75-828B-3A4C3BC7BD34_1789540392006.gz ]. Purge all data = false
[2026-09-16 09:33:12.021] [info] [rest_telemetry] [8468] [TelemetryManagement.hpp:82] buildDbEmpty: [ true ]
[2026-09-16 09:33:12.875] [info] [rest_telemetry] [8468] [TelemetryManagement.hpp:122] Telemetry upload completed for gZip files:[ C:\Program Files (x86)\Incredibuild\\Temp\BuildsDB_AB42BA03-531E-4A75-828B-3A4C3BC7BD34_1789540392006.gz ], [ C:\Program Files (x86)\Incredibuild\\Temp\CoordinatorDB_AB42BA03-531E-4A75-828B-3A4C3BC7BD34_1789540392006.gz ], upload done for S3:  [ true ]
[2026-09-16 09:33:12.892] [info] [rest_telemetry] [8468] [TelemetryManagement.hpp:137] Telemetry upload completed for zip file:[ C:\Program Files (x86)\Incredibuild\\Temp\DBFiles_AB42BA03-531E-4A75-828B-3A4C3BC7BD34_1789540392006.zip ], upload done for IB Manager (Data Access):  [ true ]
[2026-09-16 09:33:24.323] [info] [rest_module] [8468] [session_handlers.cpp:90] on_session_renew_post - refresh
[2026-09-16 09:43:24.331] [info] [rest_module] [8468] [session_handlers.cpp:90] on_session_renew_post - refresh
[2026-09-16 09:53:24.331] [info] [rest_module] [8468] [session_handlers.cpp:90] on_session_renew_post - refresh
[2026-09-16 10:03:24.334] [info] [rest_module] [8468] [session_handlers.cpp:90] on_session_renew_post - refresh
[2026-09-16 10:13:24.342] [info] [rest_module] [8468] [session_handlers.cpp:90] on_session_renew_post - refresh
[2026-09-16 10:23:24.342] [info] [rest_module] [8468] [session_handlers.cpp:90] on_session_renew_post - refresh
[2026-09-16 10:33:12.012] [info] [rest_database] [8468] [BuildsDatabaseImpl.cpp:258] Builds Database: Deleting tables history records after telemetry gZip file was created [ C:\Program Files (x86)\Incredibuild\\Temp\BuildsDB_AB42BA03-531E-4A75-828B-3A4C3BC7BD34_1789543992009.gz ].
[2026-09-16 10:33:12.017] [info] [rest_database] [8468] [CoordinatorDatabaseImpl.cpp:839] Coordinator Database: Deleting tables history records after telemetry gZip file was created [ C:\Program Files (x86)\Incredibuild\\Temp\CoordinatorDB_AB42BA03-531E-4A75-828B-3A4C3BC7BD34_1789543992009.gz ]. Purge all data = false
[2026-09-16 10:33:12.017] [info] [rest_telemetry] [8468] [TelemetryManagement.hpp:82] buildDbEmpty: [ true ]
[2026-09-16 10:33:12.883] [info] [rest_telemetry] [8468] [TelemetryManagement.hpp:122] Telemetry upload completed for gZip files:[ C:\Program Files (x86)\Incredibuild\\Temp\BuildsDB_AB42BA03-531E-4A75-828B-3A4C3BC7BD34_1789543992009.gz ], [ C:\Program Files (x86)\Incredibuild\\Temp\CoordinatorDB_AB42BA03-531E-4A75-828B-3A4C3BC7BD34_1789543992009.gz ], upload done for S3:  [ true ]
[2026-09-16 10:33:12.904] [info] [rest_telemetry] [8468] [TelemetryManagement.hpp:137] Telemetry upload completed for zip file:[ C:\Program Files (x86)\Incredibuild\\Temp\DBFiles_AB42BA03-531E-4A75-828B-3A4C3BC7BD34_1789543992009.zip ], upload done for IB Manager (Data Access):  [ true ]
[2026-09-16 10:33:24.350] [info] [rest_module] [8468] [session_handlers.cpp:90] on_session_renew_post - refresh
[2026-09-16 10:43:24.365] [info] [rest_module] [8468] [session_handlers.cpp:90] on_session_renew_post - refresh
[2026-09-16 10:53:24.369] [info] [rest_module] [8468] [session_handlers.cpp:90] on_session_renew_post - refresh
[2026-09-16 11:03:24.370] [info] [rest_module] [8468] [session_handlers.cpp:90] on_session_renew_post - refresh
[2026-09-16 11:13:24.377] [info] [rest_module] [8468] [session_handlers.cpp:90] on_session_renew_post - refresh
[2026-09-16 11:23:24.382] [info] [rest_module] [8468] [session_handlers.cpp:90] on_session_renew_post - refresh
[2026-09-16 11:33:12.016] [info] [rest_database] [8468] [BuildsDatabaseImpl.cpp:258] Builds Database: Deleting tables history records after telemetry gZip file was created [ C:\Program Files (x86)\Incredibuild\\Temp\BuildsDB_AB42BA03-531E-4A75-828B-3A4C3BC7BD34_1789547592013.gz ].
[2026-09-16 11:33:12.024] [info] [rest_database] [8468] [CoordinatorDatabaseImpl.cpp:839] Coordinator Database: Deleting tables history records after telemetry gZip file was created [ C:\Program Files (x86)\Incredibuild\\Temp\CoordinatorDB_AB42BA03-531E-4A75-828B-3A4C3BC7BD34_1789547592013.gz ]. Purge all data = false
[2026-09-16 11:33:12.024] [info] [rest_telemetry] [8468] [TelemetryManagement.hpp:82] buildDbEmpty: [ true ]
[2026-09-16 11:33:12.721] [info] [rest_telemetry] [8468] [TelemetryManagement.hpp:122] Telemetry upload completed for gZip files:[ C:\Program Files (x86)\Incredibuild\\Temp\BuildsDB_AB42BA03-531E-4A75-828B-3A4C3BC7BD34_1789547592013.gz ], [ C:\Program Files (x86)\Incredibuild\\Temp\CoordinatorDB_AB42BA03-531E-4A75-828B-3A4C3BC7BD34_1789547592013.gz ], upload done for S3:  [ true ]
[2026-09-16 11:33:12.744] [info] [rest_telemetry] [8468] [TelemetryManagement.hpp:137] Telemetry upload completed for zip file:[ C:\Program Files (x86)\Incredibuild\\Temp\DBFiles_AB42BA03-531E-4A75-828B-3A4C3BC7BD34_1789547592013.zip ], upload done for IB Manager (Data Access):  [ true ]
[2026-09-16 11:33:24.393] [info] [rest_module] [8468] [session_handlers.cpp:90] on_session_renew_post - refresh
[2026-09-16 11:43:24.397] [info] [rest_module] [8468] [session_handlers.cpp:90] on_session_renew_post - refresh
[2026-09-16 11:53:24.408] [info] [rest_module] [8468] [session_handlers.cpp:90] on_session_renew_post - refresh
[2026-09-16 12:03:24.423] [info] [rest_module] [8468] [session_handlers.cpp:90] on_session_renew_post - refresh
[2026-09-16 12:13:24.433] [info] [rest_module] [8468] [session_handlers.cpp:90] on_session_renew_post - refresh
[2026-09-16 12:23:24.450] [info] [rest_module] [8468] [session_handlers.cpp:90] on_session_renew_post - refresh
[2026-09-16 12:33:12.007] [info] [rest_database] [8468] [BuildsDatabaseImpl.cpp:258] Builds Database: Deleting tables history records after telemetry gZip file was created [ C:\Program Files (x86)\Incredibuild\\Temp\BuildsDB_AB42BA03-531E-4A75-828B-3A4C3BC7BD34_1789551192001.gz ].
[2026-09-16 12:33:12.013] [info] [rest_database] [8468] [CoordinatorDatabaseImpl.cpp:839] Coordinator Database: Deleting tables history records after telemetry gZip file was created [ C:\Program Files (x86)\Incredibuild\\Temp\CoordinatorDB_AB42BA03-531E-4A75-828B-3A4C3BC7BD34_1789551192001.gz ]. Purge all data = false
[2026-09-16 12:33:12.014] [info] [rest_telemetry] [8468] [TelemetryManagement.hpp:82] buildDbEmpty: [ true ]
[2026-09-16 12:33:12.641] [info] [rest_telemetry] [8468] [TelemetryManagement.hpp:122] Telemetry upload completed for gZip files:[ C:\Program Files (x86)\Incredibuild\\Temp\BuildsDB_AB42BA03-531E-4A75-828B-3A4C3BC7BD34_1789551192001.gz ], [ C:\Program Files (x86)\Incredibuild\\Temp\CoordinatorDB_AB42BA03-531E-4A75-828B-3A4C3BC7BD34_1789551192001.gz ], upload done for S3:  [ true ]
[2026-09-16 12:33:12.665] [info] [rest_telemetry] [8468] [TelemetryManagement.hpp:137] Telemetry upload completed for zip file:[ C:\Program Files (x86)\Incredibuild\\Temp\DBFiles_AB42BA03-531E-4A75-828B-3A4C3BC7BD34_1789551192001.zip ], upload done for IB Manager (Data Access):  [ true ]
[2026-09-16 12:33:24.451] [info] [rest_module] [8468] [session_handlers.cpp:90] on_session_renew_post - refresh
[2026-09-16 12:43:24.462] [info] [rest_module] [8468] [session_handlers.cpp:90] on_session_renew_post - refresh
[2026-09-16 12:53:24.470] [info] [rest_module] [8468] [session_handlers.cpp:90] on_session_renew_post - refresh
[2026-09-16 13:03:24.482] [info] [rest_module] [8468] [session_handlers.cpp:90] on_session_renew_post - refresh
[2026-09-16 13:13:24.484] [info] [rest_module] [8468] [session_handlers.cpp:90] on_session_renew_post - refresh
[2026-09-16 13:23:24.493] [info] [rest_module] [8468] [session_handlers.cpp:90] on_session_renew_post - refresh
[2026-09-16 13:33:12.014] [info] [rest_database] [8468] [BuildsDatabaseImpl.cpp:258] Builds Database: Deleting tables history records after telemetry gZip file was created [ C:\Program Files (x86)\Incredibuild\\Temp\BuildsDB_AB42BA03-531E-4A75-828B-3A4C3BC7BD34_1789554792008.gz ].
[2026-09-16 13:33:12.021] [info] [rest_database] [8468] [CoordinatorDatabaseImpl.cpp:839] Coordinator Database: Deleting tables history records after telemetry gZip file was created [ C:\Program Files (x86)\Incredibuild\\Temp\CoordinatorDB_AB42BA03-531E-4A75-828B-3A4C3BC7BD34_1789554792008.gz ]. Purge all data = false
[2026-09-16 13:33:12.022] [info] [rest_telemetry] [8468] [TelemetryManagement.hpp:82] buildDbEmpty: [ true ]
[2026-09-16 13:33:12.700] [info] [rest_telemetry] [8468] [TelemetryManagement.hpp:122] Telemetry upload completed for gZip files:[ C:\Program Files (x86)\Incredibuild\\Temp\BuildsDB_AB42BA03-531E-4A75-828B-3A4C3BC7BD34_1789554792008.gz ], [ C:\Program Files (x86)\Incredibuild\\Temp\CoordinatorDB_AB42BA03-531E-4A75-828B-3A4C3BC7BD34_1789554792008.gz ], upload done for S3:  [ true ]
[2026-09-16 13:33:12.725] [info] [rest_telemetry] [8468] [TelemetryManagement.hpp:137] Telemetry upload completed for zip file:[ C:\Program Files (x86)\Incredibuild\\Temp\DBFiles_AB42BA03-531E-4A75-828B-3A4C3BC7BD34_1789554792008.zip ], upload done for IB Manager (Data Access):  [ true ]
[2026-09-16 13:33:24.505] [info] [rest_module] [8468] [session_handlers.cpp:90] on_session_renew_post - refresh
[2026-09-16 13:43:24.514] [info] [rest_module] [8468] [session_handlers.cpp:90] on_session_renew_post - refresh
[2026-09-16 13:53:24.512] [info] [rest_module] [8468] [session_handlers.cpp:90] on_session_renew_post - refresh
[2026-09-16 14:03:24.515] [info] [rest_module] [8468] [session_handlers.cpp:90] on_session_renew_post - refresh
[2026-09-16 14:13:24.528] [info] [rest_module] [8468] [session_handlers.cpp:90] on_session_renew_post - refresh
[2026-09-16 14:23:24.538] [info] [rest_module] [8468] [session_handlers.cpp:90] on_session_renew_post - refresh
[2026-09-16 14:33:12.007] [info] [rest_database] [8468] [BuildsDatabaseImpl.cpp:258] Builds Database: Deleting tables history records after telemetry gZip file was created [ C:\Program Files (x86)\Incredibuild\\Temp\BuildsDB_AB42BA03-531E-4A75-828B-3A4C3BC7BD34_1789558392004.gz ].
[2026-09-16 14:33:12.014] [info] [rest_database] [8468] [CoordinatorDatabaseImpl.cpp:839] Coordinator Database: Deleting tables history records after telemetry gZip file was created [ C:\Program Files (x86)\Incredibuild\\Temp\CoordinatorDB_AB42BA03-531E-4A75-828B-3A4C3BC7BD34_1789558392004.gz ]. Purge all data = false
[2026-09-16 14:33:12.014] [info] [rest_telemetry] [8468] [TelemetryManagement.hpp:82] buildDbEmpty: [ true ]
[2026-09-16 14:33:12.749] [info] [rest_telemetry] [8468] [TelemetryManagement.hpp:122] Telemetry upload completed for gZip files:[ C:\Program Files (x86)\Incredibuild\\Temp\BuildsDB_AB42BA03-531E-4A75-828B-3A4C3BC7BD34_1789558392004.gz ], [ C:\Program Files (x86)\Incredibuild\\Temp\CoordinatorDB_AB42BA03-531E-4A75-828B-3A4C3BC7BD34_1789558392004.gz ], upload done for S3:  [ true ]
[2026-09-16 14:33:12.774] [info] [rest_telemetry] [8468] [TelemetryManagement.hpp:137] Telemetry upload completed for zip file:[ C:\Program Files (x86)\Incredibuild\\Temp\DBFiles_AB42BA03-531E-4A75-828B-3A4C3BC7BD34_1789558392004.zip ], upload done for IB Manager (Data Access):  [ true ]
[2026-09-16 14:33:24.551] [info] [rest_module] [8468] [session_handlers.cpp:90] on_session_renew_post - refresh
[2026-09-16 14:43:24.548] [info] [rest_module] [8468] [session_handlers.cpp:90] on_session_renew_post - refresh
[2026-09-16 14:53:24.563] [info] [rest_module] [8468] [session_handlers.cpp:90] on_session_renew_post - refresh
[2026-09-16 15:03:24.572] [info] [rest_module] [8468] [session_handlers.cpp:90] on_session_renew_post - refresh
[2026-09-16 15:13:24.583] [info] [rest_module] [8468] [session_handlers.cpp:90] on_session_renew_post - refresh
[2026-09-16 15:23:24.589] [info] [rest_module] [8468] [session_handlers.cpp:90] on_session_renew_post - refresh
[2026-09-16 15:33:12.012] [info] [rest_database] [8468] [BuildsDatabaseImpl.cpp:258] Builds Database: Deleting tables history records after telemetry gZip file was created [ C:\Program Files (x86)\Incredibuild\\Temp\BuildsDB_AB42BA03-531E-4A75-828B-3A4C3BC7BD34_1789561992007.gz ].
[2026-09-16 15:33:12.019] [info] [rest_database] [8468] [CoordinatorDatabaseImpl.cpp:839] Coordinator Database: Deleting tables history records after telemetry gZip file was created [ C:\Program Files (x86)\Incredibuild\\Temp\CoordinatorDB_AB42BA03-531E-4A75-828B-3A4C3BC7BD34_1789561992007.gz ]. Purge all data = false
[2026-09-16 15:33:12.020] [info] [rest_telemetry] [8468] [TelemetryManagement.hpp:82] buildDbEmpty: [ true ]
[2026-09-16 15:33:12.737] [info] [rest_telemetry] [8468] [TelemetryManagement.hpp:122] Telemetry upload completed for gZip files:[ C:\Program Files (x86)\Incredibuild\\Temp\BuildsDB_AB42BA03-531E-4A75-828B-3A4C3BC7BD34_1789561992007.gz ], [ C:\Program Files (x86)\Incredibuild\\Temp\CoordinatorDB_AB42BA03-531E-4A75-828B-3A4C3BC7BD34_1789561992007.gz ], upload done for S3:  [ true ]
[2026-09-16 15:33:12.771] [info] [rest_telemetry] [8468] [TelemetryManagement.hpp:137] Telemetry upload completed for zip file:[ C:\Program Files (x86)\Incredibuild\\Temp\DBFiles_AB42BA03-531E-4A75-828B-3A4C3BC7BD34_1789561992007.zip ], upload done for IB Manager (Data Access):  [ true ]
[2026-09-16 15:33:24.593] [info] [rest_module] [8468] [session_handlers.cpp:90] on_session_renew_post - refresh
[2026-09-16 15:43:24.612] [info] [rest_module] [8468] [session_handlers.cpp:90] on_session_renew_post - refresh
[2026-09-16 15:53:24.618] [info] [rest_module] [8468] [session_handlers.cpp:90] on_session_renew_post - refresh
[2026-09-16 16:03:24.620] [info] [rest_module] [8468] [session_handlers.cpp:90] on_session_renew_post - refresh
[2026-09-16 16:13:24.631] [info] [rest_module] [8468] [session_handlers.cpp:90] on_session_renew_post - refresh
[2026-09-16 16:23:24.639] [info] [rest_module] [8468] [session_handlers.cpp:90] on_session_renew_post - refresh
[2026-09-16 16:33:12.012] [info] [rest_database] [8468] [BuildsDatabaseImpl.cpp:258] Builds Database: Deleting tables history records after telemetry gZip file was created [ C:\Program Files (x86)\Incredibuild\\Temp\BuildsDB_AB42BA03-531E-4A75-828B-3A4C3BC7BD34_1789565592010.gz ].
[2026-09-16 16:33:12.020] [info] [rest_database] [8468] [CoordinatorDatabaseImpl.cpp:839] Coordinator Database: Deleting tables history records after telemetry gZip file was created [ C:\Program Files (x86)\Incredibuild\\Temp\CoordinatorDB_AB42BA03-531E-4A75-828B-3A4C3BC7BD34_1789565592010.gz ]. Purge all data = false
[2026-09-16 16:33:12.021] [info] [rest_telemetry] [8468] [TelemetryManagement.hpp:82] buildDbEmpty: [ true ]
[2026-09-16 16:33:12.832] [info] [rest_telemetry] [8468] [TelemetryManagement.hpp:122] Telemetry upload completed for gZip files:[ C:\Program Files (x86)\Incredibuild\\Temp\BuildsDB_AB42BA03-531E-4A75-828B-3A4C3BC7BD34_1789565592010.gz ], [ C:\Program Files (x86)\Incredibuild\\Temp\CoordinatorDB_AB42BA03-531E-4A75-828B-3A4C3BC7BD34_1789565592010.gz ], upload done for S3:  [ true ]
[2026-09-16 16:33:12.855] [info] [rest_telemetry] [8468] [TelemetryManagement.hpp:137] Telemetry upload completed for zip file:[ C:\Program Files (x86)\Incredibuild\\Temp\DBFiles_AB42BA03-531E-4A75-828B-3A4C3BC7BD34_1789565592010.zip ], upload done for IB Manager (Data Access):  [ true ]
[2026-09-16 16:33:24.646] [info] [rest_module] [8468] [session_handlers.cpp:90] on_session_renew_post - refresh
[2026-09-16 16:43:22.895] [info] [rest_module] [8468] [session_handlers.cpp:90] on_session_renew_post - refresh
[2026-09-16 16:53:22.899] [info] [rest_module] [8468] [session_handlers.cpp:90] on_session_renew_post - refresh
[2026-09-16 17:03:22.916] [info] [rest_module] [8468] [session_handlers.cpp:90] on_session_renew_post - refresh
[2026-09-16 17:13:22.925] [info] [rest_module] [8468] [session_handlers.cpp:90] on_session_renew_post - refresh
[2026-09-16 17:23:22.933] [info] [rest_module] [8468] [session_handlers.cpp:90] on_session_renew_post - refresh
[2026-09-16 17:33:12.015] [info] [rest_database] [8468] [BuildsDatabaseImpl.cpp:258] Builds Database: Deleting tables history records after telemetry gZip file was created [ C:\Program Files (x86)\Incredibuild\\Temp\BuildsDB_AB42BA03-531E-4A75-828B-3A4C3BC7BD34_1789569192009.gz ].
[2026-09-16 17:33:12.021] [info] [rest_database] [8468] [CoordinatorDatabaseImpl.cpp:839] Coordinator Database: Deleting tables history records after telemetry gZip file was created [ C:\Program Files (x86)\Incredibuild\\Temp\CoordinatorDB_AB42BA03-531E-4A75-828B-3A4C3BC7BD34_1789569192009.gz ]. Purge all data = false
[2026-09-16 17:33:12.022] [info] [rest_telemetry] [8468] [TelemetryManagement.hpp:82] buildDbEmpty: [ true ]
[2026-09-16 17:33:12.721] [info] [rest_telemetry] [8468] [TelemetryManagement.hpp:122] Telemetry upload completed for gZip files:[ C:\Program Files (x86)\Incredibuild\\Temp\BuildsDB_AB42BA03-531E-4A75-828B-3A4C3BC7BD34_1789569192009.gz ], [ C:\Program Files (x86)\Incredibuild\\Temp\CoordinatorDB_AB42BA03-531E-4A75-828B-3A4C3BC7BD34_1789569192009.gz ], upload done for S3:  [ true ]
[2026-09-16 17:33:12.742] [info] [rest_telemetry] [8468] [TelemetryManagement.hpp:137] Telemetry upload completed for zip file:[ C:\Program Files (x86)\Incredibuild\\Temp\DBFiles_AB42BA03-531E-4A75-828B-3A4C3BC7BD34_1789569192009.zip ], upload done for IB Manager (Data Access):  [ true ]
[2026-09-16 17:33:22.937] [info] [rest_module] [8468] [session_handlers.cpp:90] on_session_renew_post - refresh
[2026-09-16 17:43:22.947] [info] [rest_module] [8468] [session_handlers.cpp:90] on_session_renew_post - refresh
[2026-09-16 17:53:22.959] [info] [rest_module] [8468] [session_handlers.cpp:90] on_session_renew_post - refresh
[2026-09-16 18:03:22.971] [info] [rest_module] [8468] [session_handlers.cpp:90] on_session_renew_post - refresh
[2026-09-16 18:13:22.975] [info] [rest_module] [8468] [session_handlers.cpp:90] on_session_renew_post - refresh
[2026-09-16 18:23:22.984] [info] [rest_module] [8468] [session_handlers.cpp:90] on_session_renew_post - refresh
[2026-09-16 18:33:12.015] [info] [rest_database] [8468] [BuildsDatabaseImpl.cpp:258] Builds Database: Deleting tables history records after telemetry gZip file was created [ C:\Program Files (x86)\Incredibuild\\Temp\BuildsDB_AB42BA03-531E-4A75-828B-3A4C3BC7BD34_1789572792009.gz ].
[2026-09-16 18:33:12.020] [info] [rest_database] [8468] [CoordinatorDatabaseImpl.cpp:839] Coordinator Database: Deleting tables history records after telemetry gZip file was created [ C:\Program Files (x86)\Incredibuild\\Temp\CoordinatorDB_AB42BA03-531E-4A75-828B-3A4C3BC7BD34_1789572792009.gz ]. Purge all data = false
[2026-09-16 18:33:12.021] [info] [rest_telemetry] [8468] [TelemetryManagement.hpp:82] buildDbEmpty: [ true ]
[2026-09-16 18:33:12.659] [info] [rest_telemetry] [8468] [TelemetryManagement.hpp:122] Telemetry upload completed for gZip files:[ C:\Program Files (x86)\Incredibuild\\Temp\BuildsDB_AB42BA03-531E-4A75-828B-3A4C3BC7BD34_1789572792009.gz ], [ C:\Program Files (x86)\Incredibuild\\Temp\CoordinatorDB_AB42BA03-531E-4A75-828B-3A4C3BC7BD34_1789572792009.gz ], upload done for S3:  [ true ]
[2026-09-16 18:33:12.682] [info] [rest_telemetry] [8468] [TelemetryManagement.hpp:137] Telemetry upload completed for zip file:[ C:\Program Files (x86)\Incredibuild\\Temp\DBFiles_AB42BA03-531E-4A75-828B-3A4C3BC7BD34_1789572792009.zip ], upload done for IB Manager (Data Access):  [ true ]
[2026-09-16 18:33:23.001] [info] [rest_module] [8468] [session_handlers.cpp:90] on_session_renew_post - refresh
[2026-09-16 18:43:23.017] [info] [rest_module] [8468] [session_handlers.cpp:90] on_session_renew_post - refresh
[2026-09-16 18:53:23.024] [info] [rest_module] [8468] [session_handlers.cpp:90] on_session_renew_post - refresh
[2026-09-16 19:03:23.030] [info] [rest_module] [8468] [session_handlers.cpp:90] on_session_renew_post - refresh
[2026-09-16 19:13:23.039] [info] [rest_module] [8468] [session_handlers.cpp:90] on_session_renew_post - refresh
[2026-09-16 19:23:23.056] [info] [rest_module] [8468] [session_handlers.cpp:90] on_session_renew_post - refresh
[2026-09-16 19:33:12.008] [info] [rest_database] [8468] [BuildsDatabaseImpl.cpp:258] Builds Database: Deleting tables history records after telemetry gZip file was created [ C:\Program Files (x86)\Incredibuild\\Temp\BuildsDB_AB42BA03-531E-4A75-828B-3A4C3BC7BD34_1789576392003.gz ].
[2026-09-16 19:33:12.016] [info] [rest_database] [8468] [CoordinatorDatabaseImpl.cpp:839] Coordinator Database: Deleting tables history records after telemetry gZip file was created [ C:\Program Files (x86)\Incredibuild\\Temp\CoordinatorDB_AB42BA03-531E-4A75-828B-3A4C3BC7BD34_1789576392003.gz ]. Purge all data = false
[2026-09-16 19:33:12.016] [info] [rest_telemetry] [8468] [TelemetryManagement.hpp:82] buildDbEmpty: [ true ]
[2026-09-16 19:33:12.813] [info] [rest_telemetry] [8468] [TelemetryManagement.hpp:122] Telemetry upload completed for gZip files:[ C:\Program Files (x86)\Incredibuild\\Temp\BuildsDB_AB42BA03-531E-4A75-828B-3A4C3BC7BD34_1789576392003.gz ], [ C:\Program Files (x86)\Incredibuild\\Temp\CoordinatorDB_AB42BA03-531E-4A75-828B-3A4C3BC7BD34_1789576392003.gz ], upload done for S3:  [ true ]
[2026-09-16 19:33:12.829] [info] [rest_telemetry] [8468] [TelemetryManagement.hpp:137] Telemetry upload completed for zip file:[ C:\Program Files (x86)\Incredibuild\\Temp\DBFiles_AB42BA03-531E-4A75-828B-3A4C3BC7BD34_1789576392003.zip ], upload done for IB Manager (Data Access):  [ true ]
[2026-09-16 19:33:23.070] [info] [rest_module] [8468] [session_handlers.cpp:90] on_session_renew_post - refresh
[2026-09-16 19:43:23.074] [info] [rest_module] [8468] [session_handlers.cpp:90] on_session_renew_post - refresh
[2026-09-16 19:53:23.090] [info] [rest_module] [8468] [session_handlers.cpp:90] on_session_renew_post - refresh
[2026-09-16 20:03:23.088] [info] [rest_module] [8468] [session_handlers.cpp:90] on_session_renew_post - refresh
[2026-09-16 20:13:23.095] [info] [rest_module] [8468] [session_handlers.cpp:90] on_session_renew_post - refresh
[2026-09-16 20:23:23.097] [info] [rest_module] [8468] [session_handlers.cpp:90] on_session_renew_post - refresh
[2026-09-16 20:33:12.007] [info] [rest_database] [8468] [BuildsDatabaseImpl.cpp:258] Builds Database: Deleting tables history records after telemetry gZip file was created [ C:\Program Files (x86)\Incredibuild\\Temp\BuildsDB_AB42BA03-531E-4A75-828B-3A4C3BC7BD34_1789579992002.gz ].
[2026-09-16 20:33:12.017] [info] [rest_database] [8468] [CoordinatorDatabaseImpl.cpp:839] Coordinator Database: Deleting tables history records after telemetry gZip file was created [ C:\Program Files (x86)\Incredibuild\\Temp\CoordinatorDB_AB42BA03-531E-4A75-828B-3A4C3BC7BD34_1789579992002.gz ]. Purge all data = false
[2026-09-16 20:33:12.018] [info] [rest_telemetry] [8468] [TelemetryManagement.hpp:82] buildDbEmpty: [ true ]
[2026-09-16 20:33:12.726] [info] [rest_telemetry] [8468] [TelemetryManagement.hpp:122] Telemetry upload completed for gZip files:[ C:\Program Files (x86)\Incredibuild\\Temp\BuildsDB_AB42BA03-531E-4A75-828B-3A4C3BC7BD34_1789579992002.gz ], [ C:\Program Files (x86)\Incredibuild\\Temp\CoordinatorDB_AB42BA03-531E-4A75-828B-3A4C3BC7BD34_1789579992002.gz ], upload done for S3:  [ true ]
[2026-09-16 20:33:12.748] [info] [rest_telemetry] [8468] [TelemetryManagement.hpp:137] Telemetry upload completed for zip file:[ C:\Program Files (x86)\Incredibuild\\Temp\DBFiles_AB42BA03-531E-4A75-828B-3A4C3BC7BD34_1789579992002.zip ], upload done for IB Manager (Data Access):  [ true ]
[2026-09-16 20:33:23.103] [info] [rest_module] [8468] [session_handlers.cpp:90] on_session_renew_post - refresh
[2026-09-16 20:43:23.106] [info] [rest_module] [8468] [session_handlers.cpp:90] on_session_renew_post - refresh
[2026-09-16 20:53:23.109] [info] [rest_module] [8468] [session_handlers.cpp:90] on_session_renew_post - refresh
[2026-09-16 21:03:23.110] [info] [rest_module] [8468] [session_handlers.cpp:90] on_session_renew_post - refresh
[2026-09-16 21:13:23.116] [info] [rest_module] [8468] [session_handlers.cpp:90] on_session_renew_post - refresh
[2026-09-16 21:23:23.128] [info] [rest_module] [8468] [session_handlers.cpp:90] on_session_renew_post - refresh
[2026-09-16 21:33:12.012] [info] [rest_database] [8468] [BuildsDatabaseImpl.cpp:258] Builds Database: Deleting tables history records after telemetry gZip file was created [ C:\Program Files (x86)\Incredibuild\\Temp\BuildsDB_AB42BA03-531E-4A75-828B-3A4C3BC7BD34_1789583592007.gz ].
[2026-09-16 21:33:12.019] [info] [rest_database] [8468] [CoordinatorDatabaseImpl.cpp:839] Coordinator Database: Deleting tables history records after telemetry gZip file was created [ C:\Program Files (x86)\Incredibuild\\Temp\CoordinatorDB_AB42BA03-531E-4A75-828B-3A4C3BC7BD34_1789583592007.gz ]. Purge all data = false
[2026-09-16 21:33:12.019] [info] [rest_telemetry] [8468] [TelemetryManagement.hpp:82] buildDbEmpty: [ true ]
[2026-09-16 21:33:12.688] [info] [rest_telemetry] [8468] [TelemetryManagement.hpp:122] Telemetry upload completed for gZip files:[ C:\Program Files (x86)\Incredibuild\\Temp\BuildsDB_AB42BA03-531E-4A75-828B-3A4C3BC7BD34_1789583592007.gz ], [ C:\Program Files (x86)\Incredibuild\\Temp\CoordinatorDB_AB42BA03-531E-4A75-828B-3A4C3BC7BD34_1789583592007.gz ], upload done for S3:  [ true ]
[2026-09-16 21:33:12.718] [info] [rest_telemetry] [8468] [TelemetryManagement.hpp:137] Telemetry upload completed for zip file:[ C:\Program Files (x86)\Incredibuild\\Temp\DBFiles_AB42BA03-531E-4A75-828B-3A4C3BC7BD34_1789583592007.zip ], upload done for IB Manager (Data Access):  [ true ]
[2026-09-16 21:33:23.134] [info] [rest_module] [8468] [session_handlers.cpp:90] on_session_renew_post - refresh
[2026-09-16 21:43:23.149] [info] [rest_module] [8468] [session_handlers.cpp:90] on_session_renew_post - refresh
[2026-09-16 21:53:23.162] [info] [rest_module] [8468] [session_handlers.cpp:90] on_session_renew_post - refresh
[2026-09-16 22:03:23.167] [info] [rest_module] [8468] [session_handlers.cpp:90] on_session_renew_post - refresh
[2026-09-16 22:13:23.174] [info] [rest_module] [8468] [session_handlers.cpp:90] on_session_renew_post - refresh
[2026-09-16 22:23:23.186] [info] [rest_module] [8468] [session_handlers.cpp:90] on_session_renew_post - refresh
[2026-09-16 22:33:12.008] [info] [rest_database] [8468] [BuildsDatabaseImpl.cpp:258] Builds Database: Deleting tables history records after telemetry gZip file was created [ C:\Program Files (x86)\Incredibuild\\Temp\BuildsDB_AB42BA03-531E-4A75-828B-3A4C3BC7BD34_1789587192005.gz ].
[2026-09-16 22:33:12.016] [info] [rest_database] [8468] [CoordinatorDatabaseImpl.cpp:839] Coordinator Database: Deleting tables history records after telemetry gZip file was created [ C:\Program Files (x86)\Incredibuild\\Temp\CoordinatorDB_AB42BA03-531E-4A75-828B-3A4C3BC7BD34_1789587192005.gz ]. Purge all data = false
[2026-09-16 22:33:12.016] [info] [rest_telemetry] [8468] [TelemetryManagement.hpp:82] buildDbEmpty: [ true ]
[2026-09-16 22:33:12.704] [info] [rest_telemetry] [8468] [TelemetryManagement.hpp:122] Telemetry upload completed for gZip files:[ C:\Program Files (x86)\Incredibuild\\Temp\BuildsDB_AB42BA03-531E-4A75-828B-3A4C3BC7BD34_1789587192005.gz ], [ C:\Program Files (x86)\Incredibuild\\Temp\CoordinatorDB_AB42BA03-531E-4A75-828B-3A4C3BC7BD34_1789587192005.gz ], upload done for S3:  [ true ]
[2026-09-16 22:33:12.729] [info] [rest_telemetry] [8468] [TelemetryManagement.hpp:137] Telemetry upload completed for zip file:[ C:\Program Files (x86)\Incredibuild\\Temp\DBFiles_AB42BA03-531E-4A75-828B-3A4C3BC7BD34_1789587192005.zip ], upload done for IB Manager (Data Access):  [ true ]
[2026-09-16 22:33:23.198] [info] [rest_module] [8468] [session_handlers.cpp:90] on_session_renew_post - refresh
[2026-09-16 22:43:23.209] [info] [rest_module] [8468] [session_handlers.cpp:90] on_session_renew_post - refresh
[2026-09-16 22:53:23.214] [info] [rest_module] [8468] [session_handlers.cpp:90] on_session_renew_post - refresh
[2026-09-16 23:03:23.220] [info] [rest_module] [8468] [session_handlers.cpp:90] on_session_renew_post - refresh
[2026-09-16 23:13:23.236] [info] [rest_module] [8468] [session_handlers.cpp:90] on_session_renew_post - refresh
[2026-09-16 23:23:23.240] [info] [rest_module] [8468] [session_handlers.cpp:90] on_session_renew_post - refresh
[2026-09-16 23:33:12.011] [info] [rest_database] [8468] [BuildsDatabaseImpl.cpp:258] Builds Database: Deleting tables history records after telemetry gZip file was created [ C:\Program Files (x86)\Incredibuild\\Temp\BuildsDB_AB42BA03-531E-4A75-828B-3A4C3BC7BD34_1789590792007.gz ].
[2026-09-16 23:33:12.018] [info] [rest_database] [8468] [CoordinatorDatabaseImpl.cpp:839] Coordinator Database: Deleting tables history records after telemetry gZip file was created [ C:\Program Files (x86)\Incredibuild\\Temp\CoordinatorDB_AB42BA03-531E-4A75-828B-3A4C3BC7BD34_1789590792007.gz ]. Purge all data = false
[2026-09-16 23:33:12.018] [info] [rest_telemetry] [8468] [TelemetryManagement.hpp:82] buildDbEmpty: [ true ]
[2026-09-16 23:33:19.522] [info] [rest_telemetry] [8468] [TelemetryManagement.hpp:122] Telemetry upload completed for gZip files:[ C:\Program Files (x86)\Incredibuild\\Temp\BuildsDB_AB42BA03-531E-4A75-828B-3A4C3BC7BD34_1789590792007.gz ], [ C:\Program Files (x86)\Incredibuild\\Temp\CoordinatorDB_AB42BA03-531E-4A75-828B-3A4C3BC7BD34_1789590792007.gz ], upload done for S3:  [ true ]
[2026-09-16 23:33:19.543] [info] [rest_telemetry] [8468] [TelemetryManagement.hpp:137] Telemetry upload completed for zip file:[ C:\Program Files (x86)\Incredibuild\\Temp\DBFiles_AB42BA03-531E-4A75-828B-3A4C3BC7BD34_1789590792007.zip ], upload done for IB Manager (Data Access):  [ true ]
[2026-09-16 23:33:23.250] [info] [rest_module] [8468] [session_handlers.cpp:90] on_session_renew_post - refresh
[2026-09-16 23:43:23.257] [info] [rest_module] [8468] [session_handlers.cpp:90] on_session_renew_post - refresh
[2026-09-16 23:53:23.264] [info] [rest_module] [8468] [session_handlers.cpp:90] on_session_renew_post - refresh
[2026-09-17 00:03:23.273] [info] [rest_module] [8468] [session_handlers.cpp:90] on_session_renew_post - refresh
[2026-09-17 00:13:23.283] [info] [rest_module] [8468] [session_handlers.cpp:90] on_session_renew_post - refresh
[2026-09-17 00:23:23.289] [info] [rest_module] [8468] [session_handlers.cpp:90] on_session_renew_post - refresh
[2026-09-17 00:33:19.008] [info] [rest_database] [8468] [BuildsDatabaseImpl.cpp:258] Builds Database: Deleting tables history records after telemetry gZip file was created [ C:\Program Files (x86)\Incredibuild\\Temp\BuildsDB_AB42BA03-531E-4A75-828B-3A4C3BC7BD34_1789594399003.gz ].
[2026-09-17 00:33:19.016] [info] [rest_database] [8468] [CoordinatorDatabaseImpl.cpp:839] Coordinator Database: Deleting tables history records after telemetry gZip file was created [ C:\Program Files (x86)\Incredibuild\\Temp\CoordinatorDB_AB42BA03-531E-4A75-828B-3A4C3BC7BD34_1789594399003.gz ]. Purge all data = false
[2026-09-17 00:33:19.017] [info] [rest_telemetry] [8468] [TelemetryManagement.hpp:82] buildDbEmpty: [ true ]
[2026-09-17 00:33:20.005] [info] [rest_telemetry] [8468] [TelemetryManagement.hpp:122] Telemetry upload completed for gZip files:[ C:\Program Files (x86)\Incredibuild\\Temp\BuildsDB_AB42BA03-531E-4A75-828B-3A4C3BC7BD34_1789594399003.gz ], [ C:\Program Files (x86)\Incredibuild\\Temp\CoordinatorDB_AB42BA03-531E-4A75-828B-3A4C3BC7BD34_1789594399003.gz ], upload done for S3:  [ true ]
[2026-09-17 00:33:20.023] [info] [rest_telemetry] [8468] [TelemetryManagement.hpp:137] Telemetry upload completed for zip file:[ C:\Program Files (x86)\Incredibuild\\Temp\DBFiles_AB42BA03-531E-4A75-828B-3A4C3BC7BD34_1789594399003.zip ], upload done for IB Manager (Data Access):  [ true ]
[2026-09-17 00:33:23.303] [info] [rest_module] [8468] [session_handlers.cpp:90] on_session_renew_post - refresh
[2026-09-17 00:43:23.304] [info] [rest_module] [8468] [session_handlers.cpp:90] on_session_renew_post - refresh
[2026-09-17 00:53:23.317] [info] [rest_module] [8468] [session_handlers.cpp:90] on_session_renew_post - refresh
[2026-09-17 01:03:23.332] [info] [rest_module] [8468] [session_handlers.cpp:90] on_session_renew_post - refresh
[2026-09-17 01:13:23.334] [info] [rest_module] [8468] [session_handlers.cpp:90] on_session_renew_post - refresh
[2026-09-17 01:23:23.350] [info] [rest_module] [8468] [session_handlers.cpp:90] on_session_renew_post - refresh
[2026-09-17 01:33:20.017] [info] [rest_database] [8468] [BuildsDatabaseImpl.cpp:258] Builds Database: Deleting tables history records after telemetry gZip file was created [ C:\Program Files (x86)\Incredibuild\\Temp\BuildsDB_AB42BA03-531E-4A75-828B-3A4C3BC7BD34_1789598000011.gz ].
[2026-09-17 01:33:20.028] [info] [rest_database] [8468] [CoordinatorDatabaseImpl.cpp:839] Coordinator Database: Deleting tables history records after telemetry gZip file was created [ C:\Program Files (x86)\Incredibuild\\Temp\CoordinatorDB_AB42BA03-531E-4A75-828B-3A4C3BC7BD34_1789598000011.gz ]. Purge all data = false
[2026-09-17 01:33:20.029] [info] [rest_telemetry] [8468] [TelemetryManagement.hpp:82] buildDbEmpty: [ true ]
[2026-09-17 01:33:20.755] [info] [rest_telemetry] [8468] [TelemetryManagement.hpp:122] Telemetry upload completed for gZip files:[ C:\Program Files (x86)\Incredibuild\\Temp\BuildsDB_AB42BA03-531E-4A75-828B-3A4C3BC7BD34_1789598000011.gz ], [ C:\Program Files (x86)\Incredibuild\\Temp\CoordinatorDB_AB42BA03-531E-4A75-828B-3A4C3BC7BD34_1789598000011.gz ], upload done for S3:  [ true ]
[2026-09-17 01:33:20.781] [info] [rest_telemetry] [8468] [TelemetryManagement.hpp:137] Telemetry upload completed for zip file:[ C:\Program Files (x86)\Incredibuild\\Temp\DBFiles_AB42BA03-531E-4A75-828B-3A4C3BC7BD34_1789598000011.zip ], upload done for IB Manager (Data Access):  [ true ]
[2026-09-17 01:33:23.348] [info] [rest_module] [8468] [session_handlers.cpp:90] on_session_renew_post - refresh
[2026-09-17 01:43:23.355] [info] [rest_module] [8468] [session_handlers.cpp:90] on_session_renew_post - refresh
[2026-09-17 01:53:23.365] [info] [rest_module] [8468] [session_handlers.cpp:90] on_session_renew_post - refresh
[2026-09-17 02:03:23.369] [info] [rest_module] [8468] [session_handlers.cpp:90] on_session_renew_post - refresh
[2026-09-17 02:13:23.373] [info] [rest_module] [8468] [session_handlers.cpp:90] on_session_renew_post - refresh
[2026-09-17 02:23:23.377] [info] [rest_module] [8468] [session_handlers.cpp:90] on_session_renew_post - refresh
[2026-09-17 02:33:20.015] [info] [rest_database] [8468] [BuildsDatabaseImpl.cpp:258] Builds Database: Deleting tables history records after telemetry gZip file was created [ C:\Program Files (x86)\Incredibuild\\Temp\BuildsDB_AB42BA03-531E-4A75-828B-3A4C3BC7BD34_1789601600008.gz ].
[2026-09-17 02:33:20.021] [info] [rest_database] [8468] [CoordinatorDatabaseImpl.cpp:839] Coordinator Database: Deleting tables history records after telemetry gZip file was created [ C:\Program Files (x86)\Incredibuild\\Temp\CoordinatorDB_AB42BA03-531E-4A75-828B-3A4C3BC7BD34_1789601600008.gz ]. Purge all data = false
[2026-09-17 02:33:20.022] [info] [rest_telemetry] [8468] [TelemetryManagement.hpp:82] buildDbEmpty: [ true ]
[2026-09-17 02:33:20.752] [info] [rest_telemetry] [8468] [TelemetryManagement.hpp:122] Telemetry upload completed for gZip files:[ C:\Program Files (x86)\Incredibuild\\Temp\BuildsDB_AB42BA03-531E-4A75-828B-3A4C3BC7BD34_1789601600008.gz ], [ C:\Program Files (x86)\Incredibuild\\Temp\CoordinatorDB_AB42BA03-531E-4A75-828B-3A4C3BC7BD34_1789601600008.gz ], upload done for S3:  [ true ]
[2026-09-17 02:33:20.778] [info] [rest_telemetry] [8468] [TelemetryManagement.hpp:137] Telemetry upload completed for zip file:[ C:\Program Files (x86)\Incredibuild\\Temp\DBFiles_AB42BA03-531E-4A75-828B-3A4C3BC7BD34_1789601600008.zip ], upload done for IB Manager (Data Access):  [ true ]
[2026-09-17 02:33:23.380] [info] [rest_module] [8468] [session_handlers.cpp:90] on_session_renew_post - refresh
[2026-09-17 02:43:23.386] [info] [rest_module] [8468] [session_handlers.cpp:90] on_session_renew_post - refresh
[2026-09-17 02:53:23.391] [info] [rest_module] [8468] [session_handlers.cpp:90] on_session_renew_post - refresh
[2026-09-17 03:03:23.402] [info] [rest_module] [8468] [session_handlers.cpp:90] on_session_renew_post - refresh
[2026-09-17 03:13:23.407] [info] [rest_module] [8468] [session_handlers.cpp:90] on_session_renew_post - refresh
[2026-09-17 03:23:23.423] [info] [rest_module] [8468] [session_handlers.cpp:90] on_session_renew_post - refresh
[2026-09-17 03:33:20.017] [info] [rest_database] [8468] [BuildsDatabaseImpl.cpp:258] Builds Database: Deleting tables history records after telemetry gZip file was created [ C:\Program Files (x86)\Incredibuild\\Temp\BuildsDB_AB42BA03-531E-4A75-828B-3A4C3BC7BD34_1789605200011.gz ].
[2026-09-17 03:33:20.023] [info] [rest_database] [8468] [CoordinatorDatabaseImpl.cpp:839] Coordinator Database: Deleting tables history records after telemetry gZip file was created [ C:\Program Files (x86)\Incredibuild\\Temp\CoordinatorDB_AB42BA03-531E-4A75-828B-3A4C3BC7BD34_1789605200011.gz ]. Purge all data = false
[2026-09-17 03:33:20.026] [info] [rest_telemetry] [8468] [TelemetryManagement.hpp:82] buildDbEmpty: [ true ]
[2026-09-17 03:33:20.849] [info] [rest_telemetry] [8468] [TelemetryManagement.hpp:122] Telemetry upload completed for gZip files:[ C:\Program Files (x86)\Incredibuild\\Temp\BuildsDB_AB42BA03-531E-4A75-828B-3A4C3BC7BD34_1789605200011.gz ], [ C:\Program Files (x86)\Incredibuild\\Temp\CoordinatorDB_AB42BA03-531E-4A75-828B-3A4C3BC7BD34_1789605200011.gz ], upload done for S3:  [ true ]
[2026-09-17 03:33:20.872] [info] [rest_telemetry] [8468] [TelemetryManagement.hpp:137] Telemetry upload completed for zip file:[ C:\Program Files (x86)\Incredibuild\\Temp\DBFiles_AB42BA03-531E-4A75-828B-3A4C3BC7BD34_1789605200011.zip ], upload done for IB Manager (Data Access):  [ true ]
[2026-09-17 03:33:23.433] [info] [rest_module] [8468] [session_handlers.cpp:90] on_session_renew_post - refresh
[2026-09-17 03:43:23.444] [info] [rest_module] [8468] [session_handlers.cpp:90] on_session_renew_post - refresh
[2026-09-17 03:53:23.460] [info] [rest_module] [8468] [session_handlers.cpp:90] on_session_renew_post - refresh
[2026-09-17 04:03:23.472] [info] [rest_module] [8468] [session_handlers.cpp:90] on_session_renew_post - refresh
[2026-09-17 04:13:23.473] [info] [rest_module] [8468] [session_handlers.cpp:90] on_session_renew_post - refresh
[2026-09-17 04:23:23.477] [info] [rest_module] [8468] [session_handlers.cpp:90] on_session_renew_post - refresh
[2026-09-17 04:33:20.007] [info] [rest_database] [8468] [BuildsDatabaseImpl.cpp:258] Builds Database: Deleting tables history records after telemetry gZip file was created [ C:\Program Files (x86)\Incredibuild\\Temp\BuildsDB_AB42BA03-531E-4A75-828B-3A4C3BC7BD34_1789608800004.gz ].
[2026-09-17 04:33:20.012] [info] [rest_database] [8468] [CoordinatorDatabaseImpl.cpp:839] Coordinator Database: Deleting tables history records after telemetry gZip file was created [ C:\Program Files (x86)\Incredibuild\\Temp\CoordinatorDB_AB42BA03-531E-4A75-828B-3A4C3BC7BD34_1789608800004.gz ]. Purge all data = false
[2026-09-17 04:33:20.012] [info] [rest_telemetry] [8468] [TelemetryManagement.hpp:82] buildDbEmpty: [ true ]
[2026-09-17 04:33:20.624] [info] [rest_telemetry] [8468] [TelemetryManagement.hpp:122] Telemetry upload completed for gZip files:[ C:\Program Files (x86)\Incredibuild\\Temp\BuildsDB_AB42BA03-531E-4A75-828B-3A4C3BC7BD34_1789608800004.gz ], [ C:\Program Files (x86)\Incredibuild\\Temp\CoordinatorDB_AB42BA03-531E-4A75-828B-3A4C3BC7BD34_1789608800004.gz ], upload done for S3:  [ true ]
[2026-09-17 04:33:20.652] [info] [rest_telemetry] [8468] [TelemetryManagement.hpp:137] Telemetry upload completed for zip file:[ C:\Program Files (x86)\Incredibuild\\Temp\DBFiles_AB42BA03-531E-4A75-828B-3A4C3BC7BD34_1789608800004.zip ], upload done for IB Manager (Data Access):  [ true ]
[2026-09-17 04:33:23.478] [info] [rest_module] [8468] [session_handlers.cpp:90] on_session_renew_post - refresh
[2026-09-17 04:43:23.489] [info] [rest_module] [8468] [session_handlers.cpp:90] on_session_renew_post - refresh
[2026-09-17 04:53:23.495] [info] [rest_module] [8468] [session_handlers.cpp:90] on_session_renew_post - refresh
[2026-09-17 05:03:23.498] [info] [rest_module] [8468] [session_handlers.cpp:90] on_session_renew_post - refresh
[2026-09-17 05:13:23.511] [info] [rest_module] [8468] [session_handlers.cpp:90] on_session_renew_post - refresh
[2026-09-17 05:23:23.513] [info] [rest_module] [8468] [session_handlers.cpp:90] on_session_renew_post - refresh
[2026-09-17 05:33:20.007] [info] [rest_database] [8468] [BuildsDatabaseImpl.cpp:258] Builds Database: Deleting tables history records after telemetry gZip file was created [ C:\Program Files (x86)\Incredibuild\\Temp\BuildsDB_AB42BA03-531E-4A75-828B-3A4C3BC7BD34_1789612400003.gz ].
[2026-09-17 05:33:20.012] [info] [rest_database] [8468] [CoordinatorDatabaseImpl.cpp:839] Coordinator Database: Deleting tables history records after telemetry gZip file was created [ C:\Program Files (x86)\Incredibuild\\Temp\CoordinatorDB_AB42BA03-531E-4A75-828B-3A4C3BC7BD34_1789612400003.gz ]. Purge all data = false
[2026-09-17 05:33:20.012] [info] [rest_telemetry] [8468] [TelemetryManagement.hpp:82] buildDbEmpty: [ true ]
[2026-09-17 05:33:20.662] [info] [rest_telemetry] [8468] [TelemetryManagement.hpp:122] Telemetry upload completed for gZip files:[ C:\Program Files (x86)\Incredibuild\\Temp\BuildsDB_AB42BA03-531E-4A75-828B-3A4C3BC7BD34_1789612400003.gz ], [ C:\Program Files (x86)\Incredibuild\\Temp\CoordinatorDB_AB42BA03-531E-4A75-828B-3A4C3BC7BD34_1789612400003.gz ], upload done for S3:  [ true ]
[2026-09-17 05:33:20.682] [info] [rest_telemetry] [8468] [TelemetryManagement.hpp:137] Telemetry upload completed for zip file:[ C:\Program Files (x86)\Incredibuild\\Temp\DBFiles_AB42BA03-531E-4A75-828B-3A4C3BC7BD34_1789612400003.zip ], upload done for IB Manager (Data Access):  [ true ]
[2026-09-17 05:33:23.517] [info] [rest_module] [8468] [session_handlers.cpp:90] on_session_renew_post - refresh
[2026-09-17 05:43:23.527] [info] [rest_module] [8468] [session_handlers.cpp:90] on_session_renew_post - refresh
[2026-09-17 05:53:23.535] [info] [rest_module] [8468] [session_handlers.cpp:90] on_session_renew_post - refresh
[2026-09-17 06:03:23.546] [info] [rest_module] [8468] [session_handlers.cpp:90] on_session_renew_post - refresh
[2026-09-17 06:13:23.562] [info] [rest_module] [8468] [session_handlers.cpp:90] on_session_renew_post - refresh
[2026-09-17 06:23:23.574] [info] [rest_module] [8468] [session_handlers.cpp:90] on_session_renew_post - refresh
[2026-09-17 06:33:20.005] [info] [rest_database] [8468] [BuildsDatabaseImpl.cpp:258] Builds Database: Deleting tables history records after telemetry gZip file was created [ C:\Program Files (x86)\Incredibuild\\Temp\BuildsDB_AB42BA03-531E-4A75-828B-3A4C3BC7BD34_1789616000000.gz ].
[2026-09-17 06:33:20.022] [info] [rest_database] [8468] [CoordinatorDatabaseImpl.cpp:839] Coordinator Database: Deleting tables history records after telemetry gZip file was created [ C:\Program Files (x86)\Incredibuild\\Temp\CoordinatorDB_AB42BA03-531E-4A75-828B-3A4C3BC7BD34_1789616000000.gz ]. Purge all data = false
[2026-09-17 06:33:20.022] [info] [rest_telemetry] [8468] [TelemetryManagement.hpp:82] buildDbEmpty: [ true ]
[2026-09-17 06:33:20.765] [info] [rest_telemetry] [8468] [TelemetryManagement.hpp:122] Telemetry upload completed for gZip files:[ C:\Program Files (x86)\Incredibuild\\Temp\BuildsDB_AB42BA03-531E-4A75-828B-3A4C3BC7BD34_1789616000000.gz ], [ C:\Program Files (x86)\Incredibuild\\Temp\CoordinatorDB_AB42BA03-531E-4A75-828B-3A4C3BC7BD34_1789616000000.gz ], upload done for S3:  [ true ]
[2026-09-17 06:33:20.788] [info] [rest_telemetry] [8468] [TelemetryManagement.hpp:137] Telemetry upload completed for zip file:[ C:\Program Files (x86)\Incredibuild\\Temp\DBFiles_AB42BA03-531E-4A75-828B-3A4C3BC7BD34_1789616000000.zip ], upload done for IB Manager (Data Access):  [ true ]
[2026-09-17 06:33:23.576] [info] [rest_module] [8468] [session_handlers.cpp:90] on_session_renew_post - refresh
[2026-09-17 06:43:23.579] [info] [rest_module] [8468] [session_handlers.cpp:90] on_session_renew_post - refresh
[2026-09-17 06:53:23.595] [info] [rest_module] [8468] [session_handlers.cpp:90] on_session_renew_post - refresh
[2026-09-17 07:03:23.607] [info] [rest_module] [8468] [session_handlers.cpp:90] on_session_renew_post - refresh
[2026-09-17 07:13:23.616] [info] [rest_module] [8468] [session_handlers.cpp:90] on_session_renew_post - refresh
[2026-09-17 07:23:23.624] [info] [rest_module] [8468] [session_handlers.cpp:90] on_session_renew_post - refresh
[2026-09-17 07:33:20.013] [info] [rest_database] [8468] [BuildsDatabaseImpl.cpp:258] Builds Database: Deleting tables history records after telemetry gZip file was created [ C:\Program Files (x86)\Incredibuild\\Temp\BuildsDB_AB42BA03-531E-4A75-828B-3A4C3BC7BD34_1789619600007.gz ].
[2026-09-17 07:33:20.020] [info] [rest_database] [8468] [CoordinatorDatabaseImpl.cpp:839] Coordinator Database: Deleting tables history records after telemetry gZip file was created [ C:\Program Files (x86)\Incredibuild\\Temp\CoordinatorDB_AB42BA03-531E-4A75-828B-3A4C3BC7BD34_1789619600007.gz ]. Purge all data = false
[2026-09-17 07:33:20.021] [info] [rest_telemetry] [8468] [TelemetryManagement.hpp:82] buildDbEmpty: [ true ]
[2026-09-17 07:33:20.812] [info] [rest_telemetry] [8468] [TelemetryManagement.hpp:122] Telemetry upload completed for gZip files:[ C:\Program Files (x86)\Incredibuild\\Temp\BuildsDB_AB42BA03-531E-4A75-828B-3A4C3BC7BD34_1789619600007.gz ], [ C:\Program Files (x86)\Incredibuild\\Temp\CoordinatorDB_AB42BA03-531E-4A75-828B-3A4C3BC7BD34_1789619600007.gz ], upload done for S3:  [ true ]
[2026-09-17 07:33:20.835] [info] [rest_telemetry] [8468] [TelemetryManagement.hpp:137] Telemetry upload completed for zip file:[ C:\Program Files (x86)\Incredibuild\\Temp\DBFiles_AB42BA03-531E-4A75-828B-3A4C3BC7BD34_1789619600007.zip ], upload done for IB Manager (Data Access):  [ true ]
[2026-09-17 07:33:23.630] [info] [rest_module] [8468] [session_handlers.cpp:90] on_session_renew_post - refresh
[2026-09-17 07:43:23.635] [info] [rest_module] [8468] [session_handlers.cpp:90] on_session_renew_post - refresh
[2026-09-17 07:53:23.637] [info] [rest_module] [8468] [session_handlers.cpp:90] on_session_renew_post - refresh
[2026-09-17 08:03:23.646] [info] [rest_module] [8468] [session_handlers.cpp:90] on_session_renew_post - refresh
[2026-09-17 08:13:23.661] [info] [rest_module] [8468] [session_handlers.cpp:90] on_session_renew_post - refresh
[2026-09-17 08:23:23.676] [info] [rest_module] [8468] [session_handlers.cpp:90] on_session_renew_post - refresh
[2026-09-17 08:33:20.011] [info] [rest_database] [8468] [BuildsDatabaseImpl.cpp:258] Builds Database: Deleting tables history records after telemetry gZip file was created [ C:\Program Files (x86)\Incredibuild\\Temp\BuildsDB_AB42BA03-531E-4A75-828B-3A4C3BC7BD34_1789623200009.gz ].
[2026-09-17 08:33:20.015] [info] [rest_database] [8468] [CoordinatorDatabaseImpl.cpp:839] Coordinator Database: Deleting tables history records after telemetry gZip file was created [ C:\Program Files (x86)\Incredibuild\\Temp\CoordinatorDB_AB42BA03-531E-4A75-828B-3A4C3BC7BD34_1789623200009.gz ]. Purge all data = false
[2026-09-17 08:33:20.015] [info] [rest_telemetry] [8468] [TelemetryManagement.hpp:82] buildDbEmpty: [ true ]
[2026-09-17 08:33:20.666] [info] [rest_telemetry] [8468] [TelemetryManagement.hpp:122] Telemetry upload completed for gZip files:[ C:\Program Files (x86)\Incredibuild\\Temp\BuildsDB_AB42BA03-531E-4A75-828B-3A4C3BC7BD34_1789623200009.gz ], [ C:\Program Files (x86)\Incredibuild\\Temp\CoordinatorDB_AB42BA03-531E-4A75-828B-3A4C3BC7BD34_1789623200009.gz ], upload done for S3:  [ true ]
[2026-09-17 08:33:20.693] [info] [rest_telemetry] [8468] [TelemetryManagement.hpp:137] Telemetry upload completed for zip file:[ C:\Program Files (x86)\Incredibuild\\Temp\DBFiles_AB42BA03-531E-4A75-828B-3A4C3BC7BD34_1789623200009.zip ], upload done for IB Manager (Data Access):  [ true ]
[2026-09-17 08:33:23.684] [info] [rest_module] [8468] [session_handlers.cpp:90] on_session_renew_post - refresh
[2026-09-17 08:43:23.696] [info] [rest_module] [8468] [session_handlers.cpp:90] on_session_renew_post - refresh
[2026-09-17 08:53:23.705] [info] [rest_module] [8468] [session_handlers.cpp:90] on_session_renew_post - refresh
[2026-09-17 09:03:23.712] [info] [rest_module] [8468] [session_handlers.cpp:90] on_session_renew_post - refresh
[2026-09-17 09:13:23.715] [info] [rest_module] [8468] [session_handlers.cpp:90] on_session_renew_post - refresh
[2026-09-17 09:23:23.724] [info] [rest_module] [8468] [session_handlers.cpp:90] on_session_renew_post - refresh
[2026-09-17 09:33:20.007] [info] [rest_database] [8468] [BuildsDatabaseImpl.cpp:258] Builds Database: Deleting tables history records after telemetry gZip file was created [ C:\Program Files (x86)\Incredibuild\\Temp\BuildsDB_AB42BA03-531E-4A75-828B-3A4C3BC7BD34_1789626800001.gz ].
[2026-09-17 09:33:20.017] [info] [rest_database] [8468] [CoordinatorDatabaseImpl.cpp:839] Coordinator Database: Deleting tables history records after telemetry gZip file was created [ C:\Program Files (x86)\Incredibuild\\Temp\CoordinatorDB_AB42BA03-531E-4A75-828B-3A4C3BC7BD34_1789626800001.gz ]. Purge all data = false
[2026-09-17 09:33:20.017] [info] [rest_telemetry] [8468] [TelemetryManagement.hpp:82] buildDbEmpty: [ true ]
[2026-09-17 09:33:20.800] [info] [rest_telemetry] [8468] [TelemetryManagement.hpp:122] Telemetry upload completed for gZip files:[ C:\Program Files (x86)\Incredibuild\\Temp\BuildsDB_AB42BA03-531E-4A75-828B-3A4C3BC7BD34_1789626800001.gz ], [ C:\Program Files (x86)\Incredibuild\\Temp\CoordinatorDB_AB42BA03-531E-4A75-828B-3A4C3BC7BD34_1789626800001.gz ], upload done for S3:  [ true ]
[2026-09-17 09:33:20.820] [info] [rest_telemetry] [8468] [TelemetryManagement.hpp:137] Telemetry upload completed for zip file:[ C:\Program Files (x86)\Incredibuild\\Temp\DBFiles_AB42BA03-531E-4A75-828B-3A4C3BC7BD34_1789626800001.zip ], upload done for IB Manager (Data Access):  [ true ]
[2026-09-17 09:33:23.726] [info] [rest_module] [8468] [session_handlers.cpp:90] on_session_renew_post - refresh
[2026-09-17 09:43:23.734] [info] [rest_module] [8468] [session_handlers.cpp:90] on_session_renew_post - refresh
[2026-09-17 09:53:23.751] [info] [rest_module] [8468] [session_handlers.cpp:90] on_session_renew_post - refresh
[2026-09-17 10:03:23.757] [info] [rest_module] [8468] [session_handlers.cpp:90] on_session_renew_post - refresh
[2026-09-17 10:13:23.758] [info] [rest_module] [8468] [session_handlers.cpp:90] on_session_renew_post - refresh
[2026-09-17 10:23:23.766] [info] [rest_module] [8468] [session_handlers.cpp:90] on_session_renew_post - refresh
[2026-09-17 10:33:20.014] [info] [rest_database] [8468] [BuildsDatabaseImpl.cpp:258] Builds Database: Deleting tables history records after telemetry gZip file was created [ C:\Program Files (x86)\Incredibuild\\Temp\BuildsDB_AB42BA03-531E-4A75-828B-3A4C3BC7BD34_1789630400007.gz ].
[2026-09-17 10:33:20.021] [info] [rest_database] [8468] [CoordinatorDatabaseImpl.cpp:839] Coordinator Database: Deleting tables history records after telemetry gZip file was created [ C:\Program Files (x86)\Incredibuild\\Temp\CoordinatorDB_AB42BA03-531E-4A75-828B-3A4C3BC7BD34_1789630400007.gz ]. Purge all data = false
[2026-09-17 10:33:20.021] [info] [rest_telemetry] [8468] [TelemetryManagement.hpp:82] buildDbEmpty: [ true ]
[2026-09-17 10:33:20.670] [info] [rest_telemetry] [8468] [TelemetryManagement.hpp:122] Telemetry upload completed for gZip files:[ C:\Program Files (x86)\Incredibuild\\Temp\BuildsDB_AB42BA03-531E-4A75-828B-3A4C3BC7BD34_1789630400007.gz ], [ C:\Program Files (x86)\Incredibuild\\Temp\CoordinatorDB_AB42BA03-531E-4A75-828B-3A4C3BC7BD34_1789630400007.gz ], upload done for S3:  [ true ]
[2026-09-17 10:33:20.688] [info] [rest_telemetry] [8468] [TelemetryManagement.hpp:137] Telemetry upload completed for zip file:[ C:\Program Files (x86)\Incredibuild\\Temp\DBFiles_AB42BA03-531E-4A75-828B-3A4C3BC7BD34_1789630400007.zip ], upload done for IB Manager (Data Access):  [ true ]
[2026-09-17 10:33:23.770] [info] [rest_module] [8468] [session_handlers.cpp:90] on_session_renew_post - refresh
[2026-09-17 10:43:23.772] [info] [rest_module] [8468] [session_handlers.cpp:90] on_session_renew_post - refresh
[2026-09-17 10:53:23.785] [info] [rest_module] [8468] [session_handlers.cpp:90] on_session_renew_post - refresh
[2026-09-17 11:03:23.782] [info] [rest_module] [8468] [session_handlers.cpp:90] on_session_renew_post - refresh
[2026-09-17 11:13:23.790] [info] [rest_module] [8468] [session_handlers.cpp:90] on_session_renew_post - refresh
[2026-09-17 11:23:23.802] [info] [rest_module] [8468] [session_handlers.cpp:90] on_session_renew_post - refresh
[2026-09-17 11:33:20.017] [info] [rest_database] [8468] [BuildsDatabaseImpl.cpp:258] Builds Database: Deleting tables history records after telemetry gZip file was created [ C:\Program Files (x86)\Incredibuild\\Temp\BuildsDB_AB42BA03-531E-4A75-828B-3A4C3BC7BD34_1789634000012.gz ].
[2026-09-17 11:33:20.025] [info] [rest_database] [8468] [CoordinatorDatabaseImpl.cpp:839] Coordinator Database: Deleting tables history records after telemetry gZip file was created [ C:\Program Files (x86)\Incredibuild\\Temp\CoordinatorDB_AB42BA03-531E-4A75-828B-3A4C3BC7BD34_1789634000012.gz ]. Purge all data = false
[2026-09-17 11:33:20.026] [info] [rest_telemetry] [8468] [TelemetryManagement.hpp:82] buildDbEmpty: [ true ]
[2026-09-17 11:33:20.691] [info] [rest_telemetry] [8468] [TelemetryManagement.hpp:122] Telemetry upload completed for gZip files:[ C:\Program Files (x86)\Incredibuild\\Temp\BuildsDB_AB42BA03-531E-4A75-828B-3A4C3BC7BD34_1789634000012.gz ], [ C:\Program Files (x86)\Incredibuild\\Temp\CoordinatorDB_AB42BA03-531E-4A75-828B-3A4C3BC7BD34_1789634000012.gz ], upload done for S3:  [ true ]
[2026-09-17 11:33:20.711] [info] [rest_telemetry] [8468] [TelemetryManagement.hpp:137] Telemetry upload completed for zip file:[ C:\Program Files (x86)\Incredibuild\\Temp\DBFiles_AB42BA03-531E-4A75-828B-3A4C3BC7BD34_1789634000012.zip ], upload done for IB Manager (Data Access):  [ true ]
[2026-09-17 11:33:23.816] [info] [rest_module] [8468] [session_handlers.cpp:90] on_session_renew_post - refresh
[2026-09-17 11:43:23.817] [info] [rest_module] [8468] [session_handlers.cpp:90] on_session_renew_post - refresh
[2026-09-17 11:53:23.830] [info] [rest_module] [8468] [session_handlers.cpp:90] on_session_renew_post - refresh
[2026-09-17 12:03:23.845] [info] [rest_module] [8468] [session_handlers.cpp:90] on_session_renew_post - refresh
[2026-09-17 12:13:23.851] [info] [rest_module] [8468] [session_handlers.cpp:90] on_session_renew_post - refresh
[2026-09-17 12:23:23.862] [info] [rest_module] [8468] [session_handlers.cpp:90] on_session_renew_post - refresh
[2026-09-17 12:33:20.008] [info] [rest_database] [8468] [BuildsDatabaseImpl.cpp:258] Builds Database: Deleting tables history records after telemetry gZip file was created [ C:\Program Files (x86)\Incredibuild\\Temp\BuildsDB_AB42BA03-531E-4A75-828B-3A4C3BC7BD34_1789637600005.gz ].
[2026-09-17 12:33:20.014] [info] [rest_database] [8468] [CoordinatorDatabaseImpl.cpp:839] Coordinator Database: Deleting tables history records after telemetry gZip file was created [ C:\Program Files (x86)\Incredibuild\\Temp\CoordinatorDB_AB42BA03-531E-4A75-828B-3A4C3BC7BD34_1789637600005.gz ]. Purge all data = false
[2026-09-17 12:33:20.015] [info] [rest_telemetry] [8468] [TelemetryManagement.hpp:82] buildDbEmpty: [ true ]
[2026-09-17 12:33:20.797] [info] [rest_telemetry] [8468] [TelemetryManagement.hpp:122] Telemetry upload completed for gZip files:[ C:\Program Files (x86)\Incredibuild\\Temp\BuildsDB_AB42BA03-531E-4A75-828B-3A4C3BC7BD34_1789637600005.gz ], [ C:\Program Files (x86)\Incredibuild\\Temp\CoordinatorDB_AB42BA03-531E-4A75-828B-3A4C3BC7BD34_1789637600005.gz ], upload done for S3:  [ true ]
[2026-09-17 12:33:20.824] [info] [rest_telemetry] [8468] [TelemetryManagement.hpp:137] Telemetry upload completed for zip file:[ C:\Program Files (x86)\Incredibuild\\Temp\DBFiles_AB42BA03-531E-4A75-828B-3A4C3BC7BD34_1789637600005.zip ], upload done for IB Manager (Data Access):  [ true ]
[2026-09-17 12:33:23.872] [info] [rest_module] [8468] [session_handlers.cpp:90] on_session_renew_post - refresh
[2026-09-17 12:43:23.886] [info] [rest_module] [8468] [session_handlers.cpp:90] on_session_renew_post - refresh
[2026-09-17 12:53:23.894] [info] [rest_module] [8468] [session_handlers.cpp:90] on_session_renew_post - refresh
[2026-09-17 13:03:23.897] [info] [rest_module] [8468] [session_handlers.cpp:90] on_session_renew_post - refresh
[2026-09-17 13:13:23.903] [info] [rest_module] [8468] [session_handlers.cpp:90] on_session_renew_post - refresh
[2026-09-17 13:23:23.909] [info] [rest_module] [8468] [session_handlers.cpp:90] on_session_renew_post - refresh
[2026-09-17 13:33:20.007] [info] [rest_database] [8468] [BuildsDatabaseImpl.cpp:258] Builds Database: Deleting tables history records after telemetry gZip file was created [ C:\Program Files (x86)\Incredibuild\\Temp\BuildsDB_AB42BA03-531E-4A75-828B-3A4C3BC7BD34_1789641200004.gz ].
[2026-09-17 13:33:20.015] [info] [rest_database] [8468] [CoordinatorDatabaseImpl.cpp:839] Coordinator Database: Deleting tables history records after telemetry gZip file was created [ C:\Program Files (x86)\Incredibuild\\Temp\CoordinatorDB_AB42BA03-531E-4A75-828B-3A4C3BC7BD34_1789641200004.gz ]. Purge all data = false
[2026-09-17 13:33:20.016] [info] [rest_telemetry] [8468] [TelemetryManagement.hpp:82] buildDbEmpty: [ true ]
[2026-09-17 13:33:20.650] [info] [rest_telemetry] [8468] [TelemetryManagement.hpp:122] Telemetry upload completed for gZip files:[ C:\Program Files (x86)\Incredibuild\\Temp\BuildsDB_AB42BA03-531E-4A75-828B-3A4C3BC7BD34_1789641200004.gz ], [ C:\Program Files (x86)\Incredibuild\\Temp\CoordinatorDB_AB42BA03-531E-4A75-828B-3A4C3BC7BD34_1789641200004.gz ], upload done for S3:  [ true ]
[2026-09-17 13:33:20.676] [info] [rest_telemetry] [8468] [TelemetryManagement.hpp:137] Telemetry upload completed for zip file:[ C:\Program Files (x86)\Incredibuild\\Temp\DBFiles_AB42BA03-531E-4A75-828B-3A4C3BC7BD34_1789641200004.zip ], upload done for IB Manager (Data Access):  [ true ]
[2026-09-17 13:33:23.921] [info] [rest_module] [8468] [session_handlers.cpp:90] on_session_renew_post - refresh
[2026-09-17 13:43:23.925] [info] [rest_module] [8468] [session_handlers.cpp:90] on_session_renew_post - refresh
[2026-09-17 13:53:23.932] [info] [rest_module] [8468] [session_handlers.cpp:90] on_session_renew_post - refresh
[2026-09-17 14:03:23.939] [info] [rest_module] [8468] [session_handlers.cpp:90] on_session_renew_post - refresh
[2026-09-17 14:13:23.946] [info] [rest_module] [8468] [session_handlers.cpp:90] on_session_renew_post - refresh
[2026-09-17 14:23:23.955] [info] [rest_module] [8468] [session_handlers.cpp:90] on_session_renew_post - refresh
[2026-09-17 14:33:20.012] [info] [rest_database] [8468] [BuildsDatabaseImpl.cpp:258] Builds Database: Deleting tables history records after telemetry gZip file was created [ C:\Program Files (x86)\Incredibuild\\Temp\BuildsDB_AB42BA03-531E-4A75-828B-3A4C3BC7BD34_1789644800009.gz ].
[2026-09-17 14:33:20.018] [info] [rest_database] [8468] [CoordinatorDatabaseImpl.cpp:839] Coordinator Database: Deleting tables history records after telemetry gZip file was created [ C:\Program Files (x86)\Incredibuild\\Temp\CoordinatorDB_AB42BA03-531E-4A75-828B-3A4C3BC7BD34_1789644800009.gz ]. Purge all data = false
[2026-09-17 14:33:20.018] [info] [rest_telemetry] [8468] [TelemetryManagement.hpp:82] buildDbEmpty: [ true ]
[2026-09-17 14:33:20.903] [info] [rest_telemetry] [8468] [TelemetryManagement.hpp:122] Telemetry upload completed for gZip files:[ C:\Program Files (x86)\Incredibuild\\Temp\BuildsDB_AB42BA03-531E-4A75-828B-3A4C3BC7BD34_1789644800009.gz ], [ C:\Program Files (x86)\Incredibuild\\Temp\CoordinatorDB_AB42BA03-531E-4A75-828B-3A4C3BC7BD34_1789644800009.gz ], upload done for S3:  [ true ]
[2026-09-17 14:33:20.927] [info] [rest_telemetry] [8468] [TelemetryManagement.hpp:137] Telemetry upload completed for zip file:[ C:\Program Files (x86)\Incredibuild\\Temp\DBFiles_AB42BA03-531E-4A75-828B-3A4C3BC7BD34_1789644800009.zip ], upload done for IB Manager (Data Access):  [ true ]
[2026-09-17 14:33:23.963] [info] [rest_module] [8468] [session_handlers.cpp:90] on_session_renew_post - refresh
[2026-09-17 14:43:23.970] [info] [rest_module] [8468] [session_handlers.cpp:90] on_session_renew_post - refresh
[2026-09-17 14:53:23.984] [info] [rest_module] [8468] [session_handlers.cpp:90] on_session_renew_post - refresh
[2026-09-17 15:03:23.990] [info] [rest_module] [8468] [session_handlers.cpp:90] on_session_renew_post - refresh
[2026-09-17 15:13:23.994] [info] [rest_module] [8468] [session_handlers.cpp:90] on_session_renew_post - refresh
[2026-09-17 15:23:24.009] [info] [rest_module] [8468] [session_handlers.cpp:90] on_session_renew_post - refresh
[2026-09-17 15:33:20.012] [info] [rest_database] [8468] [BuildsDatabaseImpl.cpp:258] Builds Database: Deleting tables history records after telemetry gZip file was created [ C:\Program Files (x86)\Incredibuild\\Temp\BuildsDB_AB42BA03-531E-4A75-828B-3A4C3BC7BD34_1789648400009.gz ].
[2026-09-17 15:33:20.019] [info] [rest_database] [8468] [CoordinatorDatabaseImpl.cpp:839] Coordinator Database: Deleting tables history records after telemetry gZip file was created [ C:\Program Files (x86)\Incredibuild\\Temp\CoordinatorDB_AB42BA03-531E-4A75-828B-3A4C3BC7BD34_1789648400009.gz ]. Purge all data = false
[2026-09-17 15:33:20.020] [info] [rest_telemetry] [8468] [TelemetryManagement.hpp:82] buildDbEmpty: [ true ]
[2026-09-17 15:33:20.749] [info] [rest_telemetry] [8468] [TelemetryManagement.hpp:122] Telemetry upload completed for gZip files:[ C:\Program Files (x86)\Incredibuild\\Temp\BuildsDB_AB42BA03-531E-4A75-828B-3A4C3BC7BD34_1789648400009.gz ], [ C:\Program Files (x86)\Incredibuild\\Temp\CoordinatorDB_AB42BA03-531E-4A75-828B-3A4C3BC7BD34_1789648400009.gz ], upload done for S3:  [ true ]
[2026-09-17 15:33:20.775] [info] [rest_telemetry] [8468] [TelemetryManagement.hpp:137] Telemetry upload completed for zip file:[ C:\Program Files (x86)\Incredibuild\\Temp\DBFiles_AB42BA03-531E-4A75-828B-3A4C3BC7BD34_1789648400009.zip ], upload done for IB Manager (Data Access):  [ true ]
[2026-09-17 15:33:24.012] [info] [rest_module] [8468] [session_handlers.cpp:90] on_session_renew_post - refresh
[2026-09-17 15:43:24.031] [info] [rest_module] [8468] [session_handlers.cpp:90] on_session_renew_post - refresh
[2026-09-17 15:53:24.032] [info] [rest_module] [8468] [session_handlers.cpp:90] on_session_renew_post - refresh
[2026-09-17 16:03:24.041] [info] [rest_module] [8468] [session_handlers.cpp:90] on_session_renew_post - refresh
[2026-09-17 16:13:24.053] [info] [rest_module] [8468] [session_handlers.cpp:90] on_session_renew_post - refresh
[2026-09-17 16:23:24.058] [info] [rest_module] [8468] [session_handlers.cpp:90] on_session_renew_post - refresh
[2026-09-17 16:33:20.007] [info] [rest_database] [8468] [BuildsDatabaseImpl.cpp:258] Builds Database: Deleting tables history records after telemetry gZip file was created [ C:\Program Files (x86)\Incredibuild\\Temp\BuildsDB_AB42BA03-531E-4A75-828B-3A4C3BC7BD34_1789652000002.gz ].
[2026-09-17 16:33:20.013] [info] [rest_database] [8468] [CoordinatorDatabaseImpl.cpp:839] Coordinator Database: Deleting tables history records after telemetry gZip file was created [ C:\Program Files (x86)\Incredibuild\\Temp\CoordinatorDB_AB42BA03-531E-4A75-828B-3A4C3BC7BD34_1789652000002.gz ]. Purge all data = false
[2026-09-17 16:33:20.014] [info] [rest_telemetry] [8468] [TelemetryManagement.hpp:82] buildDbEmpty: [ true ]
[2026-09-17 16:33:20.962] [info] [rest_telemetry] [8468] [TelemetryManagement.hpp:122] Telemetry upload completed for gZip files:[ C:\Program Files (x86)\Incredibuild\\Temp\BuildsDB_AB42BA03-531E-4A75-828B-3A4C3BC7BD34_1789652000002.gz ], [ C:\Program Files (x86)\Incredibuild\\Temp\CoordinatorDB_AB42BA03-531E-4A75-828B-3A4C3BC7BD34_1789652000002.gz ], upload done for S3:  [ true ]
[2026-09-17 16:33:20.981] [info] [rest_telemetry] [8468] [TelemetryManagement.hpp:137] Telemetry upload completed for zip file:[ C:\Program Files (x86)\Incredibuild\\Temp\DBFiles_AB42BA03-531E-4A75-828B-3A4C3BC7BD34_1789652000002.zip ], upload done for IB Manager (Data Access):  [ true ]
[2026-09-17 16:33:24.067] [info] [rest_module] [8468] [session_handlers.cpp:90] on_session_renew_post - refresh
[2026-09-17 16:43:24.073] [info] [rest_module] [8468] [session_handlers.cpp:90] on_session_renew_post - refresh
[2026-09-17 16:53:24.074] [info] [rest_module] [8468] [session_handlers.cpp:90] on_session_renew_post - refresh
[2026-09-17 17:03:24.087] [info] [rest_module] [8468] [session_handlers.cpp:90] on_session_renew_post - refresh
[2026-09-17 17:13:24.091] [info] [rest_module] [8468] [session_handlers.cpp:90] on_session_renew_post - refresh
[2026-09-17 17:23:24.096] [info] [rest_module] [8468] [session_handlers.cpp:90] on_session_renew_post - refresh
[2026-09-17 17:33:20.013] [info] [rest_database] [8468] [BuildsDatabaseImpl.cpp:258] Builds Database: Deleting tables history records after telemetry gZip file was created [ C:\Program Files (x86)\Incredibuild\\Temp\BuildsDB_AB42BA03-531E-4A75-828B-3A4C3BC7BD34_1789655600009.gz ].
[2026-09-17 17:33:20.019] [info] [rest_database] [8468] [CoordinatorDatabaseImpl.cpp:839] Coordinator Database: Deleting tables history records after telemetry gZip file was created [ C:\Program Files (x86)\Incredibuild\\Temp\CoordinatorDB_AB42BA03-531E-4A75-828B-3A4C3BC7BD34_1789655600009.gz ]. Purge all data = false
[2026-09-17 17:33:20.020] [info] [rest_telemetry] [8468] [TelemetryManagement.hpp:82] buildDbEmpty: [ true ]
[2026-09-17 17:33:21.191] [info] [rest_telemetry] [8468] [TelemetryManagement.hpp:122] Telemetry upload completed for gZip files:[ C:\Program Files (x86)\Incredibuild\\Temp\BuildsDB_AB42BA03-531E-4A75-828B-3A4C3BC7BD34_1789655600009.gz ], [ C:\Program Files (x86)\Incredibuild\\Temp\CoordinatorDB_AB42BA03-531E-4A75-828B-3A4C3BC7BD34_1789655600009.gz ], upload done for S3:  [ true ]
[2026-09-17 17:33:21.212] [info] [rest_telemetry] [8468] [TelemetryManagement.hpp:137] Telemetry upload completed for zip file:[ C:\Program Files (x86)\Incredibuild\\Temp\DBFiles_AB42BA03-531E-4A75-828B-3A4C3BC7BD34_1789655600009.zip ], upload done for IB Manager (Data Access):  [ true ]
[2026-09-17 17:33:24.096] [info] [rest_module] [8468] [session_handlers.cpp:90] on_session_renew_post - refresh
[2026-09-17 17:43:24.099] [info] [rest_module] [8468] [session_handlers.cpp:90] on_session_renew_post - refresh
[2026-09-17 17:53:24.114] [info] [rest_module] [8468] [session_handlers.cpp:90] on_session_renew_post - refresh
[2026-09-17 18:03:24.122] [info] [rest_module] [8468] [session_handlers.cpp:90] on_session_renew_post - refresh
[2026-09-17 18:13:24.132] [info] [rest_module] [8468] [session_handlers.cpp:90] on_session_renew_post - refresh
[2026-09-17 18:23:24.133] [info] [rest_module] [8468] [session_handlers.cpp:90] on_session_renew_post - refresh
[2026-09-17 18:33:21.013] [info] [rest_database] [8468] [BuildsDatabaseImpl.cpp:258] Builds Database: Deleting tables history records after telemetry gZip file was created [ C:\Program Files (x86)\Incredibuild\\Temp\BuildsDB_AB42BA03-531E-4A75-828B-3A4C3BC7BD34_1789659201009.gz ].
[2026-09-17 18:33:21.020] [info] [rest_database] [8468] [CoordinatorDatabaseImpl.cpp:839] Coordinator Database: Deleting tables history records after telemetry gZip file was created [ C:\Program Files (x86)\Incredibuild\\Temp\CoordinatorDB_AB42BA03-531E-4A75-828B-3A4C3BC7BD34_1789659201009.gz ]. Purge all data = false
[2026-09-17 18:33:21.021] [info] [rest_telemetry] [8468] [TelemetryManagement.hpp:82] buildDbEmpty: [ true ]
[2026-09-17 18:33:21.700] [info] [rest_telemetry] [8468] [TelemetryManagement.hpp:122] Telemetry upload completed for gZip files:[ C:\Program Files (x86)\Incredibuild\\Temp\BuildsDB_AB42BA03-531E-4A75-828B-3A4C3BC7BD34_1789659201009.gz ], [ C:\Program Files (x86)\Incredibuild\\Temp\CoordinatorDB_AB42BA03-531E-4A75-828B-3A4C3BC7BD34_1789659201009.gz ], upload done for S3:  [ true ]
[2026-09-17 18:33:21.720] [info] [rest_telemetry] [8468] [TelemetryManagement.hpp:137] Telemetry upload completed for zip file:[ C:\Program Files (x86)\Incredibuild\\Temp\DBFiles_AB42BA03-531E-4A75-828B-3A4C3BC7BD34_1789659201009.zip ], upload done for IB Manager (Data Access):  [ true ]
[2026-09-17 18:33:24.143] [info] [rest_module] [8468] [session_handlers.cpp:90] on_session_renew_post - refresh
[2026-09-17 18:43:24.144] [info] [rest_module] [8468] [session_handlers.cpp:90] on_session_renew_post - refresh
[2026-09-17 18:53:24.159] [info] [rest_module] [8468] [session_handlers.cpp:90] on_session_renew_post - refresh
[2026-09-17 19:03:24.164] [info] [rest_module] [8468] [session_handlers.cpp:90] on_session_renew_post - refresh
[2026-09-17 19:13:24.167] [info] [rest_module] [8468] [session_handlers.cpp:90] on_session_renew_post - refresh
[2026-09-17 19:23:24.179] [info] [rest_module] [8468] [session_handlers.cpp:90] on_session_renew_post - refresh
[2026-09-17 19:33:21.008] [info] [rest_database] [8468] [BuildsDatabaseImpl.cpp:258] Builds Database: Deleting tables history records after telemetry gZip file was created [ C:\Program Files (x86)\Incredibuild\\Temp\BuildsDB_AB42BA03-531E-4A75-828B-3A4C3BC7BD34_1789662801003.gz ].
[2026-09-17 19:33:21.016] [info] [rest_database] [8468] [CoordinatorDatabaseImpl.cpp:839] Coordinator Database: Deleting tables history records after telemetry gZip file was created [ C:\Program Files (x86)\Incredibuild\\Temp\CoordinatorDB_AB42BA03-531E-4A75-828B-3A4C3BC7BD34_1789662801003.gz ]. Purge all data = false
[2026-09-17 19:33:21.017] [info] [rest_telemetry] [8468] [TelemetryManagement.hpp:82] buildDbEmpty: [ true ]
[2026-09-17 19:33:21.703] [info] [rest_telemetry] [8468] [TelemetryManagement.hpp:122] Telemetry upload completed for gZip files:[ C:\Program Files (x86)\Incredibuild\\Temp\BuildsDB_AB42BA03-531E-4A75-828B-3A4C3BC7BD34_1789662801003.gz ], [ C:\Program Files (x86)\Incredibuild\\Temp\CoordinatorDB_AB42BA03-531E-4A75-828B-3A4C3BC7BD34_1789662801003.gz ], upload done for S3:  [ true ]
[2026-09-17 19:33:21.729] [info] [rest_telemetry] [8468] [TelemetryManagement.hpp:137] Telemetry upload completed for zip file:[ C:\Program Files (x86)\Incredibuild\\Temp\DBFiles_AB42BA03-531E-4A75-828B-3A4C3BC7BD34_1789662801003.zip ], upload done for IB Manager (Data Access):  [ true ]
[2026-09-17 19:33:24.188] [info] [rest_module] [8468] [session_handlers.cpp:90] on_session_renew_post - refresh
[2026-09-17 19:43:24.205] [info] [rest_module] [8468] [session_handlers.cpp:90] on_session_renew_post - refresh
[2026-09-17 19:53:24.204] [info] [rest_module] [8468] [session_handlers.cpp:90] on_session_renew_post - refresh
[2026-09-17 20:03:24.211] [info] [rest_module] [8468] [session_handlers.cpp:90] on_session_renew_post - refresh
[2026-09-17 20:13:24.218] [info] [rest_module] [8468] [session_handlers.cpp:90] on_session_renew_post - refresh
[2026-09-17 20:23:24.228] [info] [rest_module] [8468] [session_handlers.cpp:90] on_session_renew_post - refresh
[2026-09-17 20:33:21.007] [info] [rest_database] [8468] [BuildsDatabaseImpl.cpp:258] Builds Database: Deleting tables history records after telemetry gZip file was created [ C:\Program Files (x86)\Incredibuild\\Temp\BuildsDB_AB42BA03-531E-4A75-828B-3A4C3BC7BD34_1789666401001.gz ].
[2026-09-17 20:33:21.016] [info] [rest_database] [8468] [CoordinatorDatabaseImpl.cpp:839] Coordinator Database: Deleting tables history records after telemetry gZip file was created [ C:\Program Files (x86)\Incredibuild\\Temp\CoordinatorDB_AB42BA03-531E-4A75-828B-3A4C3BC7BD34_1789666401001.gz ]. Purge all data = false
[2026-09-17 20:33:21.017] [info] [rest_telemetry] [8468] [TelemetryManagement.hpp:82] buildDbEmpty: [ true ]
[2026-09-17 20:33:21.733] [info] [rest_telemetry] [8468] [TelemetryManagement.hpp:122] Telemetry upload completed for gZip files:[ C:\Program Files (x86)\Incredibuild\\Temp\BuildsDB_AB42BA03-531E-4A75-828B-3A4C3BC7BD34_1789666401001.gz ], [ C:\Program Files (x86)\Incredibuild\\Temp\CoordinatorDB_AB42BA03-531E-4A75-828B-3A4C3BC7BD34_1789666401001.gz ], upload done for S3:  [ true ]
[2026-09-17 20:33:21.760] [info] [rest_telemetry] [8468] [TelemetryManagement.hpp:137] Telemetry upload completed for zip file:[ C:\Program Files (x86)\Incredibuild\\Temp\DBFiles_AB42BA03-531E-4A75-828B-3A4C3BC7BD34_1789666401001.zip ], upload done for IB Manager (Data Access):  [ true ]
[2026-09-17 20:33:24.242] [info] [rest_module] [8468] [session_handlers.cpp:90] on_session_renew_post - refresh
[2026-09-17 20:43:24.256] [info] [rest_module] [8468] [session_handlers.cpp:90] on_session_renew_post - refresh
[2026-09-17 20:53:24.259] [info] [rest_module] [8468] [session_handlers.cpp:90] on_session_renew_post - refresh
[2026-09-17 21:03:24.261] [info] [rest_module] [8468] [session_handlers.cpp:90] on_session_renew_post - refresh
[2026-09-17 21:13:24.273] [info] [rest_module] [8468] [session_handlers.cpp:90] on_session_renew_post - refresh
[2026-09-17 21:23:24.286] [info] [rest_module] [8468] [session_handlers.cpp:90] on_session_renew_post - refresh
[2026-09-17 21:33:21.013] [info] [rest_database] [8468] [BuildsDatabaseImpl.cpp:258] Builds Database: Deleting tables history records after telemetry gZip file was created [ C:\Program Files (x86)\Incredibuild\\Temp\BuildsDB_AB42BA03-531E-4A75-828B-3A4C3BC7BD34_1789670001009.gz ].
[2026-09-17 21:33:21.019] [info] [rest_database] [8468] [CoordinatorDatabaseImpl.cpp:839] Coordinator Database: Deleting tables history records after telemetry gZip file was created [ C:\Program Files (x86)\Incredibuild\\Temp\CoordinatorDB_AB42BA03-531E-4A75-828B-3A4C3BC7BD34_1789670001009.gz ]. Purge all data = false
[2026-09-17 21:33:21.020] [info] [rest_telemetry] [8468] [TelemetryManagement.hpp:82] buildDbEmpty: [ true ]
[2026-09-17 21:33:21.725] [info] [rest_telemetry] [8468] [TelemetryManagement.hpp:122] Telemetry upload completed for gZip files:[ C:\Program Files (x86)\Incredibuild\\Temp\BuildsDB_AB42BA03-531E-4A75-828B-3A4C3BC7BD34_1789670001009.gz ], [ C:\Program Files (x86)\Incredibuild\\Temp\CoordinatorDB_AB42BA03-531E-4A75-828B-3A4C3BC7BD34_1789670001009.gz ], upload done for S3:  [ true ]
[2026-09-17 21:33:21.745] [info] [rest_telemetry] [8468] [TelemetryManagement.hpp:137] Telemetry upload completed for zip file:[ C:\Program Files (x86)\Incredibuild\\Temp\DBFiles_AB42BA03-531E-4A75-828B-3A4C3BC7BD34_1789670001009.zip ], upload done for IB Manager (Data Access):  [ true ]
[2026-09-17 21:33:24.289] [info] [rest_module] [8468] [session_handlers.cpp:90] on_session_renew_post - refresh
[2026-09-17 21:43:24.303] [info] [rest_module] [8468] [session_handlers.cpp:90] on_session_renew_post - refresh
[2026-09-17 21:53:24.314] [info] [rest_module] [8468] [session_handlers.cpp:90] on_session_renew_post - refresh
[2026-09-17 22:03:24.317] [info] [rest_module] [8468] [session_handlers.cpp:90] on_session_renew_post - refresh
[2026-09-17 22:13:24.324] [info] [rest_module] [8468] [session_handlers.cpp:90] on_session_renew_post - refresh
[2026-09-17 22:23:24.339] [info] [rest_module] [8468] [session_handlers.cpp:90] on_session_renew_post - refresh
[2026-09-17 22:33:21.017] [info] [rest_database] [8468] [BuildsDatabaseImpl.cpp:258] Builds Database: Deleting tables history records after telemetry gZip file was created [ C:\Program Files (x86)\Incredibuild\\Temp\BuildsDB_AB42BA03-531E-4A75-828B-3A4C3BC7BD34_1789673601010.gz ].
[2026-09-17 22:33:21.024] [info] [rest_database] [8468] [CoordinatorDatabaseImpl.cpp:839] Coordinator Database: Deleting tables history records after telemetry gZip file was created [ C:\Program Files (x86)\Incredibuild\\Temp\CoordinatorDB_AB42BA03-531E-4A75-828B-3A4C3BC7BD34_1789673601010.gz ]. Purge all data = false
[2026-09-17 22:33:21.024] [info] [rest_telemetry] [8468] [TelemetryManagement.hpp:82] buildDbEmpty: [ true ]
[2026-09-17 22:33:21.632] [info] [rest_telemetry] [8468] [TelemetryManagement.hpp:122] Telemetry upload completed for gZip files:[ C:\Program Files (x86)\Incredibuild\\Temp\BuildsDB_AB42BA03-531E-4A75-828B-3A4C3BC7BD34_1789673601010.gz ], [ C:\Program Files (x86)\Incredibuild\\Temp\CoordinatorDB_AB42BA03-531E-4A75-828B-3A4C3BC7BD34_1789673601010.gz ], upload done for S3:  [ true ]
[2026-09-17 22:33:21.656] [info] [rest_telemetry] [8468] [TelemetryManagement.hpp:137] Telemetry upload completed for zip file:[ C:\Program Files (x86)\Incredibuild\\Temp\DBFiles_AB42BA03-531E-4A75-828B-3A4C3BC7BD34_1789673601010.zip ], upload done for IB Manager (Data Access):  [ true ]
[2026-09-17 22:33:24.352] [info] [rest_module] [8468] [session_handlers.cpp:90] on_session_renew_post - refresh
[2026-09-17 22:43:24.352] [info] [rest_module] [8468] [session_handlers.cpp:90] on_session_renew_post - refresh
[2026-09-17 22:53:24.356] [info] [rest_module] [8468] [session_handlers.cpp:90] on_session_renew_post - refresh
[2026-09-17 23:03:24.367] [info] [rest_module] [8468] [session_handlers.cpp:90] on_session_renew_post - refresh
[2026-09-17 23:13:24.378] [info] [rest_module] [8468] [session_handlers.cpp:90] on_session_renew_post - refresh
[2026-09-17 23:23:24.390] [info] [rest_module] [8468] [session_handlers.cpp:90] on_session_renew_post - refresh
[2026-09-17 23:33:21.009] [info] [rest_database] [8468] [BuildsDatabaseImpl.cpp:258] Builds Database: Deleting tables history records after telemetry gZip file was created [ C:\Program Files (x86)\Incredibuild\\Temp\BuildsDB_AB42BA03-531E-4A75-828B-3A4C3BC7BD34_1789677201005.gz ].
[2026-09-17 23:33:21.014] [info] [rest_database] [8468] [CoordinatorDatabaseImpl.cpp:839] Coordinator Database: Deleting tables history records after telemetry gZip file was created [ C:\Program Files (x86)\Incredibuild\\Temp\CoordinatorDB_AB42BA03-531E-4A75-828B-3A4C3BC7BD34_1789677201005.gz ]. Purge all data = false
[2026-09-17 23:33:21.015] [info] [rest_telemetry] [8468] [TelemetryManagement.hpp:82] buildDbEmpty: [ true ]
[2026-09-17 23:33:24.403] [info] [rest_module] [8468] [session_handlers.cpp:90] on_session_renew_post - refresh
[2026-09-17 23:33:48.787] [info] [rest_telemetry] [8468] [TelemetryManagement.hpp:122] Telemetry upload completed for gZip files:[ C:\Program Files (x86)\Incredibuild\\Temp\BuildsDB_AB42BA03-531E-4A75-828B-3A4C3BC7BD34_1789677201005.gz ], [ C:\Program Files (x86)\Incredibuild\\Temp\CoordinatorDB_AB42BA03-531E-4A75-828B-3A4C3BC7BD34_1789677201005.gz ], upload done for S3:  [ true ]
[2026-09-17 23:33:48.809] [info] [rest_telemetry] [8468] [TelemetryManagement.hpp:137] Telemetry upload completed for zip file:[ C:\Program Files (x86)\Incredibuild\\Temp\DBFiles_AB42BA03-531E-4A75-828B-3A4C3BC7BD34_1789677201005.zip ], upload done for IB Manager (Data Access):  [ true ]
[2026-09-17 23:43:24.412] [info] [rest_module] [8468] [session_handlers.cpp:90] on_session_renew_post - refresh
[2026-09-17 23:53:24.421] [info] [rest_module] [8468] [session_handlers.cpp:90] on_session_renew_post - refresh
[2026-09-18 00:03:24.430] [info] [rest_module] [8468] [session_handlers.cpp:90] on_session_renew_post - refresh
[2026-09-18 00:13:24.439] [info] [rest_module] [8468] [session_handlers.cpp:90] on_session_renew_post - refresh
[2026-09-18 00:23:24.440] [info] [rest_module] [8468] [session_handlers.cpp:90] on_session_renew_post - refresh
[2026-09-18 00:33:24.451] [info] [rest_module] [8468] [session_handlers.cpp:90] on_session_renew_post - refresh
[2026-09-18 00:33:48.015] [info] [rest_database] [8468] [BuildsDatabaseImpl.cpp:258] Builds Database: Deleting tables history records after telemetry gZip file was created [ C:\Program Files (x86)\Incredibuild\\Temp\BuildsDB_AB42BA03-531E-4A75-828B-3A4C3BC7BD34_1789680828012.gz ].
[2026-09-18 00:33:48.022] [info] [rest_database] [8468] [CoordinatorDatabaseImpl.cpp:839] Coordinator Database: Deleting tables history records after telemetry gZip file was created [ C:\Program Files (x86)\Incredibuild\\Temp\CoordinatorDB_AB42BA03-531E-4A75-828B-3A4C3BC7BD34_1789680828012.gz ]. Purge all data = false
[2026-09-18 00:33:48.022] [info] [rest_telemetry] [8468] [TelemetryManagement.hpp:82] buildDbEmpty: [ true ]
[2026-09-18 00:33:48.675] [info] [rest_telemetry] [8468] [TelemetryManagement.hpp:122] Telemetry upload completed for gZip files:[ C:\Program Files (x86)\Incredibuild\\Temp\BuildsDB_AB42BA03-531E-4A75-828B-3A4C3BC7BD34_1789680828012.gz ], [ C:\Program Files (x86)\Incredibuild\\Temp\CoordinatorDB_AB42BA03-531E-4A75-828B-3A4C3BC7BD34_1789680828012.gz ], upload done for S3:  [ true ]
[2026-09-18 00:33:48.694] [info] [rest_telemetry] [8468] [TelemetryManagement.hpp:137] Telemetry upload completed for zip file:[ C:\Program Files (x86)\Incredibuild\\Temp\DBFiles_AB42BA03-531E-4A75-828B-3A4C3BC7BD34_1789680828012.zip ], upload done for IB Manager (Data Access):  [ true ]
[2026-09-18 00:43:24.462] [info] [rest_module] [8468] [session_handlers.cpp:90] on_session_renew_post - refresh
[2026-09-18 00:53:24.476] [info] [rest_module] [8468] [session_handlers.cpp:90] on_session_renew_post - refresh
[2026-09-18 01:03:24.479] [info] [rest_module] [8468] [session_handlers.cpp:90] on_session_renew_post - refresh
[2026-09-18 01:13:24.484] [info] [rest_module] [8468] [session_handlers.cpp:90] on_session_renew_post - refresh
[2026-09-18 01:23:24.497] [info] [rest_module] [8468] [session_handlers.cpp:90] on_session_renew_post - refresh
[2026-09-18 01:33:24.497] [info] [rest_module] [8468] [session_handlers.cpp:90] on_session_renew_post - refresh
[2026-09-18 01:33:48.011] [info] [rest_database] [8468] [BuildsDatabaseImpl.cpp:258] Builds Database: Deleting tables history records after telemetry gZip file was created [ C:\Program Files (x86)\Incredibuild\\Temp\BuildsDB_AB42BA03-531E-4A75-828B-3A4C3BC7BD34_1789684428006.gz ].
[2026-09-18 01:33:48.035] [info] [rest_database] [8468] [CoordinatorDatabaseImpl.cpp:839] Coordinator Database: Deleting tables history records after telemetry gZip file was created [ C:\Program Files (x86)\Incredibuild\\Temp\CoordinatorDB_AB42BA03-531E-4A75-828B-3A4C3BC7BD34_1789684428006.gz ]. Purge all data = false
[2026-09-18 01:33:48.035] [info] [rest_telemetry] [8468] [TelemetryManagement.hpp:82] buildDbEmpty: [ true ]
[2026-09-18 01:33:48.688] [info] [rest_telemetry] [8468] [TelemetryManagement.hpp:122] Telemetry upload completed for gZip files:[ C:\Program Files (x86)\Incredibuild\\Temp\BuildsDB_AB42BA03-531E-4A75-828B-3A4C3BC7BD34_1789684428006.gz ], [ C:\Program Files (x86)\Incredibuild\\Temp\CoordinatorDB_AB42BA03-531E-4A75-828B-3A4C3BC7BD34_1789684428006.gz ], upload done for S3:  [ true ]
[2026-09-18 01:33:48.726] [info] [rest_telemetry] [8468] [TelemetryManagement.hpp:137] Telemetry upload completed for zip file:[ C:\Program Files (x86)\Incredibuild\\Temp\DBFiles_AB42BA03-531E-4A75-828B-3A4C3BC7BD34_1789684428006.zip ], upload done for IB Manager (Data Access):  [ true ]
[2026-09-18 01:43:24.511] [info] [rest_module] [8468] [session_handlers.cpp:90] on_session_renew_post - refresh
[2026-09-18 01:53:24.524] [info] [rest_module] [8468] [session_handlers.cpp:90] on_session_renew_post - refresh
[2026-09-18 02:03:24.532] [info] [rest_module] [8468] [session_handlers.cpp:90] on_session_renew_post - refresh
[2026-09-18 02:13:24.534] [info] [rest_module] [8468] [session_handlers.cpp:90] on_session_renew_post - refresh
[2026-09-18 02:23:24.547] [info] [rest_module] [8468] [session_handlers.cpp:90] on_session_renew_post - refresh
[2026-09-18 02:33:24.552] [info] [rest_module] [8468] [session_handlers.cpp:90] on_session_renew_post - refresh
[2026-09-18 02:33:48.010] [info] [rest_database] [8468] [BuildsDatabaseImpl.cpp:258] Builds Database: Deleting tables history records after telemetry gZip file was created [ C:\Program Files (x86)\Incredibuild\\Temp\BuildsDB_AB42BA03-531E-4A75-828B-3A4C3BC7BD34_1789688028003.gz ].
[2026-09-18 02:33:48.018] [info] [rest_database] [8468] [CoordinatorDatabaseImpl.cpp:839] Coordinator Database: Deleting tables history records after telemetry gZip file was created [ C:\Program Files (x86)\Incredibuild\\Temp\CoordinatorDB_AB42BA03-531E-4A75-828B-3A4C3BC7BD34_1789688028003.gz ]. Purge all data = false
[2026-09-18 02:33:48.019] [info] [rest_telemetry] [8468] [TelemetryManagement.hpp:82] buildDbEmpty: [ true ]
[2026-09-18 02:33:48.666] [info] [rest_telemetry] [8468] [TelemetryManagement.hpp:122] Telemetry upload completed for gZip files:[ C:\Program Files (x86)\Incredibuild\\Temp\BuildsDB_AB42BA03-531E-4A75-828B-3A4C3BC7BD34_1789688028003.gz ], [ C:\Program Files (x86)\Incredibuild\\Temp\CoordinatorDB_AB42BA03-531E-4A75-828B-3A4C3BC7BD34_1789688028003.gz ], upload done for S3:  [ true ]
[2026-09-18 02:33:48.691] [info] [rest_telemetry] [8468] [TelemetryManagement.hpp:137] Telemetry upload completed for zip file:[ C:\Program Files (x86)\Incredibuild\\Temp\DBFiles_AB42BA03-531E-4A75-828B-3A4C3BC7BD34_1789688028003.zip ], upload done for IB Manager (Data Access):  [ true ]
[2026-09-18 02:43:24.566] [info] [rest_module] [8468] [session_handlers.cpp:90] on_session_renew_post - refresh
[2026-09-18 02:53:24.573] [info] [rest_module] [8468] [session_handlers.cpp:90] on_session_renew_post - refresh
[2026-09-18 03:03:24.577] [info] [rest_module] [8468] [session_handlers.cpp:90] on_session_renew_post - refresh
[2026-09-18 03:13:24.582] [info] [rest_module] [8468] [session_handlers.cpp:90] on_session_renew_post - refresh
[2026-09-18 03:23:24.593] [info] [rest_module] [8468] [session_handlers.cpp:90] on_session_renew_post - refresh
[2026-09-18 03:33:24.602] [info] [rest_module] [8468] [session_handlers.cpp:90] on_session_renew_post - refresh
[2026-09-18 03:33:48.016] [info] [rest_database] [8468] [BuildsDatabaseImpl.cpp:258] Builds Database: Deleting tables history records after telemetry gZip file was created [ C:\Program Files (x86)\Incredibuild\\Temp\BuildsDB_AB42BA03-531E-4A75-828B-3A4C3BC7BD34_1789691628008.gz ].
[2026-09-18 03:33:48.023] [info] [rest_database] [8468] [CoordinatorDatabaseImpl.cpp:839] Coordinator Database: Deleting tables history records after telemetry gZip file was created [ C:\Program Files (x86)\Incredibuild\\Temp\CoordinatorDB_AB42BA03-531E-4A75-828B-3A4C3BC7BD34_1789691628008.gz ]. Purge all data = false
[2026-09-18 03:33:48.026] [info] [rest_telemetry] [8468] [TelemetryManagement.hpp:82] buildDbEmpty: [ true ]
[2026-09-18 03:33:48.698] [info] [rest_telemetry] [8468] [TelemetryManagement.hpp:122] Telemetry upload completed for gZip files:[ C:\Program Files (x86)\Incredibuild\\Temp\BuildsDB_AB42BA03-531E-4A75-828B-3A4C3BC7BD34_1789691628008.gz ], [ C:\Program Files (x86)\Incredibuild\\Temp\CoordinatorDB_AB42BA03-531E-4A75-828B-3A4C3BC7BD34_1789691628008.gz ], upload done for S3:  [ true ]
[2026-09-18 03:33:48.722] [info] [rest_telemetry] [8468] [TelemetryManagement.hpp:137] Telemetry upload completed for zip file:[ C:\Program Files (x86)\Incredibuild\\Temp\DBFiles_AB42BA03-531E-4A75-828B-3A4C3BC7BD34_1789691628008.zip ], upload done for IB Manager (Data Access):  [ true ]
[2026-09-18 03:43:24.606] [info] [rest_module] [8468] [session_handlers.cpp:90] on_session_renew_post - refresh
[2026-09-18 03:53:24.608] [info] [rest_module] [8468] [session_handlers.cpp:90] on_session_renew_post - refresh
[2026-09-18 04:03:24.623] [info] [rest_module] [8468] [session_handlers.cpp:90] on_session_renew_post - refresh
[2026-09-18 04:13:24.636] [info] [rest_module] [8468] [session_handlers.cpp:90] on_session_renew_post - refresh
[2026-09-18 04:23:24.640] [info] [rest_module] [8468] [session_handlers.cpp:90] on_session_renew_post - refresh
[2026-09-18 04:33:24.647] [info] [rest_module] [8468] [session_handlers.cpp:90] on_session_renew_post - refresh
[2026-09-18 04:33:48.010] [info] [rest_database] [8468] [BuildsDatabaseImpl.cpp:258] Builds Database: Deleting tables history records after telemetry gZip file was created [ C:\Program Files (x86)\Incredibuild\\Temp\BuildsDB_AB42BA03-531E-4A75-828B-3A4C3BC7BD34_1789695228004.gz ].
[2026-09-18 04:33:48.019] [info] [rest_database] [8468] [CoordinatorDatabaseImpl.cpp:839] Coordinator Database: Deleting tables history records after telemetry gZip file was created [ C:\Program Files (x86)\Incredibuild\\Temp\CoordinatorDB_AB42BA03-531E-4A75-828B-3A4C3BC7BD34_1789695228004.gz ]. Purge all data = false
[2026-09-18 04:33:48.020] [info] [rest_telemetry] [8468] [TelemetryManagement.hpp:82] buildDbEmpty: [ true ]
[2026-09-18 04:33:48.680] [info] [rest_telemetry] [8468] [TelemetryManagement.hpp:122] Telemetry upload completed for gZip files:[ C:\Program Files (x86)\Incredibuild\\Temp\BuildsDB_AB42BA03-531E-4A75-828B-3A4C3BC7BD34_1789695228004.gz ], [ C:\Program Files (x86)\Incredibuild\\Temp\CoordinatorDB_AB42BA03-531E-4A75-828B-3A4C3BC7BD34_1789695228004.gz ], upload done for S3:  [ true ]
[2026-09-18 04:33:48.705] [info] [rest_telemetry] [8468] [TelemetryManagement.hpp:137] Telemetry upload completed for zip file:[ C:\Program Files (x86)\Incredibuild\\Temp\DBFiles_AB42BA03-531E-4A75-828B-3A4C3BC7BD34_1789695228004.zip ], upload done for IB Manager (Data Access):  [ true ]
[2026-09-18 04:43:24.656] [info] [rest_module] [8468] [session_handlers.cpp:90] on_session_renew_post - refresh
[2026-09-18 04:53:24.663] [info] [rest_module] [8468] [session_handlers.cpp:90] on_session_renew_post - refresh
[2026-09-18 05:03:24.678] [info] [rest_module] [8468] [session_handlers.cpp:90] on_session_renew_post - refresh
[2026-09-18 05:13:24.684] [info] [rest_module] [8468] [session_handlers.cpp:90] on_session_renew_post - refresh
[2026-09-18 05:23:24.692] [info] [rest_module] [8468] [session_handlers.cpp:90] on_session_renew_post - refresh
[2026-09-18 05:33:24.704] [info] [rest_module] [8468] [session_handlers.cpp:90] on_session_renew_post - refresh
[2026-09-18 05:33:48.015] [info] [rest_database] [8468] [BuildsDatabaseImpl.cpp:258] Builds Database: Deleting tables history records after telemetry gZip file was created [ C:\Program Files (x86)\Incredibuild\\Temp\BuildsDB_AB42BA03-531E-4A75-828B-3A4C3BC7BD34_1789698828012.gz ].
[2026-09-18 05:33:48.022] [info] [rest_database] [8468] [CoordinatorDatabaseImpl.cpp:839] Coordinator Database: Deleting tables history records after telemetry gZip file was created [ C:\Program Files (x86)\Incredibuild\\Temp\CoordinatorDB_AB42BA03-531E-4A75-828B-3A4C3BC7BD34_1789698828012.gz ]. Purge all data = false
[2026-09-18 05:33:48.023] [info] [rest_telemetry] [8468] [TelemetryManagement.hpp:82] buildDbEmpty: [ true ]
[2026-09-18 05:33:48.719] [info] [rest_telemetry] [8468] [TelemetryManagement.hpp:122] Telemetry upload completed for gZip files:[ C:\Program Files (x86)\Incredibuild\\Temp\BuildsDB_AB42BA03-531E-4A75-828B-3A4C3BC7BD34_1789698828012.gz ], [ C:\Program Files (x86)\Incredibuild\\Temp\CoordinatorDB_AB42BA03-531E-4A75-828B-3A4C3BC7BD34_1789698828012.gz ], upload done for S3:  [ true ]
[2026-09-18 05:33:48.738] [info] [rest_telemetry] [8468] [TelemetryManagement.hpp:137] Telemetry upload completed for zip file:[ C:\Program Files (x86)\Incredibuild\\Temp\DBFiles_AB42BA03-531E-4A75-828B-3A4C3BC7BD34_1789698828012.zip ], upload done for IB Manager (Data Access):  [ true ]
[2026-09-18 05:43:24.705] [info] [rest_module] [8468] [session_handlers.cpp:90] on_session_renew_post - refresh
[2026-09-18 05:53:24.709] [info] [rest_module] [8468] [session_handlers.cpp:90] on_session_renew_post - refresh
[2026-09-18 06:03:24.723] [info] [rest_module] [8468] [session_handlers.cpp:90] on_session_renew_post - refresh
[2026-09-18 06:13:24.726] [info] [rest_module] [8468] [session_handlers.cpp:90] on_session_renew_post - refresh
[2026-09-18 06:23:24.742] [info] [rest_module] [8468] [session_handlers.cpp:90] on_session_renew_post - refresh
[2026-09-18 06:33:24.745] [info] [rest_module] [8468] [session_handlers.cpp:90] on_session_renew_post - refresh
[2026-09-18 06:33:48.006] [info] [rest_database] [8468] [BuildsDatabaseImpl.cpp:258] Builds Database: Deleting tables history records after telemetry gZip file was created [ C:\Program Files (x86)\Incredibuild\\Temp\BuildsDB_AB42BA03-531E-4A75-828B-3A4C3BC7BD34_1789702428001.gz ].
[2026-09-18 06:33:48.013] [info] [rest_database] [8468] [CoordinatorDatabaseImpl.cpp:839] Coordinator Database: Deleting tables history records after telemetry gZip file was created [ C:\Program Files (x86)\Incredibuild\\Temp\CoordinatorDB_AB42BA03-531E-4A75-828B-3A4C3BC7BD34_1789702428001.gz ]. Purge all data = false
[2026-09-18 06:33:48.014] [info] [rest_telemetry] [8468] [TelemetryManagement.hpp:82] buildDbEmpty: [ true ]
[2026-09-18 06:33:48.670] [info] [rest_telemetry] [8468] [TelemetryManagement.hpp:122] Telemetry upload completed for gZip files:[ C:\Program Files (x86)\Incredibuild\\Temp\BuildsDB_AB42BA03-531E-4A75-828B-3A4C3BC7BD34_1789702428001.gz ], [ C:\Program Files (x86)\Incredibuild\\Temp\CoordinatorDB_AB42BA03-531E-4A75-828B-3A4C3BC7BD34_1789702428001.gz ], upload done for S3:  [ true ]
[2026-09-18 06:33:48.694] [info] [rest_telemetry] [8468] [TelemetryManagement.hpp:137] Telemetry upload completed for zip file:[ C:\Program Files (x86)\Incredibuild\\Temp\DBFiles_AB42BA03-531E-4A75-828B-3A4C3BC7BD34_1789702428001.zip ], upload done for IB Manager (Data Access):  [ true ]
[2026-09-18 06:43:24.747] [info] [rest_module] [8468] [session_handlers.cpp:90] on_session_renew_post - refresh
[2026-09-18 06:53:24.757] [info] [rest_module] [8468] [session_handlers.cpp:90] on_session_renew_post - refresh
[2026-09-18 07:03:24.773] [info] [rest_module] [8468] [session_handlers.cpp:90] on_session_renew_post - refresh
[2026-09-18 07:13:24.788] [info] [rest_module] [8468] [session_handlers.cpp:90] on_session_renew_post - refresh
[2026-09-18 07:23:24.804] [info] [rest_module] [8468] [session_handlers.cpp:90] on_session_renew_post - refresh
[2026-09-18 07:33:24.804] [info] [rest_module] [8468] [session_handlers.cpp:90] on_session_renew_post - refresh
[2026-09-18 07:33:48.010] [info] [rest_database] [8468] [BuildsDatabaseImpl.cpp:258] Builds Database: Deleting tables history records after telemetry gZip file was created [ C:\Program Files (x86)\Incredibuild\\Temp\BuildsDB_AB42BA03-531E-4A75-828B-3A4C3BC7BD34_1789706028007.gz ].
[2026-09-18 07:33:48.016] [info] [rest_database] [8468] [CoordinatorDatabaseImpl.cpp:839] Coordinator Database: Deleting tables history records after telemetry gZip file was created [ C:\Program Files (x86)\Incredibuild\\Temp\CoordinatorDB_AB42BA03-531E-4A75-828B-3A4C3BC7BD34_1789706028007.gz ]. Purge all data = false
[2026-09-18 07:33:48.016] [info] [rest_telemetry] [8468] [TelemetryManagement.hpp:82] buildDbEmpty: [ true ]
[2026-09-18 07:33:48.599] [info] [rest_telemetry] [8468] [TelemetryManagement.hpp:122] Telemetry upload completed for gZip files:[ C:\Program Files (x86)\Incredibuild\\Temp\BuildsDB_AB42BA03-531E-4A75-828B-3A4C3BC7BD34_1789706028007.gz ], [ C:\Program Files (x86)\Incredibuild\\Temp\CoordinatorDB_AB42BA03-531E-4A75-828B-3A4C3BC7BD34_1789706028007.gz ], upload done for S3:  [ true ]
[2026-09-18 07:33:48.622] [info] [rest_telemetry] [8468] [TelemetryManagement.hpp:137] Telemetry upload completed for zip file:[ C:\Program Files (x86)\Incredibuild\\Temp\DBFiles_AB42BA03-531E-4A75-828B-3A4C3BC7BD34_1789706028007.zip ], upload done for IB Manager (Data Access):  [ true ]
[2026-09-18 07:43:24.816] [info] [rest_module] [8468] [session_handlers.cpp:90] on_session_renew_post - refresh
[2026-09-18 07:53:24.832] [info] [rest_module] [8468] [session_handlers.cpp:90] on_session_renew_post - refresh
[2026-09-18 08:03:24.837] [info] [rest_module] [8468] [session_handlers.cpp:90] on_session_renew_post - refresh
[2026-09-18 08:13:24.848] [info] [rest_module] [8468] [session_handlers.cpp:90] on_session_renew_post - refresh
[2026-09-18 08:23:24.858] [info] [rest_module] [8468] [session_handlers.cpp:90] on_session_renew_post - refresh
[2026-09-18 08:33:24.873] [info] [rest_module] [8468] [session_handlers.cpp:90] on_session_renew_post - refresh
[2026-09-18 08:33:48.007] [info] [rest_database] [8468] [BuildsDatabaseImpl.cpp:258] Builds Database: Deleting tables history records after telemetry gZip file was created [ C:\Program Files (x86)\Incredibuild\\Temp\BuildsDB_AB42BA03-531E-4A75-828B-3A4C3BC7BD34_1789709628001.gz ].
[2026-09-18 08:33:48.014] [info] [rest_database] [8468] [CoordinatorDatabaseImpl.cpp:839] Coordinator Database: Deleting tables history records after telemetry gZip file was created [ C:\Program Files (x86)\Incredibuild\\Temp\CoordinatorDB_AB42BA03-531E-4A75-828B-3A4C3BC7BD34_1789709628001.gz ]. Purge all data = false
[2026-09-18 08:33:48.015] [info] [rest_telemetry] [8468] [TelemetryManagement.hpp:82] buildDbEmpty: [ true ]
[2026-09-18 08:33:48.718] [info] [rest_telemetry] [8468] [TelemetryManagement.hpp:122] Telemetry upload completed for gZip files:[ C:\Program Files (x86)\Incredibuild\\Temp\BuildsDB_AB42BA03-531E-4A75-828B-3A4C3BC7BD34_1789709628001.gz ], [ C:\Program Files (x86)\Incredibuild\\Temp\CoordinatorDB_AB42BA03-531E-4A75-828B-3A4C3BC7BD34_1789709628001.gz ], upload done for S3:  [ true ]
[2026-09-18 08:33:48.743] [info] [rest_telemetry] [8468] [TelemetryManagement.hpp:137] Telemetry upload completed for zip file:[ C:\Program Files (x86)\Incredibuild\\Temp\DBFiles_AB42BA03-531E-4A75-828B-3A4C3BC7BD34_1789709628001.zip ], upload done for IB Manager (Data Access):  [ true ]
[2026-09-18 08:43:24.873] [info] [rest_module] [8468] [session_handlers.cpp:90] on_session_renew_post - refresh
[2026-09-18 08:53:24.890] [info] [rest_module] [8468] [session_handlers.cpp:90] on_session_renew_post - refresh
[2026-09-18 09:03:24.899] [info] [rest_module] [8468] [session_handlers.cpp:90] on_session_renew_post - refresh
[2026-09-18 09:13:24.902] [info] [rest_module] [8468] [session_handlers.cpp:90] on_session_renew_post - refresh
[2026-09-18 09:23:24.910] [info] [rest_module] [8468] [session_handlers.cpp:90] on_session_renew_post - refresh
[2026-09-18 09:33:24.928] [info] [rest_module] [8468] [session_handlers.cpp:90] on_session_renew_post - refresh
[2026-09-18 09:33:48.014] [info] [rest_database] [8468] [BuildsDatabaseImpl.cpp:258] Builds Database: Deleting tables history records after telemetry gZip file was created [ C:\Program Files (x86)\Incredibuild\\Temp\BuildsDB_AB42BA03-531E-4A75-828B-3A4C3BC7BD34_1789713228008.gz ].
[2026-09-18 09:33:48.021] [info] [rest_database] [8468] [CoordinatorDatabaseImpl.cpp:839] Coordinator Database: Deleting tables history records after telemetry gZip file was created [ C:\Program Files (x86)\Incredibuild\\Temp\CoordinatorDB_AB42BA03-531E-4A75-828B-3A4C3BC7BD34_1789713228008.gz ]. Purge all data = false
[2026-09-18 09:33:48.021] [info] [rest_telemetry] [8468] [TelemetryManagement.hpp:82] buildDbEmpty: [ true ]
[2026-09-18 09:33:48.700] [info] [rest_telemetry] [8468] [TelemetryManagement.hpp:122] Telemetry upload completed for gZip files:[ C:\Program Files (x86)\Incredibuild\\Temp\BuildsDB_AB42BA03-531E-4A75-828B-3A4C3BC7BD34_1789713228008.gz ], [ C:\Program Files (x86)\Incredibuild\\Temp\CoordinatorDB_AB42BA03-531E-4A75-828B-3A4C3BC7BD34_1789713228008.gz ], upload done for S3:  [ true ]
[2026-09-18 09:33:48.725] [info] [rest_telemetry] [8468] [TelemetryManagement.hpp:137] Telemetry upload completed for zip file:[ C:\Program Files (x86)\Incredibuild\\Temp\DBFiles_AB42BA03-531E-4A75-828B-3A4C3BC7BD34_1789713228008.zip ], upload done for IB Manager (Data Access):  [ true ]
[2026-09-18 09:43:24.941] [info] [rest_module] [8468] [session_handlers.cpp:90] on_session_renew_post - refresh
[2026-09-18 09:53:24.954] [info] [rest_module] [8468] [session_handlers.cpp:90] on_session_renew_post - refresh
[2026-09-18 10:03:24.954] [info] [rest_module] [8468] [session_handlers.cpp:90] on_session_renew_post - refresh
[2026-09-18 10:13:24.960] [info] [rest_module] [8468] [session_handlers.cpp:90] on_session_renew_post - refresh
[2026-09-18 10:13:24.969] [warning] [rest_business_logic] [8468] [rest_api.cpp:124] Fail to authenticate: Fail to authenticate
[2026-09-18 10:23:24.965] [info] [rest_module] [8468] [session_handlers.cpp:90] on_session_renew_post - refresh
[2026-09-18 10:33:24.970] [info] [rest_module] [8468] [session_handlers.cpp:90] on_session_renew_post - refresh
[2026-09-18 10:33:48.017] [info] [rest_database] [8468] [BuildsDatabaseImpl.cpp:258] Builds Database: Deleting tables history records after telemetry gZip file was created [ C:\Program Files (x86)\Incredibuild\\Temp\BuildsDB_AB42BA03-531E-4A75-828B-3A4C3BC7BD34_1789716828014.gz ].
[2026-09-18 10:33:48.024] [info] [rest_database] [8468] [CoordinatorDatabaseImpl.cpp:839] Coordinator Database: Deleting tables history records after telemetry gZip file was created [ C:\Program Files (x86)\Incredibuild\\Temp\CoordinatorDB_AB42BA03-531E-4A75-828B-3A4C3BC7BD34_1789716828014.gz ]. Purge all data = false
[2026-09-18 10:33:48.025] [info] [rest_telemetry] [8468] [TelemetryManagement.hpp:82] buildDbEmpty: [ true ]
[2026-09-18 10:33:48.875] [info] [rest_telemetry] [8468] [TelemetryManagement.hpp:122] Telemetry upload completed for gZip files:[ C:\Program Files (x86)\Incredibuild\\Temp\BuildsDB_AB42BA03-531E-4A75-828B-3A4C3BC7BD34_1789716828014.gz ], [ C:\Program Files (x86)\Incredibuild\\Temp\CoordinatorDB_AB42BA03-531E-4A75-828B-3A4C3BC7BD34_1789716828014.gz ], upload done for S3:  [ true ]
[2026-09-18 10:33:48.899] [info] [rest_telemetry] [8468] [TelemetryManagement.hpp:137] Telemetry upload completed for zip file:[ C:\Program Files (x86)\Incredibuild\\Temp\DBFiles_AB42BA03-531E-4A75-828B-3A4C3BC7BD34_1789716828014.zip ], upload done for IB Manager (Data Access):  [ true ]
[2026-09-18 10:43:24.981] [info] [rest_module] [8468] [session_handlers.cpp:90] on_session_renew_post - refresh
[2026-09-18 10:53:24.986] [info] [rest_module] [8468] [session_handlers.cpp:90] on_session_renew_post - refresh
[2026-09-18 11:03:24.995] [info] [rest_module] [8468] [session_handlers.cpp:90] on_session_renew_post - refresh
[2026-09-18 11:13:25.003] [info] [rest_module] [8468] [session_handlers.cpp:90] on_session_renew_post - refresh
[2026-09-18 11:23:25.009] [info] [rest_module] [8468] [session_handlers.cpp:90] on_session_renew_post - refresh
[2026-09-18 11:33:25.027] [info] [rest_module] [8468] [session_handlers.cpp:90] on_session_renew_post - refresh
[2026-09-18 11:33:48.008] [info] [rest_database] [8468] [BuildsDatabaseImpl.cpp:258] Builds Database: Deleting tables history records after telemetry gZip file was created [ C:\Program Files (x86)\Incredibuild\\Temp\BuildsDB_AB42BA03-531E-4A75-828B-3A4C3BC7BD34_1789720428003.gz ].
[2026-09-18 11:33:48.016] [info] [rest_database] [8468] [CoordinatorDatabaseImpl.cpp:839] Coordinator Database: Deleting tables history records after telemetry gZip file was created [ C:\Program Files (x86)\Incredibuild\\Temp\CoordinatorDB_AB42BA03-531E-4A75-828B-3A4C3BC7BD34_1789720428003.gz ]. Purge all data = false
[2026-09-18 11:33:48.017] [info] [rest_telemetry] [8468] [TelemetryManagement.hpp:82] buildDbEmpty: [ true ]
[2026-09-18 11:33:48.674] [info] [rest_telemetry] [8468] [TelemetryManagement.hpp:122] Telemetry upload completed for gZip files:[ C:\Program Files (x86)\Incredibuild\\Temp\BuildsDB_AB42BA03-531E-4A75-828B-3A4C3BC7BD34_1789720428003.gz ], [ C:\Program Files (x86)\Incredibuild\\Temp\CoordinatorDB_AB42BA03-531E-4A75-828B-3A4C3BC7BD34_1789720428003.gz ], upload done for S3:  [ true ]
[2026-09-18 11:33:48.700] [info] [rest_telemetry] [8468] [TelemetryManagement.hpp:137] Telemetry upload completed for zip file:[ C:\Program Files (x86)\Incredibuild\\Temp\DBFiles_AB42BA03-531E-4A75-828B-3A4C3BC7BD34_1789720428003.zip ], upload done for IB Manager (Data Access):  [ true ]
[2026-09-18 11:43:25.036] [info] [rest_module] [8468] [session_handlers.cpp:90] on_session_renew_post - refresh
[2026-09-18 11:53:25.040] [info] [rest_module] [8468] [session_handlers.cpp:90] on_session_renew_post - refresh
[2026-09-18 12:03:25.056] [info] [rest_module] [8468] [session_handlers.cpp:90] on_session_renew_post - refresh
[2026-09-18 12:13:25.059] [info] [rest_module] [8468] [session_handlers.cpp:90] on_session_renew_post - refresh
[2026-09-18 12:23:25.060] [info] [rest_module] [8468] [session_handlers.cpp:90] on_session_renew_post - refresh
[2026-09-18 12:33:25.069] [info] [rest_module] [8468] [session_handlers.cpp:90] on_session_renew_post - refresh
[2026-09-18 12:33:48.011] [info] [rest_database] [8468] [BuildsDatabaseImpl.cpp:258] Builds Database: Deleting tables history records after telemetry gZip file was created [ C:\Program Files (x86)\Incredibuild\\Temp\BuildsDB_AB42BA03-531E-4A75-828B-3A4C3BC7BD34_1789724028007.gz ].
[2026-09-18 12:33:48.019] [info] [rest_database] [8468] [CoordinatorDatabaseImpl.cpp:839] Coordinator Database: Deleting tables history records after telemetry gZip file was created [ C:\Program Files (x86)\Incredibuild\\Temp\CoordinatorDB_AB42BA03-531E-4A75-828B-3A4C3BC7BD34_1789724028007.gz ]. Purge all data = false
[2026-09-18 12:33:48.019] [info] [rest_telemetry] [8468] [TelemetryManagement.hpp:82] buildDbEmpty: [ true ]
[2026-09-18 12:33:48.677] [info] [rest_telemetry] [8468] [TelemetryManagement.hpp:122] Telemetry upload completed for gZip files:[ C:\Program Files (x86)\Incredibuild\\Temp\BuildsDB_AB42BA03-531E-4A75-828B-3A4C3BC7BD34_1789724028007.gz ], [ C:\Program Files (x86)\Incredibuild\\Temp\CoordinatorDB_AB42BA03-531E-4A75-828B-3A4C3BC7BD34_1789724028007.gz ], upload done for S3:  [ true ]
[2026-09-18 12:33:48.701] [info] [rest_telemetry] [8468] [TelemetryManagement.hpp:137] Telemetry upload completed for zip file:[ C:\Program Files (x86)\Incredibuild\\Temp\DBFiles_AB42BA03-531E-4A75-828B-3A4C3BC7BD34_1789724028007.zip ], upload done for IB Manager (Data Access):  [ true ]
[2026-09-18 12:43:25.069] [info] [rest_module] [8468] [session_handlers.cpp:90] on_session_renew_post - refresh
[2026-09-18 12:53:25.079] [info] [rest_module] [8468] [session_handlers.cpp:90] on_session_renew_post - refresh
[2026-09-18 13:03:25.084] [info] [rest_module] [8468] [session_handlers.cpp:90] on_session_renew_post - refresh
[2026-09-18 13:13:25.099] [info] [rest_module] [8468] [session_handlers.cpp:90] on_session_renew_post - refresh
[2026-09-18 13:23:25.102] [info] [rest_module] [8468] [session_handlers.cpp:90] on_session_renew_post - refresh
[2026-09-18 13:33:25.116] [info] [rest_module] [8468] [session_handlers.cpp:90] on_session_renew_post - refresh
[2026-09-18 13:33:48.005] [info] [rest_database] [8468] [BuildsDatabaseImpl.cpp:258] Builds Database: Deleting tables history records after telemetry gZip file was created [ C:\Program Files (x86)\Incredibuild\\Temp\BuildsDB_AB42BA03-531E-4A75-828B-3A4C3BC7BD34_1789727628000.gz ].
[2026-09-18 13:33:48.011] [info] [rest_database] [8468] [CoordinatorDatabaseImpl.cpp:839] Coordinator Database: Deleting tables history records after telemetry gZip file was created [ C:\Program Files (x86)\Incredibuild\\Temp\CoordinatorDB_AB42BA03-531E-4A75-828B-3A4C3BC7BD34_1789727628000.gz ]. Purge all data = false
[2026-09-18 13:33:48.011] [info] [rest_telemetry] [8468] [TelemetryManagement.hpp:82] buildDbEmpty: [ true ]
[2026-09-18 13:33:48.655] [info] [rest_telemetry] [8468] [TelemetryManagement.hpp:122] Telemetry upload completed for gZip files:[ C:\Program Files (x86)\Incredibuild\\Temp\BuildsDB_AB42BA03-531E-4A75-828B-3A4C3BC7BD34_1789727628000.gz ], [ C:\Program Files (x86)\Incredibuild\\Temp\CoordinatorDB_AB42BA03-531E-4A75-828B-3A4C3BC7BD34_1789727628000.gz ], upload done for S3:  [ true ]
[2026-09-18 13:33:48.680] [info] [rest_telemetry] [8468] [TelemetryManagement.hpp:137] Telemetry upload completed for zip file:[ C:\Program Files (x86)\Incredibuild\\Temp\DBFiles_AB42BA03-531E-4A75-828B-3A4C3BC7BD34_1789727628000.zip ], upload done for IB Manager (Data Access):  [ true ]
[2026-09-18 13:43:25.128] [info] [rest_module] [8468] [session_handlers.cpp:90] on_session_renew_post - refresh
[2026-09-18 13:53:25.140] [info] [rest_module] [8468] [session_handlers.cpp:90] on_session_renew_post - refresh
[2026-09-18 14:03:25.148] [info] [rest_module] [8468] [session_handlers.cpp:90] on_session_renew_post - refresh
[2026-09-18 14:13:25.159] [info] [rest_module] [8468] [session_handlers.cpp:90] on_session_renew_post - refresh
[2026-09-18 14:23:25.161] [info] [rest_module] [8468] [session_handlers.cpp:90] on_session_renew_post - refresh
[2026-09-18 14:33:25.161] [info] [rest_module] [8468] [session_handlers.cpp:90] on_session_renew_post - refresh
[2026-09-18 14:33:48.013] [info] [rest_database] [8468] [BuildsDatabaseImpl.cpp:258] Builds Database: Deleting tables history records after telemetry gZip file was created [ C:\Program Files (x86)\Incredibuild\\Temp\BuildsDB_AB42BA03-531E-4A75-828B-3A4C3BC7BD34_1789731228007.gz ].
[2026-09-18 14:33:48.020] [info] [rest_database] [8468] [CoordinatorDatabaseImpl.cpp:839] Coordinator Database: Deleting tables history records after telemetry gZip file was created [ C:\Program Files (x86)\Incredibuild\\Temp\CoordinatorDB_AB42BA03-531E-4A75-828B-3A4C3BC7BD34_1789731228007.gz ]. Purge all data = false
[2026-09-18 14:33:48.021] [info] [rest_telemetry] [8468] [TelemetryManagement.hpp:82] buildDbEmpty: [ true ]
[2026-09-18 14:33:48.792] [info] [rest_telemetry] [8468] [TelemetryManagement.hpp:122] Telemetry upload completed for gZip files:[ C:\Program Files (x86)\Incredibuild\\Temp\BuildsDB_AB42BA03-531E-4A75-828B-3A4C3BC7BD34_1789731228007.gz ], [ C:\Program Files (x86)\Incredibuild\\Temp\CoordinatorDB_AB42BA03-531E-4A75-828B-3A4C3BC7BD34_1789731228007.gz ], upload done for S3:  [ true ]
[2026-09-18 14:33:48.816] [info] [rest_telemetry] [8468] [TelemetryManagement.hpp:137] Telemetry upload completed for zip file:[ C:\Program Files (x86)\Incredibuild\\Temp\DBFiles_AB42BA03-531E-4A75-828B-3A4C3BC7BD34_1789731228007.zip ], upload done for IB Manager (Data Access):  [ true ]
[2026-09-18 14:43:25.163] [info] [rest_module] [8468] [session_handlers.cpp:90] on_session_renew_post - refresh
[2026-09-18 14:53:25.170] [info] [rest_module] [8468] [session_handlers.cpp:90] on_session_renew_post - refresh
[2026-09-18 15:03:25.175] [info] [rest_module] [8468] [session_handlers.cpp:90] on_session_renew_post - refresh
[2026-09-18 15:13:25.181] [info] [rest_module] [8468] [session_handlers.cpp:90] on_session_renew_post - refresh
[2026-09-18 15:23:25.197] [info] [rest_module] [8468] [session_handlers.cpp:90] on_session_renew_post - refresh
[2026-09-18 15:33:25.209] [info] [rest_module] [8468] [session_handlers.cpp:90] on_session_renew_post - refresh
[2026-09-18 15:33:48.018] [info] [rest_database] [8468] [BuildsDatabaseImpl.cpp:258] Builds Database: Deleting tables history records after telemetry gZip file was created [ C:\Program Files (x86)\Incredibuild\\Temp\BuildsDB_AB42BA03-531E-4A75-828B-3A4C3BC7BD34_1789734828015.gz ].
[2026-09-18 15:33:48.024] [info] [rest_database] [8468] [CoordinatorDatabaseImpl.cpp:839] Coordinator Database: Deleting tables history records after telemetry gZip file was created [ C:\Program Files (x86)\Incredibuild\\Temp\CoordinatorDB_AB42BA03-531E-4A75-828B-3A4C3BC7BD34_1789734828015.gz ]. Purge all data = false
[2026-09-18 15:33:48.025] [info] [rest_telemetry] [8468] [TelemetryManagement.hpp:82] buildDbEmpty: [ true ]
[2026-09-18 15:33:48.777] [info] [rest_telemetry] [8468] [TelemetryManagement.hpp:122] Telemetry upload completed for gZip files:[ C:\Program Files (x86)\Incredibuild\\Temp\BuildsDB_AB42BA03-531E-4A75-828B-3A4C3BC7BD34_1789734828015.gz ], [ C:\Program Files (x86)\Incredibuild\\Temp\CoordinatorDB_AB42BA03-531E-4A75-828B-3A4C3BC7BD34_1789734828015.gz ], upload done for S3:  [ true ]
[2026-09-18 15:33:48.802] [info] [rest_telemetry] [8468] [TelemetryManagement.hpp:137] Telemetry upload completed for zip file:[ C:\Program Files (x86)\Incredibuild\\Temp\DBFiles_AB42BA03-531E-4A75-828B-3A4C3BC7BD34_1789734828015.zip ], upload done for IB Manager (Data Access):  [ true ]
[2026-09-18 15:43:25.214] [info] [rest_module] [8468] [session_handlers.cpp:90] on_session_renew_post - refresh
[2026-09-18 15:53:25.217] [info] [rest_module] [8468] [session_handlers.cpp:90] on_session_renew_post - refresh
[2026-09-18 16:03:25.226] [info] [rest_module] [8468] [session_handlers.cpp:90] on_session_renew_post - refresh
[2026-09-18 16:13:23.498] [info] [rest_module] [8468] [session_handlers.cpp:90] on_session_renew_post - refresh
[2026-09-18 16:23:23.511] [info] [rest_module] [8468] [session_handlers.cpp:90] on_session_renew_post - refresh
[2026-09-18 16:33:23.513] [info] [rest_module] [8468] [session_handlers.cpp:90] on_session_renew_post - refresh
[2026-09-18 16:33:48.013] [info] [rest_database] [8468] [BuildsDatabaseImpl.cpp:258] Builds Database: Deleting tables history records after telemetry gZip file was created [ C:\Program Files (x86)\Incredibuild\\Temp\BuildsDB_AB42BA03-531E-4A75-828B-3A4C3BC7BD34_1789738428007.gz ].
[2026-09-18 16:33:48.023] [info] [rest_database] [8468] [CoordinatorDatabaseImpl.cpp:839] Coordinator Database: Deleting tables history records after telemetry gZip file was created [ C:\Program Files (x86)\Incredibuild\\Temp\CoordinatorDB_AB42BA03-531E-4A75-828B-3A4C3BC7BD34_1789738428007.gz ]. Purge all data = false
[2026-09-18 16:33:48.023] [info] [rest_telemetry] [8468] [TelemetryManagement.hpp:82] buildDbEmpty: [ true ]
[2026-09-18 16:33:48.729] [info] [rest_telemetry] [8468] [TelemetryManagement.hpp:122] Telemetry upload completed for gZip files:[ C:\Program Files (x86)\Incredibuild\\Temp\BuildsDB_AB42BA03-531E-4A75-828B-3A4C3BC7BD34_1789738428007.gz ], [ C:\Program Files (x86)\Incredibuild\\Temp\CoordinatorDB_AB42BA03-531E-4A75-828B-3A4C3BC7BD34_1789738428007.gz ], upload done for S3:  [ true ]
[2026-09-18 16:33:48.758] [info] [rest_telemetry] [8468] [TelemetryManagement.hpp:137] Telemetry upload completed for zip file:[ C:\Program Files (x86)\Incredibuild\\Temp\DBFiles_AB42BA03-531E-4A75-828B-3A4C3BC7BD34_1789738428007.zip ], upload done for IB Manager (Data Access):  [ true ]
[2026-09-18 16:43:23.521] [info] [rest_module] [8468] [session_handlers.cpp:90] on_session_renew_post - refresh
[2026-09-18 16:53:23.535] [info] [rest_module] [8468] [session_handlers.cpp:90] on_session_renew_post - refresh
[2026-09-18 17:03:23.539] [info] [rest_module] [8468] [session_handlers.cpp:90] on_session_renew_post - refresh
[2026-09-18 17:13:23.545] [info] [rest_module] [8468] [session_handlers.cpp:90] on_session_renew_post - refresh
[2026-09-18 17:23:23.554] [info] [rest_module] [8468] [session_handlers.cpp:90] on_session_renew_post - refresh
[2026-09-18 17:33:23.558] [info] [rest_module] [8468] [session_handlers.cpp:90] on_session_renew_post - refresh
[2026-09-18 17:33:48.017] [info] [rest_database] [8468] [BuildsDatabaseImpl.cpp:258] Builds Database: Deleting tables history records after telemetry gZip file was created [ C:\Program Files (x86)\Incredibuild\\Temp\BuildsDB_AB42BA03-531E-4A75-828B-3A4C3BC7BD34_1789742028014.gz ].
[2026-09-18 17:33:48.024] [info] [rest_database] [8468] [CoordinatorDatabaseImpl.cpp:839] Coordinator Database: Deleting tables history records after telemetry gZip file was created [ C:\Program Files (x86)\Incredibuild\\Temp\CoordinatorDB_AB42BA03-531E-4A75-828B-3A4C3BC7BD34_1789742028014.gz ]. Purge all data = false
[2026-09-18 17:33:48.024] [info] [rest_telemetry] [8468] [TelemetryManagement.hpp:82] buildDbEmpty: [ true ]
[2026-09-18 17:33:48.918] [info] [rest_telemetry] [8468] [TelemetryManagement.hpp:122] Telemetry upload completed for gZip files:[ C:\Program Files (x86)\Incredibuild\\Temp\BuildsDB_AB42BA03-531E-4A75-828B-3A4C3BC7BD34_1789742028014.gz ], [ C:\Program Files (x86)\Incredibuild\\Temp\CoordinatorDB_AB42BA03-531E-4A75-828B-3A4C3BC7BD34_1789742028014.gz ], upload done for S3:  [ true ]
[2026-09-18 17:33:48.947] [info] [rest_telemetry] [8468] [TelemetryManagement.hpp:137] Telemetry upload completed for zip file:[ C:\Program Files (x86)\Incredibuild\\Temp\DBFiles_AB42BA03-531E-4A75-828B-3A4C3BC7BD34_1789742028014.zip ], upload done for IB Manager (Data Access):  [ true ]
[2026-09-18 17:43:23.572] [info] [rest_module] [8468] [session_handlers.cpp:90] on_session_renew_post - refresh
[2026-09-18 17:53:23.576] [info] [rest_module] [8468] [session_handlers.cpp:90] on_session_renew_post - refresh
[2026-09-18 18:03:23.585] [info] [rest_module] [8468] [session_handlers.cpp:90] on_session_renew_post - refresh
[2026-09-18 18:13:23.591] [info] [rest_module] [8468] [session_handlers.cpp:90] on_session_renew_post - refresh
[2026-09-18 18:23:23.602] [info] [rest_module] [8468] [session_handlers.cpp:90] on_session_renew_post - refresh
[2026-09-18 18:33:23.610] [info] [rest_module] [8468] [session_handlers.cpp:90] on_session_renew_post - refresh
[2026-09-18 18:33:48.006] [info] [rest_database] [8468] [BuildsDatabaseImpl.cpp:258] Builds Database: Deleting tables history records after telemetry gZip file was created [ C:\Program Files (x86)\Incredibuild\\Temp\BuildsDB_AB42BA03-531E-4A75-828B-3A4C3BC7BD34_1789745628000.gz ].
[2026-09-18 18:33:48.015] [info] [rest_database] [8468] [CoordinatorDatabaseImpl.cpp:839] Coordinator Database: Deleting tables history records after telemetry gZip file was created [ C:\Program Files (x86)\Incredibuild\\Temp\CoordinatorDB_AB42BA03-531E-4A75-828B-3A4C3BC7BD34_1789745628000.gz ]. Purge all data = false
[2026-09-18 18:33:48.015] [info] [rest_telemetry] [8468] [TelemetryManagement.hpp:82] buildDbEmpty: [ true ]
[2026-09-18 18:33:48.718] [info] [rest_telemetry] [8468] [TelemetryManagement.hpp:122] Telemetry upload completed for gZip files:[ C:\Program Files (x86)\Incredibuild\\Temp\BuildsDB_AB42BA03-531E-4A75-828B-3A4C3BC7BD34_1789745628000.gz ], [ C:\Program Files (x86)\Incredibuild\\Temp\CoordinatorDB_AB42BA03-531E-4A75-828B-3A4C3BC7BD34_1789745628000.gz ], upload done for S3:  [ true ]
[2026-09-18 18:33:48.748] [info] [rest_telemetry] [8468] [TelemetryManagement.hpp:137] Telemetry upload completed for zip file:[ C:\Program Files (x86)\Incredibuild\\Temp\DBFiles_AB42BA03-531E-4A75-828B-3A4C3BC7BD34_1789745628000.zip ], upload done for IB Manager (Data Access):  [ true ]
[2026-09-18 18:43:23.619] [info] [rest_module] [8468] [session_handlers.cpp:90] on_session_renew_post - refresh
[2026-09-18 18:53:23.632] [info] [rest_module] [8468] [session_handlers.cpp:90] on_session_renew_post - refresh
[2026-09-18 19:03:23.642] [info] [rest_module] [8468] [session_handlers.cpp:90] on_session_renew_post - refresh
[2026-09-18 19:13:23.646] [info] [rest_module] [8468] [session_handlers.cpp:90] on_session_renew_post - refresh
[2026-09-18 19:23:23.651] [info] [rest_module] [8468] [session_handlers.cpp:90] on_session_renew_post - refresh
[2026-09-18 19:33:23.651] [info] [rest_module] [8468] [session_handlers.cpp:90] on_session_renew_post - refresh
[2026-09-18 19:33:48.007] [info] [rest_database] [8468] [BuildsDatabaseImpl.cpp:258] Builds Database: Deleting tables history records after telemetry gZip file was created [ C:\Program Files (x86)\Incredibuild\\Temp\BuildsDB_AB42BA03-531E-4A75-828B-3A4C3BC7BD34_1789749228002.gz ].
[2026-09-18 19:33:48.014] [info] [rest_database] [8468] [CoordinatorDatabaseImpl.cpp:839] Coordinator Database: Deleting tables history records after telemetry gZip file was created [ C:\Program Files (x86)\Incredibuild\\Temp\CoordinatorDB_AB42BA03-531E-4A75-828B-3A4C3BC7BD34_1789749228002.gz ]. Purge all data = false
[2026-09-18 19:33:48.015] [info] [rest_telemetry] [8468] [TelemetryManagement.hpp:82] buildDbEmpty: [ true ]
[2026-09-18 19:33:48.785] [info] [rest_telemetry] [8468] [TelemetryManagement.hpp:122] Telemetry upload completed for gZip files:[ C:\Program Files (x86)\Incredibuild\\Temp\BuildsDB_AB42BA03-531E-4A75-828B-3A4C3BC7BD34_1789749228002.gz ], [ C:\Program Files (x86)\Incredibuild\\Temp\CoordinatorDB_AB42BA03-531E-4A75-828B-3A4C3BC7BD34_1789749228002.gz ], upload done for S3:  [ true ]
[2026-09-18 19:33:48.811] [info] [rest_telemetry] [8468] [TelemetryManagement.hpp:137] Telemetry upload completed for zip file:[ C:\Program Files (x86)\Incredibuild\\Temp\DBFiles_AB42BA03-531E-4A75-828B-3A4C3BC7BD34_1789749228002.zip ], upload done for IB Manager (Data Access):  [ true ]
[2026-09-18 19:43:23.658] [info] [rest_module] [8468] [session_handlers.cpp:90] on_session_renew_post - refresh
[2026-09-18 19:53:23.666] [info] [rest_module] [8468] [session_handlers.cpp:90] on_session_renew_post - refresh
[2026-09-18 20:03:23.670] [info] [rest_module] [8468] [session_handlers.cpp:90] on_session_renew_post - refresh
[2026-09-18 20:13:23.675] [info] [rest_module] [8468] [session_handlers.cpp:90] on_session_renew_post - refresh
[2026-09-18 20:23:23.682] [info] [rest_module] [8468] [session_handlers.cpp:90] on_session_renew_post - refresh
[2026-09-18 20:33:23.698] [info] [rest_module] [8468] [session_handlers.cpp:90] on_session_renew_post - refresh
[2026-09-18 20:33:48.018] [info] [rest_database] [8468] [BuildsDatabaseImpl.cpp:258] Builds Database: Deleting tables history records after telemetry gZip file was created [ C:\Program Files (x86)\Incredibuild\\Temp\BuildsDB_AB42BA03-531E-4A75-828B-3A4C3BC7BD34_1789752828010.gz ].
[2026-09-18 20:33:48.025] [info] [rest_database] [8468] [CoordinatorDatabaseImpl.cpp:839] Coordinator Database: Deleting tables history records after telemetry gZip file was created [ C:\Program Files (x86)\Incredibuild\\Temp\CoordinatorDB_AB42BA03-531E-4A75-828B-3A4C3BC7BD34_1789752828010.gz ]. Purge all data = false
[2026-09-18 20:33:48.026] [info] [rest_telemetry] [8468] [TelemetryManagement.hpp:82] buildDbEmpty: [ true ]
[2026-09-18 20:33:48.734] [info] [rest_telemetry] [8468] [TelemetryManagement.hpp:122] Telemetry upload completed for gZip files:[ C:\Program Files (x86)\Incredibuild\\Temp\BuildsDB_AB42BA03-531E-4A75-828B-3A4C3BC7BD34_1789752828010.gz ], [ C:\Program Files (x86)\Incredibuild\\Temp\CoordinatorDB_AB42BA03-531E-4A75-828B-3A4C3BC7BD34_1789752828010.gz ], upload done for S3:  [ true ]
[2026-09-18 20:33:48.759] [info] [rest_telemetry] [8468] [TelemetryManagement.hpp:137] Telemetry upload completed for zip file:[ C:\Program Files (x86)\Incredibuild\\Temp\DBFiles_AB42BA03-531E-4A75-828B-3A4C3BC7BD34_1789752828010.zip ], upload done for IB Manager (Data Access):  [ true ]
[2026-09-18 20:43:23.706] [info] [rest_module] [8468] [session_handlers.cpp:90] on_session_renew_post - refresh
[2026-09-18 20:53:23.715] [info] [rest_module] [8468] [session_handlers.cpp:90] on_session_renew_post - refresh
[2026-09-18 21:03:23.727] [info] [rest_module] [8468] [session_handlers.cpp:90] on_session_renew_post - refresh
[2026-09-18 21:13:23.743] [info] [rest_module] [8468] [session_handlers.cpp:90] on_session_renew_post - refresh
[2026-09-18 21:23:23.758] [info] [rest_module] [8468] [session_handlers.cpp:90] on_session_renew_post - refresh
[2026-09-18 21:33:23.758] [info] [rest_module] [8468] [session_handlers.cpp:90] on_session_renew_post - refresh
[2026-09-18 21:33:48.019] [info] [rest_database] [8468] [BuildsDatabaseImpl.cpp:258] Builds Database: Deleting tables history records after telemetry gZip file was created [ C:\Program Files (x86)\Incredibuild\\Temp\BuildsDB_AB42BA03-531E-4A75-828B-3A4C3BC7BD34_1789756428013.gz ].
[2026-09-18 21:33:48.027] [info] [rest_database] [8468] [CoordinatorDatabaseImpl.cpp:839] Coordinator Database: Deleting tables history records after telemetry gZip file was created [ C:\Program Files (x86)\Incredibuild\\Temp\CoordinatorDB_AB42BA03-531E-4A75-828B-3A4C3BC7BD34_1789756428013.gz ]. Purge all data = false
[2026-09-18 21:33:48.028] [info] [rest_telemetry] [8468] [TelemetryManagement.hpp:82] buildDbEmpty: [ true ]
[2026-09-18 21:33:49.011] [info] [rest_telemetry] [8468] [TelemetryManagement.hpp:122] Telemetry upload completed for gZip files:[ C:\Program Files (x86)\Incredibuild\\Temp\BuildsDB_AB42BA03-531E-4A75-828B-3A4C3BC7BD34_1789756428013.gz ], [ C:\Program Files (x86)\Incredibuild\\Temp\CoordinatorDB_AB42BA03-531E-4A75-828B-3A4C3BC7BD34_1789756428013.gz ], upload done for S3:  [ true ]
[2026-09-18 21:33:49.031] [info] [rest_telemetry] [8468] [TelemetryManagement.hpp:137] Telemetry upload completed for zip file:[ C:\Program Files (x86)\Incredibuild\\Temp\DBFiles_AB42BA03-531E-4A75-828B-3A4C3BC7BD34_1789756428013.zip ], upload done for IB Manager (Data Access):  [ true ]
[2026-09-18 21:43:23.760] [info] [rest_module] [8468] [session_handlers.cpp:90] on_session_renew_post - refresh
[2026-09-18 21:53:23.763] [info] [rest_module] [8468] [session_handlers.cpp:90] on_session_renew_post - refresh
[2026-09-18 22:03:23.769] [info] [rest_module] [8468] [session_handlers.cpp:90] on_session_renew_post - refresh
[2026-09-18 22:13:23.785] [info] [rest_module] [8468] [session_handlers.cpp:90] on_session_renew_post - refresh
[2026-09-18 22:23:23.792] [info] [rest_module] [8468] [session_handlers.cpp:90] on_session_renew_post - refresh
[2026-09-18 22:33:23.797] [info] [rest_module] [8468] [session_handlers.cpp:90] on_session_renew_post - refresh
[2026-09-18 22:33:49.010] [info] [rest_database] [8468] [BuildsDatabaseImpl.cpp:258] Builds Database: Deleting tables history records after telemetry gZip file was created [ C:\Program Files (x86)\Incredibuild\\Temp\BuildsDB_AB42BA03-531E-4A75-828B-3A4C3BC7BD34_1789760029004.gz ].
[2026-09-18 22:33:49.017] [info] [rest_database] [8468] [CoordinatorDatabaseImpl.cpp:839] Coordinator Database: Deleting tables history records after telemetry gZip file was created [ C:\Program Files (x86)\Incredibuild\\Temp\CoordinatorDB_AB42BA03-531E-4A75-828B-3A4C3BC7BD34_1789760029004.gz ]. Purge all data = false
[2026-09-18 22:33:49.018] [info] [rest_telemetry] [8468] [TelemetryManagement.hpp:82] buildDbEmpty: [ true ]
[2026-09-18 22:33:49.802] [info] [rest_telemetry] [8468] [TelemetryManagement.hpp:122] Telemetry upload completed for gZip files:[ C:\Program Files (x86)\Incredibuild\\Temp\BuildsDB_AB42BA03-531E-4A75-828B-3A4C3BC7BD34_1789760029004.gz ], [ C:\Program Files (x86)\Incredibuild\\Temp\CoordinatorDB_AB42BA03-531E-4A75-828B-3A4C3BC7BD34_1789760029004.gz ], upload done for S3:  [ true ]
[2026-09-18 22:33:49.829] [info] [rest_telemetry] [8468] [TelemetryManagement.hpp:137] Telemetry upload completed for zip file:[ C:\Program Files (x86)\Incredibuild\\Temp\DBFiles_AB42BA03-531E-4A75-828B-3A4C3BC7BD34_1789760029004.zip ], upload done for IB Manager (Data Access):  [ true ]
[2026-09-18 22:43:23.809] [info] [rest_module] [8468] [session_handlers.cpp:90] on_session_renew_post - refresh
[2026-09-18 22:53:23.806] [info] [rest_module] [8468] [session_handlers.cpp:90] on_session_renew_post - refresh
[2026-09-18 23:03:23.818] [info] [rest_module] [8468] [session_handlers.cpp:90] on_session_renew_post - refresh
[2026-09-18 23:13:23.821] [info] [rest_module] [8468] [session_handlers.cpp:90] on_session_renew_post - refresh
[2026-09-18 23:23:23.829] [info] [rest_module] [8468] [session_handlers.cpp:90] on_session_renew_post - refresh
[2026-09-18 23:33:23.842] [info] [rest_module] [8468] [session_handlers.cpp:90] on_session_renew_post - refresh
[2026-09-18 23:33:49.011] [info] [rest_database] [8468] [BuildsDatabaseImpl.cpp:258] Builds Database: Deleting tables history records after telemetry gZip file was created [ C:\Program Files (x86)\Incredibuild\\Temp\BuildsDB_AB42BA03-531E-4A75-828B-3A4C3BC7BD34_1789763629007.gz ].
[2026-09-18 23:33:49.018] [info] [rest_database] [8468] [CoordinatorDatabaseImpl.cpp:839] Coordinator Database: Deleting tables history records after telemetry gZip file was created [ C:\Program Files (x86)\Incredibuild\\Temp\CoordinatorDB_AB42BA03-531E-4A75-828B-3A4C3BC7BD34_1789763629007.gz ]. Purge all data = false
[2026-09-18 23:33:49.019] [info] [rest_telemetry] [8468] [TelemetryManagement.hpp:82] buildDbEmpty: [ true ]
[2026-09-18 23:33:54.949] [info] [rest_telemetry] [8468] [TelemetryManagement.hpp:122] Telemetry upload completed for gZip files:[ C:\Program Files (x86)\Incredibuild\\Temp\BuildsDB_AB42BA03-531E-4A75-828B-3A4C3BC7BD34_1789763629007.gz ], [ C:\Program Files (x86)\Incredibuild\\Temp\CoordinatorDB_AB42BA03-531E-4A75-828B-3A4C3BC7BD34_1789763629007.gz ], upload done for S3:  [ true ]
[2026-09-18 23:33:54.970] [info] [rest_telemetry] [8468] [TelemetryManagement.hpp:137] Telemetry upload completed for zip file:[ C:\Program Files (x86)\Incredibuild\\Temp\DBFiles_AB42BA03-531E-4A75-828B-3A4C3BC7BD34_1789763629007.zip ], upload done for IB Manager (Data Access):  [ true ]
[2026-09-18 23:43:23.846] [info] [rest_module] [8468] [session_handlers.cpp:90] on_session_renew_post - refresh
[2026-09-18 23:53:23.846] [info] [rest_module] [8468] [session_handlers.cpp:90] on_session_renew_post - refresh
[2026-09-19 00:03:23.853] [info] [rest_module] [8468] [session_handlers.cpp:90] on_session_renew_post - refresh
[2026-09-19 00:13:23.863] [info] [rest_module] [8468] [session_handlers.cpp:90] on_session_renew_post - refresh
[2026-09-19 00:23:23.873] [info] [rest_module] [8468] [session_handlers.cpp:90] on_session_renew_post - refresh
[2026-09-19 00:33:23.874] [info] [rest_module] [8468] [session_handlers.cpp:90] on_session_renew_post - refresh
[2026-09-19 00:33:54.018] [info] [rest_database] [8468] [BuildsDatabaseImpl.cpp:258] Builds Database: Deleting tables history records after telemetry gZip file was created [ C:\Program Files (x86)\Incredibuild\\Temp\BuildsDB_AB42BA03-531E-4A75-828B-3A4C3BC7BD34_1789767234013.gz ].
[2026-09-19 00:33:54.023] [info] [rest_database] [8468] [CoordinatorDatabaseImpl.cpp:839] Coordinator Database: Deleting tables history records after telemetry gZip file was created [ C:\Program Files (x86)\Incredibuild\\Temp\CoordinatorDB_AB42BA03-531E-4A75-828B-3A4C3BC7BD34_1789767234013.gz ]. Purge all data = false
[2026-09-19 00:33:54.024] [info] [rest_telemetry] [8468] [TelemetryManagement.hpp:82] buildDbEmpty: [ true ]
[2026-09-19 00:33:54.659] [info] [rest_telemetry] [8468] [TelemetryManagement.hpp:122] Telemetry upload completed for gZip files:[ C:\Program Files (x86)\Incredibuild\\Temp\BuildsDB_AB42BA03-531E-4A75-828B-3A4C3BC7BD34_1789767234013.gz ], [ C:\Program Files (x86)\Incredibuild\\Temp\CoordinatorDB_AB42BA03-531E-4A75-828B-3A4C3BC7BD34_1789767234013.gz ], upload done for S3:  [ true ]
[2026-09-19 00:33:54.680] [info] [rest_telemetry] [8468] [TelemetryManagement.hpp:137] Telemetry upload completed for zip file:[ C:\Program Files (x86)\Incredibuild\\Temp\DBFiles_AB42BA03-531E-4A75-828B-3A4C3BC7BD34_1789767234013.zip ], upload done for IB Manager (Data Access):  [ true ]
[2026-09-19 00:43:23.884] [info] [rest_module] [8468] [session_handlers.cpp:90] on_session_renew_post - refresh
[2026-09-19 00:53:23.888] [info] [rest_module] [8468] [session_handlers.cpp:90] on_session_renew_post - refresh
[2026-09-19 01:03:23.893] [info] [rest_module] [8468] [session_handlers.cpp:90] on_session_renew_post - refresh
[2026-09-19 01:13:23.902] [info] [rest_module] [8468] [session_handlers.cpp:90] on_session_renew_post - refresh
[2026-09-19 01:23:23.914] [info] [rest_module] [8468] [session_handlers.cpp:90] on_session_renew_post - refresh
[2026-09-19 01:33:23.921] [info] [rest_module] [8468] [session_handlers.cpp:90] on_session_renew_post - refresh
[2026-09-19 01:33:54.012] [info] [rest_database] [8468] [BuildsDatabaseImpl.cpp:258] Builds Database: Deleting tables history records after telemetry gZip file was created [ C:\Program Files (x86)\Incredibuild\\Temp\BuildsDB_AB42BA03-531E-4A75-828B-3A4C3BC7BD34_1789770834008.gz ].
[2026-09-19 01:33:54.018] [info] [rest_database] [8468] [CoordinatorDatabaseImpl.cpp:839] Coordinator Database: Deleting tables history records after telemetry gZip file was created [ C:\Program Files (x86)\Incredibuild\\Temp\CoordinatorDB_AB42BA03-531E-4A75-828B-3A4C3BC7BD34_1789770834008.gz ]. Purge all data = false
[2026-09-19 01:33:54.019] [info] [rest_telemetry] [8468] [TelemetryManagement.hpp:82] buildDbEmpty: [ true ]
[2026-09-19 01:33:54.657] [info] [rest_telemetry] [8468] [TelemetryManagement.hpp:122] Telemetry upload completed for gZip files:[ C:\Program Files (x86)\Incredibuild\\Temp\BuildsDB_AB42BA03-531E-4A75-828B-3A4C3BC7BD34_1789770834008.gz ], [ C:\Program Files (x86)\Incredibuild\\Temp\CoordinatorDB_AB42BA03-531E-4A75-828B-3A4C3BC7BD34_1789770834008.gz ], upload done for S3:  [ true ]
[2026-09-19 01:33:54.684] [info] [rest_telemetry] [8468] [TelemetryManagement.hpp:137] Telemetry upload completed for zip file:[ C:\Program Files (x86)\Incredibuild\\Temp\DBFiles_AB42BA03-531E-4A75-828B-3A4C3BC7BD34_1789770834008.zip ], upload done for IB Manager (Data Access):  [ true ]
[2026-09-19 01:43:23.928] [info] [rest_module] [8468] [session_handlers.cpp:90] on_session_renew_post - refresh
[2026-09-19 01:53:23.931] [info] [rest_module] [8468] [session_handlers.cpp:90] on_session_renew_post - refresh
[2026-09-19 02:03:23.937] [info] [rest_module] [8468] [session_handlers.cpp:90] on_session_renew_post - refresh
[2026-09-19 02:13:23.939] [info] [rest_module] [8468] [session_handlers.cpp:90] on_session_renew_post - refresh
[2026-09-19 02:23:23.939] [info] [rest_module] [8468] [session_handlers.cpp:90] on_session_renew_post - refresh
[2026-09-19 02:33:23.938] [info] [rest_module] [8468] [session_handlers.cpp:90] on_session_renew_post - refresh
[2026-09-19 02:33:54.016] [info] [rest_database] [8468] [BuildsDatabaseImpl.cpp:258] Builds Database: Deleting tables history records after telemetry gZip file was created [ C:\Program Files (x86)\Incredibuild\\Temp\BuildsDB_AB42BA03-531E-4A75-828B-3A4C3BC7BD34_1789774434012.gz ].
[2026-09-19 02:33:54.024] [info] [rest_database] [8468] [CoordinatorDatabaseImpl.cpp:839] Coordinator Database: Deleting tables history records after telemetry gZip file was created [ C:\Program Files (x86)\Incredibuild\\Temp\CoordinatorDB_AB42BA03-531E-4A75-828B-3A4C3BC7BD34_1789774434012.gz ]. Purge all data = false
[2026-09-19 02:33:54.024] [info] [rest_telemetry] [8468] [TelemetryManagement.hpp:82] buildDbEmpty: [ true ]
[2026-09-19 02:33:54.670] [info] [rest_telemetry] [8468] [TelemetryManagement.hpp:122] Telemetry upload completed for gZip files:[ C:\Program Files (x86)\Incredibuild\\Temp\BuildsDB_AB42BA03-531E-4A75-828B-3A4C3BC7BD34_1789774434012.gz ], [ C:\Program Files (x86)\Incredibuild\\Temp\CoordinatorDB_AB42BA03-531E-4A75-828B-3A4C3BC7BD34_1789774434012.gz ], upload done for S3:  [ true ]
[2026-09-19 02:33:54.689] [info] [rest_telemetry] [8468] [TelemetryManagement.hpp:137] Telemetry upload completed for zip file:[ C:\Program Files (x86)\Incredibuild\\Temp\DBFiles_AB42BA03-531E-4A75-828B-3A4C3BC7BD34_1789774434012.zip ], upload done for IB Manager (Data Access):  [ true ]
[2026-09-19 02:43:23.949] [info] [rest_module] [8468] [session_handlers.cpp:90] on_session_renew_post - refresh
[2026-09-19 02:53:23.965] [info] [rest_module] [8468] [session_handlers.cpp:90] on_session_renew_post - refresh
[2026-09-19 03:03:23.972] [info] [rest_module] [8468] [session_handlers.cpp:90] on_session_renew_post - refresh
[2026-09-19 03:13:23.978] [info] [rest_module] [8468] [session_handlers.cpp:90] on_session_renew_post - refresh
[2026-09-19 03:23:23.990] [info] [rest_module] [8468] [session_handlers.cpp:90] on_session_renew_post - refresh
[2026-09-19 03:33:23.992] [info] [rest_module] [8468] [session_handlers.cpp:90] on_session_renew_post - refresh
[2026-09-19 03:33:54.010] [info] [rest_database] [8468] [BuildsDatabaseImpl.cpp:258] Builds Database: Deleting tables history records after telemetry gZip file was created [ C:\Program Files (x86)\Incredibuild\\Temp\BuildsDB_AB42BA03-531E-4A75-828B-3A4C3BC7BD34_1789778034006.gz ].
[2026-09-19 03:33:54.017] [info] [rest_database] [8468] [CoordinatorDatabaseImpl.cpp:839] Coordinator Database: Deleting tables history records after telemetry gZip file was created [ C:\Program Files (x86)\Incredibuild\\Temp\CoordinatorDB_AB42BA03-531E-4A75-828B-3A4C3BC7BD34_1789778034006.gz ]. Purge all data = false
[2026-09-19 03:33:54.019] [info] [rest_telemetry] [8468] [TelemetryManagement.hpp:82] buildDbEmpty: [ true ]
[2026-09-19 03:33:55.059] [info] [rest_telemetry] [8468] [TelemetryManagement.hpp:122] Telemetry upload completed for gZip files:[ C:\Program Files (x86)\Incredibuild\\Temp\BuildsDB_AB42BA03-531E-4A75-828B-3A4C3BC7BD34_1789778034006.gz ], [ C:\Program Files (x86)\Incredibuild\\Temp\CoordinatorDB_AB42BA03-531E-4A75-828B-3A4C3BC7BD34_1789778034006.gz ], upload done for S3:  [ true ]
[2026-09-19 03:33:55.080] [info] [rest_telemetry] [8468] [TelemetryManagement.hpp:137] Telemetry upload completed for zip file:[ C:\Program Files (x86)\Incredibuild\\Temp\DBFiles_AB42BA03-531E-4A75-828B-3A4C3BC7BD34_1789778034006.zip ], upload done for IB Manager (Data Access):  [ true ]
[2026-09-19 03:43:24.006] [info] [rest_module] [8468] [session_handlers.cpp:90] on_session_renew_post - refresh
[2026-09-19 03:53:24.009] [info] [rest_module] [8468] [session_handlers.cpp:90] on_session_renew_post - refresh
[2026-09-19 04:03:24.010] [info] [rest_module] [8468] [session_handlers.cpp:90] on_session_renew_post - refresh
[2026-09-19 04:13:24.013] [info] [rest_module] [8468] [session_handlers.cpp:90] on_session_renew_post - refresh
[2026-09-19 04:23:24.020] [info] [rest_module] [8468] [session_handlers.cpp:90] on_session_renew_post - refresh
[2026-09-19 04:33:24.019] [info] [rest_module] [8468] [session_handlers.cpp:90] on_session_renew_post - refresh
[2026-09-19 04:33:55.015] [info] [rest_database] [8468] [BuildsDatabaseImpl.cpp:258] Builds Database: Deleting tables history records after telemetry gZip file was created [ C:\Program Files (x86)\Incredibuild\\Temp\BuildsDB_AB42BA03-531E-4A75-828B-3A4C3BC7BD34_1789781635009.gz ].
[2026-09-19 04:33:55.022] [info] [rest_database] [8468] [CoordinatorDatabaseImpl.cpp:839] Coordinator Database: Deleting tables history records after telemetry gZip file was created [ C:\Program Files (x86)\Incredibuild\\Temp\CoordinatorDB_AB42BA03-531E-4A75-828B-3A4C3BC7BD34_1789781635009.gz ]. Purge all data = false
[2026-09-19 04:33:55.023] [info] [rest_telemetry] [8468] [TelemetryManagement.hpp:82] buildDbEmpty: [ true ]
[2026-09-19 04:33:55.723] [info] [rest_telemetry] [8468] [TelemetryManagement.hpp:122] Telemetry upload completed for gZip files:[ C:\Program Files (x86)\Incredibuild\\Temp\BuildsDB_AB42BA03-531E-4A75-828B-3A4C3BC7BD34_1789781635009.gz ], [ C:\Program Files (x86)\Incredibuild\\Temp\CoordinatorDB_AB42BA03-531E-4A75-828B-3A4C3BC7BD34_1789781635009.gz ], upload done for S3:  [ true ]
[2026-09-19 04:33:55.744] [info] [rest_telemetry] [8468] [TelemetryManagement.hpp:137] Telemetry upload completed for zip file:[ C:\Program Files (x86)\Incredibuild\\Temp\DBFiles_AB42BA03-531E-4A75-828B-3A4C3BC7BD34_1789781635009.zip ], upload done for IB Manager (Data Access):  [ true ]
[2026-09-19 04:43:24.026] [info] [rest_module] [8468] [session_handlers.cpp:90] on_session_renew_post - refresh
[2026-09-19 04:53:24.038] [info] [rest_module] [8468] [session_handlers.cpp:90] on_session_renew_post - refresh
[2026-09-19 05:03:24.044] [info] [rest_module] [8468] [session_handlers.cpp:90] on_session_renew_post - refresh
[2026-09-19 05:13:24.051] [info] [rest_module] [8468] [session_handlers.cpp:90] on_session_renew_post - refresh
[2026-09-19 05:23:24.050] [info] [rest_module] [8468] [session_handlers.cpp:90] on_session_renew_post - refresh
[2026-09-19 05:33:24.062] [info] [rest_module] [8468] [session_handlers.cpp:90] on_session_renew_post - refresh
[2026-09-19 05:33:55.009] [info] [rest_database] [8468] [BuildsDatabaseImpl.cpp:258] Builds Database: Deleting tables history records after telemetry gZip file was created [ C:\Program Files (x86)\Incredibuild\\Temp\BuildsDB_AB42BA03-531E-4A75-828B-3A4C3BC7BD34_1789785235003.gz ].
[2026-09-19 05:33:55.016] [info] [rest_database] [8468] [CoordinatorDatabaseImpl.cpp:839] Coordinator Database: Deleting tables history records after telemetry gZip file was created [ C:\Program Files (x86)\Incredibuild\\Temp\CoordinatorDB_AB42BA03-531E-4A75-828B-3A4C3BC7BD34_1789785235003.gz ]. Purge all data = false
[2026-09-19 05:33:55.017] [info] [rest_telemetry] [8468] [TelemetryManagement.hpp:82] buildDbEmpty: [ true ]
[2026-09-19 05:33:56.053] [info] [rest_telemetry] [8468] [TelemetryManagement.hpp:122] Telemetry upload completed for gZip files:[ C:\Program Files (x86)\Incredibuild\\Temp\BuildsDB_AB42BA03-531E-4A75-828B-3A4C3BC7BD34_1789785235003.gz ], [ C:\Program Files (x86)\Incredibuild\\Temp\CoordinatorDB_AB42BA03-531E-4A75-828B-3A4C3BC7BD34_1789785235003.gz ], upload done for S3:  [ true ]
[2026-09-19 05:33:56.070] [info] [rest_telemetry] [8468] [TelemetryManagement.hpp:137] Telemetry upload completed for zip file:[ C:\Program Files (x86)\Incredibuild\\Temp\DBFiles_AB42BA03-531E-4A75-828B-3A4C3BC7BD34_1789785235003.zip ], upload done for IB Manager (Data Access):  [ true ]
[2026-09-19 05:43:24.079] [info] [rest_module] [8468] [session_handlers.cpp:90] on_session_renew_post - refresh
[2026-09-19 05:53:24.084] [info] [rest_module] [8468] [session_handlers.cpp:90] on_session_renew_post - refresh
[2026-09-19 06:03:24.097] [info] [rest_module] [8468] [session_handlers.cpp:90] on_session_renew_post - refresh
[2026-09-19 06:13:24.109] [info] [rest_module] [8468] [session_handlers.cpp:90] on_session_renew_post - refresh
[2026-09-19 06:23:24.113] [info] [rest_module] [8468] [session_handlers.cpp:90] on_session_renew_post - refresh
[2026-09-19 06:33:24.125] [info] [rest_module] [8468] [session_handlers.cpp:90] on_session_renew_post - refresh
[2026-09-19 06:33:56.008] [info] [rest_database] [8468] [BuildsDatabaseImpl.cpp:258] Builds Database: Deleting tables history records after telemetry gZip file was created [ C:\Program Files (x86)\Incredibuild\\Temp\BuildsDB_AB42BA03-531E-4A75-828B-3A4C3BC7BD34_1789788836002.gz ].
[2026-09-19 06:33:56.016] [info] [rest_database] [8468] [CoordinatorDatabaseImpl.cpp:839] Coordinator Database: Deleting tables history records after telemetry gZip file was created [ C:\Program Files (x86)\Incredibuild\\Temp\CoordinatorDB_AB42BA03-531E-4A75-828B-3A4C3BC7BD34_1789788836002.gz ]. Purge all data = false
[2026-09-19 06:33:56.016] [info] [rest_telemetry] [8468] [TelemetryManagement.hpp:82] buildDbEmpty: [ true ]
[2026-09-19 06:33:56.719] [info] [rest_telemetry] [8468] [TelemetryManagement.hpp:122] Telemetry upload completed for gZip files:[ C:\Program Files (x86)\Incredibuild\\Temp\BuildsDB_AB42BA03-531E-4A75-828B-3A4C3BC7BD34_1789788836002.gz ], [ C:\Program Files (x86)\Incredibuild\\Temp\CoordinatorDB_AB42BA03-531E-4A75-828B-3A4C3BC7BD34_1789788836002.gz ], upload done for S3:  [ true ]
[2026-09-19 06:33:56.743] [info] [rest_telemetry] [8468] [TelemetryManagement.hpp:137] Telemetry upload completed for zip file:[ C:\Program Files (x86)\Incredibuild\\Temp\DBFiles_AB42BA03-531E-4A75-828B-3A4C3BC7BD34_1789788836002.zip ], upload done for IB Manager (Data Access):  [ true ]
[2026-09-19 06:43:24.133] [info] [rest_module] [8468] [session_handlers.cpp:90] on_session_renew_post - refresh
[2026-09-19 06:53:24.132] [info] [rest_module] [8468] [session_handlers.cpp:90] on_session_renew_post - refresh
[2026-09-19 07:03:24.133] [info] [rest_module] [8468] [session_handlers.cpp:90] on_session_renew_post - refresh
[2026-09-19 07:13:24.151] [info] [rest_module] [8468] [session_handlers.cpp:90] on_session_renew_post - refresh
[2026-09-19 07:23:24.160] [info] [rest_module] [8468] [session_handlers.cpp:90] on_session_renew_post - refresh
[2026-09-19 07:33:24.170] [info] [rest_module] [8468] [session_handlers.cpp:90] on_session_renew_post - refresh
[2026-09-19 07:33:56.010] [info] [rest_database] [8468] [BuildsDatabaseImpl.cpp:258] Builds Database: Deleting tables history records after telemetry gZip file was created [ C:\Program Files (x86)\Incredibuild\\Temp\BuildsDB_AB42BA03-531E-4A75-828B-3A4C3BC7BD34_1789792436004.gz ].
[2026-09-19 07:33:56.015] [info] [rest_database] [8468] [CoordinatorDatabaseImpl.cpp:839] Coordinator Database: Deleting tables history records after telemetry gZip file was created [ C:\Program Files (x86)\Incredibuild\\Temp\CoordinatorDB_AB42BA03-531E-4A75-828B-3A4C3BC7BD34_1789792436004.gz ]. Purge all data = false
[2026-09-19 07:33:56.016] [info] [rest_telemetry] [8468] [TelemetryManagement.hpp:82] buildDbEmpty: [ true ]
[2026-09-19 07:33:57.000] [info] [rest_telemetry] [8468] [TelemetryManagement.hpp:122] Telemetry upload completed for gZip files:[ C:\Program Files (x86)\Incredibuild\\Temp\BuildsDB_AB42BA03-531E-4A75-828B-3A4C3BC7BD34_1789792436004.gz ], [ C:\Program Files (x86)\Incredibuild\\Temp\CoordinatorDB_AB42BA03-531E-4A75-828B-3A4C3BC7BD34_1789792436004.gz ], upload done for S3:  [ true ]
[2026-09-19 07:33:57.023] [info] [rest_telemetry] [8468] [TelemetryManagement.hpp:137] Telemetry upload completed for zip file:[ C:\Program Files (x86)\Incredibuild\\Temp\DBFiles_AB42BA03-531E-4A75-828B-3A4C3BC7BD34_1789792436004.zip ], upload done for IB Manager (Data Access):  [ true ]
[2026-09-19 07:43:24.186] [info] [rest_module] [8468] [session_handlers.cpp:90] on_session_renew_post - refresh
[2026-09-19 07:53:24.188] [info] [rest_module] [8468] [session_handlers.cpp:90] on_session_renew_post - refresh
[2026-09-19 08:03:24.204] [info] [rest_module] [8468] [session_handlers.cpp:90] on_session_renew_post - refresh
[2026-09-19 08:13:24.214] [info] [rest_module] [8468] [session_handlers.cpp:90] on_session_renew_post - refresh
[2026-09-19 08:23:24.219] [info] [rest_module] [8468] [session_handlers.cpp:90] on_session_renew_post - refresh
[2026-09-19 08:33:24.225] [info] [rest_module] [8468] [session_handlers.cpp:90] on_session_renew_post - refresh
[2026-09-19 08:33:57.016] [info] [rest_database] [8468] [BuildsDatabaseImpl.cpp:258] Builds Database: Deleting tables history records after telemetry gZip file was created [ C:\Program Files (x86)\Incredibuild\\Temp\BuildsDB_AB42BA03-531E-4A75-828B-3A4C3BC7BD34_1789796037009.gz ].
[2026-09-19 08:33:57.020] [info] [rest_database] [8468] [CoordinatorDatabaseImpl.cpp:839] Coordinator Database: Deleting tables history records after telemetry gZip file was created [ C:\Program Files (x86)\Incredibuild\\Temp\CoordinatorDB_AB42BA03-531E-4A75-828B-3A4C3BC7BD34_1789796037009.gz ]. Purge all data = false
[2026-09-19 08:33:57.021] [info] [rest_telemetry] [8468] [TelemetryManagement.hpp:82] buildDbEmpty: [ true ]
[2026-09-19 08:33:57.736] [info] [rest_telemetry] [8468] [TelemetryManagement.hpp:122] Telemetry upload completed for gZip files:[ C:\Program Files (x86)\Incredibuild\\Temp\BuildsDB_AB42BA03-531E-4A75-828B-3A4C3BC7BD34_1789796037009.gz ], [ C:\Program Files (x86)\Incredibuild\\Temp\CoordinatorDB_AB42BA03-531E-4A75-828B-3A4C3BC7BD34_1789796037009.gz ], upload done for S3:  [ true ]
[2026-09-19 08:33:57.757] [info] [rest_telemetry] [8468] [TelemetryManagement.hpp:137] Telemetry upload completed for zip file:[ C:\Program Files (x86)\Incredibuild\\Temp\DBFiles_AB42BA03-531E-4A75-828B-3A4C3BC7BD34_1789796037009.zip ], upload done for IB Manager (Data Access):  [ true ]
[2026-09-19 08:43:24.224] [info] [rest_module] [8468] [session_handlers.cpp:90] on_session_renew_post - refresh
[2026-09-19 08:53:24.235] [info] [rest_module] [8468] [session_handlers.cpp:90] on_session_renew_post - refresh
[2026-09-19 09:03:24.253] [info] [rest_module] [8468] [session_handlers.cpp:90] on_session_renew_post - refresh
[2026-09-19 09:13:24.253] [info] [rest_module] [8468] [session_handlers.cpp:90] on_session_renew_post - refresh
[2026-09-19 09:23:24.256] [info] [rest_module] [8468] [session_handlers.cpp:90] on_session_renew_post - refresh
[2026-09-19 09:33:24.264] [info] [rest_module] [8468] [session_handlers.cpp:90] on_session_renew_post - refresh
[2026-09-19 09:33:57.010] [info] [rest_database] [8468] [BuildsDatabaseImpl.cpp:258] Builds Database: Deleting tables history records after telemetry gZip file was created [ C:\Program Files (x86)\Incredibuild\\Temp\BuildsDB_AB42BA03-531E-4A75-828B-3A4C3BC7BD34_1789799637003.gz ].
[2026-09-19 09:33:57.018] [info] [rest_database] [8468] [CoordinatorDatabaseImpl.cpp:839] Coordinator Database: Deleting tables history records after telemetry gZip file was created [ C:\Program Files (x86)\Incredibuild\\Temp\CoordinatorDB_AB42BA03-531E-4A75-828B-3A4C3BC7BD34_1789799637003.gz ]. Purge all data = false
[2026-09-19 09:33:57.018] [info] [rest_telemetry] [8468] [TelemetryManagement.hpp:82] buildDbEmpty: [ true ]
[2026-09-19 09:33:57.711] [info] [rest_telemetry] [8468] [TelemetryManagement.hpp:122] Telemetry upload completed for gZip files:[ C:\Program Files (x86)\Incredibuild\\Temp\BuildsDB_AB42BA03-531E-4A75-828B-3A4C3BC7BD34_1789799637003.gz ], [ C:\Program Files (x86)\Incredibuild\\Temp\CoordinatorDB_AB42BA03-531E-4A75-828B-3A4C3BC7BD34_1789799637003.gz ], upload done for S3:  [ true ]
[2026-09-19 09:33:57.738] [info] [rest_telemetry] [8468] [TelemetryManagement.hpp:137] Telemetry upload completed for zip file:[ C:\Program Files (x86)\Incredibuild\\Temp\DBFiles_AB42BA03-531E-4A75-828B-3A4C3BC7BD34_1789799637003.zip ], upload done for IB Manager (Data Access):  [ true ]
[2026-09-19 09:43:24.277] [info] [rest_module] [8468] [session_handlers.cpp:90] on_session_renew_post - refresh
[2026-09-19 09:53:24.275] [info] [rest_module] [8468] [session_handlers.cpp:90] on_session_renew_post - refresh
[2026-09-19 10:03:24.288] [info] [rest_module] [8468] [session_handlers.cpp:90] on_session_renew_post - refresh
[2026-09-19 10:13:24.295] [info] [rest_module] [8468] [session_handlers.cpp:90] on_session_renew_post - refresh
[2026-09-19 10:23:24.306] [info] [rest_module] [8468] [session_handlers.cpp:90] on_session_renew_post - refresh
[2026-09-19 10:33:24.306] [info] [rest_module] [8468] [session_handlers.cpp:90] on_session_renew_post - refresh
[2026-09-19 10:33:57.020] [info] [rest_database] [8468] [BuildsDatabaseImpl.cpp:258] Builds Database: Deleting tables history records after telemetry gZip file was created [ C:\Program Files (x86)\Incredibuild\\Temp\BuildsDB_AB42BA03-531E-4A75-828B-3A4C3BC7BD34_1789803237014.gz ].
[2026-09-19 10:33:57.028] [info] [rest_database] [8468] [CoordinatorDatabaseImpl.cpp:839] Coordinator Database: Deleting tables history records after telemetry gZip file was created [ C:\Program Files (x86)\Incredibuild\\Temp\CoordinatorDB_AB42BA03-531E-4A75-828B-3A4C3BC7BD34_1789803237014.gz ]. Purge all data = false
[2026-09-19 10:33:57.028] [info] [rest_telemetry] [8468] [TelemetryManagement.hpp:82] buildDbEmpty: [ true ]
[2026-09-19 10:33:57.681] [info] [rest_telemetry] [8468] [TelemetryManagement.hpp:122] Telemetry upload completed for gZip files:[ C:\Program Files (x86)\Incredibuild\\Temp\BuildsDB_AB42BA03-531E-4A75-828B-3A4C3BC7BD34_1789803237014.gz ], [ C:\Program Files (x86)\Incredibuild\\Temp\CoordinatorDB_AB42BA03-531E-4A75-828B-3A4C3BC7BD34_1789803237014.gz ], upload done for S3:  [ true ]
[2026-09-19 10:33:57.708] [info] [rest_telemetry] [8468] [TelemetryManagement.hpp:137] Telemetry upload completed for zip file:[ C:\Program Files (x86)\Incredibuild\\Temp\DBFiles_AB42BA03-531E-4A75-828B-3A4C3BC7BD34_1789803237014.zip ], upload done for IB Manager (Data Access):  [ true ]
[2026-09-19 10:43:24.311] [info] [rest_module] [8468] [session_handlers.cpp:90] on_session_renew_post - refresh
[2026-09-19 10:53:24.316] [info] [rest_module] [8468] [session_handlers.cpp:90] on_session_renew_post - refresh
[2026-09-19 11:03:24.317] [info] [rest_module] [8468] [session_handlers.cpp:90] on_session_renew_post - refresh
[2026-09-19 11:13:24.313] [info] [rest_module] [8468] [session_handlers.cpp:90] on_session_renew_post - refresh
[2026-09-19 11:23:24.325] [info] [rest_module] [8468] [session_handlers.cpp:90] on_session_renew_post - refresh
[2026-09-19 11:33:24.330] [info] [rest_module] [8468] [session_handlers.cpp:90] on_session_renew_post - refresh
[2026-09-19 11:33:57.012] [info] [rest_database] [8468] [BuildsDatabaseImpl.cpp:258] Builds Database: Deleting tables history records after telemetry gZip file was created [ C:\Program Files (x86)\Incredibuild\\Temp\BuildsDB_AB42BA03-531E-4A75-828B-3A4C3BC7BD34_1789806837007.gz ].
[2026-09-19 11:33:57.019] [info] [rest_database] [8468] [CoordinatorDatabaseImpl.cpp:839] Coordinator Database: Deleting tables history records after telemetry gZip file was created [ C:\Program Files (x86)\Incredibuild\\Temp\CoordinatorDB_AB42BA03-531E-4A75-828B-3A4C3BC7BD34_1789806837007.gz ]. Purge all data = false
[2026-09-19 11:33:57.019] [info] [rest_telemetry] [8468] [TelemetryManagement.hpp:82] buildDbEmpty: [ true ]
[2026-09-19 11:33:57.681] [info] [rest_telemetry] [8468] [TelemetryManagement.hpp:122] Telemetry upload completed for gZip files:[ C:\Program Files (x86)\Incredibuild\\Temp\BuildsDB_AB42BA03-531E-4A75-828B-3A4C3BC7BD34_1789806837007.gz ], [ C:\Program Files (x86)\Incredibuild\\Temp\CoordinatorDB_AB42BA03-531E-4A75-828B-3A4C3BC7BD34_1789806837007.gz ], upload done for S3:  [ true ]
[2026-09-19 11:33:57.704] [info] [rest_telemetry] [8468] [TelemetryManagement.hpp:137] Telemetry upload completed for zip file:[ C:\Program Files (x86)\Incredibuild\\Temp\DBFiles_AB42BA03-531E-4A75-828B-3A4C3BC7BD34_1789806837007.zip ], upload done for IB Manager (Data Access):  [ true ]
[2026-09-19 11:43:24.333] [info] [rest_module] [8468] [session_handlers.cpp:90] on_session_renew_post - refresh
[2026-09-19 11:53:24.338] [info] [rest_module] [8468] [session_handlers.cpp:90] on_session_renew_post - refresh
[2026-09-19 12:03:24.345] [info] [rest_module] [8468] [session_handlers.cpp:90] on_session_renew_post - refresh
[2026-09-19 12:13:24.359] [info] [rest_module] [8468] [session_handlers.cpp:90] on_session_renew_post - refresh
[2026-09-19 12:23:24.375] [info] [rest_module] [8468] [session_handlers.cpp:90] on_session_renew_post - refresh
[2026-09-19 12:33:24.385] [info] [rest_module] [8468] [session_handlers.cpp:90] on_session_renew_post - refresh
[2026-09-19 12:33:57.013] [info] [rest_database] [8468] [BuildsDatabaseImpl.cpp:258] Builds Database: Deleting tables history records after telemetry gZip file was created [ C:\Program Files (x86)\Incredibuild\\Temp\BuildsDB_AB42BA03-531E-4A75-828B-3A4C3BC7BD34_1789810437009.gz ].
[2026-09-19 12:33:57.019] [info] [rest_database] [8468] [CoordinatorDatabaseImpl.cpp:839] Coordinator Database: Deleting tables history records after telemetry gZip file was created [ C:\Program Files (x86)\Incredibuild\\Temp\CoordinatorDB_AB42BA03-531E-4A75-828B-3A4C3BC7BD34_1789810437009.gz ]. Purge all data = false
[2026-09-19 12:33:57.020] [info] [rest_telemetry] [8468] [TelemetryManagement.hpp:82] buildDbEmpty: [ true ]
[2026-09-19 12:33:57.637] [info] [rest_telemetry] [8468] [TelemetryManagement.hpp:122] Telemetry upload completed for gZip files:[ C:\Program Files (x86)\Incredibuild\\Temp\BuildsDB_AB42BA03-531E-4A75-828B-3A4C3BC7BD34_1789810437009.gz ], [ C:\Program Files (x86)\Incredibuild\\Temp\CoordinatorDB_AB42BA03-531E-4A75-828B-3A4C3BC7BD34_1789810437009.gz ], upload done for S3:  [ true ]
[2026-09-19 12:33:57.662] [info] [rest_telemetry] [8468] [TelemetryManagement.hpp:137] Telemetry upload completed for zip file:[ C:\Program Files (x86)\Incredibuild\\Temp\DBFiles_AB42BA03-531E-4A75-828B-3A4C3BC7BD34_1789810437009.zip ], upload done for IB Manager (Data Access):  [ true ]
[2026-09-19 12:43:24.393] [info] [rest_module] [8468] [session_handlers.cpp:90] on_session_renew_post - refresh
[2026-09-19 12:53:24.400] [info] [rest_module] [8468] [session_handlers.cpp:90] on_session_renew_post - refresh
[2026-09-19 13:03:24.415] [info] [rest_module] [8468] [session_handlers.cpp:90] on_session_renew_post - refresh
[2026-09-19 13:13:24.424] [info] [rest_module] [8468] [session_handlers.cpp:90] on_session_renew_post - refresh
[2026-09-19 13:23:24.430] [info] [rest_module] [8468] [session_handlers.cpp:90] on_session_renew_post - refresh
[2026-09-19 13:33:24.436] [info] [rest_module] [8468] [session_handlers.cpp:90] on_session_renew_post - refresh
[2026-09-19 13:33:57.008] [info] [rest_database] [8468] [BuildsDatabaseImpl.cpp:258] Builds Database: Deleting tables history records after telemetry gZip file was created [ C:\Program Files (x86)\Incredibuild\\Temp\BuildsDB_AB42BA03-531E-4A75-828B-3A4C3BC7BD34_1789814037006.gz ].
[2026-09-19 13:33:57.013] [info] [rest_database] [8468] [CoordinatorDatabaseImpl.cpp:839] Coordinator Database: Deleting tables history records after telemetry gZip file was created [ C:\Program Files (x86)\Incredibuild\\Temp\CoordinatorDB_AB42BA03-531E-4A75-828B-3A4C3BC7BD34_1789814037006.gz ]. Purge all data = false
[2026-09-19 13:33:57.014] [info] [rest_telemetry] [8468] [TelemetryManagement.hpp:82] buildDbEmpty: [ true ]
[2026-09-19 13:33:57.658] [info] [rest_telemetry] [8468] [TelemetryManagement.hpp:122] Telemetry upload completed for gZip files:[ C:\Program Files (x86)\Incredibuild\\Temp\BuildsDB_AB42BA03-531E-4A75-828B-3A4C3BC7BD34_1789814037006.gz ], [ C:\Program Files (x86)\Incredibuild\\Temp\CoordinatorDB_AB42BA03-531E-4A75-828B-3A4C3BC7BD34_1789814037006.gz ], upload done for S3:  [ true ]
[2026-09-19 13:33:57.679] [info] [rest_telemetry] [8468] [TelemetryManagement.hpp:137] Telemetry upload completed for zip file:[ C:\Program Files (x86)\Incredibuild\\Temp\DBFiles_AB42BA03-531E-4A75-828B-3A4C3BC7BD34_1789814037006.zip ], upload done for IB Manager (Data Access):  [ true ]
[2026-09-19 13:43:24.440] [info] [rest_module] [8468] [session_handlers.cpp:90] on_session_renew_post - refresh
[2026-09-19 13:53:24.439] [info] [rest_module] [8468] [session_handlers.cpp:90] on_session_renew_post - refresh
[2026-09-19 14:03:24.448] [info] [rest_module] [8468] [session_handlers.cpp:90] on_session_renew_post - refresh
[2026-09-19 14:13:24.457] [info] [rest_module] [8468] [session_handlers.cpp:90] on_session_renew_post - refresh
[2026-09-19 14:23:24.470] [info] [rest_module] [8468] [session_handlers.cpp:90] on_session_renew_post - refresh
[2026-09-19 14:33:24.477] [info] [rest_module] [8468] [session_handlers.cpp:90] on_session_renew_post - refresh
[2026-09-19 14:33:57.013] [info] [rest_database] [8468] [BuildsDatabaseImpl.cpp:258] Builds Database: Deleting tables history records after telemetry gZip file was created [ C:\Program Files (x86)\Incredibuild\\Temp\BuildsDB_AB42BA03-531E-4A75-828B-3A4C3BC7BD34_1789817637006.gz ].
[2026-09-19 14:33:57.021] [info] [rest_database] [8468] [CoordinatorDatabaseImpl.cpp:839] Coordinator Database: Deleting tables history records after telemetry gZip file was created [ C:\Program Files (x86)\Incredibuild\\Temp\CoordinatorDB_AB42BA03-531E-4A75-828B-3A4C3BC7BD34_1789817637006.gz ]. Purge all data = false
[2026-09-19 14:33:57.021] [info] [rest_telemetry] [8468] [TelemetryManagement.hpp:82] buildDbEmpty: [ true ]
[2026-09-19 14:33:57.758] [info] [rest_telemetry] [8468] [TelemetryManagement.hpp:122] Telemetry upload completed for gZip files:[ C:\Program Files (x86)\Incredibuild\\Temp\BuildsDB_AB42BA03-531E-4A75-828B-3A4C3BC7BD34_1789817637006.gz ], [ C:\Program Files (x86)\Incredibuild\\Temp\CoordinatorDB_AB42BA03-531E-4A75-828B-3A4C3BC7BD34_1789817637006.gz ], upload done for S3:  [ true ]
[2026-09-19 14:33:57.785] [info] [rest_telemetry] [8468] [TelemetryManagement.hpp:137] Telemetry upload completed for zip file:[ C:\Program Files (x86)\Incredibuild\\Temp\DBFiles_AB42BA03-531E-4A75-828B-3A4C3BC7BD34_1789817637006.zip ], upload done for IB Manager (Data Access):  [ true ]
[2026-09-19 14:43:24.488] [info] [rest_module] [8468] [session_handlers.cpp:90] on_session_renew_post - refresh
[2026-09-19 14:53:24.488] [info] [rest_module] [8468] [session_handlers.cpp:90] on_session_renew_post - refresh
[2026-09-19 15:03:24.495] [info] [rest_module] [8468] [session_handlers.cpp:90] on_session_renew_post - refresh
[2026-09-19 15:13:24.499] [info] [rest_module] [8468] [session_handlers.cpp:90] on_session_renew_post - refresh
[2026-09-19 15:23:24.504] [info] [rest_module] [8468] [session_handlers.cpp:90] on_session_renew_post - refresh
[2026-09-19 15:33:24.520] [info] [rest_module] [8468] [session_handlers.cpp:90] on_session_renew_post - refresh
[2026-09-19 15:33:57.017] [info] [rest_database] [8468] [BuildsDatabaseImpl.cpp:258] Builds Database: Deleting tables history records after telemetry gZip file was created [ C:\Program Files (x86)\Incredibuild\\Temp\BuildsDB_AB42BA03-531E-4A75-828B-3A4C3BC7BD34_1789821237014.gz ].
[2026-09-19 15:33:57.028] [info] [rest_database] [8468] [CoordinatorDatabaseImpl.cpp:839] Coordinator Database: Deleting tables history records after telemetry gZip file was created [ C:\Program Files (x86)\Incredibuild\\Temp\CoordinatorDB_AB42BA03-531E-4A75-828B-3A4C3BC7BD34_1789821237014.gz ]. Purge all data = false
[2026-09-19 15:33:57.029] [info] [rest_telemetry] [8468] [TelemetryManagement.hpp:82] buildDbEmpty: [ true ]
[2026-09-19 15:33:58.474] [info] [rest_telemetry] [8468] [TelemetryManagement.hpp:122] Telemetry upload completed for gZip files:[ C:\Program Files (x86)\Incredibuild\\Temp\BuildsDB_AB42BA03-531E-4A75-828B-3A4C3BC7BD34_1789821237014.gz ], [ C:\Program Files (x86)\Incredibuild\\Temp\CoordinatorDB_AB42BA03-531E-4A75-828B-3A4C3BC7BD34_1789821237014.gz ], upload done for S3:  [ true ]
[2026-09-19 15:33:58.492] [info] [rest_telemetry] [8468] [TelemetryManagement.hpp:137] Telemetry upload completed for zip file:[ C:\Program Files (x86)\Incredibuild\\Temp\DBFiles_AB42BA03-531E-4A75-828B-3A4C3BC7BD34_1789821237014.zip ], upload done for IB Manager (Data Access):  [ true ]
[2026-09-19 15:43:24.522] [info] [rest_module] [8468] [session_handlers.cpp:90] on_session_renew_post - refresh
[2026-09-19 15:53:24.528] [info] [rest_module] [8468] [session_handlers.cpp:90] on_session_renew_post - refresh
[2026-09-19 16:03:24.534] [info] [rest_module] [8468] [session_handlers.cpp:90] on_session_renew_post - refresh
[2026-09-19 16:13:24.540] [info] [rest_module] [8468] [session_handlers.cpp:90] on_session_renew_post - refresh
[2026-09-19 16:23:24.541] [info] [rest_module] [8468] [session_handlers.cpp:90] on_session_renew_post - refresh
[2026-09-19 16:33:24.545] [info] [rest_module] [8468] [session_handlers.cpp:90] on_session_renew_post - refresh
[2026-09-19 16:33:58.016] [info] [rest_database] [8468] [BuildsDatabaseImpl.cpp:258] Builds Database: Deleting tables history records after telemetry gZip file was created [ C:\Program Files (x86)\Incredibuild\\Temp\BuildsDB_AB42BA03-531E-4A75-828B-3A4C3BC7BD34_1789824838011.gz ].
[2026-09-19 16:33:58.024] [info] [rest_database] [8468] [CoordinatorDatabaseImpl.cpp:839] Coordinator Database: Deleting tables history records after telemetry gZip file was created [ C:\Program Files (x86)\Incredibuild\\Temp\CoordinatorDB_AB42BA03-531E-4A75-828B-3A4C3BC7BD34_1789824838011.gz ]. Purge all data = false
[2026-09-19 16:33:58.025] [info] [rest_telemetry] [8468] [TelemetryManagement.hpp:82] buildDbEmpty: [ true ]
[2026-09-19 16:33:58.716] [info] [rest_telemetry] [8468] [TelemetryManagement.hpp:122] Telemetry upload completed for gZip files:[ C:\Program Files (x86)\Incredibuild\\Temp\BuildsDB_AB42BA03-531E-4A75-828B-3A4C3BC7BD34_1789824838011.gz ], [ C:\Program Files (x86)\Incredibuild\\Temp\CoordinatorDB_AB42BA03-531E-4A75-828B-3A4C3BC7BD34_1789824838011.gz ], upload done for S3:  [ true ]
[2026-09-19 16:33:58.740] [info] [rest_telemetry] [8468] [TelemetryManagement.hpp:137] Telemetry upload completed for zip file:[ C:\Program Files (x86)\Incredibuild\\Temp\DBFiles_AB42BA03-531E-4A75-828B-3A4C3BC7BD34_1789824838011.zip ], upload done for IB Manager (Data Access):  [ true ]
[2026-09-19 16:43:24.556] [info] [rest_module] [8468] [session_handlers.cpp:90] on_session_renew_post - refresh
[2026-09-19 16:53:24.557] [info] [rest_module] [8468] [session_handlers.cpp:90] on_session_renew_post - refresh
[2026-09-19 17:03:24.555] [info] [rest_module] [8468] [session_handlers.cpp:90] on_session_renew_post - refresh
[2026-09-19 17:13:24.569] [info] [rest_module] [8468] [session_handlers.cpp:90] on_session_renew_post - refresh
[2026-09-19 17:23:24.575] [info] [rest_module] [8468] [session_handlers.cpp:90] on_session_renew_post - refresh
[2026-09-19 17:33:24.590] [info] [rest_module] [8468] [session_handlers.cpp:90] on_session_renew_post - refresh
[2026-09-19 17:33:58.017] [info] [rest_database] [8468] [BuildsDatabaseImpl.cpp:258] Builds Database: Deleting tables history records after telemetry gZip file was created [ C:\Program Files (x86)\Incredibuild\\Temp\BuildsDB_AB42BA03-531E-4A75-828B-3A4C3BC7BD34_1789828438014.gz ].
[2026-09-19 17:33:58.025] [info] [rest_database] [8468] [CoordinatorDatabaseImpl.cpp:839] Coordinator Database: Deleting tables history records after telemetry gZip file was created [ C:\Program Files (x86)\Incredibuild\\Temp\CoordinatorDB_AB42BA03-531E-4A75-828B-3A4C3BC7BD34_1789828438014.gz ]. Purge all data = false
[2026-09-19 17:33:58.026] [info] [rest_telemetry] [8468] [TelemetryManagement.hpp:82] buildDbEmpty: [ true ]
[2026-09-19 17:33:59.370] [info] [rest_telemetry] [8468] [TelemetryManagement.hpp:122] Telemetry upload completed for gZip files:[ C:\Program Files (x86)\Incredibuild\\Temp\BuildsDB_AB42BA03-531E-4A75-828B-3A4C3BC7BD34_1789828438014.gz ], [ C:\Program Files (x86)\Incredibuild\\Temp\CoordinatorDB_AB42BA03-531E-4A75-828B-3A4C3BC7BD34_1789828438014.gz ], upload done for S3:  [ true ]
[2026-09-19 17:33:59.395] [info] [rest_telemetry] [8468] [TelemetryManagement.hpp:137] Telemetry upload completed for zip file:[ C:\Program Files (x86)\Incredibuild\\Temp\DBFiles_AB42BA03-531E-4A75-828B-3A4C3BC7BD34_1789828438014.zip ], upload done for IB Manager (Data Access):  [ true ]
[2026-09-19 17:43:24.602] [info] [rest_module] [8468] [session_handlers.cpp:90] on_session_renew_post - refresh
[2026-09-19 17:53:24.609] [info] [rest_module] [8468] [session_handlers.cpp:90] on_session_renew_post - refresh
[2026-09-19 18:03:24.616] [info] [rest_module] [8468] [session_handlers.cpp:90] on_session_renew_post - refresh
[2026-09-19 18:13:24.621] [info] [rest_module] [8468] [session_handlers.cpp:90] on_session_renew_post - refresh
[2026-09-19 18:23:24.635] [info] [rest_module] [8468] [session_handlers.cpp:90] on_session_renew_post - refresh
[2026-09-19 18:33:24.643] [info] [rest_module] [8468] [session_handlers.cpp:90] on_session_renew_post - refresh
[2026-09-19 18:33:59.007] [info] [rest_database] [8468] [BuildsDatabaseImpl.cpp:258] Builds Database: Deleting tables history records after telemetry gZip file was created [ C:\Program Files (x86)\Incredibuild\\Temp\BuildsDB_AB42BA03-531E-4A75-828B-3A4C3BC7BD34_1789832039003.gz ].
[2026-09-19 18:33:59.014] [info] [rest_database] [8468] [CoordinatorDatabaseImpl.cpp:839] Coordinator Database: Deleting tables history records after telemetry gZip file was created [ C:\Program Files (x86)\Incredibuild\\Temp\CoordinatorDB_AB42BA03-531E-4A75-828B-3A4C3BC7BD34_1789832039003.gz ]. Purge all data = false
[2026-09-19 18:33:59.014] [info] [rest_telemetry] [8468] [TelemetryManagement.hpp:82] buildDbEmpty: [ true ]
[2026-09-19 18:33:59.727] [info] [rest_telemetry] [8468] [TelemetryManagement.hpp:122] Telemetry upload completed for gZip files:[ C:\Program Files (x86)\Incredibuild\\Temp\BuildsDB_AB42BA03-531E-4A75-828B-3A4C3BC7BD34_1789832039003.gz ], [ C:\Program Files (x86)\Incredibuild\\Temp\CoordinatorDB_AB42BA03-531E-4A75-828B-3A4C3BC7BD34_1789832039003.gz ], upload done for S3:  [ true ]
[2026-09-19 18:33:59.752] [info] [rest_telemetry] [8468] [TelemetryManagement.hpp:137] Telemetry upload completed for zip file:[ C:\Program Files (x86)\Incredibuild\\Temp\DBFiles_AB42BA03-531E-4A75-828B-3A4C3BC7BD34_1789832039003.zip ], upload done for IB Manager (Data Access):  [ true ]
[2026-09-19 18:43:24.657] [info] [rest_module] [8468] [session_handlers.cpp:90] on_session_renew_post - refresh
[2026-09-19 18:53:24.664] [info] [rest_module] [8468] [session_handlers.cpp:90] on_session_renew_post - refresh
[2026-09-19 19:03:24.668] [info] [rest_module] [8468] [session_handlers.cpp:90] on_session_renew_post - refresh
[2026-09-19 23:29:26.875] [warning] [rest_business_logic] [8468] [jwt_processing.cpp:151] Verify error token expired 14
[2026-09-19 23:29:26.995] [info] [rest_database] [8468] [BuildsDatabaseImpl.cpp:258] Builds Database: Deleting tables history records after telemetry gZip file was created [ C:\Program Files (x86)\Incredibuild\\Temp\BuildsDB_AB42BA03-531E-4A75-828B-3A4C3BC7BD34_1789849766875.gz ].
[2026-09-19 23:29:27.076] [info] [rest_database] [8468] [CoordinatorDatabaseImpl.cpp:839] Coordinator Database: Deleting tables history records after telemetry gZip file was created [ C:\Program Files (x86)\Incredibuild\\Temp\CoordinatorDB_AB42BA03-531E-4A75-828B-3A4C3BC7BD34_1789849766875.gz ]. Purge all data = false
[2026-09-19 23:29:27.077] [info] [rest_telemetry] [8468] [TelemetryManagement.hpp:82] buildDbEmpty: [ true ]
[2026-09-19 23:29:27.090] [warning] [rest_business_logic] [8468] [rest_api.cpp:124] Fail to authenticate: Fail to authenticate
[2026-09-19 23:29:27.091] [warning] [rest_module] [8468] [logger_adapter.hpp:39] [connection:598] try to write response, while socket is closed
[2026-09-19 23:29:27.094] [error] [rest_telemetry] [8468] [TelemetryManagement.cpp:341] Error resolving domain name: telemetry.incredibuild.com, error: No such host is known
[2026-09-19 23:29:27.095] [error] [rest_telemetry] [8468] [TelemetryManagement.cpp:448] Handling Proxy Setup failed
[2026-09-19 23:29:27.095] [error] [rest_telemetry] [8468] [TelemetryManagement.hpp:113] Failed uploading Telemetry gZip file to S3 [ C:\Program Files (x86)\Incredibuild\\Temp\CoordinatorDB_AB42BA03-531E-4A75-828B-3A4C3BC7BD34_1789849766875.gz ], upload done: [ true ]
[2026-09-19 23:29:27.127] [info] [rest_module] [8468] [session_handlers.cpp:90] on_session_renew_post - refresh
[2026-09-19 23:29:27.128] [warning] [rest_business_logic] [8468] [rest_api.cpp:124] Fail to authenticate: Fail to authenticate
[2026-09-19 23:29:27.128] [warning] [rest_business_logic] [8468] [rest_api.cpp:124] Fail to authenticate: Fail to authenticate
[2026-09-19 23:29:27.174] [info] [rest_module] [8468] [session_handlers.cpp:30] on_session_create_post - login
[2026-09-19 23:29:27.218] [info] [rest_business_logic] [8468] [business_logic_relayer.cpp:592] Added new history buffer
[2026-09-19 23:29:27.218] [info] [rest_business_logic] [8468] [business_logic_relayer.cpp:821] Remove diff buffers
[2026-09-19 23:29:27.231] [info] [rest_telemetry] [8468] [TelemetryManagement.hpp:137] Telemetry upload completed for zip file:[ C:\Program Files (x86)\Incredibuild\\Temp\DBFiles_AB42BA03-531E-4A75-828B-3A4C3BC7BD34_1789849766875.zip ], upload done for IB Manager (Data Access):  [ true ]
[2026-09-19 23:29:27.292] [error] [rest_telemetry] [8468] [TelemetryManagement.cpp:341] Error resolving domain name: telemetry.incredibuild.com, error: No such host is known
[2026-09-19 23:29:27.293] [error] [rest_telemetry] [8468] [TelemetryManagement.cpp:448] Handling Proxy Setup failed
[2026-09-19 23:29:27.316] [error] [rest_telemetry] [8468] [TelemetryManagement.cpp:341] Error resolving domain name: telemetry.incredibuild.com, error: No such host is known
[2026-09-19 23:29:27.316] [error] [rest_telemetry] [8468] [TelemetryManagement.cpp:448] Handling Proxy Setup failed
[2026-09-19 23:39:26.877] [info] [rest_module] [8468] [session_handlers.cpp:90] on_session_renew_post - refresh
[2026-09-19 23:49:26.889] [info] [rest_module] [8468] [session_handlers.cpp:90] on_session_renew_post - refresh
[2026-09-19 23:59:26.896] [info] [rest_module] [8468] [session_handlers.cpp:90] on_session_renew_post - refresh
[2026-09-20 00:09:26.908] [info] [rest_module] [8468] [session_handlers.cpp:90] on_session_renew_post - refresh
[2026-09-20 00:19:26.910] [info] [rest_module] [8468] [session_handlers.cpp:90] on_session_renew_post - refresh
[2026-09-20 00:29:26.911] [info] [rest_module] [8468] [session_handlers.cpp:90] on_session_renew_post - refresh
[2026-09-20 00:29:27.014] [info] [rest_database] [8468] [BuildsDatabaseImpl.cpp:258] Builds Database: Deleting tables history records after telemetry gZip file was created [ C:\Program Files (x86)\Incredibuild\\Temp\BuildsDB_AB42BA03-531E-4A75-828B-3A4C3BC7BD34_1789853367011.gz ].
[2026-09-20 00:29:27.019] [info] [rest_database] [8468] [CoordinatorDatabaseImpl.cpp:839] Coordinator Database: Deleting tables history records after telemetry gZip file was created [ C:\Program Files (x86)\Incredibuild\\Temp\CoordinatorDB_AB42BA03-531E-4A75-828B-3A4C3BC7BD34_1789853367011.gz ]. Purge all data = false
[2026-09-20 00:29:27.020] [info] [rest_telemetry] [8468] [TelemetryManagement.hpp:82] buildDbEmpty: [ true ]
[2026-09-20 00:29:27.690] [info] [rest_telemetry] [8468] [TelemetryManagement.hpp:122] Telemetry upload completed for gZip files:[ C:\Program Files (x86)\Incredibuild\\Temp\BuildsDB_AB42BA03-531E-4A75-828B-3A4C3BC7BD34_1789853367011.gz ], [ C:\Program Files (x86)\Incredibuild\\Temp\CoordinatorDB_AB42BA03-531E-4A75-828B-3A4C3BC7BD34_1789853367011.gz ], upload done for S3:  [ true ]
[2026-09-20 00:29:27.716] [info] [rest_telemetry] [8468] [TelemetryManagement.hpp:137] Telemetry upload completed for zip file:[ C:\Program Files (x86)\Incredibuild\\Temp\DBFiles_AB42BA03-531E-4A75-828B-3A4C3BC7BD34_1789853367011.zip ], upload done for IB Manager (Data Access):  [ true ]
[2026-09-20 00:39:26.922] [info] [rest_module] [8468] [session_handlers.cpp:90] on_session_renew_post - refresh
[2026-09-20 00:49:26.922] [info] [rest_module] [8468] [session_handlers.cpp:90] on_session_renew_post - refresh
[2026-09-20 00:59:26.929] [info] [rest_module] [8468] [session_handlers.cpp:90] on_session_renew_post - refresh
[2026-09-20 01:09:26.932] [info] [rest_module] [8468] [session_handlers.cpp:90] on_session_renew_post - refresh
[2026-09-20 01:19:26.937] [info] [rest_module] [8468] [session_handlers.cpp:90] on_session_renew_post - refresh
[2026-09-20 01:29:26.946] [info] [rest_module] [8468] [session_handlers.cpp:90] on_session_renew_post - refresh
[2026-09-20 01:29:29.018] [info] [rest_database] [8468] [BuildsDatabaseImpl.cpp:258] Builds Database: Deleting tables history records after telemetry gZip file was created [ C:\Program Files (x86)\Incredibuild\\Temp\BuildsDB_AB42BA03-531E-4A75-828B-3A4C3BC7BD34_1789856969013.gz ].
[2026-09-20 01:29:29.025] [info] [rest_database] [8468] [CoordinatorDatabaseImpl.cpp:839] Coordinator Database: Deleting tables history records after telemetry gZip file was created [ C:\Program Files (x86)\Incredibuild\\Temp\CoordinatorDB_AB42BA03-531E-4A75-828B-3A4C3BC7BD34_1789856969013.gz ]. Purge all data = false
[2026-09-20 01:29:29.026] [info] [rest_telemetry] [8468] [TelemetryManagement.hpp:82] buildDbEmpty: [ true ]
[2026-09-20 01:29:29.623] [info] [rest_telemetry] [8468] [TelemetryManagement.hpp:122] Telemetry upload completed for gZip files:[ C:\Program Files (x86)\Incredibuild\\Temp\BuildsDB_AB42BA03-531E-4A75-828B-3A4C3BC7BD34_1789856969013.gz ], [ C:\Program Files (x86)\Incredibuild\\Temp\CoordinatorDB_AB42BA03-531E-4A75-828B-3A4C3BC7BD34_1789856969013.gz ], upload done for S3:  [ true ]
[2026-09-20 01:29:29.645] [info] [rest_telemetry] [8468] [TelemetryManagement.hpp:137] Telemetry upload completed for zip file:[ C:\Program Files (x86)\Incredibuild\\Temp\DBFiles_AB42BA03-531E-4A75-828B-3A4C3BC7BD34_1789856969013.zip ], upload done for IB Manager (Data Access):  [ true ]
[2026-09-20 01:39:26.948] [info] [rest_module] [8468] [session_handlers.cpp:90] on_session_renew_post - refresh
[2026-09-20 01:49:26.961] [info] [rest_module] [8468] [session_handlers.cpp:90] on_session_renew_post - refresh
[2026-09-20 01:59:26.969] [info] [rest_module] [8468] [session_handlers.cpp:90] on_session_renew_post - refresh
[2026-09-20 02:09:26.981] [info] [rest_module] [8468] [session_handlers.cpp:90] on_session_renew_post - refresh
[2026-09-20 02:19:27.000] [info] [rest_module] [8468] [session_handlers.cpp:90] on_session_renew_post - refresh
[2026-09-20 02:29:27.008] [info] [rest_module] [8468] [session_handlers.cpp:90] on_session_renew_post - refresh
[2026-09-20 02:29:29.006] [info] [rest_database] [8468] [BuildsDatabaseImpl.cpp:258] Builds Database: Deleting tables history records after telemetry gZip file was created [ C:\Program Files (x86)\Incredibuild\\Temp\BuildsDB_AB42BA03-531E-4A75-828B-3A4C3BC7BD34_1789860569000.gz ].
[2026-09-20 02:29:29.014] [info] [rest_database] [8468] [CoordinatorDatabaseImpl.cpp:839] Coordinator Database: Deleting tables history records after telemetry gZip file was created [ C:\Program Files (x86)\Incredibuild\\Temp\CoordinatorDB_AB42BA03-531E-4A75-828B-3A4C3BC7BD34_1789860569000.gz ]. Purge all data = false
[2026-09-20 02:29:29.014] [info] [rest_telemetry] [8468] [TelemetryManagement.hpp:82] buildDbEmpty: [ true ]
[2026-09-20 02:29:29.832] [info] [rest_telemetry] [8468] [TelemetryManagement.hpp:122] Telemetry upload completed for gZip files:[ C:\Program Files (x86)\Incredibuild\\Temp\BuildsDB_AB42BA03-531E-4A75-828B-3A4C3BC7BD34_1789860569000.gz ], [ C:\Program Files (x86)\Incredibuild\\Temp\CoordinatorDB_AB42BA03-531E-4A75-828B-3A4C3BC7BD34_1789860569000.gz ], upload done for S3:  [ true ]
[2026-09-20 02:29:29.855] [info] [rest_telemetry] [8468] [TelemetryManagement.hpp:137] Telemetry upload completed for zip file:[ C:\Program Files (x86)\Incredibuild\\Temp\DBFiles_AB42BA03-531E-4A75-828B-3A4C3BC7BD34_1789860569000.zip ], upload done for IB Manager (Data Access):  [ true ]
[2026-09-20 02:39:27.021] [info] [rest_module] [8468] [session_handlers.cpp:90] on_session_renew_post - refresh
[2026-09-20 02:49:27.023] [info] [rest_module] [8468] [session_handlers.cpp:90] on_session_renew_post - refresh
[2026-09-20 02:59:27.025] [info] [rest_module] [8468] [session_handlers.cpp:90] on_session_renew_post - refresh
[2026-09-20 03:09:27.031] [info] [rest_module] [8468] [session_handlers.cpp:90] on_session_renew_post - refresh
[2026-09-20 03:19:27.034] [info] [rest_module] [8468] [session_handlers.cpp:90] on_session_renew_post - refresh
[2026-09-20 03:29:27.035] [info] [rest_module] [8468] [session_handlers.cpp:90] on_session_renew_post - refresh
[2026-09-20 03:29:29.009] [info] [rest_database] [8468] [BuildsDatabaseImpl.cpp:258] Builds Database: Deleting tables history records after telemetry gZip file was created [ C:\Program Files (x86)\Incredibuild\\Temp\BuildsDB_AB42BA03-531E-4A75-828B-3A4C3BC7BD34_1789864169006.gz ].
[2026-09-20 03:29:29.016] [info] [rest_database] [8468] [CoordinatorDatabaseImpl.cpp:839] Coordinator Database: Deleting tables history records after telemetry gZip file was created [ C:\Program Files (x86)\Incredibuild\\Temp\CoordinatorDB_AB42BA03-531E-4A75-828B-3A4C3BC7BD34_1789864169006.gz ]. Purge all data = false
[2026-09-20 03:29:29.019] [info] [rest_telemetry] [8468] [TelemetryManagement.hpp:82] buildDbEmpty: [ true ]
[2026-09-20 03:29:29.691] [info] [rest_telemetry] [8468] [TelemetryManagement.hpp:122] Telemetry upload completed for gZip files:[ C:\Program Files (x86)\Incredibuild\\Temp\BuildsDB_AB42BA03-531E-4A75-828B-3A4C3BC7BD34_1789864169006.gz ], [ C:\Program Files (x86)\Incredibuild\\Temp\CoordinatorDB_AB42BA03-531E-4A75-828B-3A4C3BC7BD34_1789864169006.gz ], upload done for S3:  [ true ]
[2026-09-20 03:29:29.709] [info] [rest_telemetry] [8468] [TelemetryManagement.hpp:137] Telemetry upload completed for zip file:[ C:\Program Files (x86)\Incredibuild\\Temp\DBFiles_AB42BA03-531E-4A75-828B-3A4C3BC7BD34_1789864169006.zip ], upload done for IB Manager (Data Access):  [ true ]
[2026-09-20 03:39:27.041] [info] [rest_module] [8468] [session_handlers.cpp:90] on_session_renew_post - refresh
[2026-09-20 03:49:27.046] [info] [rest_module] [8468] [session_handlers.cpp:90] on_session_renew_post - refresh
[2026-09-20 03:59:27.054] [info] [rest_module] [8468] [session_handlers.cpp:90] on_session_renew_post - refresh
[2026-09-20 04:09:27.058] [info] [rest_module] [8468] [session_handlers.cpp:90] on_session_renew_post - refresh
[2026-09-20 04:19:27.061] [info] [rest_module] [8468] [session_handlers.cpp:90] on_session_renew_post - refresh
[2026-09-20 04:29:27.071] [info] [rest_module] [8468] [session_handlers.cpp:90] on_session_renew_post - refresh
[2026-09-20 04:29:29.009] [info] [rest_database] [8468] [BuildsDatabaseImpl.cpp:258] Builds Database: Deleting tables history records after telemetry gZip file was created [ C:\Program Files (x86)\Incredibuild\\Temp\BuildsDB_AB42BA03-531E-4A75-828B-3A4C3BC7BD34_1789867769006.gz ].
[2026-09-20 04:29:29.014] [info] [rest_database] [8468] [CoordinatorDatabaseImpl.cpp:839] Coordinator Database: Deleting tables history records after telemetry gZip file was created [ C:\Program Files (x86)\Incredibuild\\Temp\CoordinatorDB_AB42BA03-531E-4A75-828B-3A4C3BC7BD34_1789867769006.gz ]. Purge all data = false
[2026-09-20 04:29:29.015] [info] [rest_telemetry] [8468] [TelemetryManagement.hpp:82] buildDbEmpty: [ true ]
[2026-09-20 04:29:29.677] [info] [rest_telemetry] [8468] [TelemetryManagement.hpp:122] Telemetry upload completed for gZip files:[ C:\Program Files (x86)\Incredibuild\\Temp\BuildsDB_AB42BA03-531E-4A75-828B-3A4C3BC7BD34_1789867769006.gz ], [ C:\Program Files (x86)\Incredibuild\\Temp\CoordinatorDB_AB42BA03-531E-4A75-828B-3A4C3BC7BD34_1789867769006.gz ], upload done for S3:  [ true ]
[2026-09-20 04:29:29.695] [info] [rest_telemetry] [8468] [TelemetryManagement.hpp:137] Telemetry upload completed for zip file:[ C:\Program Files (x86)\Incredibuild\\Temp\DBFiles_AB42BA03-531E-4A75-828B-3A4C3BC7BD34_1789867769006.zip ], upload done for IB Manager (Data Access):  [ true ]
[2026-09-20 04:39:27.083] [info] [rest_module] [8468] [session_handlers.cpp:90] on_session_renew_post - refresh
[2026-09-20 04:49:27.090] [info] [rest_module] [8468] [session_handlers.cpp:90] on_session_renew_post - refresh
[2026-09-20 04:59:27.096] [info] [rest_module] [8468] [session_handlers.cpp:90] on_session_renew_post - refresh
[2026-09-20 05:09:27.098] [info] [rest_module] [8468] [session_handlers.cpp:90] on_session_renew_post - refresh
[2026-09-20 05:19:27.104] [info] [rest_module] [8468] [session_handlers.cpp:90] on_session_renew_post - refresh
[2026-09-20 05:29:27.110] [info] [rest_module] [8468] [session_handlers.cpp:90] on_session_renew_post - refresh
[2026-09-20 05:29:29.010] [info] [rest_database] [8468] [BuildsDatabaseImpl.cpp:258] Builds Database: Deleting tables history records after telemetry gZip file was created [ C:\Program Files (x86)\Incredibuild\\Temp\BuildsDB_AB42BA03-531E-4A75-828B-3A4C3BC7BD34_1789871369006.gz ].
[2026-09-20 05:29:29.016] [info] [rest_database] [8468] [CoordinatorDatabaseImpl.cpp:839] Coordinator Database: Deleting tables history records after telemetry gZip file was created [ C:\Program Files (x86)\Incredibuild\\Temp\CoordinatorDB_AB42BA03-531E-4A75-828B-3A4C3BC7BD34_1789871369006.gz ]. Purge all data = false
[2026-09-20 05:29:29.017] [info] [rest_telemetry] [8468] [TelemetryManagement.hpp:82] buildDbEmpty: [ true ]
[2026-09-20 05:29:29.621] [info] [rest_telemetry] [8468] [TelemetryManagement.hpp:122] Telemetry upload completed for gZip files:[ C:\Program Files (x86)\Incredibuild\\Temp\BuildsDB_AB42BA03-531E-4A75-828B-3A4C3BC7BD34_1789871369006.gz ], [ C:\Program Files (x86)\Incredibuild\\Temp\CoordinatorDB_AB42BA03-531E-4A75-828B-3A4C3BC7BD34_1789871369006.gz ], upload done for S3:  [ true ]
[2026-09-20 05:29:29.644] [info] [rest_telemetry] [8468] [TelemetryManagement.hpp:137] Telemetry upload completed for zip file:[ C:\Program Files (x86)\Incredibuild\\Temp\DBFiles_AB42BA03-531E-4A75-828B-3A4C3BC7BD34_1789871369006.zip ], upload done for IB Manager (Data Access):  [ true ]
[2026-09-20 05:39:27.125] [info] [rest_module] [8468] [session_handlers.cpp:90] on_session_renew_post - refresh
[2026-09-20 05:49:27.123] [info] [rest_module] [8468] [session_handlers.cpp:90] on_session_renew_post - refresh
[2026-09-20 05:59:27.128] [info] [rest_module] [8468] [session_handlers.cpp:90] on_session_renew_post - refresh
[2026-09-20 06:09:27.140] [info] [rest_module] [8468] [session_handlers.cpp:90] on_session_renew_post - refresh
[2026-09-20 06:19:27.145] [info] [rest_module] [8468] [session_handlers.cpp:90] on_session_renew_post - refresh
[2026-09-20 06:29:27.153] [info] [rest_module] [8468] [session_handlers.cpp:90] on_session_renew_post - refresh
[2026-09-20 06:29:29.010] [info] [rest_database] [8468] [BuildsDatabaseImpl.cpp:258] Builds Database: Deleting tables history records after telemetry gZip file was created [ C:\Program Files (x86)\Incredibuild\\Temp\BuildsDB_AB42BA03-531E-4A75-828B-3A4C3BC7BD34_1789874969002.gz ].
[2026-09-20 06:29:29.017] [info] [rest_database] [8468] [CoordinatorDatabaseImpl.cpp:839] Coordinator Database: Deleting tables history records after telemetry gZip file was created [ C:\Program Files (x86)\Incredibuild\\Temp\CoordinatorDB_AB42BA03-531E-4A75-828B-3A4C3BC7BD34_1789874969002.gz ]. Purge all data = false
[2026-09-20 06:29:29.017] [info] [rest_telemetry] [8468] [TelemetryManagement.hpp:82] buildDbEmpty: [ true ]
[2026-09-20 06:29:29.663] [info] [rest_telemetry] [8468] [TelemetryManagement.hpp:122] Telemetry upload completed for gZip files:[ C:\Program Files (x86)\Incredibuild\\Temp\BuildsDB_AB42BA03-531E-4A75-828B-3A4C3BC7BD34_1789874969002.gz ], [ C:\Program Files (x86)\Incredibuild\\Temp\CoordinatorDB_AB42BA03-531E-4A75-828B-3A4C3BC7BD34_1789874969002.gz ], upload done for S3:  [ true ]
[2026-09-20 06:29:29.686] [info] [rest_telemetry] [8468] [TelemetryManagement.hpp:137] Telemetry upload completed for zip file:[ C:\Program Files (x86)\Incredibuild\\Temp\DBFiles_AB42BA03-531E-4A75-828B-3A4C3BC7BD34_1789874969002.zip ], upload done for IB Manager (Data Access):  [ true ]
[2026-09-20 06:39:27.169] [info] [rest_module] [8468] [session_handlers.cpp:90] on_session_renew_post - refresh
[2026-09-20 06:49:27.178] [info] [rest_module] [8468] [session_handlers.cpp:90] on_session_renew_post - refresh
[2026-09-20 06:59:27.190] [info] [rest_module] [8468] [session_handlers.cpp:90] on_session_renew_post - refresh
[2026-09-20 07:09:27.199] [info] [rest_module] [8468] [session_handlers.cpp:90] on_session_renew_post - refresh
[2026-09-20 07:19:27.209] [info] [rest_module] [8468] [session_handlers.cpp:90] on_session_renew_post - refresh
[2026-09-20 07:29:27.210] [info] [rest_module] [8468] [session_handlers.cpp:90] on_session_renew_post - refresh
[2026-09-20 07:29:29.012] [info] [rest_database] [8468] [BuildsDatabaseImpl.cpp:258] Builds Database: Deleting tables history records after telemetry gZip file was created [ C:\Program Files (x86)\Incredibuild\\Temp\BuildsDB_AB42BA03-531E-4A75-828B-3A4C3BC7BD34_1789878569006.gz ].
[2026-09-20 07:29:29.017] [info] [rest_database] [8468] [CoordinatorDatabaseImpl.cpp:839] Coordinator Database: Deleting tables history records after telemetry gZip file was created [ C:\Program Files (x86)\Incredibuild\\Temp\CoordinatorDB_AB42BA03-531E-4A75-828B-3A4C3BC7BD34_1789878569006.gz ]. Purge all data = false
[2026-09-20 07:29:29.017] [info] [rest_telemetry] [8468] [TelemetryManagement.hpp:82] buildDbEmpty: [ true ]
[2026-09-20 07:29:29.717] [info] [rest_telemetry] [8468] [TelemetryManagement.hpp:122] Telemetry upload completed for gZip files:[ C:\Program Files (x86)\Incredibuild\\Temp\BuildsDB_AB42BA03-531E-4A75-828B-3A4C3BC7BD34_1789878569006.gz ], [ C:\Program Files (x86)\Incredibuild\\Temp\CoordinatorDB_AB42BA03-531E-4A75-828B-3A4C3BC7BD34_1789878569006.gz ], upload done for S3:  [ true ]
[2026-09-20 07:29:29.739] [info] [rest_telemetry] [8468] [TelemetryManagement.hpp:137] Telemetry upload completed for zip file:[ C:\Program Files (x86)\Incredibuild\\Temp\DBFiles_AB42BA03-531E-4A75-828B-3A4C3BC7BD34_1789878569006.zip ], upload done for IB Manager (Data Access):  [ true ]
[2026-09-20 07:39:27.213] [info] [rest_module] [8468] [session_handlers.cpp:90] on_session_renew_post - refresh
[2026-09-20 07:49:27.217] [info] [rest_module] [8468] [session_handlers.cpp:90] on_session_renew_post - refresh
[2026-09-20 07:59:27.218] [info] [rest_module] [8468] [session_handlers.cpp:90] on_session_renew_post - refresh
[2026-09-20 08:09:27.222] [info] [rest_module] [8468] [session_handlers.cpp:90] on_session_renew_post - refresh
[2026-09-20 08:19:27.224] [info] [rest_module] [8468] [session_handlers.cpp:90] on_session_renew_post - refresh
[2026-09-20 08:29:27.236] [info] [rest_module] [8468] [session_handlers.cpp:90] on_session_renew_post - refresh
[2026-09-20 08:29:29.010] [info] [rest_database] [8468] [BuildsDatabaseImpl.cpp:258] Builds Database: Deleting tables history records after telemetry gZip file was created [ C:\Program Files (x86)\Incredibuild\\Temp\BuildsDB_AB42BA03-531E-4A75-828B-3A4C3BC7BD34_1789882169008.gz ].
[2026-09-20 08:29:29.016] [info] [rest_database] [8468] [CoordinatorDatabaseImpl.cpp:839] Coordinator Database: Deleting tables history records after telemetry gZip file was created [ C:\Program Files (x86)\Incredibuild\\Temp\CoordinatorDB_AB42BA03-531E-4A75-828B-3A4C3BC7BD34_1789882169008.gz ]. Purge all data = false
[2026-09-20 08:29:29.016] [info] [rest_telemetry] [8468] [TelemetryManagement.hpp:82] buildDbEmpty: [ true ]
[2026-09-20 08:29:29.695] [info] [rest_telemetry] [8468] [TelemetryManagement.hpp:122] Telemetry upload completed for gZip files:[ C:\Program Files (x86)\Incredibuild\\Temp\BuildsDB_AB42BA03-531E-4A75-828B-3A4C3BC7BD34_1789882169008.gz ], [ C:\Program Files (x86)\Incredibuild\\Temp\CoordinatorDB_AB42BA03-531E-4A75-828B-3A4C3BC7BD34_1789882169008.gz ], upload done for S3:  [ true ]
[2026-09-20 08:29:29.716] [info] [rest_telemetry] [8468] [TelemetryManagement.hpp:137] Telemetry upload completed for zip file:[ C:\Program Files (x86)\Incredibuild\\Temp\DBFiles_AB42BA03-531E-4A75-828B-3A4C3BC7BD34_1789882169008.zip ], upload done for IB Manager (Data Access):  [ true ]
[2026-09-20 08:39:27.246] [info] [rest_module] [8468] [session_handlers.cpp:90] on_session_renew_post - refresh
[2026-09-20 08:49:27.249] [info] [rest_module] [8468] [session_handlers.cpp:90] on_session_renew_post - refresh
[2026-09-20 08:59:27.251] [info] [rest_module] [8468] [session_handlers.cpp:90] on_session_renew_post - refresh
[2026-09-20 09:09:27.255] [info] [rest_module] [8468] [session_handlers.cpp:90] on_session_renew_post - refresh
[2026-09-20 09:19:27.269] [info] [rest_module] [8468] [session_handlers.cpp:90] on_session_renew_post - refresh
[2026-09-20 09:29:27.278] [info] [rest_module] [8468] [session_handlers.cpp:90] on_session_renew_post - refresh
[2026-09-20 09:29:29.006] [info] [rest_database] [8468] [BuildsDatabaseImpl.cpp:258] Builds Database: Deleting tables history records after telemetry gZip file was created [ C:\Program Files (x86)\Incredibuild\\Temp\BuildsDB_AB42BA03-531E-4A75-828B-3A4C3BC7BD34_1789885769004.gz ].
[2026-09-20 09:29:29.010] [info] [rest_database] [8468] [CoordinatorDatabaseImpl.cpp:839] Coordinator Database: Deleting tables history records after telemetry gZip file was created [ C:\Program Files (x86)\Incredibuild\\Temp\CoordinatorDB_AB42BA03-531E-4A75-828B-3A4C3BC7BD34_1789885769004.gz ]. Purge all data = false
[2026-09-20 09:29:29.010] [info] [rest_telemetry] [8468] [TelemetryManagement.hpp:82] buildDbEmpty: [ true ]
[2026-09-20 09:29:29.640] [info] [rest_telemetry] [8468] [TelemetryManagement.hpp:122] Telemetry upload completed for gZip files:[ C:\Program Files (x86)\Incredibuild\\Temp\BuildsDB_AB42BA03-531E-4A75-828B-3A4C3BC7BD34_1789885769004.gz ], [ C:\Program Files (x86)\Incredibuild\\Temp\CoordinatorDB_AB42BA03-531E-4A75-828B-3A4C3BC7BD34_1789885769004.gz ], upload done for S3:  [ true ]
[2026-09-20 09:29:29.660] [info] [rest_telemetry] [8468] [TelemetryManagement.hpp:137] Telemetry upload completed for zip file:[ C:\Program Files (x86)\Incredibuild\\Temp\DBFiles_AB42BA03-531E-4A75-828B-3A4C3BC7BD34_1789885769004.zip ], upload done for IB Manager (Data Access):  [ true ]
[2026-09-20 09:39:27.284] [info] [rest_module] [8468] [session_handlers.cpp:90] on_session_renew_post - refresh
[2026-09-20 09:49:27.286] [info] [rest_module] [8468] [session_handlers.cpp:90] on_session_renew_post - refresh
[2026-09-20 09:59:27.297] [info] [rest_module] [8468] [session_handlers.cpp:90] on_session_renew_post - refresh
[2026-09-20 10:09:27.302] [info] [rest_module] [8468] [session_handlers.cpp:90] on_session_renew_post - refresh
[2026-09-20 10:19:27.314] [info] [rest_module] [8468] [session_handlers.cpp:90] on_session_renew_post - refresh
[2026-09-20 10:29:27.323] [info] [rest_module] [8468] [session_handlers.cpp:90] on_session_renew_post - refresh
[2026-09-20 10:29:29.006] [info] [rest_database] [8468] [BuildsDatabaseImpl.cpp:258] Builds Database: Deleting tables history records after telemetry gZip file was created [ C:\Program Files (x86)\Incredibuild\\Temp\BuildsDB_AB42BA03-531E-4A75-828B-3A4C3BC7BD34_1789889369001.gz ].
[2026-09-20 10:29:29.015] [info] [rest_database] [8468] [CoordinatorDatabaseImpl.cpp:839] Coordinator Database: Deleting tables history records after telemetry gZip file was created [ C:\Program Files (x86)\Incredibuild\\Temp\CoordinatorDB_AB42BA03-531E-4A75-828B-3A4C3BC7BD34_1789889369001.gz ]. Purge all data = false
[2026-09-20 10:29:29.015] [info] [rest_telemetry] [8468] [TelemetryManagement.hpp:82] buildDbEmpty: [ true ]
[2026-09-20 10:29:29.641] [info] [rest_telemetry] [8468] [TelemetryManagement.hpp:122] Telemetry upload completed for gZip files:[ C:\Program Files (x86)\Incredibuild\\Temp\BuildsDB_AB42BA03-531E-4A75-828B-3A4C3BC7BD34_1789889369001.gz ], [ C:\Program Files (x86)\Incredibuild\\Temp\CoordinatorDB_AB42BA03-531E-4A75-828B-3A4C3BC7BD34_1789889369001.gz ], upload done for S3:  [ true ]
[2026-09-20 10:29:29.665] [info] [rest_telemetry] [8468] [TelemetryManagement.hpp:137] Telemetry upload completed for zip file:[ C:\Program Files (x86)\Incredibuild\\Temp\DBFiles_AB42BA03-531E-4A75-828B-3A4C3BC7BD34_1789889369001.zip ], upload done for IB Manager (Data Access):  [ true ]
[2026-09-20 10:39:27.338] [info] [rest_module] [8468] [session_handlers.cpp:90] on_session_renew_post - refresh
[2026-09-20 10:49:27.340] [info] [rest_module] [8468] [session_handlers.cpp:90] on_session_renew_post - refresh
[2026-09-20 10:49:27.347] [warning] [rest_business_logic] [8468] [rest_api.cpp:124] Fail to authenticate: Fail to authenticate
[2026-09-20 10:59:27.351] [info] [rest_module] [8468] [session_handlers.cpp:90] on_session_renew_post - refresh
[2026-09-20 11:09:27.354] [info] [rest_module] [8468] [session_handlers.cpp:90] on_session_renew_post - refresh
[2026-09-20 11:19:27.372] [info] [rest_module] [8468] [session_handlers.cpp:90] on_session_renew_post - refresh
[2026-09-20 11:29:27.379] [info] [rest_module] [8468] [session_handlers.cpp:90] on_session_renew_post - refresh
[2026-09-20 11:29:29.017] [info] [rest_database] [8468] [BuildsDatabaseImpl.cpp:258] Builds Database: Deleting tables history records after telemetry gZip file was created [ C:\Program Files (x86)\Incredibuild\\Temp\BuildsDB_AB42BA03-531E-4A75-828B-3A4C3BC7BD34_1789892969012.gz ].
[2026-09-20 11:29:29.025] [info] [rest_database] [8468] [CoordinatorDatabaseImpl.cpp:839] Coordinator Database: Deleting tables history records after telemetry gZip file was created [ C:\Program Files (x86)\Incredibuild\\Temp\CoordinatorDB_AB42BA03-531E-4A75-828B-3A4C3BC7BD34_1789892969012.gz ]. Purge all data = false
[2026-09-20 11:29:29.025] [info] [rest_telemetry] [8468] [TelemetryManagement.hpp:82] buildDbEmpty: [ true ]
[2026-09-20 11:29:29.620] [info] [rest_telemetry] [8468] [TelemetryManagement.hpp:122] Telemetry upload completed for gZip files:[ C:\Program Files (x86)\Incredibuild\\Temp\BuildsDB_AB42BA03-531E-4A75-828B-3A4C3BC7BD34_1789892969012.gz ], [ C:\Program Files (x86)\Incredibuild\\Temp\CoordinatorDB_AB42BA03-531E-4A75-828B-3A4C3BC7BD34_1789892969012.gz ], upload done for S3:  [ true ]
[2026-09-20 11:29:29.639] [info] [rest_telemetry] [8468] [TelemetryManagement.hpp:137] Telemetry upload completed for zip file:[ C:\Program Files (x86)\Incredibuild\\Temp\DBFiles_AB42BA03-531E-4A75-828B-3A4C3BC7BD34_1789892969012.zip ], upload done for IB Manager (Data Access):  [ true ]
[2026-09-20 11:39:27.383] [info] [rest_module] [8468] [session_handlers.cpp:90] on_session_renew_post - refresh
[2026-09-20 11:49:27.386] [info] [rest_module] [8468] [session_handlers.cpp:90] on_session_renew_post - refresh
[2026-09-20 11:59:27.392] [info] [rest_module] [8468] [session_handlers.cpp:90] on_session_renew_post - refresh
[2026-09-20 12:09:27.390] [info] [rest_module] [8468] [session_handlers.cpp:90] on_session_renew_post - refresh
[2026-09-20 12:19:27.406] [info] [rest_module] [8468] [session_handlers.cpp:90] on_session_renew_post - refresh
[2026-09-20 12:29:27.413] [info] [rest_module] [8468] [session_handlers.cpp:90] on_session_renew_post - refresh
[2026-09-20 12:29:29.018] [info] [rest_database] [8468] [BuildsDatabaseImpl.cpp:258] Builds Database: Deleting tables history records after telemetry gZip file was created [ C:\Program Files (x86)\Incredibuild\\Temp\BuildsDB_AB42BA03-531E-4A75-828B-3A4C3BC7BD34_1789896569012.gz ].
[2026-09-20 12:29:29.024] [info] [rest_database] [8468] [CoordinatorDatabaseImpl.cpp:839] Coordinator Database: Deleting tables history records after telemetry gZip file was created [ C:\Program Files (x86)\Incredibuild\\Temp\CoordinatorDB_AB42BA03-531E-4A75-828B-3A4C3BC7BD34_1789896569012.gz ]. Purge all data = false
[2026-09-20 12:29:29.025] [info] [rest_telemetry] [8468] [TelemetryManagement.hpp:82] buildDbEmpty: [ true ]
[2026-09-20 12:29:29.629] [info] [rest_telemetry] [8468] [TelemetryManagement.hpp:122] Telemetry upload completed for gZip files:[ C:\Program Files (x86)\Incredibuild\\Temp\BuildsDB_AB42BA03-531E-4A75-828B-3A4C3BC7BD34_1789896569012.gz ], [ C:\Program Files (x86)\Incredibuild\\Temp\CoordinatorDB_AB42BA03-531E-4A75-828B-3A4C3BC7BD34_1789896569012.gz ], upload done for S3:  [ true ]
[2026-09-20 12:29:29.656] [info] [rest_telemetry] [8468] [TelemetryManagement.hpp:137] Telemetry upload completed for zip file:[ C:\Program Files (x86)\Incredibuild\\Temp\DBFiles_AB42BA03-531E-4A75-828B-3A4C3BC7BD34_1789896569012.zip ], upload done for IB Manager (Data Access):  [ true ]
[2026-09-20 12:39:27.421] [info] [rest_module] [8468] [session_handlers.cpp:90] on_session_renew_post - refresh
[2026-09-20 12:49:27.440] [info] [rest_module] [8468] [session_handlers.cpp:90] on_session_renew_post - refresh
[2026-09-20 12:59:27.438] [info] [rest_module] [8468] [session_handlers.cpp:90] on_session_renew_post - refresh
[2026-09-20 13:09:27.452] [info] [rest_module] [8468] [session_handlers.cpp:90] on_session_renew_post - refresh
[2026-09-20 13:19:27.460] [info] [rest_module] [8468] [session_handlers.cpp:90] on_session_renew_post - refresh
[2026-09-20 13:29:27.462] [info] [rest_module] [8468] [session_handlers.cpp:90] on_session_renew_post - refresh
[2026-09-20 13:29:29.022] [info] [rest_database] [8468] [BuildsDatabaseImpl.cpp:258] Builds Database: Deleting tables history records after telemetry gZip file was created [ C:\Program Files (x86)\Incredibuild\\Temp\BuildsDB_AB42BA03-531E-4A75-828B-3A4C3BC7BD34_1789900169015.gz ].
[2026-09-20 13:29:29.028] [info] [rest_database] [8468] [CoordinatorDatabaseImpl.cpp:839] Coordinator Database: Deleting tables history records after telemetry gZip file was created [ C:\Program Files (x86)\Incredibuild\\Temp\CoordinatorDB_AB42BA03-531E-4A75-828B-3A4C3BC7BD34_1789900169015.gz ]. Purge all data = false
[2026-09-20 13:29:29.029] [info] [rest_telemetry] [8468] [TelemetryManagement.hpp:82] buildDbEmpty: [ true ]
[2026-09-20 13:29:29.645] [info] [rest_telemetry] [8468] [TelemetryManagement.hpp:122] Telemetry upload completed for gZip files:[ C:\Program Files (x86)\Incredibuild\\Temp\BuildsDB_AB42BA03-531E-4A75-828B-3A4C3BC7BD34_1789900169015.gz ], [ C:\Program Files (x86)\Incredibuild\\Temp\CoordinatorDB_AB42BA03-531E-4A75-828B-3A4C3BC7BD34_1789900169015.gz ], upload done for S3:  [ true ]
[2026-09-20 13:29:29.665] [info] [rest_telemetry] [8468] [TelemetryManagement.hpp:137] Telemetry upload completed for zip file:[ C:\Program Files (x86)\Incredibuild\\Temp\DBFiles_AB42BA03-531E-4A75-828B-3A4C3BC7BD34_1789900169015.zip ], upload done for IB Manager (Data Access):  [ true ]
[2026-09-20 13:39:27.476] [info] [rest_module] [8468] [session_handlers.cpp:90] on_session_renew_post - refresh
[2026-09-20 13:49:27.486] [info] [rest_module] [8468] [session_handlers.cpp:90] on_session_renew_post - refresh
[2026-09-20 13:59:27.491] [info] [rest_module] [8468] [session_handlers.cpp:90] on_session_renew_post - refresh
[2026-09-20 14:09:27.500] [info] [rest_module] [8468] [session_handlers.cpp:90] on_session_renew_post - refresh
[2026-09-20 14:19:27.506] [info] [rest_module] [8468] [session_handlers.cpp:90] on_session_renew_post - refresh
[2026-09-20 14:29:27.518] [info] [rest_module] [8468] [session_handlers.cpp:90] on_session_renew_post - refresh
[2026-09-20 14:29:29.003] [info] [rest_database] [8468] [BuildsDatabaseImpl.cpp:258] Builds Database: Deleting tables history records after telemetry gZip file was created [ C:\Program Files (x86)\Incredibuild\\Temp\BuildsDB_AB42BA03-531E-4A75-828B-3A4C3BC7BD34_1789903769000.gz ].
[2026-09-20 14:29:29.008] [info] [rest_database] [8468] [CoordinatorDatabaseImpl.cpp:839] Coordinator Database: Deleting tables history records after telemetry gZip file was created [ C:\Program Files (x86)\Incredibuild\\Temp\CoordinatorDB_AB42BA03-531E-4A75-828B-3A4C3BC7BD34_1789903769000.gz ]. Purge all data = false
[2026-09-20 14:29:29.011] [info] [rest_telemetry] [8468] [TelemetryManagement.hpp:82] buildDbEmpty: [ true ]
[2026-09-20 14:29:29.631] [info] [rest_telemetry] [8468] [TelemetryManagement.hpp:122] Telemetry upload completed for gZip files:[ C:\Program Files (x86)\Incredibuild\\Temp\BuildsDB_AB42BA03-531E-4A75-828B-3A4C3BC7BD34_1789903769000.gz ], [ C:\Program Files (x86)\Incredibuild\\Temp\CoordinatorDB_AB42BA03-531E-4A75-828B-3A4C3BC7BD34_1789903769000.gz ], upload done for S3:  [ true ]
[2026-09-20 14:29:29.650] [info] [rest_telemetry] [8468] [TelemetryManagement.hpp:137] Telemetry upload completed for zip file:[ C:\Program Files (x86)\Incredibuild\\Temp\DBFiles_AB42BA03-531E-4A75-828B-3A4C3BC7BD34_1789903769000.zip ], upload done for IB Manager (Data Access):  [ true ]
[2026-09-20 14:39:27.530] [info] [rest_module] [8468] [session_handlers.cpp:90] on_session_renew_post - refresh
[2026-09-20 14:49:27.539] [info] [rest_module] [8468] [session_handlers.cpp:90] on_session_renew_post - refresh
[2026-09-20 14:59:27.537] [info] [rest_module] [8468] [session_handlers.cpp:90] on_session_renew_post - refresh
[2026-09-20 15:09:27.548] [info] [rest_module] [8468] [session_handlers.cpp:90] on_session_renew_post - refresh
[2026-09-20 15:19:27.554] [info] [rest_module] [8468] [session_handlers.cpp:90] on_session_renew_post - refresh
[2026-09-20 15:29:27.559] [info] [rest_module] [8468] [session_handlers.cpp:90] on_session_renew_post - refresh
[2026-09-20 15:29:29.007] [info] [rest_database] [8468] [BuildsDatabaseImpl.cpp:258] Builds Database: Deleting tables history records after telemetry gZip file was created [ C:\Program Files (x86)\Incredibuild\\Temp\BuildsDB_AB42BA03-531E-4A75-828B-3A4C3BC7BD34_1789907369002.gz ].
[2026-09-20 15:29:29.013] [info] [rest_database] [8468] [CoordinatorDatabaseImpl.cpp:839] Coordinator Database: Deleting tables history records after telemetry gZip file was created [ C:\Program Files (x86)\Incredibuild\\Temp\CoordinatorDB_AB42BA03-531E-4A75-828B-3A4C3BC7BD34_1789907369002.gz ]. Purge all data = false
[2026-09-20 15:29:29.016] [info] [rest_telemetry] [8468] [TelemetryManagement.hpp:82] buildDbEmpty: [ true ]
[2026-09-20 15:29:29.670] [info] [rest_telemetry] [8468] [TelemetryManagement.hpp:122] Telemetry upload completed for gZip files:[ C:\Program Files (x86)\Incredibuild\\Temp\BuildsDB_AB42BA03-531E-4A75-828B-3A4C3BC7BD34_1789907369002.gz ], [ C:\Program Files (x86)\Incredibuild\\Temp\CoordinatorDB_AB42BA03-531E-4A75-828B-3A4C3BC7BD34_1789907369002.gz ], upload done for S3:  [ true ]
[2026-09-20 15:29:29.692] [info] [rest_telemetry] [8468] [TelemetryManagement.hpp:137] Telemetry upload completed for zip file:[ C:\Program Files (x86)\Incredibuild\\Temp\DBFiles_AB42BA03-531E-4A75-828B-3A4C3BC7BD34_1789907369002.zip ], upload done for IB Manager (Data Access):  [ true ]
[2026-09-20 15:39:27.560] [info] [rest_module] [8468] [session_handlers.cpp:90] on_session_renew_post - refresh
[2026-09-20 15:49:27.563] [info] [rest_module] [8468] [session_handlers.cpp:90] on_session_renew_post - refresh
[2026-09-20 15:59:27.567] [info] [rest_module] [8468] [session_handlers.cpp:90] on_session_renew_post - refresh
[2026-09-20 16:09:27.573] [info] [rest_module] [8468] [session_handlers.cpp:90] on_session_renew_post - refresh
[2026-09-20 16:19:25.719] [info] [rest_module] [8468] [session_handlers.cpp:90] on_session_renew_post - refresh
[2026-09-20 16:29:25.724] [info] [rest_module] [8468] [session_handlers.cpp:90] on_session_renew_post - refresh
[2026-09-20 16:29:29.010] [info] [rest_database] [8468] [BuildsDatabaseImpl.cpp:258] Builds Database: Deleting tables history records after telemetry gZip file was created [ C:\Program Files (x86)\Incredibuild\\Temp\BuildsDB_AB42BA03-531E-4A75-828B-3A4C3BC7BD34_1789910969007.gz ].
[2026-09-20 16:29:29.017] [info] [rest_database] [8468] [CoordinatorDatabaseImpl.cpp:839] Coordinator Database: Deleting tables history records after telemetry gZip file was created [ C:\Program Files (x86)\Incredibuild\\Temp\CoordinatorDB_AB42BA03-531E-4A75-828B-3A4C3BC7BD34_1789910969007.gz ]. Purge all data = false
[2026-09-20 16:29:29.019] [info] [rest_telemetry] [8468] [TelemetryManagement.hpp:82] buildDbEmpty: [ true ]
[2026-09-20 16:29:29.690] [info] [rest_telemetry] [8468] [TelemetryManagement.hpp:122] Telemetry upload completed for gZip files:[ C:\Program Files (x86)\Incredibuild\\Temp\BuildsDB_AB42BA03-531E-4A75-828B-3A4C3BC7BD34_1789910969007.gz ], [ C:\Program Files (x86)\Incredibuild\\Temp\CoordinatorDB_AB42BA03-531E-4A75-828B-3A4C3BC7BD34_1789910969007.gz ], upload done for S3:  [ true ]
[2026-09-20 16:29:29.715] [info] [rest_telemetry] [8468] [TelemetryManagement.hpp:137] Telemetry upload completed for zip file:[ C:\Program Files (x86)\Incredibuild\\Temp\DBFiles_AB42BA03-531E-4A75-828B-3A4C3BC7BD34_1789910969007.zip ], upload done for IB Manager (Data Access):  [ true ]
[2026-09-20 16:39:25.729] [info] [rest_module] [8468] [session_handlers.cpp:90] on_session_renew_post - refresh
[2026-09-20 16:49:25.738] [info] [rest_module] [8468] [session_handlers.cpp:90] on_session_renew_post - refresh
[2026-09-20 16:59:25.744] [info] [rest_module] [8468] [session_handlers.cpp:90] on_session_renew_post - refresh
[2026-09-20 17:09:25.745] [info] [rest_module] [8468] [session_handlers.cpp:90] on_session_renew_post - refresh
[2026-09-20 17:19:25.745] [info] [rest_module] [8468] [session_handlers.cpp:90] on_session_renew_post - refresh
[2026-09-20 17:29:25.751] [info] [rest_module] [8468] [session_handlers.cpp:90] on_session_renew_post - refresh
[2026-09-20 17:29:29.007] [info] [rest_database] [8468] [BuildsDatabaseImpl.cpp:258] Builds Database: Deleting tables history records after telemetry gZip file was created [ C:\Program Files (x86)\Incredibuild\\Temp\BuildsDB_AB42BA03-531E-4A75-828B-3A4C3BC7BD34_1789914569000.gz ].
[2026-09-20 17:29:29.015] [info] [rest_database] [8468] [CoordinatorDatabaseImpl.cpp:839] Coordinator Database: Deleting tables history records after telemetry gZip file was created [ C:\Program Files (x86)\Incredibuild\\Temp\CoordinatorDB_AB42BA03-531E-4A75-828B-3A4C3BC7BD34_1789914569000.gz ]. Purge all data = false
[2026-09-20 17:29:29.018] [info] [rest_telemetry] [8468] [TelemetryManagement.hpp:82] buildDbEmpty: [ true ]
[2026-09-20 17:29:29.703] [info] [rest_telemetry] [8468] [TelemetryManagement.hpp:122] Telemetry upload completed for gZip files:[ C:\Program Files (x86)\Incredibuild\\Temp\BuildsDB_AB42BA03-531E-4A75-828B-3A4C3BC7BD34_1789914569000.gz ], [ C:\Program Files (x86)\Incredibuild\\Temp\CoordinatorDB_AB42BA03-531E-4A75-828B-3A4C3BC7BD34_1789914569000.gz ], upload done for S3:  [ true ]
[2026-09-20 17:29:29.725] [info] [rest_telemetry] [8468] [TelemetryManagement.hpp:137] Telemetry upload completed for zip file:[ C:\Program Files (x86)\Incredibuild\\Temp\DBFiles_AB42BA03-531E-4A75-828B-3A4C3BC7BD34_1789914569000.zip ], upload done for IB Manager (Data Access):  [ true ]
[2026-09-20 17:39:25.750] [info] [rest_module] [8468] [session_handlers.cpp:90] on_session_renew_post - refresh
[2026-09-20 17:49:25.767] [info] [rest_module] [8468] [session_handlers.cpp:90] on_session_renew_post - refresh
[2026-09-20 17:59:25.781] [info] [rest_module] [8468] [session_handlers.cpp:90] on_session_renew_post - refresh
[2026-09-20 18:09:25.781] [info] [rest_module] [8468] [session_handlers.cpp:90] on_session_renew_post - refresh
[2026-09-20 18:19:25.791] [info] [rest_module] [8468] [session_handlers.cpp:90] on_session_renew_post - refresh
[2026-09-20 18:29:25.799] [info] [rest_module] [8468] [session_handlers.cpp:90] on_session_renew_post - refresh
[2026-09-20 18:29:29.017] [info] [rest_database] [8468] [BuildsDatabaseImpl.cpp:258] Builds Database: Deleting tables history records after telemetry gZip file was created [ C:\Program Files (x86)\Incredibuild\\Temp\BuildsDB_AB42BA03-531E-4A75-828B-3A4C3BC7BD34_1789918169014.gz ].
[2026-09-20 18:29:29.025] [info] [rest_database] [8468] [CoordinatorDatabaseImpl.cpp:839] Coordinator Database: Deleting tables history records after telemetry gZip file was created [ C:\Program Files (x86)\Incredibuild\\Temp\CoordinatorDB_AB42BA03-531E-4A75-828B-3A4C3BC7BD34_1789918169014.gz ]. Purge all data = false
[2026-09-20 18:29:29.028] [info] [rest_telemetry] [8468] [TelemetryManagement.hpp:82] buildDbEmpty: [ true ]
[2026-09-20 18:29:29.680] [info] [rest_telemetry] [8468] [TelemetryManagement.hpp:122] Telemetry upload completed for gZip files:[ C:\Program Files (x86)\Incredibuild\\Temp\BuildsDB_AB42BA03-531E-4A75-828B-3A4C3BC7BD34_1789918169014.gz ], [ C:\Program Files (x86)\Incredibuild\\Temp\CoordinatorDB_AB42BA03-531E-4A75-828B-3A4C3BC7BD34_1789918169014.gz ], upload done for S3:  [ true ]
[2026-09-20 18:29:29.702] [info] [rest_telemetry] [8468] [TelemetryManagement.hpp:137] Telemetry upload completed for zip file:[ C:\Program Files (x86)\Incredibuild\\Temp\DBFiles_AB42BA03-531E-4A75-828B-3A4C3BC7BD34_1789918169014.zip ], upload done for IB Manager (Data Access):  [ true ]
[2026-09-20 18:39:25.803] [info] [rest_module] [8468] [session_handlers.cpp:90] on_session_renew_post - refresh
[2026-09-20 18:49:25.810] [info] [rest_module] [8468] [session_handlers.cpp:90] on_session_renew_post - refresh
[2026-09-20 18:59:25.819] [info] [rest_module] [8468] [session_handlers.cpp:90] on_session_renew_post - refresh
[2026-09-20 19:09:25.824] [info] [rest_module] [8468] [session_handlers.cpp:90] on_session_renew_post - refresh
[2026-09-20 19:19:25.833] [info] [rest_module] [8468] [session_handlers.cpp:90] on_session_renew_post - refresh
[2026-09-20 19:29:25.840] [info] [rest_module] [8468] [session_handlers.cpp:90] on_session_renew_post - refresh
[2026-09-20 19:29:29.012] [info] [rest_database] [8468] [BuildsDatabaseImpl.cpp:258] Builds Database: Deleting tables history records after telemetry gZip file was created [ C:\Program Files (x86)\Incredibuild\\Temp\BuildsDB_AB42BA03-531E-4A75-828B-3A4C3BC7BD34_1789921769009.gz ].
[2026-09-20 19:29:29.022] [info] [rest_database] [8468] [CoordinatorDatabaseImpl.cpp:839] Coordinator Database: Deleting tables history records after telemetry gZip file was created [ C:\Program Files (x86)\Incredibuild\\Temp\CoordinatorDB_AB42BA03-531E-4A75-828B-3A4C3BC7BD34_1789921769009.gz ]. Purge all data = false
[2026-09-20 19:29:29.023] [info] [rest_telemetry] [8468] [TelemetryManagement.hpp:82] buildDbEmpty: [ true ]
[2026-09-20 19:29:29.618] [info] [rest_telemetry] [8468] [TelemetryManagement.hpp:122] Telemetry upload completed for gZip files:[ C:\Program Files (x86)\Incredibuild\\Temp\BuildsDB_AB42BA03-531E-4A75-828B-3A4C3BC7BD34_1789921769009.gz ], [ C:\Program Files (x86)\Incredibuild\\Temp\CoordinatorDB_AB42BA03-531E-4A75-828B-3A4C3BC7BD34_1789921769009.gz ], upload done for S3:  [ true ]
[2026-09-20 19:29:29.639] [info] [rest_telemetry] [8468] [TelemetryManagement.hpp:137] Telemetry upload completed for zip file:[ C:\Program Files (x86)\Incredibuild\\Temp\DBFiles_AB42BA03-531E-4A75-828B-3A4C3BC7BD34_1789921769009.zip ], upload done for IB Manager (Data Access):  [ true ]
[2026-09-20 19:39:25.854] [info] [rest_module] [8468] [session_handlers.cpp:90] on_session_renew_post - refresh
[2026-09-20 19:49:25.855] [info] [rest_module] [8468] [session_handlers.cpp:90] on_session_renew_post - refresh
[2026-09-20 19:59:25.872] [info] [rest_module] [8468] [session_handlers.cpp:90] on_session_renew_post - refresh
[2026-09-20 20:09:25.876] [info] [rest_module] [8468] [session_handlers.cpp:90] on_session_renew_post - refresh
[2026-09-20 20:19:25.883] [info] [rest_module] [8468] [session_handlers.cpp:90] on_session_renew_post - refresh
[2026-09-20 20:29:25.902] [info] [rest_module] [8468] [session_handlers.cpp:90] on_session_renew_post - refresh
[2026-09-20 20:29:29.007] [info] [rest_database] [8468] [BuildsDatabaseImpl.cpp:258] Builds Database: Deleting tables history records after telemetry gZip file was created [ C:\Program Files (x86)\Incredibuild\\Temp\BuildsDB_AB42BA03-531E-4A75-828B-3A4C3BC7BD34_1789925369001.gz ].
[2026-09-20 20:29:29.015] [info] [rest_database] [8468] [CoordinatorDatabaseImpl.cpp:839] Coordinator Database: Deleting tables history records after telemetry gZip file was created [ C:\Program Files (x86)\Incredibuild\\Temp\CoordinatorDB_AB42BA03-531E-4A75-828B-3A4C3BC7BD34_1789925369001.gz ]. Purge all data = false
[2026-09-20 20:29:29.015] [info] [rest_telemetry] [8468] [TelemetryManagement.hpp:82] buildDbEmpty: [ true ]
[2026-09-20 20:29:29.647] [info] [rest_telemetry] [8468] [TelemetryManagement.hpp:122] Telemetry upload completed for gZip files:[ C:\Program Files (x86)\Incredibuild\\Temp\BuildsDB_AB42BA03-531E-4A75-828B-3A4C3BC7BD34_1789925369001.gz ], [ C:\Program Files (x86)\Incredibuild\\Temp\CoordinatorDB_AB42BA03-531E-4A75-828B-3A4C3BC7BD34_1789925369001.gz ], upload done for S3:  [ true ]
[2026-09-20 20:29:29.672] [info] [rest_telemetry] [8468] [TelemetryManagement.hpp:137] Telemetry upload completed for zip file:[ C:\Program Files (x86)\Incredibuild\\Temp\DBFiles_AB42BA03-531E-4A75-828B-3A4C3BC7BD34_1789925369001.zip ], upload done for IB Manager (Data Access):  [ true ]
[2026-09-20 20:39:25.913] [info] [rest_module] [8468] [session_handlers.cpp:90] on_session_renew_post - refresh
[2026-09-20 20:39:25.921] [warning] [rest_business_logic] [8468] [rest_api.cpp:124] Fail to authenticate: Fail to authenticate
[2026-09-20 20:49:25.922] [info] [rest_module] [8468] [session_handlers.cpp:90] on_session_renew_post - refresh
[2026-09-20 20:59:25.935] [info] [rest_module] [8468] [session_handlers.cpp:90] on_session_renew_post - refresh
[2026-09-20 21:09:25.942] [info] [rest_module] [8468] [session_handlers.cpp:90] on_session_renew_post - refresh
[2026-09-20 21:19:25.952] [info] [rest_module] [8468] [session_handlers.cpp:90] on_session_renew_post - refresh
[2026-09-20 21:29:25.965] [info] [rest_module] [8468] [session_handlers.cpp:90] on_session_renew_post - refresh
[2026-09-20 21:29:29.018] [info] [rest_database] [8468] [BuildsDatabaseImpl.cpp:258] Builds Database: Deleting tables history records after telemetry gZip file was created [ C:\Program Files (x86)\Incredibuild\\Temp\BuildsDB_AB42BA03-531E-4A75-828B-3A4C3BC7BD34_1789928969015.gz ].
[2026-09-20 21:29:29.026] [info] [rest_database] [8468] [CoordinatorDatabaseImpl.cpp:839] Coordinator Database: Deleting tables history records after telemetry gZip file was created [ C:\Program Files (x86)\Incredibuild\\Temp\CoordinatorDB_AB42BA03-531E-4A75-828B-3A4C3BC7BD34_1789928969015.gz ]. Purge all data = false
[2026-09-20 21:29:29.027] [info] [rest_telemetry] [8468] [TelemetryManagement.hpp:82] buildDbEmpty: [ true ]
[2026-09-20 21:29:29.675] [info] [rest_telemetry] [8468] [TelemetryManagement.hpp:122] Telemetry upload completed for gZip files:[ C:\Program Files (x86)\Incredibuild\\Temp\BuildsDB_AB42BA03-531E-4A75-828B-3A4C3BC7BD34_1789928969015.gz ], [ C:\Program Files (x86)\Incredibuild\\Temp\CoordinatorDB_AB42BA03-531E-4A75-828B-3A4C3BC7BD34_1789928969015.gz ], upload done for S3:  [ true ]
[2026-09-20 21:29:29.701] [info] [rest_telemetry] [8468] [TelemetryManagement.hpp:137] Telemetry upload completed for zip file:[ C:\Program Files (x86)\Incredibuild\\Temp\DBFiles_AB42BA03-531E-4A75-828B-3A4C3BC7BD34_1789928969015.zip ], upload done for IB Manager (Data Access):  [ true ]
[2026-09-20 21:39:25.979] [info] [rest_module] [8468] [session_handlers.cpp:90] on_session_renew_post - refresh
[2026-09-20 21:49:25.978] [info] [rest_module] [8468] [session_handlers.cpp:90] on_session_renew_post - refresh
[2026-09-20 21:59:25.986] [info] [rest_module] [8468] [session_handlers.cpp:90] on_session_renew_post - refresh
[2026-09-20 22:09:25.990] [info] [rest_module] [8468] [session_handlers.cpp:90] on_session_renew_post - refresh
[2026-09-20 22:19:26.000] [info] [rest_module] [8468] [session_handlers.cpp:90] on_session_renew_post - refresh
[2026-09-20 22:29:26.006] [info] [rest_module] [8468] [session_handlers.cpp:90] on_session_renew_post - refresh
[2026-09-20 22:29:29.015] [info] [rest_database] [8468] [BuildsDatabaseImpl.cpp:258] Builds Database: Deleting tables history records after telemetry gZip file was created [ C:\Program Files (x86)\Incredibuild\\Temp\BuildsDB_AB42BA03-531E-4A75-828B-3A4C3BC7BD34_1789932569009.gz ].
[2026-09-20 22:29:29.020] [info] [rest_database] [8468] [CoordinatorDatabaseImpl.cpp:839] Coordinator Database: Deleting tables history records after telemetry gZip file was created [ C:\Program Files (x86)\Incredibuild\\Temp\CoordinatorDB_AB42BA03-531E-4A75-828B-3A4C3BC7BD34_1789932569009.gz ]. Purge all data = false
[2026-09-20 22:29:29.020] [info] [rest_telemetry] [8468] [TelemetryManagement.hpp:82] buildDbEmpty: [ true ]
[2026-09-20 22:29:29.693] [info] [rest_telemetry] [8468] [TelemetryManagement.hpp:122] Telemetry upload completed for gZip files:[ C:\Program Files (x86)\Incredibuild\\Temp\BuildsDB_AB42BA03-531E-4A75-828B-3A4C3BC7BD34_1789932569009.gz ], [ C:\Program Files (x86)\Incredibuild\\Temp\CoordinatorDB_AB42BA03-531E-4A75-828B-3A4C3BC7BD34_1789932569009.gz ], upload done for S3:  [ true ]
[2026-09-20 22:29:29.713] [info] [rest_telemetry] [8468] [TelemetryManagement.hpp:137] Telemetry upload completed for zip file:[ C:\Program Files (x86)\Incredibuild\\Temp\DBFiles_AB42BA03-531E-4A75-828B-3A4C3BC7BD34_1789932569009.zip ], upload done for IB Manager (Data Access):  [ true ]
[2026-09-20 22:39:26.008] [info] [rest_module] [8468] [session_handlers.cpp:90] on_session_renew_post - refresh
[2026-09-20 22:49:26.018] [info] [rest_module] [8468] [session_handlers.cpp:90] on_session_renew_post - refresh
[2026-09-20 22:59:26.027] [info] [rest_module] [8468] [session_handlers.cpp:90] on_session_renew_post - refresh
[2026-09-20 23:09:26.029] [info] [rest_module] [8468] [session_handlers.cpp:90] on_session_renew_post - refresh
[2026-09-20 23:19:26.037] [info] [rest_module] [8468] [session_handlers.cpp:90] on_session_renew_post - refresh
[2026-09-20 23:29:26.046] [info] [rest_module] [8468] [session_handlers.cpp:90] on_session_renew_post - refresh
[2026-09-20 23:29:29.004] [info] [rest_database] [8468] [BuildsDatabaseImpl.cpp:258] Builds Database: Deleting tables history records after telemetry gZip file was created [ C:\Program Files (x86)\Incredibuild\\Temp\BuildsDB_AB42BA03-531E-4A75-828B-3A4C3BC7BD34_1789936169001.gz ].
[2026-09-20 23:29:29.009] [info] [rest_database] [8468] [CoordinatorDatabaseImpl.cpp:839] Coordinator Database: Deleting tables history records after telemetry gZip file was created [ C:\Program Files (x86)\Incredibuild\\Temp\CoordinatorDB_AB42BA03-531E-4A75-828B-3A4C3BC7BD34_1789936169001.gz ]. Purge all data = false
[2026-09-20 23:29:29.010] [info] [rest_telemetry] [8468] [TelemetryManagement.hpp:82] buildDbEmpty: [ true ]
[2026-09-20 23:29:31.500] [info] [rest_telemetry] [8468] [TelemetryManagement.hpp:122] Telemetry upload completed for gZip files:[ C:\Program Files (x86)\Incredibuild\\Temp\BuildsDB_AB42BA03-531E-4A75-828B-3A4C3BC7BD34_1789936169001.gz ], [ C:\Program Files (x86)\Incredibuild\\Temp\CoordinatorDB_AB42BA03-531E-4A75-828B-3A4C3BC7BD34_1789936169001.gz ], upload done for S3:  [ true ]
[2026-09-20 23:29:31.518] [info] [rest_telemetry] [8468] [TelemetryManagement.hpp:137] Telemetry upload completed for zip file:[ C:\Program Files (x86)\Incredibuild\\Temp\DBFiles_AB42BA03-531E-4A75-828B-3A4C3BC7BD34_1789936169001.zip ], upload done for IB Manager (Data Access):  [ true ]
[2026-09-20 23:39:26.058] [info] [rest_module] [8468] [session_handlers.cpp:90] on_session_renew_post - refresh
[2026-09-20 23:49:26.066] [info] [rest_module] [8468] [session_handlers.cpp:90] on_session_renew_post - refresh
[2026-09-20 23:59:26.078] [info] [rest_module] [8468] [session_handlers.cpp:90] on_session_renew_post - refresh
[2026-09-21 00:09:26.077] [info] [rest_module] [8468] [session_handlers.cpp:90] on_session_renew_post - refresh
[2026-09-21 00:19:26.080] [info] [rest_module] [8468] [session_handlers.cpp:90] on_session_renew_post - refresh
[2026-09-21 00:29:26.091] [info] [rest_module] [8468] [session_handlers.cpp:90] on_session_renew_post - refresh
[2026-09-21 00:29:31.010] [info] [rest_database] [8468] [BuildsDatabaseImpl.cpp:258] Builds Database: Deleting tables history records after telemetry gZip file was created [ C:\Program Files (x86)\Incredibuild\\Temp\BuildsDB_AB42BA03-531E-4A75-828B-3A4C3BC7BD34_1789939771007.gz ].
[2026-09-21 00:29:31.016] [info] [rest_database] [8468] [CoordinatorDatabaseImpl.cpp:839] Coordinator Database: Deleting tables history records after telemetry gZip file was created [ C:\Program Files (x86)\Incredibuild\\Temp\CoordinatorDB_AB42BA03-531E-4A75-828B-3A4C3BC7BD34_1789939771007.gz ]. Purge all data = false
[2026-09-21 00:29:31.020] [info] [rest_telemetry] [8468] [TelemetryManagement.hpp:82] buildDbEmpty: [ true ]
[2026-09-21 00:29:31.604] [info] [rest_telemetry] [8468] [TelemetryManagement.hpp:122] Telemetry upload completed for gZip files:[ C:\Program Files (x86)\Incredibuild\\Temp\BuildsDB_AB42BA03-531E-4A75-828B-3A4C3BC7BD34_1789939771007.gz ], [ C:\Program Files (x86)\Incredibuild\\Temp\CoordinatorDB_AB42BA03-531E-4A75-828B-3A4C3BC7BD34_1789939771007.gz ], upload done for S3:  [ true ]
[2026-09-21 00:29:31.625] [info] [rest_telemetry] [8468] [TelemetryManagement.hpp:137] Telemetry upload completed for zip file:[ C:\Program Files (x86)\Incredibuild\\Temp\DBFiles_AB42BA03-531E-4A75-828B-3A4C3BC7BD34_1789939771007.zip ], upload done for IB Manager (Data Access):  [ true ]
[2026-09-21 00:39:26.101] [info] [rest_module] [8468] [session_handlers.cpp:90] on_session_renew_post - refresh
[2026-09-21 00:49:26.110] [info] [rest_module] [8468] [session_handlers.cpp:90] on_session_renew_post - refresh
[2026-09-21 00:59:26.121] [info] [rest_module] [8468] [session_handlers.cpp:90] on_session_renew_post - refresh
[2026-09-21 01:09:26.133] [info] [rest_module] [8468] [session_handlers.cpp:90] on_session_renew_post - refresh
[2026-09-21 01:19:26.137] [info] [rest_module] [8468] [session_handlers.cpp:90] on_session_renew_post - refresh
[2026-09-21 01:29:26.145] [info] [rest_module] [8468] [session_handlers.cpp:90] on_session_renew_post - refresh
[2026-09-21 01:29:31.020] [info] [rest_database] [8468] [BuildsDatabaseImpl.cpp:258] Builds Database: Deleting tables history records after telemetry gZip file was created [ C:\Program Files (x86)\Incredibuild\\Temp\BuildsDB_AB42BA03-531E-4A75-828B-3A4C3BC7BD34_1789943371014.gz ].
[2026-09-21 01:29:31.025] [info] [rest_database] [8468] [CoordinatorDatabaseImpl.cpp:839] Coordinator Database: Deleting tables history records after telemetry gZip file was created [ C:\Program Files (x86)\Incredibuild\\Temp\CoordinatorDB_AB42BA03-531E-4A75-828B-3A4C3BC7BD34_1789943371014.gz ]. Purge all data = false
[2026-09-21 01:29:31.028] [info] [rest_telemetry] [8468] [TelemetryManagement.hpp:82] buildDbEmpty: [ true ]
[2026-09-21 01:29:31.611] [info] [rest_telemetry] [8468] [TelemetryManagement.hpp:122] Telemetry upload completed for gZip files:[ C:\Program Files (x86)\Incredibuild\\Temp\BuildsDB_AB42BA03-531E-4A75-828B-3A4C3BC7BD34_1789943371014.gz ], [ C:\Program Files (x86)\Incredibuild\\Temp\CoordinatorDB_AB42BA03-531E-4A75-828B-3A4C3BC7BD34_1789943371014.gz ], upload done for S3:  [ true ]
[2026-09-21 01:29:31.647] [info] [rest_telemetry] [8468] [TelemetryManagement.hpp:137] Telemetry upload completed for zip file:[ C:\Program Files (x86)\Incredibuild\\Temp\DBFiles_AB42BA03-531E-4A75-828B-3A4C3BC7BD34_1789943371014.zip ], upload done for IB Manager (Data Access):  [ true ]
[2026-09-21 01:39:26.155] [info] [rest_module] [8468] [session_handlers.cpp:90] on_session_renew_post - refresh
[2026-09-21 01:49:26.165] [info] [rest_module] [8468] [session_handlers.cpp:90] on_session_renew_post - refresh
[2026-09-21 01:59:26.179] [info] [rest_module] [8468] [session_handlers.cpp:90] on_session_renew_post - refresh
[2026-09-21 02:09:26.189] [info] [rest_module] [8468] [session_handlers.cpp:90] on_session_renew_post - refresh
[2026-09-21 02:19:26.189] [info] [rest_module] [8468] [session_handlers.cpp:90] on_session_renew_post - refresh
[2026-09-21 02:29:26.193] [info] [rest_module] [8468] [session_handlers.cpp:90] on_session_renew_post - refresh
[2026-09-21 02:29:31.006] [info] [rest_database] [8468] [BuildsDatabaseImpl.cpp:258] Builds Database: Deleting tables history records after telemetry gZip file was created [ C:\Program Files (x86)\Incredibuild\\Temp\BuildsDB_AB42BA03-531E-4A75-828B-3A4C3BC7BD34_1789946971001.gz ].
[2026-09-21 02:29:31.011] [info] [rest_database] [8468] [CoordinatorDatabaseImpl.cpp:839] Coordinator Database: Deleting tables history records after telemetry gZip file was created [ C:\Program Files (x86)\Incredibuild\\Temp\CoordinatorDB_AB42BA03-531E-4A75-828B-3A4C3BC7BD34_1789946971001.gz ]. Purge all data = false
[2026-09-21 02:29:31.012] [info] [rest_telemetry] [8468] [TelemetryManagement.hpp:82] buildDbEmpty: [ true ]
[2026-09-21 02:29:31.621] [info] [rest_telemetry] [8468] [TelemetryManagement.hpp:122] Telemetry upload completed for gZip files:[ C:\Program Files (x86)\Incredibuild\\Temp\BuildsDB_AB42BA03-531E-4A75-828B-3A4C3BC7BD34_1789946971001.gz ], [ C:\Program Files (x86)\Incredibuild\\Temp\CoordinatorDB_AB42BA03-531E-4A75-828B-3A4C3BC7BD34_1789946971001.gz ], upload done for S3:  [ true ]
[2026-09-21 02:29:31.643] [info] [rest_telemetry] [8468] [TelemetryManagement.hpp:137] Telemetry upload completed for zip file:[ C:\Program Files (x86)\Incredibuild\\Temp\DBFiles_AB42BA03-531E-4A75-828B-3A4C3BC7BD34_1789946971001.zip ], upload done for IB Manager (Data Access):  [ true ]
[2026-09-21 02:39:26.204] [info] [rest_module] [8468] [session_handlers.cpp:90] on_session_renew_post - refresh
[2026-09-21 02:49:26.207] [info] [rest_module] [8468] [session_handlers.cpp:90] on_session_renew_post - refresh
[2026-09-21 02:59:26.205] [info] [rest_module] [8468] [session_handlers.cpp:90] on_session_renew_post - refresh
[2026-09-21 03:09:26.217] [info] [rest_module] [8468] [session_handlers.cpp:90] on_session_renew_post - refresh
[2026-09-21 03:19:26.215] [info] [rest_module] [8468] [session_handlers.cpp:90] on_session_renew_post - refresh
[2026-09-21 03:29:26.229] [info] [rest_module] [8468] [session_handlers.cpp:90] on_session_renew_post - refresh
[2026-09-21 03:29:31.012] [info] [rest_database] [8468] [BuildsDatabaseImpl.cpp:258] Builds Database: Deleting tables history records after telemetry gZip file was created [ C:\Program Files (x86)\Incredibuild\\Temp\BuildsDB_AB42BA03-531E-4A75-828B-3A4C3BC7BD34_1789950571010.gz ].
[2026-09-21 03:29:31.016] [info] [rest_database] [8468] [CoordinatorDatabaseImpl.cpp:839] Coordinator Database: Deleting tables history records after telemetry gZip file was created [ C:\Program Files (x86)\Incredibuild\\Temp\CoordinatorDB_AB42BA03-531E-4A75-828B-3A4C3BC7BD34_1789950571010.gz ]. Purge all data = false
[2026-09-21 03:29:31.018] [info] [rest_telemetry] [8468] [TelemetryManagement.hpp:82] buildDbEmpty: [ true ]
[2026-09-21 03:29:31.612] [info] [rest_telemetry] [8468] [TelemetryManagement.hpp:122] Telemetry upload completed for gZip files:[ C:\Program Files (x86)\Incredibuild\\Temp\BuildsDB_AB42BA03-531E-4A75-828B-3A4C3BC7BD34_1789950571010.gz ], [ C:\Program Files (x86)\Incredibuild\\Temp\CoordinatorDB_AB42BA03-531E-4A75-828B-3A4C3BC7BD34_1789950571010.gz ], upload done for S3:  [ true ]
[2026-09-21 03:29:31.633] [info] [rest_telemetry] [8468] [TelemetryManagement.hpp:137] Telemetry upload completed for zip file:[ C:\Program Files (x86)\Incredibuild\\Temp\DBFiles_AB42BA03-531E-4A75-828B-3A4C3BC7BD34_1789950571010.zip ], upload done for IB Manager (Data Access):  [ true ]
[2026-09-21 03:39:26.237] [info] [rest_module] [8468] [session_handlers.cpp:90] on_session_renew_post - refresh
[2026-09-21 03:49:26.250] [info] [rest_module] [8468] [session_handlers.cpp:90] on_session_renew_post - refresh
[2026-09-21 03:59:26.250] [info] [rest_module] [8468] [session_handlers.cpp:90] on_session_renew_post - refresh
[2026-09-21 04:09:26.261] [info] [rest_module] [8468] [session_handlers.cpp:90] on_session_renew_post - refresh
[2026-09-21 04:19:26.263] [info] [rest_module] [8468] [session_handlers.cpp:90] on_session_renew_post - refresh
[2026-09-21 04:29:26.275] [info] [rest_module] [8468] [session_handlers.cpp:90] on_session_renew_post - refresh
[2026-09-21 04:29:31.011] [info] [rest_database] [8468] [BuildsDatabaseImpl.cpp:258] Builds Database: Deleting tables history records after telemetry gZip file was created [ C:\Program Files (x86)\Incredibuild\\Temp\BuildsDB_AB42BA03-531E-4A75-828B-3A4C3BC7BD34_1789954171007.gz ].
[2026-09-21 04:29:31.018] [info] [rest_database] [8468] [CoordinatorDatabaseImpl.cpp:839] Coordinator Database: Deleting tables history records after telemetry gZip file was created [ C:\Program Files (x86)\Incredibuild\\Temp\CoordinatorDB_AB42BA03-531E-4A75-828B-3A4C3BC7BD34_1789954171007.gz ]. Purge all data = false
[2026-09-21 04:29:31.018] [info] [rest_telemetry] [8468] [TelemetryManagement.hpp:82] buildDbEmpty: [ true ]
[2026-09-21 04:29:31.610] [info] [rest_telemetry] [8468] [TelemetryManagement.hpp:122] Telemetry upload completed for gZip files:[ C:\Program Files (x86)\Incredibuild\\Temp\BuildsDB_AB42BA03-531E-4A75-828B-3A4C3BC7BD34_1789954171007.gz ], [ C:\Program Files (x86)\Incredibuild\\Temp\CoordinatorDB_AB42BA03-531E-4A75-828B-3A4C3BC7BD34_1789954171007.gz ], upload done for S3:  [ true ]
[2026-09-21 04:29:31.639] [info] [rest_telemetry] [8468] [TelemetryManagement.hpp:137] Telemetry upload completed for zip file:[ C:\Program Files (x86)\Incredibuild\\Temp\DBFiles_AB42BA03-531E-4A75-828B-3A4C3BC7BD34_1789954171007.zip ], upload done for IB Manager (Data Access):  [ true ]
[2026-09-21 04:39:26.277] [info] [rest_module] [8468] [session_handlers.cpp:90] on_session_renew_post - refresh
[2026-09-21 04:49:26.280] [info] [rest_module] [8468] [session_handlers.cpp:90] on_session_renew_post - refresh
[2026-09-21 04:59:26.284] [info] [rest_module] [8468] [session_handlers.cpp:90] on_session_renew_post - refresh
[2026-09-21 05:09:26.298] [info] [rest_module] [8468] [session_handlers.cpp:90] on_session_renew_post - refresh
[2026-09-21 05:19:26.299] [info] [rest_module] [8468] [session_handlers.cpp:90] on_session_renew_post - refresh
[2026-09-21 05:29:26.301] [info] [rest_module] [8468] [session_handlers.cpp:90] on_session_renew_post - refresh
[2026-09-21 05:29:31.009] [info] [rest_database] [8468] [BuildsDatabaseImpl.cpp:258] Builds Database: Deleting tables history records after telemetry gZip file was created [ C:\Program Files (x86)\Incredibuild\\Temp\BuildsDB_AB42BA03-531E-4A75-828B-3A4C3BC7BD34_1789957771006.gz ].
[2026-09-21 05:29:31.017] [info] [rest_database] [8468] [CoordinatorDatabaseImpl.cpp:839] Coordinator Database: Deleting tables history records after telemetry gZip file was created [ C:\Program Files (x86)\Incredibuild\\Temp\CoordinatorDB_AB42BA03-531E-4A75-828B-3A4C3BC7BD34_1789957771006.gz ]. Purge all data = false
[2026-09-21 05:29:31.017] [info] [rest_telemetry] [8468] [TelemetryManagement.hpp:82] buildDbEmpty: [ true ]
[2026-09-21 05:29:31.582] [info] [rest_telemetry] [8468] [TelemetryManagement.hpp:122] Telemetry upload completed for gZip files:[ C:\Program Files (x86)\Incredibuild\\Temp\BuildsDB_AB42BA03-531E-4A75-828B-3A4C3BC7BD34_1789957771006.gz ], [ C:\Program Files (x86)\Incredibuild\\Temp\CoordinatorDB_AB42BA03-531E-4A75-828B-3A4C3BC7BD34_1789957771006.gz ], upload done for S3:  [ true ]
[2026-09-21 05:29:31.605] [info] [rest_telemetry] [8468] [TelemetryManagement.hpp:137] Telemetry upload completed for zip file:[ C:\Program Files (x86)\Incredibuild\\Temp\DBFiles_AB42BA03-531E-4A75-828B-3A4C3BC7BD34_1789957771006.zip ], upload done for IB Manager (Data Access):  [ true ]
[2026-09-21 05:39:26.308] [info] [rest_module] [8468] [session_handlers.cpp:90] on_session_renew_post - refresh
[2026-09-21 05:49:26.305] [info] [rest_module] [8468] [session_handlers.cpp:90] on_session_renew_post - refresh
[2026-09-21 05:59:26.314] [info] [rest_module] [8468] [session_handlers.cpp:90] on_session_renew_post - refresh
[2026-09-21 06:09:26.323] [info] [rest_module] [8468] [session_handlers.cpp:90] on_session_renew_post - refresh
[2026-09-21 06:19:26.331] [info] [rest_module] [8468] [session_handlers.cpp:90] on_session_renew_post - refresh
[2026-09-21 06:29:26.333] [info] [rest_module] [8468] [session_handlers.cpp:90] on_session_renew_post - refresh
[2026-09-21 06:29:31.022] [info] [rest_database] [8468] [BuildsDatabaseImpl.cpp:258] Builds Database: Deleting tables history records after telemetry gZip file was created [ C:\Program Files (x86)\Incredibuild\\Temp\BuildsDB_AB42BA03-531E-4A75-828B-3A4C3BC7BD34_1789961371014.gz ].
[2026-09-21 06:29:31.029] [info] [rest_database] [8468] [CoordinatorDatabaseImpl.cpp:839] Coordinator Database: Deleting tables history records after telemetry gZip file was created [ C:\Program Files (x86)\Incredibuild\\Temp\CoordinatorDB_AB42BA03-531E-4A75-828B-3A4C3BC7BD34_1789961371014.gz ]. Purge all data = false
[2026-09-21 06:29:31.029] [info] [rest_telemetry] [8468] [TelemetryManagement.hpp:82] buildDbEmpty: [ true ]
[2026-09-21 06:29:31.736] [info] [rest_telemetry] [8468] [TelemetryManagement.hpp:122] Telemetry upload completed for gZip files:[ C:\Program Files (x86)\Incredibuild\\Temp\BuildsDB_AB42BA03-531E-4A75-828B-3A4C3BC7BD34_1789961371014.gz ], [ C:\Program Files (x86)\Incredibuild\\Temp\CoordinatorDB_AB42BA03-531E-4A75-828B-3A4C3BC7BD34_1789961371014.gz ], upload done for S3:  [ true ]
[2026-09-21 06:29:31.763] [info] [rest_telemetry] [8468] [TelemetryManagement.hpp:137] Telemetry upload completed for zip file:[ C:\Program Files (x86)\Incredibuild\\Temp\DBFiles_AB42BA03-531E-4A75-828B-3A4C3BC7BD34_1789961371014.zip ], upload done for IB Manager (Data Access):  [ true ]
[2026-09-21 06:39:26.349] [info] [rest_module] [8468] [session_handlers.cpp:90] on_session_renew_post - refresh
[2026-09-21 06:49:26.355] [info] [rest_module] [8468] [session_handlers.cpp:90] on_session_renew_post - refresh
[2026-09-21 06:59:26.363] [info] [rest_module] [8468] [session_handlers.cpp:90] on_session_renew_post - refresh
[2026-09-21 07:09:26.366] [info] [rest_module] [8468] [session_handlers.cpp:90] on_session_renew_post - refresh
[2026-09-21 07:19:26.373] [info] [rest_module] [8468] [session_handlers.cpp:90] on_session_renew_post - refresh
[2026-09-21 07:29:26.374] [info] [rest_module] [8468] [session_handlers.cpp:90] on_session_renew_post - refresh
[2026-09-21 07:29:31.004] [info] [rest_database] [8468] [BuildsDatabaseImpl.cpp:258] Builds Database: Deleting tables history records after telemetry gZip file was created [ C:\Program Files (x86)\Incredibuild\\Temp\BuildsDB_AB42BA03-531E-4A75-828B-3A4C3BC7BD34_1789964971001.gz ].
[2026-09-21 07:29:31.009] [info] [rest_database] [8468] [CoordinatorDatabaseImpl.cpp:839] Coordinator Database: Deleting tables history records after telemetry gZip file was created [ C:\Program Files (x86)\Incredibuild\\Temp\CoordinatorDB_AB42BA03-531E-4A75-828B-3A4C3BC7BD34_1789964971001.gz ]. Purge all data = false
[2026-09-21 07:29:31.010] [info] [rest_telemetry] [8468] [TelemetryManagement.hpp:82] buildDbEmpty: [ true ]
[2026-09-21 07:29:31.598] [info] [rest_telemetry] [8468] [TelemetryManagement.hpp:122] Telemetry upload completed for gZip files:[ C:\Program Files (x86)\Incredibuild\\Temp\BuildsDB_AB42BA03-531E-4A75-828B-3A4C3BC7BD34_1789964971001.gz ], [ C:\Program Files (x86)\Incredibuild\\Temp\CoordinatorDB_AB42BA03-531E-4A75-828B-3A4C3BC7BD34_1789964971001.gz ], upload done for S3:  [ true ]
[2026-09-21 07:29:31.625] [info] [rest_telemetry] [8468] [TelemetryManagement.hpp:137] Telemetry upload completed for zip file:[ C:\Program Files (x86)\Incredibuild\\Temp\DBFiles_AB42BA03-531E-4A75-828B-3A4C3BC7BD34_1789964971001.zip ], upload done for IB Manager (Data Access):  [ true ]
[2026-09-21 07:39:26.390] [info] [rest_module] [8468] [session_handlers.cpp:90] on_session_renew_post - refresh
[2026-09-21 07:49:26.403] [info] [rest_module] [8468] [session_handlers.cpp:90] on_session_renew_post - refresh
[2026-09-21 07:59:26.412] [info] [rest_module] [8468] [session_handlers.cpp:90] on_session_renew_post - refresh
[2026-09-21 08:09:26.421] [info] [rest_module] [8468] [session_handlers.cpp:90] on_session_renew_post - refresh
[2026-09-21 08:19:26.419] [info] [rest_module] [8468] [session_handlers.cpp:90] on_session_renew_post - refresh
[2026-09-21 08:29:26.430] [info] [rest_module] [8468] [session_handlers.cpp:90] on_session_renew_post - refresh
[2026-09-21 08:29:31.006] [info] [rest_database] [8468] [BuildsDatabaseImpl.cpp:258] Builds Database: Deleting tables history records after telemetry gZip file was created [ C:\Program Files (x86)\Incredibuild\\Temp\BuildsDB_AB42BA03-531E-4A75-828B-3A4C3BC7BD34_1789968571000.gz ].
[2026-09-21 08:29:31.012] [info] [rest_database] [8468] [CoordinatorDatabaseImpl.cpp:839] Coordinator Database: Deleting tables history records after telemetry gZip file was created [ C:\Program Files (x86)\Incredibuild\\Temp\CoordinatorDB_AB42BA03-531E-4A75-828B-3A4C3BC7BD34_1789968571000.gz ]. Purge all data = false
[2026-09-21 08:29:31.013] [info] [rest_telemetry] [8468] [TelemetryManagement.hpp:82] buildDbEmpty: [ true ]
[2026-09-21 08:29:31.588] [info] [rest_telemetry] [8468] [TelemetryManagement.hpp:122] Telemetry upload completed for gZip files:[ C:\Program Files (x86)\Incredibuild\\Temp\BuildsDB_AB42BA03-531E-4A75-828B-3A4C3BC7BD34_1789968571000.gz ], [ C:\Program Files (x86)\Incredibuild\\Temp\CoordinatorDB_AB42BA03-531E-4A75-828B-3A4C3BC7BD34_1789968571000.gz ], upload done for S3:  [ true ]
[2026-09-21 08:29:31.615] [info] [rest_telemetry] [8468] [TelemetryManagement.hpp:137] Telemetry upload completed for zip file:[ C:\Program Files (x86)\Incredibuild\\Temp\DBFiles_AB42BA03-531E-4A75-828B-3A4C3BC7BD34_1789968571000.zip ], upload done for IB Manager (Data Access):  [ true ]
[2026-09-21 08:39:26.438] [info] [rest_module] [8468] [session_handlers.cpp:90] on_session_renew_post - refresh
[2026-09-21 08:49:26.446] [info] [rest_module] [8468] [session_handlers.cpp:90] on_session_renew_post - refresh
[2026-09-21 08:59:26.455] [info] [rest_module] [8468] [session_handlers.cpp:90] on_session_renew_post - refresh
[2026-09-21 09:09:26.466] [info] [rest_module] [8468] [session_handlers.cpp:90] on_session_renew_post - refresh
[2026-09-21 09:19:26.485] [info] [rest_module] [8468] [session_handlers.cpp:90] on_session_renew_post - refresh
[2026-09-21 09:29:26.489] [info] [rest_module] [8468] [session_handlers.cpp:90] on_session_renew_post - refresh
[2026-09-21 09:29:31.009] [info] [rest_database] [8468] [BuildsDatabaseImpl.cpp:258] Builds Database: Deleting tables history records after telemetry gZip file was created [ C:\Program Files (x86)\Incredibuild\\Temp\BuildsDB_AB42BA03-531E-4A75-828B-3A4C3BC7BD34_1789972171006.gz ].
[2026-09-21 09:29:31.018] [info] [rest_database] [8468] [CoordinatorDatabaseImpl.cpp:839] Coordinator Database: Deleting tables history records after telemetry gZip file was created [ C:\Program Files (x86)\Incredibuild\\Temp\CoordinatorDB_AB42BA03-531E-4A75-828B-3A4C3BC7BD34_1789972171006.gz ]. Purge all data = false
[2026-09-21 09:29:31.018] [info] [rest_telemetry] [8468] [TelemetryManagement.hpp:82] buildDbEmpty: [ true ]
[2026-09-21 09:29:31.587] [info] [rest_telemetry] [8468] [TelemetryManagement.hpp:122] Telemetry upload completed for gZip files:[ C:\Program Files (x86)\Incredibuild\\Temp\BuildsDB_AB42BA03-531E-4A75-828B-3A4C3BC7BD34_1789972171006.gz ], [ C:\Program Files (x86)\Incredibuild\\Temp\CoordinatorDB_AB42BA03-531E-4A75-828B-3A4C3BC7BD34_1789972171006.gz ], upload done for S3:  [ true ]
[2026-09-21 09:29:31.615] [info] [rest_telemetry] [8468] [TelemetryManagement.hpp:137] Telemetry upload completed for zip file:[ C:\Program Files (x86)\Incredibuild\\Temp\DBFiles_AB42BA03-531E-4A75-828B-3A4C3BC7BD34_1789972171006.zip ], upload done for IB Manager (Data Access):  [ true ]
[2026-09-21 09:39:26.502] [info] [rest_module] [8468] [session_handlers.cpp:90] on_session_renew_post - refresh
[2026-09-21 09:49:26.516] [info] [rest_module] [8468] [session_handlers.cpp:90] on_session_renew_post - refresh
[2026-09-21 09:59:26.519] [info] [rest_module] [8468] [session_handlers.cpp:90] on_session_renew_post - refresh
[2026-09-21 10:09:26.530] [info] [rest_module] [8468] [session_handlers.cpp:90] on_session_renew_post - refresh
[2026-09-21 10:19:26.534] [info] [rest_module] [8468] [session_handlers.cpp:90] on_session_renew_post - refresh
[2026-09-21 10:29:26.541] [info] [rest_module] [8468] [session_handlers.cpp:90] on_session_renew_post - refresh
[2026-09-21 10:29:31.015] [info] [rest_database] [8468] [BuildsDatabaseImpl.cpp:258] Builds Database: Deleting tables history records after telemetry gZip file was created [ C:\Program Files (x86)\Incredibuild\\Temp\BuildsDB_AB42BA03-531E-4A75-828B-3A4C3BC7BD34_1789975771011.gz ].
[2026-09-21 10:29:31.022] [info] [rest_database] [8468] [CoordinatorDatabaseImpl.cpp:839] Coordinator Database: Deleting tables history records after telemetry gZip file was created [ C:\Program Files (x86)\Incredibuild\\Temp\CoordinatorDB_AB42BA03-531E-4A75-828B-3A4C3BC7BD34_1789975771011.gz ]. Purge all data = false
[2026-09-21 10:29:31.023] [info] [rest_telemetry] [8468] [TelemetryManagement.hpp:82] buildDbEmpty: [ true ]
[2026-09-21 10:29:31.594] [info] [rest_telemetry] [8468] [TelemetryManagement.hpp:122] Telemetry upload completed for gZip files:[ C:\Program Files (x86)\Incredibuild\\Temp\BuildsDB_AB42BA03-531E-4A75-828B-3A4C3BC7BD34_1789975771011.gz ], [ C:\Program Files (x86)\Incredibuild\\Temp\CoordinatorDB_AB42BA03-531E-4A75-828B-3A4C3BC7BD34_1789975771011.gz ], upload done for S3:  [ true ]
[2026-09-21 10:29:31.617] [info] [rest_telemetry] [8468] [TelemetryManagement.hpp:137] Telemetry upload completed for zip file:[ C:\Program Files (x86)\Incredibuild\\Temp\DBFiles_AB42BA03-531E-4A75-828B-3A4C3BC7BD34_1789975771011.zip ], upload done for IB Manager (Data Access):  [ true ]
[2026-09-21 10:39:26.554] [info] [rest_module] [8468] [session_handlers.cpp:90] on_session_renew_post - refresh
[2026-09-21 10:49:26.556] [info] [rest_module] [8468] [session_handlers.cpp:90] on_session_renew_post - refresh
[2026-09-21 10:59:26.558] [info] [rest_module] [8468] [session_handlers.cpp:90] on_session_renew_post - refresh
[2026-09-21 11:09:26.570] [info] [rest_module] [8468] [session_handlers.cpp:90] on_session_renew_post - refresh
[2026-09-21 11:19:26.580] [info] [rest_module] [8468] [session_handlers.cpp:90] on_session_renew_post - refresh
[2026-09-21 11:29:26.587] [info] [rest_module] [8468] [session_handlers.cpp:90] on_session_renew_post - refresh
[2026-09-21 11:29:31.012] [info] [rest_database] [8468] [BuildsDatabaseImpl.cpp:258] Builds Database: Deleting tables history records after telemetry gZip file was created [ C:\Program Files (x86)\Incredibuild\\Temp\BuildsDB_AB42BA03-531E-4A75-828B-3A4C3BC7BD34_1789979371009.gz ].
[2026-09-21 11:29:31.019] [info] [rest_database] [8468] [CoordinatorDatabaseImpl.cpp:839] Coordinator Database: Deleting tables history records after telemetry gZip file was created [ C:\Program Files (x86)\Incredibuild\\Temp\CoordinatorDB_AB42BA03-531E-4A75-828B-3A4C3BC7BD34_1789979371009.gz ]. Purge all data = false
[2026-09-21 11:29:31.020] [info] [rest_telemetry] [8468] [TelemetryManagement.hpp:82] buildDbEmpty: [ true ]
[2026-09-21 11:29:31.614] [info] [rest_telemetry] [8468] [TelemetryManagement.hpp:122] Telemetry upload completed for gZip files:[ C:\Program Files (x86)\Incredibuild\\Temp\BuildsDB_AB42BA03-531E-4A75-828B-3A4C3BC7BD34_1789979371009.gz ], [ C:\Program Files (x86)\Incredibuild\\Temp\CoordinatorDB_AB42BA03-531E-4A75-828B-3A4C3BC7BD34_1789979371009.gz ], upload done for S3:  [ true ]
[2026-09-21 11:29:31.639] [info] [rest_telemetry] [8468] [TelemetryManagement.hpp:137] Telemetry upload completed for zip file:[ C:\Program Files (x86)\Incredibuild\\Temp\DBFiles_AB42BA03-531E-4A75-828B-3A4C3BC7BD34_1789979371009.zip ], upload done for IB Manager (Data Access):  [ true ]
[2026-09-21 11:39:26.596] [info] [rest_module] [8468] [session_handlers.cpp:90] on_session_renew_post - refresh
[2026-09-21 11:49:26.609] [info] [rest_module] [8468] [session_handlers.cpp:90] on_session_renew_post - refresh
[2026-09-21 11:59:26.618] [info] [rest_module] [8468] [session_handlers.cpp:90] on_session_renew_post - refresh
[2026-09-21 12:09:26.626] [info] [rest_module] [8468] [session_handlers.cpp:90] on_session_renew_post - refresh
[2026-09-21 12:19:26.630] [info] [rest_module] [8468] [session_handlers.cpp:90] on_session_renew_post - refresh
[2026-09-21 12:29:26.649] [info] [rest_module] [8468] [session_handlers.cpp:90] on_session_renew_post - refresh
[2026-09-21 12:29:31.019] [info] [rest_database] [8468] [BuildsDatabaseImpl.cpp:258] Builds Database: Deleting tables history records after telemetry gZip file was created [ C:\Program Files (x86)\Incredibuild\\Temp\BuildsDB_AB42BA03-531E-4A75-828B-3A4C3BC7BD34_1789982971015.gz ].
[2026-09-21 12:29:31.027] [info] [rest_database] [8468] [CoordinatorDatabaseImpl.cpp:839] Coordinator Database: Deleting tables history records after telemetry gZip file was created [ C:\Program Files (x86)\Incredibuild\\Temp\CoordinatorDB_AB42BA03-531E-4A75-828B-3A4C3BC7BD34_1789982971015.gz ]. Purge all data = false
[2026-09-21 12:29:31.028] [info] [rest_telemetry] [8468] [TelemetryManagement.hpp:82] buildDbEmpty: [ true ]
[2026-09-21 12:29:31.620] [info] [rest_telemetry] [8468] [TelemetryManagement.hpp:122] Telemetry upload completed for gZip files:[ C:\Program Files (x86)\Incredibuild\\Temp\BuildsDB_AB42BA03-531E-4A75-828B-3A4C3BC7BD34_1789982971015.gz ], [ C:\Program Files (x86)\Incredibuild\\Temp\CoordinatorDB_AB42BA03-531E-4A75-828B-3A4C3BC7BD34_1789982971015.gz ], upload done for S3:  [ true ]
[2026-09-21 12:29:31.647] [info] [rest_telemetry] [8468] [TelemetryManagement.hpp:137] Telemetry upload completed for zip file:[ C:\Program Files (x86)\Incredibuild\\Temp\DBFiles_AB42BA03-531E-4A75-828B-3A4C3BC7BD34_1789982971015.zip ], upload done for IB Manager (Data Access):  [ true ]
[2026-09-21 12:39:26.652] [info] [rest_module] [8468] [session_handlers.cpp:90] on_session_renew_post - refresh
[2026-09-21 12:49:26.659] [info] [rest_module] [8468] [session_handlers.cpp:90] on_session_renew_post - refresh
[2026-09-21 12:59:26.657] [info] [rest_module] [8468] [session_handlers.cpp:90] on_session_renew_post - refresh
[2026-09-21 13:09:26.661] [info] [rest_module] [8468] [session_handlers.cpp:90] on_session_renew_post - refresh
[2026-09-21 13:19:26.673] [info] [rest_module] [8468] [session_handlers.cpp:90] on_session_renew_post - refresh
[2026-09-21 13:29:26.679] [info] [rest_module] [8468] [session_handlers.cpp:90] on_session_renew_post - refresh
[2026-09-21 13:29:31.012] [info] [rest_database] [8468] [BuildsDatabaseImpl.cpp:258] Builds Database: Deleting tables history records after telemetry gZip file was created [ C:\Program Files (x86)\Incredibuild\\Temp\BuildsDB_AB42BA03-531E-4A75-828B-3A4C3BC7BD34_1789986571008.gz ].
[2026-09-21 13:29:31.019] [info] [rest_database] [8468] [CoordinatorDatabaseImpl.cpp:839] Coordinator Database: Deleting tables history records after telemetry gZip file was created [ C:\Program Files (x86)\Incredibuild\\Temp\CoordinatorDB_AB42BA03-531E-4A75-828B-3A4C3BC7BD34_1789986571008.gz ]. Purge all data = false
[2026-09-21 13:29:31.020] [info] [rest_telemetry] [8468] [TelemetryManagement.hpp:82] buildDbEmpty: [ true ]
[2026-09-21 13:29:31.649] [info] [rest_telemetry] [8468] [TelemetryManagement.hpp:122] Telemetry upload completed for gZip files:[ C:\Program Files (x86)\Incredibuild\\Temp\BuildsDB_AB42BA03-531E-4A75-828B-3A4C3BC7BD34_1789986571008.gz ], [ C:\Program Files (x86)\Incredibuild\\Temp\CoordinatorDB_AB42BA03-531E-4A75-828B-3A4C3BC7BD34_1789986571008.gz ], upload done for S3:  [ true ]
[2026-09-21 13:29:31.672] [info] [rest_telemetry] [8468] [TelemetryManagement.hpp:137] Telemetry upload completed for zip file:[ C:\Program Files (x86)\Incredibuild\\Temp\DBFiles_AB42BA03-531E-4A75-828B-3A4C3BC7BD34_1789986571008.zip ], upload done for IB Manager (Data Access):  [ true ]
[2026-09-21 13:39:26.682] [info] [rest_module] [8468] [session_handlers.cpp:90] on_session_renew_post - refresh
[2026-09-21 13:49:26.696] [info] [rest_module] [8468] [session_handlers.cpp:90] on_session_renew_post - refresh
[2026-09-21 13:59:26.705] [info] [rest_module] [8468] [session_handlers.cpp:90] on_session_renew_post - refresh
[2026-09-21 14:09:26.709] [info] [rest_module] [8468] [session_handlers.cpp:90] on_session_renew_post - refresh
[2026-09-21 14:19:26.719] [info] [rest_module] [8468] [session_handlers.cpp:90] on_session_renew_post - refresh
[2026-09-21 14:29:26.719] [info] [rest_module] [8468] [session_handlers.cpp:90] on_session_renew_post - refresh
[2026-09-21 14:29:31.018] [info] [rest_database] [8468] [BuildsDatabaseImpl.cpp:258] Builds Database: Deleting tables history records after telemetry gZip file was created [ C:\Program Files (x86)\Incredibuild\\Temp\BuildsDB_AB42BA03-531E-4A75-828B-3A4C3BC7BD34_1789990171012.gz ].
[2026-09-21 14:29:31.026] [info] [rest_database] [8468] [CoordinatorDatabaseImpl.cpp:839] Coordinator Database: Deleting tables history records after telemetry gZip file was created [ C:\Program Files (x86)\Incredibuild\\Temp\CoordinatorDB_AB42BA03-531E-4A75-828B-3A4C3BC7BD34_1789990171012.gz ]. Purge all data = false
[2026-09-21 14:29:31.027] [info] [rest_telemetry] [8468] [TelemetryManagement.hpp:82] buildDbEmpty: [ true ]
[2026-09-21 14:29:31.631] [info] [rest_telemetry] [8468] [TelemetryManagement.hpp:122] Telemetry upload completed for gZip files:[ C:\Program Files (x86)\Incredibuild\\Temp\BuildsDB_AB42BA03-531E-4A75-828B-3A4C3BC7BD34_1789990171012.gz ], [ C:\Program Files (x86)\Incredibuild\\Temp\CoordinatorDB_AB42BA03-531E-4A75-828B-3A4C3BC7BD34_1789990171012.gz ], upload done for S3:  [ true ]
[2026-09-21 14:29:31.657] [info] [rest_telemetry] [8468] [TelemetryManagement.hpp:137] Telemetry upload completed for zip file:[ C:\Program Files (x86)\Incredibuild\\Temp\DBFiles_AB42BA03-531E-4A75-828B-3A4C3BC7BD34_1789990171012.zip ], upload done for IB Manager (Data Access):  [ true ]
[2026-09-21 14:39:26.732] [info] [rest_module] [8468] [session_handlers.cpp:90] on_session_renew_post - refresh
[2026-09-21 14:49:26.739] [info] [rest_module] [8468] [session_handlers.cpp:90] on_session_renew_post - refresh
[2026-09-21 14:59:26.743] [info] [rest_module] [8468] [session_handlers.cpp:90] on_session_renew_post - refresh
[2026-09-21 15:09:26.757] [info] [rest_module] [8468] [session_handlers.cpp:90] on_session_renew_post - refresh
[2026-09-21 15:19:26.762] [info] [rest_module] [8468] [session_handlers.cpp:90] on_session_renew_post - refresh
[2026-09-21 15:29:26.771] [info] [rest_module] [8468] [session_handlers.cpp:90] on_session_renew_post - refresh
[2026-09-21 15:29:31.009] [info] [rest_database] [8468] [BuildsDatabaseImpl.cpp:258] Builds Database: Deleting tables history records after telemetry gZip file was created [ C:\Program Files (x86)\Incredibuild\\Temp\BuildsDB_AB42BA03-531E-4A75-828B-3A4C3BC7BD34_1789993771002.gz ].
[2026-09-21 15:29:31.016] [info] [rest_database] [8468] [CoordinatorDatabaseImpl.cpp:839] Coordinator Database: Deleting tables history records after telemetry gZip file was created [ C:\Program Files (x86)\Incredibuild\\Temp\CoordinatorDB_AB42BA03-531E-4A75-828B-3A4C3BC7BD34_1789993771002.gz ]. Purge all data = false
[2026-09-21 15:29:31.017] [info] [rest_telemetry] [8468] [TelemetryManagement.hpp:82] buildDbEmpty: [ true ]
[2026-09-21 15:29:31.617] [info] [rest_telemetry] [8468] [TelemetryManagement.hpp:122] Telemetry upload completed for gZip files:[ C:\Program Files (x86)\Incredibuild\\Temp\BuildsDB_AB42BA03-531E-4A75-828B-3A4C3BC7BD34_1789993771002.gz ], [ C:\Program Files (x86)\Incredibuild\\Temp\CoordinatorDB_AB42BA03-531E-4A75-828B-3A4C3BC7BD34_1789993771002.gz ], upload done for S3:  [ true ]
[2026-09-21 15:29:31.639] [info] [rest_telemetry] [8468] [TelemetryManagement.hpp:137] Telemetry upload completed for zip file:[ C:\Program Files (x86)\Incredibuild\\Temp\DBFiles_AB42BA03-531E-4A75-828B-3A4C3BC7BD34_1789993771002.zip ], upload done for IB Manager (Data Access):  [ true ]
[2026-09-21 15:39:26.774] [info] [rest_module] [8468] [session_handlers.cpp:90] on_session_renew_post - refresh
[2026-09-21 15:49:26.782] [info] [rest_module] [8468] [session_handlers.cpp:90] on_session_renew_post - refresh
[2026-09-21 15:59:26.787] [info] [rest_module] [8468] [session_handlers.cpp:90] on_session_renew_post - refresh
[2026-09-21 16:09:26.783] [info] [rest_module] [8468] [session_handlers.cpp:90] on_session_renew_post - refresh
[2026-09-21 16:19:26.789] [info] [rest_module] [8468] [session_handlers.cpp:90] on_session_renew_post - refresh
[2026-09-21 16:29:26.790] [info] [rest_module] [8468] [session_handlers.cpp:90] on_session_renew_post - refresh
[2026-09-21 16:29:31.016] [info] [rest_database] [8468] [BuildsDatabaseImpl.cpp:258] Builds Database: Deleting tables history records after telemetry gZip file was created [ C:\Program Files (x86)\Incredibuild\\Temp\BuildsDB_AB42BA03-531E-4A75-828B-3A4C3BC7BD34_1789997371013.gz ].
[2026-09-21 16:29:31.024] [info] [rest_database] [8468] [CoordinatorDatabaseImpl.cpp:839] Coordinator Database: Deleting tables history records after telemetry gZip file was created [ C:\Program Files (x86)\Incredibuild\\Temp\CoordinatorDB_AB42BA03-531E-4A75-828B-3A4C3BC7BD34_1789997371013.gz ]. Purge all data = false
[2026-09-21 16:29:31.025] [info] [rest_telemetry] [8468] [TelemetryManagement.hpp:82] buildDbEmpty: [ true ]
[2026-09-21 16:29:31.613] [info] [rest_telemetry] [8468] [TelemetryManagement.hpp:122] Telemetry upload completed for gZip files:[ C:\Program Files (x86)\Incredibuild\\Temp\BuildsDB_AB42BA03-531E-4A75-828B-3A4C3BC7BD34_1789997371013.gz ], [ C:\Program Files (x86)\Incredibuild\\Temp\CoordinatorDB_AB42BA03-531E-4A75-828B-3A4C3BC7BD34_1789997371013.gz ], upload done for S3:  [ true ]
[2026-09-21 16:29:31.642] [info] [rest_telemetry] [8468] [TelemetryManagement.hpp:137] Telemetry upload completed for zip file:[ C:\Program Files (x86)\Incredibuild\\Temp\DBFiles_AB42BA03-531E-4A75-828B-3A4C3BC7BD34_1789997371013.zip ], upload done for IB Manager (Data Access):  [ true ]
[2026-09-21 16:39:26.798] [info] [rest_module] [8468] [session_handlers.cpp:90] on_session_renew_post - refresh
[2026-09-21 16:49:26.806] [info] [rest_module] [8468] [session_handlers.cpp:90] on_session_renew_post - refresh
[2026-09-21 16:59:26.818] [info] [rest_module] [8468] [session_handlers.cpp:90] on_session_renew_post - refresh
[2026-09-21 17:09:26.828] [info] [rest_module] [8468] [session_handlers.cpp:90] on_session_renew_post - refresh
[2026-09-21 17:19:26.841] [info] [rest_module] [8468] [session_handlers.cpp:90] on_session_renew_post - refresh
[2026-09-21 17:29:26.853] [info] [rest_module] [8468] [session_handlers.cpp:90] on_session_renew_post - refresh
[2026-09-21 17:29:31.005] [info] [rest_database] [8468] [BuildsDatabaseImpl.cpp:258] Builds Database: Deleting tables history records after telemetry gZip file was created [ C:\Program Files (x86)\Incredibuild\\Temp\BuildsDB_AB42BA03-531E-4A75-828B-3A4C3BC7BD34_1790000971002.gz ].
[2026-09-21 17:29:31.013] [info] [rest_database] [8468] [CoordinatorDatabaseImpl.cpp:839] Coordinator Database: Deleting tables history records after telemetry gZip file was created [ C:\Program Files (x86)\Incredibuild\\Temp\CoordinatorDB_AB42BA03-531E-4A75-828B-3A4C3BC7BD34_1790000971002.gz ]. Purge all data = false
[2026-09-21 17:29:31.014] [info] [rest_telemetry] [8468] [TelemetryManagement.hpp:82] buildDbEmpty: [ true ]
[2026-09-21 17:29:31.615] [info] [rest_telemetry] [8468] [TelemetryManagement.hpp:122] Telemetry upload completed for gZip files:[ C:\Program Files (x86)\Incredibuild\\Temp\BuildsDB_AB42BA03-531E-4A75-828B-3A4C3BC7BD34_1790000971002.gz ], [ C:\Program Files (x86)\Incredibuild\\Temp\CoordinatorDB_AB42BA03-531E-4A75-828B-3A4C3BC7BD34_1790000971002.gz ], upload done for S3:  [ true ]
[2026-09-21 17:29:31.640] [info] [rest_telemetry] [8468] [TelemetryManagement.hpp:137] Telemetry upload completed for zip file:[ C:\Program Files (x86)\Incredibuild\\Temp\DBFiles_AB42BA03-531E-4A75-828B-3A4C3BC7BD34_1790000971002.zip ], upload done for IB Manager (Data Access):  [ true ]
[2026-09-21 17:39:26.862] [info] [rest_module] [8468] [session_handlers.cpp:90] on_session_renew_post - refresh
[2026-09-21 17:49:26.863] [info] [rest_module] [8468] [session_handlers.cpp:90] on_session_renew_post - refresh
[2026-09-21 17:59:26.871] [info] [rest_module] [8468] [session_handlers.cpp:90] on_session_renew_post - refresh
[2026-09-21 18:09:26.883] [info] [rest_module] [8468] [session_handlers.cpp:90] on_session_renew_post - refresh
[2026-09-21 18:19:26.911] [info] [rest_module] [8468] [session_handlers.cpp:90] on_session_renew_post - refresh
[2026-09-21 18:29:26.893] [info] [rest_module] [8468] [session_handlers.cpp:90] on_session_renew_post - refresh
[2026-09-21 18:29:31.015] [info] [rest_database] [8468] [BuildsDatabaseImpl.cpp:258] Builds Database: Deleting tables history records after telemetry gZip file was created [ C:\Program Files (x86)\Incredibuild\\Temp\BuildsDB_AB42BA03-531E-4A75-828B-3A4C3BC7BD34_1790004571011.gz ].
[2026-09-21 18:29:31.020] [info] [rest_database] [8468] [CoordinatorDatabaseImpl.cpp:839] Coordinator Database: Deleting tables history records after telemetry gZip file was created [ C:\Program Files (x86)\Incredibuild\\Temp\CoordinatorDB_AB42BA03-531E-4A75-828B-3A4C3BC7BD34_1790004571011.gz ]. Purge all data = false
[2026-09-21 18:29:31.021] [info] [rest_telemetry] [8468] [TelemetryManagement.hpp:82] buildDbEmpty: [ true ]
[2026-09-21 18:29:31.628] [info] [rest_telemetry] [8468] [TelemetryManagement.hpp:122] Telemetry upload completed for gZip files:[ C:\Program Files (x86)\Incredibuild\\Temp\BuildsDB_AB42BA03-531E-4A75-828B-3A4C3BC7BD34_1790004571011.gz ], [ C:\Program Files (x86)\Incredibuild\\Temp\CoordinatorDB_AB42BA03-531E-4A75-828B-3A4C3BC7BD34_1790004571011.gz ], upload done for S3:  [ true ]
[2026-09-21 18:29:31.653] [info] [rest_telemetry] [8468] [TelemetryManagement.hpp:137] Telemetry upload completed for zip file:[ C:\Program Files (x86)\Incredibuild\\Temp\DBFiles_AB42BA03-531E-4A75-828B-3A4C3BC7BD34_1790004571011.zip ], upload done for IB Manager (Data Access):  [ true ]
[2026-09-21 18:39:26.900] [info] [rest_module] [8468] [session_handlers.cpp:90] on_session_renew_post - refresh
[2026-09-21 18:49:26.899] [info] [rest_module] [8468] [session_handlers.cpp:90] on_session_renew_post - refresh
[2026-09-21 18:59:26.912] [info] [rest_module] [8468] [session_handlers.cpp:90] on_session_renew_post - refresh
[2026-09-21 19:09:26.921] [info] [rest_module] [8468] [session_handlers.cpp:90] on_session_renew_post - refresh
[2026-09-21 19:19:26.926] [info] [rest_module] [8468] [session_handlers.cpp:90] on_session_renew_post - refresh
[2026-09-21 19:29:26.931] [info] [rest_module] [8468] [session_handlers.cpp:90] on_session_renew_post - refresh
[2026-09-21 19:29:31.017] [info] [rest_database] [8468] [BuildsDatabaseImpl.cpp:258] Builds Database: Deleting tables history records after telemetry gZip file was created [ C:\Program Files (x86)\Incredibuild\\Temp\BuildsDB_AB42BA03-531E-4A75-828B-3A4C3BC7BD34_1790008171014.gz ].
[2026-09-21 19:29:31.027] [info] [rest_database] [8468] [CoordinatorDatabaseImpl.cpp:839] Coordinator Database: Deleting tables history records after telemetry gZip file was created [ C:\Program Files (x86)\Incredibuild\\Temp\CoordinatorDB_AB42BA03-531E-4A75-828B-3A4C3BC7BD34_1790008171014.gz ]. Purge all data = false
[2026-09-21 19:29:31.028] [info] [rest_telemetry] [8468] [TelemetryManagement.hpp:82] buildDbEmpty: [ true ]
[2026-09-21 19:29:31.621] [info] [rest_telemetry] [8468] [TelemetryManagement.hpp:122] Telemetry upload completed for gZip files:[ C:\Program Files (x86)\Incredibuild\\Temp\BuildsDB_AB42BA03-531E-4A75-828B-3A4C3BC7BD34_1790008171014.gz ], [ C:\Program Files (x86)\Incredibuild\\Temp\CoordinatorDB_AB42BA03-531E-4A75-828B-3A4C3BC7BD34_1790008171014.gz ], upload done for S3:  [ true ]
[2026-09-21 19:29:31.645] [info] [rest_telemetry] [8468] [TelemetryManagement.hpp:137] Telemetry upload completed for zip file:[ C:\Program Files (x86)\Incredibuild\\Temp\DBFiles_AB42BA03-531E-4A75-828B-3A4C3BC7BD34_1790008171014.zip ], upload done for IB Manager (Data Access):  [ true ]
[2026-09-21 19:39:26.938] [info] [rest_module] [8468] [session_handlers.cpp:90] on_session_renew_post - refresh
[2026-09-21 19:49:26.937] [info] [rest_module] [8468] [session_handlers.cpp:90] on_session_renew_post - refresh
[2026-09-21 19:59:26.947] [info] [rest_module] [8468] [session_handlers.cpp:90] on_session_renew_post - refresh
[2026-09-21 20:09:26.961] [info] [rest_module] [8468] [session_handlers.cpp:90] on_session_renew_post - refresh
[2026-09-21 20:19:26.969] [info] [rest_module] [8468] [session_handlers.cpp:90] on_session_renew_post - refresh
[2026-09-21 20:29:26.982] [info] [rest_module] [8468] [session_handlers.cpp:90] on_session_renew_post - refresh
[2026-09-21 20:29:31.009] [info] [rest_database] [8468] [BuildsDatabaseImpl.cpp:258] Builds Database: Deleting tables history records after telemetry gZip file was created [ C:\Program Files (x86)\Incredibuild\\Temp\BuildsDB_AB42BA03-531E-4A75-828B-3A4C3BC7BD34_1790011771006.gz ].
[2026-09-21 20:29:31.014] [info] [rest_database] [8468] [CoordinatorDatabaseImpl.cpp:839] Coordinator Database: Deleting tables history records after telemetry gZip file was created [ C:\Program Files (x86)\Incredibuild\\Temp\CoordinatorDB_AB42BA03-531E-4A75-828B-3A4C3BC7BD34_1790011771006.gz ]. Purge all data = false
[2026-09-21 20:29:31.014] [info] [rest_telemetry] [8468] [TelemetryManagement.hpp:82] buildDbEmpty: [ true ]
[2026-09-21 20:29:31.595] [info] [rest_telemetry] [8468] [TelemetryManagement.hpp:122] Telemetry upload completed for gZip files:[ C:\Program Files (x86)\Incredibuild\\Temp\BuildsDB_AB42BA03-531E-4A75-828B-3A4C3BC7BD34_1790011771006.gz ], [ C:\Program Files (x86)\Incredibuild\\Temp\CoordinatorDB_AB42BA03-531E-4A75-828B-3A4C3BC7BD34_1790011771006.gz ], upload done for S3:  [ true ]
[2026-09-21 20:29:31.617] [info] [rest_telemetry] [8468] [TelemetryManagement.hpp:137] Telemetry upload completed for zip file:[ C:\Program Files (x86)\Incredibuild\\Temp\DBFiles_AB42BA03-531E-4A75-828B-3A4C3BC7BD34_1790011771006.zip ], upload done for IB Manager (Data Access):  [ true ]
[2026-09-21 20:39:26.992] [info] [rest_module] [8468] [session_handlers.cpp:90] on_session_renew_post - refresh
[2026-09-21 20:49:27.000] [info] [rest_module] [8468] [session_handlers.cpp:90] on_session_renew_post - refresh
[2026-09-21 20:59:27.006] [info] [rest_module] [8468] [session_handlers.cpp:90] on_session_renew_post - refresh
[2026-09-21 21:09:27.011] [info] [rest_module] [8468] [session_handlers.cpp:90] on_session_renew_post - refresh
[2026-09-21 21:19:27.009] [info] [rest_module] [8468] [session_handlers.cpp:90] on_session_renew_post - refresh
[2026-09-21 21:29:27.024] [info] [rest_module] [8468] [session_handlers.cpp:90] on_session_renew_post - refresh
[2026-09-21 21:29:31.016] [info] [rest_database] [8468] [BuildsDatabaseImpl.cpp:258] Builds Database: Deleting tables history records after telemetry gZip file was created [ C:\Program Files (x86)\Incredibuild\\Temp\BuildsDB_AB42BA03-531E-4A75-828B-3A4C3BC7BD34_1790015371010.gz ].
[2026-09-21 21:29:31.023] [info] [rest_database] [8468] [CoordinatorDatabaseImpl.cpp:839] Coordinator Database: Deleting tables history records after telemetry gZip file was created [ C:\Program Files (x86)\Incredibuild\\Temp\CoordinatorDB_AB42BA03-531E-4A75-828B-3A4C3BC7BD34_1790015371010.gz ]. Purge all data = false
[2026-09-21 21:29:31.024] [info] [rest_telemetry] [8468] [TelemetryManagement.hpp:82] buildDbEmpty: [ true ]
[2026-09-21 21:29:31.718] [info] [rest_telemetry] [8468] [TelemetryManagement.hpp:122] Telemetry upload completed for gZip files:[ C:\Program Files (x86)\Incredibuild\\Temp\BuildsDB_AB42BA03-531E-4A75-828B-3A4C3BC7BD34_1790015371010.gz ], [ C:\Program Files (x86)\Incredibuild\\Temp\CoordinatorDB_AB42BA03-531E-4A75-828B-3A4C3BC7BD34_1790015371010.gz ], upload done for S3:  [ true ]
[2026-09-21 21:29:31.743] [info] [rest_telemetry] [8468] [TelemetryManagement.hpp:137] Telemetry upload completed for zip file:[ C:\Program Files (x86)\Incredibuild\\Temp\DBFiles_AB42BA03-531E-4A75-828B-3A4C3BC7BD34_1790015371010.zip ], upload done for IB Manager (Data Access):  [ true ]
[2026-09-21 21:39:27.031] [info] [rest_module] [8468] [session_handlers.cpp:90] on_session_renew_post - refresh
[2026-09-21 21:49:27.046] [info] [rest_module] [8468] [session_handlers.cpp:90] on_session_renew_post - refresh
[2026-09-21 21:59:27.048] [info] [rest_module] [8468] [session_handlers.cpp:90] on_session_renew_post - refresh
[2026-09-21 22:09:27.050] [info] [rest_module] [8468] [session_handlers.cpp:90] on_session_renew_post - refresh
[2026-09-21 22:19:27.063] [info] [rest_module] [8468] [session_handlers.cpp:90] on_session_renew_post - refresh
[2026-09-21 22:29:27.065] [info] [rest_module] [8468] [session_handlers.cpp:90] on_session_renew_post - refresh
[2026-09-21 22:29:31.018] [info] [rest_database] [8468] [BuildsDatabaseImpl.cpp:258] Builds Database: Deleting tables history records after telemetry gZip file was created [ C:\Program Files (x86)\Incredibuild\\Temp\BuildsDB_AB42BA03-531E-4A75-828B-3A4C3BC7BD34_1790018971014.gz ].
[2026-09-21 22:29:31.024] [info] [rest_database] [8468] [CoordinatorDatabaseImpl.cpp:839] Coordinator Database: Deleting tables history records after telemetry gZip file was created [ C:\Program Files (x86)\Incredibuild\\Temp\CoordinatorDB_AB42BA03-531E-4A75-828B-3A4C3BC7BD34_1790018971014.gz ]. Purge all data = false
[2026-09-21 22:29:31.025] [info] [rest_telemetry] [8468] [TelemetryManagement.hpp:82] buildDbEmpty: [ true ]
[2026-09-21 22:29:31.594] [info] [rest_telemetry] [8468] [TelemetryManagement.hpp:122] Telemetry upload completed for gZip files:[ C:\Program Files (x86)\Incredibuild\\Temp\BuildsDB_AB42BA03-531E-4A75-828B-3A4C3BC7BD34_1790018971014.gz ], [ C:\Program Files (x86)\Incredibuild\\Temp\CoordinatorDB_AB42BA03-531E-4A75-828B-3A4C3BC7BD34_1790018971014.gz ], upload done for S3:  [ true ]
[2026-09-21 22:29:31.616] [info] [rest_telemetry] [8468] [TelemetryManagement.hpp:137] Telemetry upload completed for zip file:[ C:\Program Files (x86)\Incredibuild\\Temp\DBFiles_AB42BA03-531E-4A75-828B-3A4C3BC7BD34_1790018971014.zip ], upload done for IB Manager (Data Access):  [ true ]
[2026-09-21 22:39:27.070] [info] [rest_module] [8468] [session_handlers.cpp:90] on_session_renew_post - refresh
[2026-09-21 22:49:27.087] [info] [rest_module] [8468] [session_handlers.cpp:90] on_session_renew_post - refresh
[2026-09-21 22:59:27.097] [info] [rest_module] [8468] [session_handlers.cpp:90] on_session_renew_post - refresh
[2026-09-21 23:09:27.106] [info] [rest_module] [8468] [session_handlers.cpp:90] on_session_renew_post - refresh
[2026-09-21 23:19:27.108] [info] [rest_module] [8468] [session_handlers.cpp:90] on_session_renew_post - refresh
[2026-09-21 23:29:27.121] [info] [rest_module] [8468] [session_handlers.cpp:90] on_session_renew_post - refresh
[2026-09-21 23:29:31.014] [info] [rest_database] [8468] [BuildsDatabaseImpl.cpp:258] Builds Database: Deleting tables history records after telemetry gZip file was created [ C:\Program Files (x86)\Incredibuild\\Temp\BuildsDB_AB42BA03-531E-4A75-828B-3A4C3BC7BD34_1790022571009.gz ].
[2026-09-21 23:29:31.020] [info] [rest_database] [8468] [CoordinatorDatabaseImpl.cpp:839] Coordinator Database: Deleting tables history records after telemetry gZip file was created [ C:\Program Files (x86)\Incredibuild\\Temp\CoordinatorDB_AB42BA03-531E-4A75-828B-3A4C3BC7BD34_1790022571009.gz ]. Purge all data = false
[2026-09-21 23:29:31.021] [info] [rest_telemetry] [8468] [TelemetryManagement.hpp:82] buildDbEmpty: [ true ]
[2026-09-21 23:29:31.736] [info] [rest_telemetry] [8468] [TelemetryManagement.hpp:122] Telemetry upload completed for gZip files:[ C:\Program Files (x86)\Incredibuild\\Temp\BuildsDB_AB42BA03-531E-4A75-828B-3A4C3BC7BD34_1790022571009.gz ], [ C:\Program Files (x86)\Incredibuild\\Temp\CoordinatorDB_AB42BA03-531E-4A75-828B-3A4C3BC7BD34_1790022571009.gz ], upload done for S3:  [ true ]
[2026-09-21 23:29:31.758] [info] [rest_telemetry] [8468] [TelemetryManagement.hpp:137] Telemetry upload completed for zip file:[ C:\Program Files (x86)\Incredibuild\\Temp\DBFiles_AB42BA03-531E-4A75-828B-3A4C3BC7BD34_1790022571009.zip ], upload done for IB Manager (Data Access):  [ true ]
[2026-09-21 23:39:27.130] [info] [rest_module] [8468] [session_handlers.cpp:90] on_session_renew_post - refresh
[2026-09-21 23:49:27.143] [info] [rest_module] [8468] [session_handlers.cpp:90] on_session_renew_post - refresh
[2026-09-21 23:49:27.151] [warning] [rest_business_logic] [8468] [rest_api.cpp:124] Fail to authenticate: Fail to authenticate
[2026-09-21 23:59:27.142] [info] [rest_module] [8468] [session_handlers.cpp:90] on_session_renew_post - refresh
[2026-09-22 00:09:27.148] [info] [rest_module] [8468] [session_handlers.cpp:90] on_session_renew_post - refresh
[2026-09-22 00:19:27.160] [info] [rest_module] [8468] [session_handlers.cpp:90] on_session_renew_post - refresh
[2026-09-22 00:29:27.165] [info] [rest_module] [8468] [session_handlers.cpp:90] on_session_renew_post - refresh
[2026-09-22 00:29:31.013] [info] [rest_database] [8468] [BuildsDatabaseImpl.cpp:258] Builds Database: Deleting tables history records after telemetry gZip file was created [ C:\Program Files (x86)\Incredibuild\\Temp\BuildsDB_AB42BA03-531E-4A75-828B-3A4C3BC7BD34_1790026171009.gz ].
[2026-09-22 00:29:31.037] [info] [rest_database] [8468] [CoordinatorDatabaseImpl.cpp:839] Coordinator Database: Deleting tables history records after telemetry gZip file was created [ C:\Program Files (x86)\Incredibuild\\Temp\CoordinatorDB_AB42BA03-531E-4A75-828B-3A4C3BC7BD34_1790026171009.gz ]. Purge all data = false
[2026-09-22 00:29:31.038] [info] [rest_telemetry] [8468] [TelemetryManagement.hpp:82] buildDbEmpty: [ true ]
[2026-09-22 00:29:31.706] [info] [rest_telemetry] [8468] [TelemetryManagement.hpp:122] Telemetry upload completed for gZip files:[ C:\Program Files (x86)\Incredibuild\\Temp\BuildsDB_AB42BA03-531E-4A75-828B-3A4C3BC7BD34_1790026171009.gz ], [ C:\Program Files (x86)\Incredibuild\\Temp\CoordinatorDB_AB42BA03-531E-4A75-828B-3A4C3BC7BD34_1790026171009.gz ], upload done for S3:  [ true ]
[2026-09-22 00:29:31.750] [info] [rest_telemetry] [8468] [TelemetryManagement.hpp:137] Telemetry upload completed for zip file:[ C:\Program Files (x86)\Incredibuild\\Temp\DBFiles_AB42BA03-531E-4A75-828B-3A4C3BC7BD34_1790026171009.zip ], upload done for IB Manager (Data Access):  [ true ]
[2026-09-22 00:39:27.170] [info] [rest_module] [8468] [session_handlers.cpp:90] on_session_renew_post - refresh
[2026-09-22 00:49:27.175] [info] [rest_module] [8468] [session_handlers.cpp:90] on_session_renew_post - refresh
[2026-09-22 00:59:27.182] [info] [rest_module] [8468] [session_handlers.cpp:90] on_session_renew_post - refresh
[2026-09-22 01:09:27.187] [info] [rest_module] [8468] [session_handlers.cpp:90] on_session_renew_post - refresh
[2026-09-22 01:19:27.198] [info] [rest_module] [8468] [session_handlers.cpp:90] on_session_renew_post - refresh
[2026-09-22 01:29:27.204] [info] [rest_module] [8468] [session_handlers.cpp:90] on_session_renew_post - refresh
[2026-09-22 01:29:31.008] [info] [rest_database] [8468] [BuildsDatabaseImpl.cpp:258] Builds Database: Deleting tables history records after telemetry gZip file was created [ C:\Program Files (x86)\Incredibuild\\Temp\BuildsDB_AB42BA03-531E-4A75-828B-3A4C3BC7BD34_1790029771002.gz ].
[2026-09-22 01:29:31.017] [info] [rest_database] [8468] [CoordinatorDatabaseImpl.cpp:839] Coordinator Database: Deleting tables history records after telemetry gZip file was created [ C:\Program Files (x86)\Incredibuild\\Temp\CoordinatorDB_AB42BA03-531E-4A75-828B-3A4C3BC7BD34_1790029771002.gz ]. Purge all data = false
[2026-09-22 01:29:31.018] [info] [rest_telemetry] [8468] [TelemetryManagement.hpp:82] buildDbEmpty: [ true ]
[2026-09-22 01:29:31.619] [info] [rest_telemetry] [8468] [TelemetryManagement.hpp:122] Telemetry upload completed for gZip files:[ C:\Program Files (x86)\Incredibuild\\Temp\BuildsDB_AB42BA03-531E-4A75-828B-3A4C3BC7BD34_1790029771002.gz ], [ C:\Program Files (x86)\Incredibuild\\Temp\CoordinatorDB_AB42BA03-531E-4A75-828B-3A4C3BC7BD34_1790029771002.gz ], upload done for S3:  [ true ]
[2026-09-22 01:29:31.643] [info] [rest_telemetry] [8468] [TelemetryManagement.hpp:137] Telemetry upload completed for zip file:[ C:\Program Files (x86)\Incredibuild\\Temp\DBFiles_AB42BA03-531E-4A75-828B-3A4C3BC7BD34_1790029771002.zip ], upload done for IB Manager (Data Access):  [ true ]
[2026-09-22 01:39:27.208] [info] [rest_module] [8468] [session_handlers.cpp:90] on_session_renew_post - refresh
[2026-09-22 01:49:27.216] [info] [rest_module] [8468] [session_handlers.cpp:90] on_session_renew_post - refresh
[2026-09-22 01:59:27.224] [info] [rest_module] [8468] [session_handlers.cpp:90] on_session_renew_post - refresh
[2026-09-22 02:09:27.229] [info] [rest_module] [8468] [session_handlers.cpp:90] on_session_renew_post - refresh
[2026-09-22 02:19:27.228] [info] [rest_module] [8468] [session_handlers.cpp:90] on_session_renew_post - refresh
[2026-09-22 02:29:27.243] [info] [rest_module] [8468] [session_handlers.cpp:90] on_session_renew_post - refresh
[2026-09-22 02:29:31.015] [info] [rest_database] [8468] [BuildsDatabaseImpl.cpp:258] Builds Database: Deleting tables history records after telemetry gZip file was created [ C:\Program Files (x86)\Incredibuild\\Temp\BuildsDB_AB42BA03-531E-4A75-828B-3A4C3BC7BD34_1790033371009.gz ].
[2026-09-22 02:29:31.023] [info] [rest_database] [8468] [CoordinatorDatabaseImpl.cpp:839] Coordinator Database: Deleting tables history records after telemetry gZip file was created [ C:\Program Files (x86)\Incredibuild\\Temp\CoordinatorDB_AB42BA03-531E-4A75-828B-3A4C3BC7BD34_1790033371009.gz ]. Purge all data = false
[2026-09-22 02:29:31.024] [info] [rest_telemetry] [8468] [TelemetryManagement.hpp:82] buildDbEmpty: [ true ]
[2026-09-22 02:29:31.683] [info] [rest_telemetry] [8468] [TelemetryManagement.hpp:122] Telemetry upload completed for gZip files:[ C:\Program Files (x86)\Incredibuild\\Temp\BuildsDB_AB42BA03-531E-4A75-828B-3A4C3BC7BD34_1790033371009.gz ], [ C:\Program Files (x86)\Incredibuild\\Temp\CoordinatorDB_AB42BA03-531E-4A75-828B-3A4C3BC7BD34_1790033371009.gz ], upload done for S3:  [ true ]
[2026-09-22 02:29:31.703] [info] [rest_telemetry] [8468] [TelemetryManagement.hpp:137] Telemetry upload completed for zip file:[ C:\Program Files (x86)\Incredibuild\\Temp\DBFiles_AB42BA03-531E-4A75-828B-3A4C3BC7BD34_1790033371009.zip ], upload done for IB Manager (Data Access):  [ true ]
[2026-09-22 02:39:27.257] [info] [rest_module] [8468] [session_handlers.cpp:90] on_session_renew_post - refresh
[2026-09-22 02:49:27.262] [info] [rest_module] [8468] [session_handlers.cpp:90] on_session_renew_post - refresh
[2026-09-22 02:59:27.280] [info] [rest_module] [8468] [session_handlers.cpp:90] on_session_renew_post - refresh
[2026-09-22 03:09:27.289] [info] [rest_module] [8468] [session_handlers.cpp:90] on_session_renew_post - refresh
[2026-09-22 03:19:27.292] [info] [rest_module] [8468] [session_handlers.cpp:90] on_session_renew_post - refresh
[2026-09-22 03:29:27.291] [info] [rest_module] [8468] [session_handlers.cpp:90] on_session_renew_post - refresh
[2026-09-22 03:29:31.007] [info] [rest_database] [8468] [BuildsDatabaseImpl.cpp:258] Builds Database: Deleting tables history records after telemetry gZip file was created [ C:\Program Files (x86)\Incredibuild\\Temp\BuildsDB_AB42BA03-531E-4A75-828B-3A4C3BC7BD34_1790036971002.gz ].
[2026-09-22 03:29:31.014] [info] [rest_database] [8468] [CoordinatorDatabaseImpl.cpp:839] Coordinator Database: Deleting tables history records after telemetry gZip file was created [ C:\Program Files (x86)\Incredibuild\\Temp\CoordinatorDB_AB42BA03-531E-4A75-828B-3A4C3BC7BD34_1790036971002.gz ]. Purge all data = false
[2026-09-22 03:29:31.017] [info] [rest_telemetry] [8468] [TelemetryManagement.hpp:82] buildDbEmpty: [ true ]
[2026-09-22 03:29:31.723] [info] [rest_telemetry] [8468] [TelemetryManagement.hpp:122] Telemetry upload completed for gZip files:[ C:\Program Files (x86)\Incredibuild\\Temp\BuildsDB_AB42BA03-531E-4A75-828B-3A4C3BC7BD34_1790036971002.gz ], [ C:\Program Files (x86)\Incredibuild\\Temp\CoordinatorDB_AB42BA03-531E-4A75-828B-3A4C3BC7BD34_1790036971002.gz ], upload done for S3:  [ true ]
[2026-09-22 03:29:31.743] [info] [rest_telemetry] [8468] [TelemetryManagement.hpp:137] Telemetry upload completed for zip file:[ C:\Program Files (x86)\Incredibuild\\Temp\DBFiles_AB42BA03-531E-4A75-828B-3A4C3BC7BD34_1790036971002.zip ], upload done for IB Manager (Data Access):  [ true ]
[2026-09-22 03:39:27.301] [info] [rest_module] [8468] [session_handlers.cpp:90] on_session_renew_post - refresh
[2026-09-22 03:39:27.309] [warning] [rest_business_logic] [8468] [rest_api.cpp:124] Fail to authenticate: Fail to authenticate
[2026-09-22 03:49:27.316] [info] [rest_module] [8468] [session_handlers.cpp:90] on_session_renew_post - refresh
[2026-09-22 03:59:27.328] [info] [rest_module] [8468] [session_handlers.cpp:90] on_session_renew_post - refresh
[2026-09-22 04:09:27.338] [info] [rest_module] [8468] [session_handlers.cpp:90] on_session_renew_post - refresh
[2026-09-22 04:19:27.340] [info] [rest_module] [8468] [session_handlers.cpp:90] on_session_renew_post - refresh
[2026-09-22 04:29:27.336] [info] [rest_module] [8468] [session_handlers.cpp:90] on_session_renew_post - refresh
[2026-09-22 04:29:31.016] [info] [rest_database] [8468] [BuildsDatabaseImpl.cpp:258] Builds Database: Deleting tables history records after telemetry gZip file was created [ C:\Program Files (x86)\Incredibuild\\Temp\BuildsDB_AB42BA03-531E-4A75-828B-3A4C3BC7BD34_1790040571009.gz ].
[2026-09-22 04:29:31.024] [info] [rest_database] [8468] [CoordinatorDatabaseImpl.cpp:839] Coordinator Database: Deleting tables history records after telemetry gZip file was created [ C:\Program Files (x86)\Incredibuild\\Temp\CoordinatorDB_AB42BA03-531E-4A75-828B-3A4C3BC7BD34_1790040571009.gz ]. Purge all data = false
[2026-09-22 04:29:31.025] [info] [rest_telemetry] [8468] [TelemetryManagement.hpp:82] buildDbEmpty: [ true ]
[2026-09-22 04:29:31.641] [info] [rest_telemetry] [8468] [TelemetryManagement.hpp:122] Telemetry upload completed for gZip files:[ C:\Program Files (x86)\Incredibuild\\Temp\BuildsDB_AB42BA03-531E-4A75-828B-3A4C3BC7BD34_1790040571009.gz ], [ C:\Program Files (x86)\Incredibuild\\Temp\CoordinatorDB_AB42BA03-531E-4A75-828B-3A4C3BC7BD34_1790040571009.gz ], upload done for S3:  [ true ]
[2026-09-22 04:29:31.678] [info] [rest_telemetry] [8468] [TelemetryManagement.hpp:137] Telemetry upload completed for zip file:[ C:\Program Files (x86)\Incredibuild\\Temp\DBFiles_AB42BA03-531E-4A75-828B-3A4C3BC7BD34_1790040571009.zip ], upload done for IB Manager (Data Access):  [ true ]
[2026-09-22 04:39:27.345] [info] [rest_module] [8468] [session_handlers.cpp:90] on_session_renew_post - refresh
[2026-09-22 04:49:27.357] [info] [rest_module] [8468] [session_handlers.cpp:90] on_session_renew_post - refresh
[2026-09-22 04:59:27.366] [info] [rest_module] [8468] [session_handlers.cpp:90] on_session_renew_post - refresh
[2026-09-22 05:09:27.372] [info] [rest_module] [8468] [session_handlers.cpp:90] on_session_renew_post - refresh
[2026-09-22 05:19:27.378] [info] [rest_module] [8468] [session_handlers.cpp:90] on_session_renew_post - refresh
[2026-09-22 05:29:27.391] [info] [rest_module] [8468] [session_handlers.cpp:90] on_session_renew_post - refresh
[2026-09-22 05:29:31.013] [info] [rest_database] [8468] [BuildsDatabaseImpl.cpp:258] Builds Database: Deleting tables history records after telemetry gZip file was created [ C:\Program Files (x86)\Incredibuild\\Temp\BuildsDB_AB42BA03-531E-4A75-828B-3A4C3BC7BD34_1790044171007.gz ].
[2026-09-22 05:29:31.021] [info] [rest_database] [8468] [CoordinatorDatabaseImpl.cpp:839] Coordinator Database: Deleting tables history records after telemetry gZip file was created [ C:\Program Files (x86)\Incredibuild\\Temp\CoordinatorDB_AB42BA03-531E-4A75-828B-3A4C3BC7BD34_1790044171007.gz ]. Purge all data = false
[2026-09-22 05:29:31.022] [info] [rest_telemetry] [8468] [TelemetryManagement.hpp:82] buildDbEmpty: [ true ]
[2026-09-22 05:29:31.624] [info] [rest_telemetry] [8468] [TelemetryManagement.hpp:122] Telemetry upload completed for gZip files:[ C:\Program Files (x86)\Incredibuild\\Temp\BuildsDB_AB42BA03-531E-4A75-828B-3A4C3BC7BD34_1790044171007.gz ], [ C:\Program Files (x86)\Incredibuild\\Temp\CoordinatorDB_AB42BA03-531E-4A75-828B-3A4C3BC7BD34_1790044171007.gz ], upload done for S3:  [ true ]
[2026-09-22 05:29:31.646] [info] [rest_telemetry] [8468] [TelemetryManagement.hpp:137] Telemetry upload completed for zip file:[ C:\Program Files (x86)\Incredibuild\\Temp\DBFiles_AB42BA03-531E-4A75-828B-3A4C3BC7BD34_1790044171007.zip ], upload done for IB Manager (Data Access):  [ true ]
[2026-09-22 05:39:27.401] [info] [rest_module] [8468] [session_handlers.cpp:90] on_session_renew_post - refresh
[2026-09-22 05:49:27.402] [info] [rest_module] [8468] [session_handlers.cpp:90] on_session_renew_post - refresh
[2026-09-22 05:59:27.413] [info] [rest_module] [8468] [session_handlers.cpp:90] on_session_renew_post - refresh
[2026-09-22 06:09:27.420] [info] [rest_module] [8468] [session_handlers.cpp:90] on_session_renew_post - refresh
[2026-09-22 06:19:27.431] [info] [rest_module] [8468] [session_handlers.cpp:90] on_session_renew_post - refresh
[2026-09-22 06:29:27.445] [info] [rest_module] [8468] [session_handlers.cpp:90] on_session_renew_post - refresh
[2026-09-22 06:29:31.010] [info] [rest_database] [8468] [BuildsDatabaseImpl.cpp:258] Builds Database: Deleting tables history records after telemetry gZip file was created [ C:\Program Files (x86)\Incredibuild\\Temp\BuildsDB_AB42BA03-531E-4A75-828B-3A4C3BC7BD34_1790047771004.gz ].
[2026-09-22 06:29:31.017] [info] [rest_database] [8468] [CoordinatorDatabaseImpl.cpp:839] Coordinator Database: Deleting tables history records after telemetry gZip file was created [ C:\Program Files (x86)\Incredibuild\\Temp\CoordinatorDB_AB42BA03-531E-4A75-828B-3A4C3BC7BD34_1790047771004.gz ]. Purge all data = false
[2026-09-22 06:29:31.018] [info] [rest_telemetry] [8468] [TelemetryManagement.hpp:82] buildDbEmpty: [ true ]
[2026-09-22 06:29:31.586] [info] [rest_telemetry] [8468] [TelemetryManagement.hpp:122] Telemetry upload completed for gZip files:[ C:\Program Files (x86)\Incredibuild\\Temp\BuildsDB_AB42BA03-531E-4A75-828B-3A4C3BC7BD34_1790047771004.gz ], [ C:\Program Files (x86)\Incredibuild\\Temp\CoordinatorDB_AB42BA03-531E-4A75-828B-3A4C3BC7BD34_1790047771004.gz ], upload done for S3:  [ true ]
[2026-09-22 06:29:31.608] [info] [rest_telemetry] [8468] [TelemetryManagement.hpp:137] Telemetry upload completed for zip file:[ C:\Program Files (x86)\Incredibuild\\Temp\DBFiles_AB42BA03-531E-4A75-828B-3A4C3BC7BD34_1790047771004.zip ], upload done for IB Manager (Data Access):  [ true ]
[2026-09-22 06:39:27.446] [info] [rest_module] [8468] [session_handlers.cpp:90] on_session_renew_post - refresh
[2026-09-22 06:49:27.451] [info] [rest_module] [8468] [session_handlers.cpp:90] on_session_renew_post - refresh
[2026-09-22 06:59:27.457] [info] [rest_module] [8468] [session_handlers.cpp:90] on_session_renew_post - refresh
[2026-09-22 07:09:27.458] [info] [rest_module] [8468] [session_handlers.cpp:90] on_session_renew_post - refresh
[2026-09-22 07:19:27.460] [info] [rest_module] [8468] [session_handlers.cpp:90] on_session_renew_post - refresh
[2026-09-22 07:29:27.467] [info] [rest_module] [8468] [session_handlers.cpp:90] on_session_renew_post - refresh
[2026-09-22 07:29:31.008] [info] [rest_database] [8468] [BuildsDatabaseImpl.cpp:258] Builds Database: Deleting tables history records after telemetry gZip file was created [ C:\Program Files (x86)\Incredibuild\\Temp\BuildsDB_AB42BA03-531E-4A75-828B-3A4C3BC7BD34_1790051371001.gz ].
[2026-09-22 07:29:31.015] [info] [rest_database] [8468] [CoordinatorDatabaseImpl.cpp:839] Coordinator Database: Deleting tables history records after telemetry gZip file was created [ C:\Program Files (x86)\Incredibuild\\Temp\CoordinatorDB_AB42BA03-531E-4A75-828B-3A4C3BC7BD34_1790051371001.gz ]. Purge all data = false
[2026-09-22 07:29:31.015] [info] [rest_telemetry] [8468] [TelemetryManagement.hpp:82] buildDbEmpty: [ true ]
[2026-09-22 07:29:31.626] [info] [rest_telemetry] [8468] [TelemetryManagement.hpp:122] Telemetry upload completed for gZip files:[ C:\Program Files (x86)\Incredibuild\\Temp\BuildsDB_AB42BA03-531E-4A75-828B-3A4C3BC7BD34_1790051371001.gz ], [ C:\Program Files (x86)\Incredibuild\\Temp\CoordinatorDB_AB42BA03-531E-4A75-828B-3A4C3BC7BD34_1790051371001.gz ], upload done for S3:  [ true ]
[2026-09-22 07:29:31.650] [info] [rest_telemetry] [8468] [TelemetryManagement.hpp:137] Telemetry upload completed for zip file:[ C:\Program Files (x86)\Incredibuild\\Temp\DBFiles_AB42BA03-531E-4A75-828B-3A4C3BC7BD34_1790051371001.zip ], upload done for IB Manager (Data Access):  [ true ]
[2026-09-22 07:39:27.475] [info] [rest_module] [8468] [session_handlers.cpp:90] on_session_renew_post - refresh
[2026-09-22 07:49:27.480] [info] [rest_module] [8468] [session_handlers.cpp:90] on_session_renew_post - refresh
[2026-09-22 07:59:27.484] [info] [rest_module] [8468] [session_handlers.cpp:90] on_session_renew_post - refresh
[2026-09-22 08:09:27.490] [info] [rest_module] [8468] [session_handlers.cpp:90] on_session_renew_post - refresh
[2026-09-22 08:19:27.493] [info] [rest_module] [8468] [session_handlers.cpp:90] on_session_renew_post - refresh
[2026-09-22 08:29:27.490] [info] [rest_module] [8468] [session_handlers.cpp:90] on_session_renew_post - refresh
[2026-09-22 08:29:31.011] [info] [rest_database] [8468] [BuildsDatabaseImpl.cpp:258] Builds Database: Deleting tables history records after telemetry gZip file was created [ C:\Program Files (x86)\Incredibuild\\Temp\BuildsDB_AB42BA03-531E-4A75-828B-3A4C3BC7BD34_1790054971005.gz ].
[2026-09-22 08:29:31.018] [info] [rest_database] [8468] [CoordinatorDatabaseImpl.cpp:839] Coordinator Database: Deleting tables history records after telemetry gZip file was created [ C:\Program Files (x86)\Incredibuild\\Temp\CoordinatorDB_AB42BA03-531E-4A75-828B-3A4C3BC7BD34_1790054971005.gz ]. Purge all data = false
[2026-09-22 08:29:31.019] [info] [rest_telemetry] [8468] [TelemetryManagement.hpp:82] buildDbEmpty: [ true ]
[2026-09-22 08:29:31.590] [info] [rest_telemetry] [8468] [TelemetryManagement.hpp:122] Telemetry upload completed for gZip files:[ C:\Program Files (x86)\Incredibuild\\Temp\BuildsDB_AB42BA03-531E-4A75-828B-3A4C3BC7BD34_1790054971005.gz ], [ C:\Program Files (x86)\Incredibuild\\Temp\CoordinatorDB_AB42BA03-531E-4A75-828B-3A4C3BC7BD34_1790054971005.gz ], upload done for S3:  [ true ]
[2026-09-22 08:29:31.613] [info] [rest_telemetry] [8468] [TelemetryManagement.hpp:137] Telemetry upload completed for zip file:[ C:\Program Files (x86)\Incredibuild\\Temp\DBFiles_AB42BA03-531E-4A75-828B-3A4C3BC7BD34_1790054971005.zip ], upload done for IB Manager (Data Access):  [ true ]
[2026-09-22 08:39:27.502] [info] [rest_module] [8468] [session_handlers.cpp:90] on_session_renew_post - refresh
[2026-09-22 08:49:27.517] [info] [rest_module] [8468] [session_handlers.cpp:90] on_session_renew_post - refresh
[2026-09-22 08:59:27.518] [info] [rest_module] [8468] [session_handlers.cpp:90] on_session_renew_post - refresh
[2026-09-22 09:09:27.525] [info] [rest_module] [8468] [session_handlers.cpp:90] on_session_renew_post - refresh
[2026-09-22 09:19:27.524] [info] [rest_module] [8468] [session_handlers.cpp:90] on_session_renew_post - refresh
[2026-09-22 09:29:27.529] [info] [rest_module] [8468] [session_handlers.cpp:90] on_session_renew_post - refresh
[2026-09-22 09:29:31.018] [info] [rest_database] [8468] [BuildsDatabaseImpl.cpp:258] Builds Database: Deleting tables history records after telemetry gZip file was created [ C:\Program Files (x86)\Incredibuild\\Temp\BuildsDB_AB42BA03-531E-4A75-828B-3A4C3BC7BD34_1790058571012.gz ].
[2026-09-22 09:29:31.025] [info] [rest_database] [8468] [CoordinatorDatabaseImpl.cpp:839] Coordinator Database: Deleting tables history records after telemetry gZip file was created [ C:\Program Files (x86)\Incredibuild\\Temp\CoordinatorDB_AB42BA03-531E-4A75-828B-3A4C3BC7BD34_1790058571012.gz ]. Purge all data = false
[2026-09-22 09:29:31.025] [info] [rest_telemetry] [8468] [TelemetryManagement.hpp:82] buildDbEmpty: [ true ]
[2026-09-22 09:29:31.664] [info] [rest_telemetry] [8468] [TelemetryManagement.hpp:122] Telemetry upload completed for gZip files:[ C:\Program Files (x86)\Incredibuild\\Temp\BuildsDB_AB42BA03-531E-4A75-828B-3A4C3BC7BD34_1790058571012.gz ], [ C:\Program Files (x86)\Incredibuild\\Temp\CoordinatorDB_AB42BA03-531E-4A75-828B-3A4C3BC7BD34_1790058571012.gz ], upload done for S3:  [ true ]
[2026-09-22 09:29:31.687] [info] [rest_telemetry] [8468] [TelemetryManagement.hpp:137] Telemetry upload completed for zip file:[ C:\Program Files (x86)\Incredibuild\\Temp\DBFiles_AB42BA03-531E-4A75-828B-3A4C3BC7BD34_1790058571012.zip ], upload done for IB Manager (Data Access):  [ true ]
[2026-09-22 09:39:27.538] [info] [rest_module] [8468] [session_handlers.cpp:90] on_session_renew_post - refresh
[2026-09-22 09:49:27.549] [info] [rest_module] [8468] [session_handlers.cpp:90] on_session_renew_post - refresh
[2026-09-22 09:59:27.557] [info] [rest_module] [8468] [session_handlers.cpp:90] on_session_renew_post - refresh
[2026-09-22 10:09:27.563] [info] [rest_module] [8468] [session_handlers.cpp:90] on_session_renew_post - refresh
[2026-09-22 10:19:27.564] [info] [rest_module] [8468] [session_handlers.cpp:90] on_session_renew_post - refresh
[2026-09-22 10:29:27.573] [info] [rest_module] [8468] [session_handlers.cpp:90] on_session_renew_post - refresh
[2026-09-22 10:29:31.013] [info] [rest_database] [8468] [BuildsDatabaseImpl.cpp:258] Builds Database: Deleting tables history records after telemetry gZip file was created [ C:\Program Files (x86)\Incredibuild\\Temp\BuildsDB_AB42BA03-531E-4A75-828B-3A4C3BC7BD34_1790062171009.gz ].
[2026-09-22 10:29:31.018] [info] [rest_database] [8468] [CoordinatorDatabaseImpl.cpp:839] Coordinator Database: Deleting tables history records after telemetry gZip file was created [ C:\Program Files (x86)\Incredibuild\\Temp\CoordinatorDB_AB42BA03-531E-4A75-828B-3A4C3BC7BD34_1790062171009.gz ]. Purge all data = false
[2026-09-22 10:29:31.021] [info] [rest_telemetry] [8468] [TelemetryManagement.hpp:82] buildDbEmpty: [ true ]
[2026-09-22 10:29:31.677] [info] [rest_telemetry] [8468] [TelemetryManagement.hpp:122] Telemetry upload completed for gZip files:[ C:\Program Files (x86)\Incredibuild\\Temp\BuildsDB_AB42BA03-531E-4A75-828B-3A4C3BC7BD34_1790062171009.gz ], [ C:\Program Files (x86)\Incredibuild\\Temp\CoordinatorDB_AB42BA03-531E-4A75-828B-3A4C3BC7BD34_1790062171009.gz ], upload done for S3:  [ true ]
[2026-09-22 10:29:31.705] [info] [rest_telemetry] [8468] [TelemetryManagement.hpp:137] Telemetry upload completed for zip file:[ C:\Program Files (x86)\Incredibuild\\Temp\DBFiles_AB42BA03-531E-4A75-828B-3A4C3BC7BD34_1790062171009.zip ], upload done for IB Manager (Data Access):  [ true ]
[2026-09-22 10:39:27.584] [info] [rest_module] [8468] [session_handlers.cpp:90] on_session_renew_post - refresh
[2026-09-22 10:49:27.588] [info] [rest_module] [8468] [session_handlers.cpp:90] on_session_renew_post - refresh
[2026-09-22 10:59:27.593] [info] [rest_module] [8468] [session_handlers.cpp:90] on_session_renew_post - refresh
[2026-09-22 11:09:27.594] [info] [rest_module] [8468] [session_handlers.cpp:90] on_session_renew_post - refresh
[2026-09-22 11:19:27.611] [info] [rest_module] [8468] [session_handlers.cpp:90] on_session_renew_post - refresh
[2026-09-22 11:29:27.623] [info] [rest_module] [8468] [session_handlers.cpp:90] on_session_renew_post - refresh
[2026-09-22 11:29:31.015] [info] [rest_database] [8468] [BuildsDatabaseImpl.cpp:258] Builds Database: Deleting tables history records after telemetry gZip file was created [ C:\Program Files (x86)\Incredibuild\\Temp\BuildsDB_AB42BA03-531E-4A75-828B-3A4C3BC7BD34_1790065771012.gz ].
[2026-09-22 11:29:31.027] [info] [rest_database] [8468] [CoordinatorDatabaseImpl.cpp:839] Coordinator Database: Deleting tables history records after telemetry gZip file was created [ C:\Program Files (x86)\Incredibuild\\Temp\CoordinatorDB_AB42BA03-531E-4A75-828B-3A4C3BC7BD34_1790065771012.gz ]. Purge all data = false
[2026-09-22 11:29:31.028] [info] [rest_telemetry] [8468] [TelemetryManagement.hpp:82] buildDbEmpty: [ true ]
[2026-09-22 11:29:31.607] [info] [rest_telemetry] [8468] [TelemetryManagement.hpp:122] Telemetry upload completed for gZip files:[ C:\Program Files (x86)\Incredibuild\\Temp\BuildsDB_AB42BA03-531E-4A75-828B-3A4C3BC7BD34_1790065771012.gz ], [ C:\Program Files (x86)\Incredibuild\\Temp\CoordinatorDB_AB42BA03-531E-4A75-828B-3A4C3BC7BD34_1790065771012.gz ], upload done for S3:  [ true ]
[2026-09-22 11:29:31.637] [info] [rest_telemetry] [8468] [TelemetryManagement.hpp:137] Telemetry upload completed for zip file:[ C:\Program Files (x86)\Incredibuild\\Temp\DBFiles_AB42BA03-531E-4A75-828B-3A4C3BC7BD34_1790065771012.zip ], upload done for IB Manager (Data Access):  [ true ]
[2026-09-22 11:39:27.624] [info] [rest_module] [8468] [session_handlers.cpp:90] on_session_renew_post - refresh
[2026-09-22 11:49:27.629] [info] [rest_module] [8468] [session_handlers.cpp:90] on_session_renew_post - refresh
[2026-09-22 11:59:27.639] [info] [rest_module] [8468] [session_handlers.cpp:90] on_session_renew_post - refresh
[2026-09-22 12:09:27.647] [info] [rest_module] [8468] [session_handlers.cpp:90] on_session_renew_post - refresh
[2026-09-22 12:19:27.661] [info] [rest_module] [8468] [session_handlers.cpp:90] on_session_renew_post - refresh
[2026-09-22 12:29:27.662] [info] [rest_module] [8468] [session_handlers.cpp:90] on_session_renew_post - refresh
[2026-09-22 12:29:31.004] [info] [rest_database] [8468] [BuildsDatabaseImpl.cpp:258] Builds Database: Deleting tables history records after telemetry gZip file was created [ C:\Program Files (x86)\Incredibuild\\Temp\BuildsDB_AB42BA03-531E-4A75-828B-3A4C3BC7BD34_1790069371000.gz ].
[2026-09-22 12:29:31.011] [info] [rest_database] [8468] [CoordinatorDatabaseImpl.cpp:839] Coordinator Database: Deleting tables history records after telemetry gZip file was created [ C:\Program Files (x86)\Incredibuild\\Temp\CoordinatorDB_AB42BA03-531E-4A75-828B-3A4C3BC7BD34_1790069371000.gz ]. Purge all data = false
[2026-09-22 12:29:31.012] [info] [rest_telemetry] [8468] [TelemetryManagement.hpp:82] buildDbEmpty: [ true ]
[2026-09-22 12:29:31.673] [info] [rest_telemetry] [8468] [TelemetryManagement.hpp:122] Telemetry upload completed for gZip files:[ C:\Program Files (x86)\Incredibuild\\Temp\BuildsDB_AB42BA03-531E-4A75-828B-3A4C3BC7BD34_1790069371000.gz ], [ C:\Program Files (x86)\Incredibuild\\Temp\CoordinatorDB_AB42BA03-531E-4A75-828B-3A4C3BC7BD34_1790069371000.gz ], upload done for S3:  [ true ]
[2026-09-22 12:29:31.700] [info] [rest_telemetry] [8468] [TelemetryManagement.hpp:137] Telemetry upload completed for zip file:[ C:\Program Files (x86)\Incredibuild\\Temp\DBFiles_AB42BA03-531E-4A75-828B-3A4C3BC7BD34_1790069371000.zip ], upload done for IB Manager (Data Access):  [ true ]
[2026-09-22 12:39:27.663] [info] [rest_module] [8468] [session_handlers.cpp:90] on_session_renew_post - refresh
[2026-09-22 12:49:27.667] [info] [rest_module] [8468] [session_handlers.cpp:90] on_session_renew_post - refresh
[2026-09-22 12:59:27.676] [info] [rest_module] [8468] [session_handlers.cpp:90] on_session_renew_post - refresh
[2026-09-22 13:09:27.684] [info] [rest_module] [8468] [session_handlers.cpp:90] on_session_renew_post - refresh
[2026-09-22 13:19:27.693] [info] [rest_module] [8468] [session_handlers.cpp:90] on_session_renew_post - refresh
[2026-09-22 13:29:27.692] [info] [rest_module] [8468] [session_handlers.cpp:90] on_session_renew_post - refresh
[2026-09-22 13:29:31.012] [info] [rest_database] [8468] [BuildsDatabaseImpl.cpp:258] Builds Database: Deleting tables history records after telemetry gZip file was created [ C:\Program Files (x86)\Incredibuild\\Temp\BuildsDB_AB42BA03-531E-4A75-828B-3A4C3BC7BD34_1790072971008.gz ].
[2026-09-22 13:29:31.019] [info] [rest_database] [8468] [CoordinatorDatabaseImpl.cpp:839] Coordinator Database: Deleting tables history records after telemetry gZip file was created [ C:\Program Files (x86)\Incredibuild\\Temp\CoordinatorDB_AB42BA03-531E-4A75-828B-3A4C3BC7BD34_1790072971008.gz ]. Purge all data = false
[2026-09-22 13:29:31.019] [info] [rest_telemetry] [8468] [TelemetryManagement.hpp:82] buildDbEmpty: [ true ]
[2026-09-22 13:29:31.585] [info] [rest_telemetry] [8468] [TelemetryManagement.hpp:122] Telemetry upload completed for gZip files:[ C:\Program Files (x86)\Incredibuild\\Temp\BuildsDB_AB42BA03-531E-4A75-828B-3A4C3BC7BD34_1790072971008.gz ], [ C:\Program Files (x86)\Incredibuild\\Temp\CoordinatorDB_AB42BA03-531E-4A75-828B-3A4C3BC7BD34_1790072971008.gz ], upload done for S3:  [ true ]
[2026-09-22 13:29:31.614] [info] [rest_telemetry] [8468] [TelemetryManagement.hpp:137] Telemetry upload completed for zip file:[ C:\Program Files (x86)\Incredibuild\\Temp\DBFiles_AB42BA03-531E-4A75-828B-3A4C3BC7BD34_1790072971008.zip ], upload done for IB Manager (Data Access):  [ true ]
[2026-09-22 13:39:27.701] [info] [rest_module] [8468] [session_handlers.cpp:90] on_session_renew_post - refresh
[2026-09-22 13:49:27.714] [info] [rest_module] [8468] [session_handlers.cpp:90] on_session_renew_post - refresh
[2026-09-22 13:59:27.721] [info] [rest_module] [8468] [session_handlers.cpp:90] on_session_renew_post - refresh
[2026-09-22 14:52:23.049] [info] [rest_database] [8468] [BuildsDatabaseImpl.cpp:258] Builds Database: Deleting tables history records after telemetry gZip file was created [ C:\Program Files (x86)\Incredibuild\\Temp\BuildsDB_AB42BA03-531E-4A75-828B-3A4C3BC7BD34_1790077942505.gz ].
[2026-09-22 14:52:23.086] [info] [rest_database] [8468] [CoordinatorDatabaseImpl.cpp:839] Coordinator Database: Deleting tables history records after telemetry gZip file was created [ C:\Program Files (x86)\Incredibuild\\Temp\CoordinatorDB_AB42BA03-531E-4A75-828B-3A4C3BC7BD34_1790077942505.gz ]. Purge all data = false
[2026-09-22 14:52:23.087] [info] [rest_telemetry] [8468] [TelemetryManagement.hpp:82] buildDbEmpty: [ true ]
[2026-09-22 14:52:23.091] [warning] [rest_business_logic] [8468] [rest_api.cpp:124] Fail to authenticate: Timeout
[2026-09-22 14:52:23.092] [warning] [rest_module] [8468] [logger_adapter.hpp:39] [connection:1167] try to write response, while socket is closed
[2026-09-22 14:52:23.092] [error] [rest_telemetry] [8468] [TelemetryManagement.cpp:341] Error resolving domain name: telemetry.incredibuild.com, error: No such host is known
[2026-09-22 14:52:23.093] [error] [rest_telemetry] [8468] [TelemetryManagement.cpp:448] Handling Proxy Setup failed
[2026-09-22 14:52:23.093] [error] [rest_telemetry] [8468] [TelemetryManagement.hpp:113] Failed uploading Telemetry gZip file to S3 [ C:\Program Files (x86)\Incredibuild\\Temp\CoordinatorDB_AB42BA03-531E-4A75-828B-3A4C3BC7BD34_1790077942505.gz ], upload done: [ true ]
[2026-09-22 14:52:23.116] [info] [rest_module] [8468] [session_handlers.cpp:90] on_session_renew_post - refresh
[2026-09-22 14:52:23.116] [warning] [rest_business_logic] [8468] [rest_api.cpp:124] Fail to authenticate: Fail to authenticate
[2026-09-22 14:52:23.134] [info] [rest_module] [8468] [session_handlers.cpp:30] on_session_create_post - login
[2026-09-22 14:52:23.143] [info] [rest_business_logic] [8468] [business_logic_relayer.cpp:592] Added new history buffer
[2026-09-22 14:52:23.143] [info] [rest_business_logic] [8468] [business_logic_relayer.cpp:821] Remove diff buffers
[2026-09-22 14:52:23.151] [info] [rest_telemetry] [8468] [TelemetryManagement.hpp:137] Telemetry upload completed for zip file:[ C:\Program Files (x86)\Incredibuild\\Temp\DBFiles_AB42BA03-531E-4A75-828B-3A4C3BC7BD34_1790077942505.zip ], upload done for IB Manager (Data Access):  [ true ]
[2026-09-22 14:52:23.170] [error] [rest_telemetry] [8468] [TelemetryManagement.cpp:341] Error resolving domain name: telemetry.incredibuild.com, error: No such host is known
[2026-09-22 14:52:23.170] [error] [rest_telemetry] [8468] [TelemetryManagement.cpp:448] Handling Proxy Setup failed
[2026-09-22 14:52:23.172] [error] [rest_telemetry] [8468] [TelemetryManagement.cpp:341] Error resolving domain name: telemetry.incredibuild.com, error: No such host is known
[2026-09-22 14:52:23.172] [error] [rest_telemetry] [8468] [TelemetryManagement.cpp:448] Handling Proxy Setup failed
[2026-09-22 15:33:21.507] [warning] [rest_business_logic] [8468] [rest_api.cpp:124] Fail to authenticate: Timeout
[2026-09-22 15:33:22.134] [info] [rest_module] [8468] [session_handlers.cpp:90] on_session_renew_post - refresh
[2026-09-22 15:33:22.149] [info] [rest_module] [8468] [session_handlers.cpp:30] on_session_create_post - login
[2026-09-22 15:33:22.162] [info] [rest_business_logic] [8468] [business_logic_relayer.cpp:592] Added new history buffer
[2026-09-22 15:33:22.162] [info] [rest_business_logic] [8468] [business_logic_relayer.cpp:821] Remove diff buffers
[2026-09-22 15:43:22.144] [info] [rest_module] [8468] [session_handlers.cpp:90] on_session_renew_post - refresh
[2026-09-22 15:52:23.013] [info] [rest_database] [8468] [BuildsDatabaseImpl.cpp:258] Builds Database: Deleting tables history records after telemetry gZip file was created [ C:\Program Files (x86)\Incredibuild\\Temp\BuildsDB_AB42BA03-531E-4A75-828B-3A4C3BC7BD34_1790081543008.gz ].
[2026-09-22 15:52:23.019] [info] [rest_database] [8468] [CoordinatorDatabaseImpl.cpp:839] Coordinator Database: Deleting tables history records after telemetry gZip file was created [ C:\Program Files (x86)\Incredibuild\\Temp\CoordinatorDB_AB42BA03-531E-4A75-828B-3A4C3BC7BD34_1790081543008.gz ]. Purge all data = false
[2026-09-22 15:52:23.019] [info] [rest_telemetry] [8468] [TelemetryManagement.hpp:82] buildDbEmpty: [ true ]
[2026-09-22 15:52:24.240] [info] [rest_telemetry] [8468] [TelemetryManagement.hpp:122] Telemetry upload completed for gZip files:[ C:\Program Files (x86)\Incredibuild\\Temp\BuildsDB_AB42BA03-531E-4A75-828B-3A4C3BC7BD34_1790081543008.gz ], [ C:\Program Files (x86)\Incredibuild\\Temp\CoordinatorDB_AB42BA03-531E-4A75-828B-3A4C3BC7BD34_1790081543008.gz ], upload done for S3:  [ true ]
[2026-09-22 15:52:24.267] [info] [rest_telemetry] [8468] [TelemetryManagement.hpp:137] Telemetry upload completed for zip file:[ C:\Program Files (x86)\Incredibuild\\Temp\DBFiles_AB42BA03-531E-4A75-828B-3A4C3BC7BD34_1790081543008.zip ], upload done for IB Manager (Data Access):  [ true ]
[2026-09-22 15:53:22.150] [info] [rest_module] [8468] [session_handlers.cpp:90] on_session_renew_post - refresh
[2026-09-22 16:03:22.164] [info] [rest_module] [8468] [session_handlers.cpp:90] on_session_renew_post - refresh
[2026-09-22 16:13:22.184] [info] [rest_module] [8468] [session_handlers.cpp:90] on_session_renew_post - refresh
[2026-09-22 17:45:33.567] [warning] [rest_business_logic] [8468] [rest_api.cpp:124] Fail to authenticate: Timeout
[2026-09-22 17:45:34.825] [info] [rest_database] [8468] [BuildsDatabaseImpl.cpp:258] Builds Database: Deleting tables history records after telemetry gZip file was created [ C:\Program Files (x86)\Incredibuild\\Temp\BuildsDB_AB42BA03-531E-4A75-828B-3A4C3BC7BD34_1790088334811.gz ].
[2026-09-22 17:45:34.929] [info] [rest_database] [8468] [CoordinatorDatabaseImpl.cpp:839] Coordinator Database: Deleting tables history records after telemetry gZip file was created [ C:\Program Files (x86)\Incredibuild\\Temp\CoordinatorDB_AB42BA03-531E-4A75-828B-3A4C3BC7BD34_1790088334811.gz ]. Purge all data = false
[2026-09-22 17:45:34.930] [info] [rest_telemetry] [8468] [TelemetryManagement.hpp:82] buildDbEmpty: [ true ]
[2026-09-22 17:45:34.939] [warning] [rest_business_logic] [8468] [rest_api.cpp:124] Fail to authenticate: Fail to authenticate
[2026-09-22 17:45:34.985] [warning] [rest_business_logic] [8468] [rest_api.cpp:124] Fail to authenticate: Fail to authenticate
[2026-09-22 17:45:35.001] [info] [rest_module] [8468] [session_handlers.cpp:90] on_session_renew_post - refresh
[2026-09-22 17:45:35.002] [warning] [rest_business_logic] [8468] [rest_api.cpp:124] Fail to authenticate: Fail to authenticate
[2026-09-22 17:45:35.003] [warning] [rest_business_logic] [8468] [rest_api.cpp:124] Fail to authenticate: Fail to authenticate
[2026-09-22 17:45:35.016] [info] [rest_module] [8468] [session_handlers.cpp:30] on_session_create_post - login
[2026-09-22 17:45:35.029] [info] [rest_business_logic] [8468] [business_logic_relayer.cpp:592] Added new history buffer
[2026-09-22 17:45:35.029] [info] [rest_business_logic] [8468] [business_logic_relayer.cpp:821] Remove diff buffers
[2026-09-22 17:45:35.953] [error] [rest_telemetry] [8468] [TelemetryManagement.cpp:341] Error resolving domain name: telemetry.incredibuild.com, error: No such host is known
[2026-09-22 17:45:35.953] [error] [rest_telemetry] [8468] [TelemetryManagement.cpp:448] Handling Proxy Setup failed
[2026-09-22 17:45:35.954] [error] [rest_telemetry] [8468] [TelemetryManagement.hpp:113] Failed uploading Telemetry gZip file to S3 [ C:\Program Files (x86)\Incredibuild\\Temp\CoordinatorDB_AB42BA03-531E-4A75-828B-3A4C3BC7BD34_1790088334811.gz ], upload done: [ true ]
[2026-09-22 17:45:35.999] [info] [rest_telemetry] [8468] [TelemetryManagement.hpp:137] Telemetry upload completed for zip file:[ C:\Program Files (x86)\Incredibuild\\Temp\DBFiles_AB42BA03-531E-4A75-828B-3A4C3BC7BD34_1790088334811.zip ], upload done for IB Manager (Data Access):  [ true ]
[2026-09-22 17:45:36.013] [error] [rest_telemetry] [8468] [TelemetryManagement.cpp:341] Error resolving domain name: telemetry.incredibuild.com, error: No such host is known
[2026-09-22 17:45:36.013] [error] [rest_telemetry] [8468] [TelemetryManagement.cpp:448] Handling Proxy Setup failed
[2026-09-22 17:45:36.014] [error] [rest_telemetry] [8468] [TelemetryManagement.cpp:341] Error resolving domain name: telemetry.incredibuild.com, error: No such host is known
[2026-09-22 17:45:36.014] [error] [rest_telemetry] [8468] [TelemetryManagement.cpp:448] Handling Proxy Setup failed
[2026-09-22 17:55:34.830] [info] [rest_module] [8468] [session_handlers.cpp:90] on_session_renew_post - refresh
[2026-09-22 18:05:34.834] [info] [rest_module] [8468] [session_handlers.cpp:90] on_session_renew_post - refresh
[2026-09-22 18:15:34.846] [info] [rest_module] [8468] [session_handlers.cpp:90] on_session_renew_post - refresh
[2026-09-22 18:25:34.855] [info] [rest_module] [8468] [session_handlers.cpp:90] on_session_renew_post - refresh
[2026-09-22 18:35:34.867] [info] [rest_module] [8468] [session_handlers.cpp:90] on_session_renew_post - refresh
[2026-09-22 18:45:34.868] [info] [rest_module] [8468] [session_handlers.cpp:90] on_session_renew_post - refresh
[2026-09-22 18:45:36.017] [info] [rest_database] [8468] [BuildsDatabaseImpl.cpp:258] Builds Database: Deleting tables history records after telemetry gZip file was created [ C:\Program Files (x86)\Incredibuild\\Temp\BuildsDB_AB42BA03-531E-4A75-828B-3A4C3BC7BD34_1790091936013.gz ].
[2026-09-22 18:45:36.023] [info] [rest_database] [8468] [CoordinatorDatabaseImpl.cpp:839] Coordinator Database: Deleting tables history records after telemetry gZip file was created [ C:\Program Files (x86)\Incredibuild\\Temp\CoordinatorDB_AB42BA03-531E-4A75-828B-3A4C3BC7BD34_1790091936013.gz ]. Purge all data = false
[2026-09-22 18:45:36.025] [info] [rest_telemetry] [8468] [TelemetryManagement.hpp:82] buildDbEmpty: [ true ]
[2026-09-22 18:45:36.955] [info] [rest_telemetry] [8468] [TelemetryManagement.hpp:122] Telemetry upload completed for gZip files:[ C:\Program Files (x86)\Incredibuild\\Temp\BuildsDB_AB42BA03-531E-4A75-828B-3A4C3BC7BD34_1790091936013.gz ], [ C:\Program Files (x86)\Incredibuild\\Temp\CoordinatorDB_AB42BA03-531E-4A75-828B-3A4C3BC7BD34_1790091936013.gz ], upload done for S3:  [ true ]
[2026-09-22 18:45:36.980] [info] [rest_telemetry] [8468] [TelemetryManagement.hpp:137] Telemetry upload completed for zip file:[ C:\Program Files (x86)\Incredibuild\\Temp\DBFiles_AB42BA03-531E-4A75-828B-3A4C3BC7BD34_1790091936013.zip ], upload done for IB Manager (Data Access):  [ true ]
[2026-09-22 18:55:34.881] [info] [rest_module] [8468] [session_handlers.cpp:90] on_session_renew_post - refresh
[2026-09-22 19:05:34.890] [info] [rest_module] [8468] [session_handlers.cpp:90] on_session_renew_post - refresh
[2026-09-22 19:15:34.895] [info] [rest_module] [8468] [session_handlers.cpp:90] on_session_renew_post - refresh
[2026-09-22 19:25:34.893] [info] [rest_module] [8468] [session_handlers.cpp:90] on_session_renew_post - refresh
[2026-09-22 19:35:34.898] [info] [rest_module] [8468] [session_handlers.cpp:90] on_session_renew_post - refresh
[2026-09-22 19:45:34.900] [info] [rest_module] [8468] [session_handlers.cpp:90] on_session_renew_post - refresh
[2026-09-22 19:45:38.015] [info] [rest_database] [8468] [BuildsDatabaseImpl.cpp:258] Builds Database: Deleting tables history records after telemetry gZip file was created [ C:\Program Files (x86)\Incredibuild\\Temp\BuildsDB_AB42BA03-531E-4A75-828B-3A4C3BC7BD34_1790095538012.gz ].
[2026-09-22 19:45:38.021] [info] [rest_database] [8468] [CoordinatorDatabaseImpl.cpp:839] Coordinator Database: Deleting tables history records after telemetry gZip file was created [ C:\Program Files (x86)\Incredibuild\\Temp\CoordinatorDB_AB42BA03-531E-4A75-828B-3A4C3BC7BD34_1790095538012.gz ]. Purge all data = false
[2026-09-22 19:45:38.022] [info] [rest_telemetry] [8468] [TelemetryManagement.hpp:82] buildDbEmpty: [ true ]
[2026-09-22 19:45:39.943] [info] [rest_telemetry] [8468] [TelemetryManagement.hpp:122] Telemetry upload completed for gZip files:[ C:\Program Files (x86)\Incredibuild\\Temp\BuildsDB_AB42BA03-531E-4A75-828B-3A4C3BC7BD34_1790095538012.gz ], [ C:\Program Files (x86)\Incredibuild\\Temp\CoordinatorDB_AB42BA03-531E-4A75-828B-3A4C3BC7BD34_1790095538012.gz ], upload done for S3:  [ true ]
[2026-09-22 19:45:39.969] [info] [rest_telemetry] [8468] [TelemetryManagement.hpp:137] Telemetry upload completed for zip file:[ C:\Program Files (x86)\Incredibuild\\Temp\DBFiles_AB42BA03-531E-4A75-828B-3A4C3BC7BD34_1790095538012.zip ], upload done for IB Manager (Data Access):  [ true ]
[2026-09-22 19:55:34.911] [info] [rest_module] [8468] [session_handlers.cpp:90] on_session_renew_post - refresh
[2026-09-22 20:05:34.913] [info] [rest_module] [8468] [session_handlers.cpp:90] on_session_renew_post - refresh
[2026-09-22 20:15:34.931] [info] [rest_module] [8468] [session_handlers.cpp:90] on_session_renew_post - refresh
[2026-09-22 20:25:34.942] [info] [rest_module] [8468] [session_handlers.cpp:90] on_session_renew_post - refresh
[2026-09-22 20:35:34.946] [info] [rest_module] [8468] [session_handlers.cpp:90] on_session_renew_post - refresh
[2026-09-22 20:45:34.954] [info] [rest_module] [8468] [session_handlers.cpp:90] on_session_renew_post - refresh
[2026-09-22 20:45:39.013] [info] [rest_database] [8468] [BuildsDatabaseImpl.cpp:258] Builds Database: Deleting tables history records after telemetry gZip file was created [ C:\Program Files (x86)\Incredibuild\\Temp\BuildsDB_AB42BA03-531E-4A75-828B-3A4C3BC7BD34_1790099139008.gz ].
[2026-09-22 20:45:39.027] [info] [rest_database] [8468] [CoordinatorDatabaseImpl.cpp:839] Coordinator Database: Deleting tables history records after telemetry gZip file was created [ C:\Program Files (x86)\Incredibuild\\Temp\CoordinatorDB_AB42BA03-531E-4A75-828B-3A4C3BC7BD34_1790099139008.gz ]. Purge all data = false
[2026-09-22 20:45:39.035] [info] [rest_telemetry] [8468] [TelemetryManagement.hpp:82] buildDbEmpty: [ true ]
[2026-09-22 20:45:39.958] [info] [rest_telemetry] [8468] [TelemetryManagement.hpp:122] Telemetry upload completed for gZip files:[ C:\Program Files (x86)\Incredibuild\\Temp\BuildsDB_AB42BA03-531E-4A75-828B-3A4C3BC7BD34_1790099139008.gz ], [ C:\Program Files (x86)\Incredibuild\\Temp\CoordinatorDB_AB42BA03-531E-4A75-828B-3A4C3BC7BD34_1790099139008.gz ], upload done for S3:  [ true ]
[2026-09-22 20:45:39.994] [info] [rest_telemetry] [8468] [TelemetryManagement.hpp:137] Telemetry upload completed for zip file:[ C:\Program Files (x86)\Incredibuild\\Temp\DBFiles_AB42BA03-531E-4A75-828B-3A4C3BC7BD34_1790099139008.zip ], upload done for IB Manager (Data Access):  [ true ]
[2026-09-22 20:55:34.956] [info] [rest_module] [8468] [session_handlers.cpp:90] on_session_renew_post - refresh
[2026-09-22 21:05:34.967] [info] [rest_module] [8468] [session_handlers.cpp:90] on_session_renew_post - refresh
[2026-09-22 21:15:34.977] [info] [rest_module] [8468] [session_handlers.cpp:90] on_session_renew_post - refresh
[2026-09-22 21:25:34.977] [info] [rest_module] [8468] [session_handlers.cpp:90] on_session_renew_post - refresh
[2026-09-22 21:35:34.982] [info] [rest_module] [8468] [session_handlers.cpp:90] on_session_renew_post - refresh
[2026-09-22 21:45:34.982] [info] [rest_module] [8468] [session_handlers.cpp:90] on_session_renew_post - refresh
[2026-09-22 21:45:39.018] [info] [rest_database] [8468] [BuildsDatabaseImpl.cpp:258] Builds Database: Deleting tables history records after telemetry gZip file was created [ C:\Program Files (x86)\Incredibuild\\Temp\BuildsDB_AB42BA03-531E-4A75-828B-3A4C3BC7BD34_1790102739015.gz ].
[2026-09-22 21:45:39.024] [info] [rest_database] [8468] [CoordinatorDatabaseImpl.cpp:839] Coordinator Database: Deleting tables history records after telemetry gZip file was created [ C:\Program Files (x86)\Incredibuild\\Temp\CoordinatorDB_AB42BA03-531E-4A75-828B-3A4C3BC7BD34_1790102739015.gz ]. Purge all data = false
[2026-09-22 21:45:39.025] [info] [rest_telemetry] [8468] [TelemetryManagement.hpp:82] buildDbEmpty: [ true ]
[2026-09-22 21:45:39.940] [info] [rest_telemetry] [8468] [TelemetryManagement.hpp:122] Telemetry upload completed for gZip files:[ C:\Program Files (x86)\Incredibuild\\Temp\BuildsDB_AB42BA03-531E-4A75-828B-3A4C3BC7BD34_1790102739015.gz ], [ C:\Program Files (x86)\Incredibuild\\Temp\CoordinatorDB_AB42BA03-531E-4A75-828B-3A4C3BC7BD34_1790102739015.gz ], upload done for S3:  [ true ]
[2026-09-22 21:45:39.966] [info] [rest_telemetry] [8468] [TelemetryManagement.hpp:137] Telemetry upload completed for zip file:[ C:\Program Files (x86)\Incredibuild\\Temp\DBFiles_AB42BA03-531E-4A75-828B-3A4C3BC7BD34_1790102739015.zip ], upload done for IB Manager (Data Access):  [ true ]
[2026-09-22 21:55:34.991] [info] [rest_module] [8468] [session_handlers.cpp:90] on_session_renew_post - refresh
[2026-09-22 22:05:35.005] [info] [rest_module] [8468] [session_handlers.cpp:90] on_session_renew_post - refresh
[2026-09-22 22:15:35.006] [info] [rest_module] [8468] [session_handlers.cpp:90] on_session_renew_post - refresh
[2026-09-22 22:25:35.023] [info] [rest_module] [8468] [session_handlers.cpp:90] on_session_renew_post - refresh
[2026-09-22 22:35:35.037] [info] [rest_module] [8468] [session_handlers.cpp:90] on_session_renew_post - refresh
[2026-09-22 22:45:35.041] [info] [rest_module] [8468] [session_handlers.cpp:90] on_session_renew_post - refresh
[2026-09-22 22:45:39.009] [info] [rest_database] [8468] [BuildsDatabaseImpl.cpp:258] Builds Database: Deleting tables history records after telemetry gZip file was created [ C:\Program Files (x86)\Incredibuild\\Temp\BuildsDB_AB42BA03-531E-4A75-828B-3A4C3BC7BD34_1790106339007.gz ].
[2026-09-22 22:45:39.016] [info] [rest_database] [8468] [CoordinatorDatabaseImpl.cpp:839] Coordinator Database: Deleting tables history records after telemetry gZip file was created [ C:\Program Files (x86)\Incredibuild\\Temp\CoordinatorDB_AB42BA03-531E-4A75-828B-3A4C3BC7BD34_1790106339007.gz ]. Purge all data = false
[2026-09-22 22:45:39.017] [info] [rest_telemetry] [8468] [TelemetryManagement.hpp:82] buildDbEmpty: [ true ]
[2026-09-22 22:45:39.967] [info] [rest_telemetry] [8468] [TelemetryManagement.hpp:122] Telemetry upload completed for gZip files:[ C:\Program Files (x86)\Incredibuild\\Temp\BuildsDB_AB42BA03-531E-4A75-828B-3A4C3BC7BD34_1790106339007.gz ], [ C:\Program Files (x86)\Incredibuild\\Temp\CoordinatorDB_AB42BA03-531E-4A75-828B-3A4C3BC7BD34_1790106339007.gz ], upload done for S3:  [ true ]
[2026-09-22 22:45:39.997] [info] [rest_telemetry] [8468] [TelemetryManagement.hpp:137] Telemetry upload completed for zip file:[ C:\Program Files (x86)\Incredibuild\\Temp\DBFiles_AB42BA03-531E-4A75-828B-3A4C3BC7BD34_1790106339007.zip ], upload done for IB Manager (Data Access):  [ true ]
[2026-09-22 22:55:35.044] [info] [rest_module] [8468] [session_handlers.cpp:90] on_session_renew_post - refresh
[2026-09-22 23:05:35.057] [info] [rest_module] [8468] [session_handlers.cpp:90] on_session_renew_post - refresh
[2026-09-22 23:15:35.067] [info] [rest_module] [8468] [session_handlers.cpp:90] on_session_renew_post - refresh
[2026-09-22 23:25:35.070] [info] [rest_module] [8468] [session_handlers.cpp:90] on_session_renew_post - refresh
[2026-09-22 23:35:35.085] [info] [rest_module] [8468] [session_handlers.cpp:90] on_session_renew_post - refresh
[2026-09-22 23:45:35.085] [info] [rest_module] [8468] [session_handlers.cpp:90] on_session_renew_post - refresh
[2026-09-22 23:45:39.019] [info] [rest_database] [8468] [BuildsDatabaseImpl.cpp:258] Builds Database: Deleting tables history records after telemetry gZip file was created [ C:\Program Files (x86)\Incredibuild\\Temp\BuildsDB_AB42BA03-531E-4A75-828B-3A4C3BC7BD34_1790109939015.gz ].
[2026-09-22 23:45:39.030] [info] [rest_database] [8468] [CoordinatorDatabaseImpl.cpp:839] Coordinator Database: Deleting tables history records after telemetry gZip file was created [ C:\Program Files (x86)\Incredibuild\\Temp\CoordinatorDB_AB42BA03-531E-4A75-828B-3A4C3BC7BD34_1790109939015.gz ]. Purge all data = false
[2026-09-22 23:45:39.030] [info] [rest_telemetry] [8468] [TelemetryManagement.hpp:82] buildDbEmpty: [ true ]
[2026-09-22 23:45:40.204] [info] [rest_telemetry] [8468] [TelemetryManagement.hpp:122] Telemetry upload completed for gZip files:[ C:\Program Files (x86)\Incredibuild\\Temp\BuildsDB_AB42BA03-531E-4A75-828B-3A4C3BC7BD34_1790109939015.gz ], [ C:\Program Files (x86)\Incredibuild\\Temp\CoordinatorDB_AB42BA03-531E-4A75-828B-3A4C3BC7BD34_1790109939015.gz ], upload done for S3:  [ true ]
[2026-09-22 23:45:40.232] [info] [rest_telemetry] [8468] [TelemetryManagement.hpp:137] Telemetry upload completed for zip file:[ C:\Program Files (x86)\Incredibuild\\Temp\DBFiles_AB42BA03-531E-4A75-828B-3A4C3BC7BD34_1790109939015.zip ], upload done for IB Manager (Data Access):  [ true ]
[2026-09-22 23:55:35.094] [info] [rest_module] [8468] [session_handlers.cpp:90] on_session_renew_post - refresh
[2026-09-23 00:05:35.104] [info] [rest_module] [8468] [session_handlers.cpp:90] on_session_renew_post - refresh
[2026-09-23 00:15:35.118] [info] [rest_module] [8468] [session_handlers.cpp:90] on_session_renew_post - refresh
[2026-09-23 00:25:35.127] [info] [rest_module] [8468] [session_handlers.cpp:90] on_session_renew_post - refresh
[2026-09-23 00:35:35.141] [info] [rest_module] [8468] [session_handlers.cpp:90] on_session_renew_post - refresh
[2026-09-23 00:45:35.151] [info] [rest_module] [8468] [session_handlers.cpp:90] on_session_renew_post - refresh
[2026-09-23 00:45:40.013] [info] [rest_database] [8468] [BuildsDatabaseImpl.cpp:258] Builds Database: Deleting tables history records after telemetry gZip file was created [ C:\Program Files (x86)\Incredibuild\\Temp\BuildsDB_AB42BA03-531E-4A75-828B-3A4C3BC7BD34_1790113540010.gz ].
[2026-09-23 00:45:40.022] [info] [rest_database] [8468] [CoordinatorDatabaseImpl.cpp:839] Coordinator Database: Deleting tables history records after telemetry gZip file was created [ C:\Program Files (x86)\Incredibuild\\Temp\CoordinatorDB_AB42BA03-531E-4A75-828B-3A4C3BC7BD34_1790113540010.gz ]. Purge all data = false
[2026-09-23 00:45:40.022] [info] [rest_telemetry] [8468] [TelemetryManagement.hpp:82] buildDbEmpty: [ true ]
[2026-09-23 00:45:40.832] [info] [rest_telemetry] [8468] [TelemetryManagement.hpp:122] Telemetry upload completed for gZip files:[ C:\Program Files (x86)\Incredibuild\\Temp\BuildsDB_AB42BA03-531E-4A75-828B-3A4C3BC7BD34_1790113540010.gz ], [ C:\Program Files (x86)\Incredibuild\\Temp\CoordinatorDB_AB42BA03-531E-4A75-828B-3A4C3BC7BD34_1790113540010.gz ], upload done for S3:  [ true ]
[2026-09-23 00:45:40.857] [info] [rest_telemetry] [8468] [TelemetryManagement.hpp:137] Telemetry upload completed for zip file:[ C:\Program Files (x86)\Incredibuild\\Temp\DBFiles_AB42BA03-531E-4A75-828B-3A4C3BC7BD34_1790113540010.zip ], upload done for IB Manager (Data Access):  [ true ]
[2026-09-23 00:55:35.158] [info] [rest_module] [8468] [session_handlers.cpp:90] on_session_renew_post - refresh
[2026-09-23 01:05:35.174] [info] [rest_module] [8468] [session_handlers.cpp:90] on_session_renew_post - refresh
[2026-09-23 01:15:35.174] [info] [rest_module] [8468] [session_handlers.cpp:90] on_session_renew_post - refresh
[2026-09-23 01:25:35.177] [info] [rest_module] [8468] [session_handlers.cpp:90] on_session_renew_post - refresh
[2026-09-23 01:35:35.182] [info] [rest_module] [8468] [session_handlers.cpp:90] on_session_renew_post - refresh
[2026-09-23 01:45:35.191] [info] [rest_module] [8468] [session_handlers.cpp:90] on_session_renew_post - refresh
[2026-09-23 01:45:40.010] [info] [rest_database] [8468] [BuildsDatabaseImpl.cpp:258] Builds Database: Deleting tables history records after telemetry gZip file was created [ C:\Program Files (x86)\Incredibuild\\Temp\BuildsDB_AB42BA03-531E-4A75-828B-3A4C3BC7BD34_1790117140004.gz ].
[2026-09-23 01:45:40.019] [info] [rest_database] [8468] [CoordinatorDatabaseImpl.cpp:839] Coordinator Database: Deleting tables history records after telemetry gZip file was created [ C:\Program Files (x86)\Incredibuild\\Temp\CoordinatorDB_AB42BA03-531E-4A75-828B-3A4C3BC7BD34_1790117140004.gz ]. Purge all data = false
[2026-09-23 01:45:40.020] [info] [rest_telemetry] [8468] [TelemetryManagement.hpp:82] buildDbEmpty: [ true ]
[2026-09-23 01:45:40.717] [info] [rest_telemetry] [8468] [TelemetryManagement.hpp:122] Telemetry upload completed for gZip files:[ C:\Program Files (x86)\Incredibuild\\Temp\BuildsDB_AB42BA03-531E-4A75-828B-3A4C3BC7BD34_1790117140004.gz ], [ C:\Program Files (x86)\Incredibuild\\Temp\CoordinatorDB_AB42BA03-531E-4A75-828B-3A4C3BC7BD34_1790117140004.gz ], upload done for S3:  [ true ]
[2026-09-23 01:45:40.741] [info] [rest_telemetry] [8468] [TelemetryManagement.hpp:137] Telemetry upload completed for zip file:[ C:\Program Files (x86)\Incredibuild\\Temp\DBFiles_AB42BA03-531E-4A75-828B-3A4C3BC7BD34_1790117140004.zip ], upload done for IB Manager (Data Access):  [ true ]
[2026-09-23 01:55:35.206] [info] [rest_module] [8468] [session_handlers.cpp:90] on_session_renew_post - refresh
[2026-09-23 02:05:35.209] [info] [rest_module] [8468] [session_handlers.cpp:90] on_session_renew_post - refresh
[2026-09-23 02:15:35.217] [info] [rest_module] [8468] [session_handlers.cpp:90] on_session_renew_post - refresh
[2026-09-23 02:25:35.219] [info] [rest_module] [8468] [session_handlers.cpp:90] on_session_renew_post - refresh
[2026-09-23 02:35:35.231] [info] [rest_module] [8468] [session_handlers.cpp:90] on_session_renew_post - refresh
[2026-09-23 02:45:35.245] [info] [rest_module] [8468] [session_handlers.cpp:90] on_session_renew_post - refresh
[2026-09-23 02:45:40.015] [info] [rest_database] [8468] [BuildsDatabaseImpl.cpp:258] Builds Database: Deleting tables history records after telemetry gZip file was created [ C:\Program Files (x86)\Incredibuild\\Temp\BuildsDB_AB42BA03-531E-4A75-828B-3A4C3BC7BD34_1790120740010.gz ].
[2026-09-23 02:45:40.023] [info] [rest_database] [8468] [CoordinatorDatabaseImpl.cpp:839] Coordinator Database: Deleting tables history records after telemetry gZip file was created [ C:\Program Files (x86)\Incredibuild\\Temp\CoordinatorDB_AB42BA03-531E-4A75-828B-3A4C3BC7BD34_1790120740010.gz ]. Purge all data = false
[2026-09-23 02:45:40.023] [info] [rest_telemetry] [8468] [TelemetryManagement.hpp:82] buildDbEmpty: [ true ]
[2026-09-23 02:45:40.869] [info] [rest_telemetry] [8468] [TelemetryManagement.hpp:122] Telemetry upload completed for gZip files:[ C:\Program Files (x86)\Incredibuild\\Temp\BuildsDB_AB42BA03-531E-4A75-828B-3A4C3BC7BD34_1790120740010.gz ], [ C:\Program Files (x86)\Incredibuild\\Temp\CoordinatorDB_AB42BA03-531E-4A75-828B-3A4C3BC7BD34_1790120740010.gz ], upload done for S3:  [ true ]
[2026-09-23 02:45:40.899] [info] [rest_telemetry] [8468] [TelemetryManagement.hpp:137] Telemetry upload completed for zip file:[ C:\Program Files (x86)\Incredibuild\\Temp\DBFiles_AB42BA03-531E-4A75-828B-3A4C3BC7BD34_1790120740010.zip ], upload done for IB Manager (Data Access):  [ true ]
[2026-09-23 02:55:35.241] [info] [rest_module] [8468] [session_handlers.cpp:90] on_session_renew_post - refresh
[2026-09-23 03:05:35.251] [info] [rest_module] [8468] [session_handlers.cpp:90] on_session_renew_post - refresh
[2026-09-23 03:15:35.263] [info] [rest_module] [8468] [session_handlers.cpp:90] on_session_renew_post - refresh
[2026-09-23 03:25:35.272] [info] [rest_module] [8468] [session_handlers.cpp:90] on_session_renew_post - refresh
[2026-09-23 03:35:35.281] [info] [rest_module] [8468] [session_handlers.cpp:90] on_session_renew_post - refresh
[2026-09-23 03:45:35.286] [info] [rest_module] [8468] [session_handlers.cpp:90] on_session_renew_post - refresh
[2026-09-23 03:45:40.006] [info] [rest_database] [8468] [BuildsDatabaseImpl.cpp:258] Builds Database: Deleting tables history records after telemetry gZip file was created [ C:\Program Files (x86)\Incredibuild\\Temp\BuildsDB_AB42BA03-531E-4A75-828B-3A4C3BC7BD34_1790124340003.gz ].
[2026-09-23 03:45:40.010] [info] [rest_database] [8468] [CoordinatorDatabaseImpl.cpp:839] Coordinator Database: Deleting tables history records after telemetry gZip file was created [ C:\Program Files (x86)\Incredibuild\\Temp\CoordinatorDB_AB42BA03-531E-4A75-828B-3A4C3BC7BD34_1790124340003.gz ]. Purge all data = false
[2026-09-23 03:45:40.014] [info] [rest_telemetry] [8468] [TelemetryManagement.hpp:82] buildDbEmpty: [ true ]
[2026-09-23 03:45:40.698] [info] [rest_telemetry] [8468] [TelemetryManagement.hpp:122] Telemetry upload completed for gZip files:[ C:\Program Files (x86)\Incredibuild\\Temp\BuildsDB_AB42BA03-531E-4A75-828B-3A4C3BC7BD34_1790124340003.gz ], [ C:\Program Files (x86)\Incredibuild\\Temp\CoordinatorDB_AB42BA03-531E-4A75-828B-3A4C3BC7BD34_1790124340003.gz ], upload done for S3:  [ true ]
[2026-09-23 03:45:40.724] [info] [rest_telemetry] [8468] [TelemetryManagement.hpp:137] Telemetry upload completed for zip file:[ C:\Program Files (x86)\Incredibuild\\Temp\DBFiles_AB42BA03-531E-4A75-828B-3A4C3BC7BD34_1790124340003.zip ], upload done for IB Manager (Data Access):  [ true ]
[2026-09-23 03:55:35.288] [info] [rest_module] [8468] [session_handlers.cpp:90] on_session_renew_post - refresh
[2026-09-23 04:05:35.303] [info] [rest_module] [8468] [session_handlers.cpp:90] on_session_renew_post - refresh
[2026-09-23 04:15:35.319] [info] [rest_module] [8468] [session_handlers.cpp:90] on_session_renew_post - refresh
[2026-09-23 04:25:35.326] [info] [rest_module] [8468] [session_handlers.cpp:90] on_session_renew_post - refresh
[2026-09-23 04:35:35.339] [info] [rest_module] [8468] [session_handlers.cpp:90] on_session_renew_post - refresh
[2026-09-23 04:45:35.343] [info] [rest_module] [8468] [session_handlers.cpp:90] on_session_renew_post - refresh
[2026-09-23 04:45:40.019] [info] [rest_database] [8468] [BuildsDatabaseImpl.cpp:258] Builds Database: Deleting tables history records after telemetry gZip file was created [ C:\Program Files (x86)\Incredibuild\\Temp\BuildsDB_AB42BA03-531E-4A75-828B-3A4C3BC7BD34_1790127940012.gz ].
[2026-09-23 04:45:40.026] [info] [rest_database] [8468] [CoordinatorDatabaseImpl.cpp:839] Coordinator Database: Deleting tables history records after telemetry gZip file was created [ C:\Program Files (x86)\Incredibuild\\Temp\CoordinatorDB_AB42BA03-531E-4A75-828B-3A4C3BC7BD34_1790127940012.gz ]. Purge all data = false
[2026-09-23 04:45:40.027] [info] [rest_telemetry] [8468] [TelemetryManagement.hpp:82] buildDbEmpty: [ true ]
[2026-09-23 04:45:40.702] [info] [rest_telemetry] [8468] [TelemetryManagement.hpp:122] Telemetry upload completed for gZip files:[ C:\Program Files (x86)\Incredibuild\\Temp\BuildsDB_AB42BA03-531E-4A75-828B-3A4C3BC7BD34_1790127940012.gz ], [ C:\Program Files (x86)\Incredibuild\\Temp\CoordinatorDB_AB42BA03-531E-4A75-828B-3A4C3BC7BD34_1790127940012.gz ], upload done for S3:  [ true ]
[2026-09-23 04:45:40.730] [info] [rest_telemetry] [8468] [TelemetryManagement.hpp:137] Telemetry upload completed for zip file:[ C:\Program Files (x86)\Incredibuild\\Temp\DBFiles_AB42BA03-531E-4A75-828B-3A4C3BC7BD34_1790127940012.zip ], upload done for IB Manager (Data Access):  [ true ]
[2026-09-23 04:55:35.356] [info] [rest_module] [8468] [session_handlers.cpp:90] on_session_renew_post - refresh
[2026-09-23 05:05:35.361] [info] [rest_module] [8468] [session_handlers.cpp:90] on_session_renew_post - refresh
[2026-09-23 05:15:35.371] [info] [rest_module] [8468] [session_handlers.cpp:90] on_session_renew_post - refresh
[2026-09-23 05:25:35.386] [info] [rest_module] [8468] [session_handlers.cpp:90] on_session_renew_post - refresh
[2026-09-23 05:35:35.387] [info] [rest_module] [8468] [session_handlers.cpp:90] on_session_renew_post - refresh
[2026-09-23 05:45:35.402] [info] [rest_module] [8468] [session_handlers.cpp:90] on_session_renew_post - refresh
[2026-09-23 05:45:40.019] [info] [rest_database] [8468] [BuildsDatabaseImpl.cpp:258] Builds Database: Deleting tables history records after telemetry gZip file was created [ C:\Program Files (x86)\Incredibuild\\Temp\BuildsDB_AB42BA03-531E-4A75-828B-3A4C3BC7BD34_1790131540014.gz ].
[2026-09-23 05:45:40.027] [info] [rest_database] [8468] [CoordinatorDatabaseImpl.cpp:839] Coordinator Database: Deleting tables history records after telemetry gZip file was created [ C:\Program Files (x86)\Incredibuild\\Temp\CoordinatorDB_AB42BA03-531E-4A75-828B-3A4C3BC7BD34_1790131540014.gz ]. Purge all data = false
[2026-09-23 05:45:40.028] [info] [rest_telemetry] [8468] [TelemetryManagement.hpp:82] buildDbEmpty: [ true ]
[2026-09-23 05:45:40.701] [info] [rest_telemetry] [8468] [TelemetryManagement.hpp:122] Telemetry upload completed for gZip files:[ C:\Program Files (x86)\Incredibuild\\Temp\BuildsDB_AB42BA03-531E-4A75-828B-3A4C3BC7BD34_1790131540014.gz ], [ C:\Program Files (x86)\Incredibuild\\Temp\CoordinatorDB_AB42BA03-531E-4A75-828B-3A4C3BC7BD34_1790131540014.gz ], upload done for S3:  [ true ]
[2026-09-23 05:45:40.729] [info] [rest_telemetry] [8468] [TelemetryManagement.hpp:137] Telemetry upload completed for zip file:[ C:\Program Files (x86)\Incredibuild\\Temp\DBFiles_AB42BA03-531E-4A75-828B-3A4C3BC7BD34_1790131540014.zip ], upload done for IB Manager (Data Access):  [ true ]
[2026-09-23 05:55:35.409] [info] [rest_module] [8468] [session_handlers.cpp:90] on_session_renew_post - refresh
[2026-09-23 06:05:35.416] [info] [rest_module] [8468] [session_handlers.cpp:90] on_session_renew_post - refresh
[2026-09-23 06:15:35.432] [info] [rest_module] [8468] [session_handlers.cpp:90] on_session_renew_post - refresh
[2026-09-23 06:25:35.437] [info] [rest_module] [8468] [session_handlers.cpp:90] on_session_renew_post - refresh
[2026-09-23 06:35:35.450] [info] [rest_module] [8468] [session_handlers.cpp:90] on_session_renew_post - refresh
[2026-09-23 06:45:35.457] [info] [rest_module] [8468] [session_handlers.cpp:90] on_session_renew_post - refresh
[2026-09-23 06:45:40.026] [info] [rest_database] [8468] [BuildsDatabaseImpl.cpp:258] Builds Database: Deleting tables history records after telemetry gZip file was created [ C:\Program Files (x86)\Incredibuild\\Temp\BuildsDB_AB42BA03-531E-4A75-828B-3A4C3BC7BD34_1790135140009.gz ].
[2026-09-23 06:45:40.032] [info] [rest_database] [8468] [CoordinatorDatabaseImpl.cpp:839] Coordinator Database: Deleting tables history records after telemetry gZip file was created [ C:\Program Files (x86)\Incredibuild\\Temp\CoordinatorDB_AB42BA03-531E-4A75-828B-3A4C3BC7BD34_1790135140009.gz ]. Purge all data = false
[2026-09-23 06:45:40.032] [info] [rest_telemetry] [8468] [TelemetryManagement.hpp:82] buildDbEmpty: [ true ]
[2026-09-23 06:45:40.704] [info] [rest_telemetry] [8468] [TelemetryManagement.hpp:122] Telemetry upload completed for gZip files:[ C:\Program Files (x86)\Incredibuild\\Temp\BuildsDB_AB42BA03-531E-4A75-828B-3A4C3BC7BD34_1790135140009.gz ], [ C:\Program Files (x86)\Incredibuild\\Temp\CoordinatorDB_AB42BA03-531E-4A75-828B-3A4C3BC7BD34_1790135140009.gz ], upload done for S3:  [ true ]
[2026-09-23 06:45:40.740] [info] [rest_telemetry] [8468] [TelemetryManagement.hpp:137] Telemetry upload completed for zip file:[ C:\Program Files (x86)\Incredibuild\\Temp\DBFiles_AB42BA03-531E-4A75-828B-3A4C3BC7BD34_1790135140009.zip ], upload done for IB Manager (Data Access):  [ true ]
[2026-09-23 06:55:35.465] [info] [rest_module] [8468] [session_handlers.cpp:90] on_session_renew_post - refresh
[2026-09-23 07:05:35.470] [info] [rest_module] [8468] [session_handlers.cpp:90] on_session_renew_post - refresh
[2026-09-23 07:15:35.486] [info] [rest_module] [8468] [session_handlers.cpp:90] on_session_renew_post - refresh
[2026-09-23 07:25:35.499] [info] [rest_module] [8468] [session_handlers.cpp:90] on_session_renew_post - refresh
[2026-09-23 07:35:35.514] [info] [rest_module] [8468] [session_handlers.cpp:90] on_session_renew_post - refresh
[2026-09-23 07:45:35.527] [info] [rest_module] [8468] [session_handlers.cpp:90] on_session_renew_post - refresh
[2026-09-23 07:45:40.011] [info] [rest_database] [8468] [BuildsDatabaseImpl.cpp:258] Builds Database: Deleting tables history records after telemetry gZip file was created [ C:\Program Files (x86)\Incredibuild\\Temp\BuildsDB_AB42BA03-531E-4A75-828B-3A4C3BC7BD34_1790138740004.gz ].
[2026-09-23 07:45:40.023] [info] [rest_database] [8468] [CoordinatorDatabaseImpl.cpp:839] Coordinator Database: Deleting tables history records after telemetry gZip file was created [ C:\Program Files (x86)\Incredibuild\\Temp\CoordinatorDB_AB42BA03-531E-4A75-828B-3A4C3BC7BD34_1790138740004.gz ]. Purge all data = false
[2026-09-23 07:45:40.023] [info] [rest_telemetry] [8468] [TelemetryManagement.hpp:82] buildDbEmpty: [ true ]
[2026-09-23 07:45:40.724] [info] [rest_telemetry] [8468] [TelemetryManagement.hpp:122] Telemetry upload completed for gZip files:[ C:\Program Files (x86)\Incredibuild\\Temp\BuildsDB_AB42BA03-531E-4A75-828B-3A4C3BC7BD34_1790138740004.gz ], [ C:\Program Files (x86)\Incredibuild\\Temp\CoordinatorDB_AB42BA03-531E-4A75-828B-3A4C3BC7BD34_1790138740004.gz ], upload done for S3:  [ true ]
[2026-09-23 07:45:40.750] [info] [rest_telemetry] [8468] [TelemetryManagement.hpp:137] Telemetry upload completed for zip file:[ C:\Program Files (x86)\Incredibuild\\Temp\DBFiles_AB42BA03-531E-4A75-828B-3A4C3BC7BD34_1790138740004.zip ], upload done for IB Manager (Data Access):  [ true ]
[2026-09-23 07:55:35.531] [info] [rest_module] [8468] [session_handlers.cpp:90] on_session_renew_post - refresh
[2026-09-23 08:05:35.536] [info] [rest_module] [8468] [session_handlers.cpp:90] on_session_renew_post - refresh
[2026-09-23 08:15:35.539] [info] [rest_module] [8468] [session_handlers.cpp:90] on_session_renew_post - refresh
[2026-09-23 08:25:35.540] [info] [rest_module] [8468] [session_handlers.cpp:90] on_session_renew_post - refresh
[2026-09-23 08:35:35.542] [info] [rest_module] [8468] [session_handlers.cpp:90] on_session_renew_post - refresh
[2026-09-23 08:45:35.553] [info] [rest_module] [8468] [session_handlers.cpp:90] on_session_renew_post - refresh
[2026-09-23 08:45:40.016] [info] [rest_database] [8468] [BuildsDatabaseImpl.cpp:258] Builds Database: Deleting tables history records after telemetry gZip file was created [ C:\Program Files (x86)\Incredibuild\\Temp\BuildsDB_AB42BA03-531E-4A75-828B-3A4C3BC7BD34_1790142340010.gz ].
[2026-09-23 08:45:40.024] [info] [rest_database] [8468] [CoordinatorDatabaseImpl.cpp:839] Coordinator Database: Deleting tables history records after telemetry gZip file was created [ C:\Program Files (x86)\Incredibuild\\Temp\CoordinatorDB_AB42BA03-531E-4A75-828B-3A4C3BC7BD34_1790142340010.gz ]. Purge all data = false
[2026-09-23 08:45:40.024] [info] [rest_telemetry] [8468] [TelemetryManagement.hpp:82] buildDbEmpty: [ true ]
[2026-09-23 08:45:40.747] [info] [rest_telemetry] [8468] [TelemetryManagement.hpp:122] Telemetry upload completed for gZip files:[ C:\Program Files (x86)\Incredibuild\\Temp\BuildsDB_AB42BA03-531E-4A75-828B-3A4C3BC7BD34_1790142340010.gz ], [ C:\Program Files (x86)\Incredibuild\\Temp\CoordinatorDB_AB42BA03-531E-4A75-828B-3A4C3BC7BD34_1790142340010.gz ], upload done for S3:  [ true ]
[2026-09-23 08:45:40.771] [info] [rest_telemetry] [8468] [TelemetryManagement.hpp:137] Telemetry upload completed for zip file:[ C:\Program Files (x86)\Incredibuild\\Temp\DBFiles_AB42BA03-531E-4A75-828B-3A4C3BC7BD34_1790142340010.zip ], upload done for IB Manager (Data Access):  [ true ]
[2026-09-23 08:55:35.559] [info] [rest_module] [8468] [session_handlers.cpp:90] on_session_renew_post - refresh
[2026-09-23 09:05:35.573] [info] [rest_module] [8468] [session_handlers.cpp:90] on_session_renew_post - refresh
[2026-09-23 09:15:35.577] [info] [rest_module] [8468] [session_handlers.cpp:90] on_session_renew_post - refresh
[2026-09-23 09:25:35.584] [info] [rest_module] [8468] [session_handlers.cpp:90] on_session_renew_post - refresh
[2026-09-23 09:35:35.590] [info] [rest_module] [8468] [session_handlers.cpp:90] on_session_renew_post - refresh
[2026-09-23 09:45:35.590] [info] [rest_module] [8468] [session_handlers.cpp:90] on_session_renew_post - refresh
[2026-09-23 09:45:40.018] [info] [rest_database] [8468] [BuildsDatabaseImpl.cpp:258] Builds Database: Deleting tables history records after telemetry gZip file was created [ C:\Program Files (x86)\Incredibuild\\Temp\BuildsDB_AB42BA03-531E-4A75-828B-3A4C3BC7BD34_1790145940012.gz ].
[2026-09-23 09:45:40.027] [info] [rest_database] [8468] [CoordinatorDatabaseImpl.cpp:839] Coordinator Database: Deleting tables history records after telemetry gZip file was created [ C:\Program Files (x86)\Incredibuild\\Temp\CoordinatorDB_AB42BA03-531E-4A75-828B-3A4C3BC7BD34_1790145940012.gz ]. Purge all data = false
[2026-09-23 09:45:40.028] [info] [rest_telemetry] [8468] [TelemetryManagement.hpp:82] buildDbEmpty: [ true ]
[2026-09-23 09:45:40.742] [info] [rest_telemetry] [8468] [TelemetryManagement.hpp:122] Telemetry upload completed for gZip files:[ C:\Program Files (x86)\Incredibuild\\Temp\BuildsDB_AB42BA03-531E-4A75-828B-3A4C3BC7BD34_1790145940012.gz ], [ C:\Program Files (x86)\Incredibuild\\Temp\CoordinatorDB_AB42BA03-531E-4A75-828B-3A4C3BC7BD34_1790145940012.gz ], upload done for S3:  [ true ]
[2026-09-23 09:45:40.763] [info] [rest_telemetry] [8468] [TelemetryManagement.hpp:137] Telemetry upload completed for zip file:[ C:\Program Files (x86)\Incredibuild\\Temp\DBFiles_AB42BA03-531E-4A75-828B-3A4C3BC7BD34_1790145940012.zip ], upload done for IB Manager (Data Access):  [ true ]
[2026-09-23 09:55:35.592] [info] [rest_module] [8468] [session_handlers.cpp:90] on_session_renew_post - refresh
[2026-09-23 10:05:35.604] [info] [rest_module] [8468] [session_handlers.cpp:90] on_session_renew_post - refresh
[2026-09-23 10:15:35.616] [info] [rest_module] [8468] [session_handlers.cpp:90] on_session_renew_post - refresh
[2026-09-23 10:25:35.623] [info] [rest_module] [8468] [session_handlers.cpp:90] on_session_renew_post - refresh
[2026-09-23 10:35:35.632] [info] [rest_module] [8468] [session_handlers.cpp:90] on_session_renew_post - refresh
[2026-09-23 10:45:35.632] [info] [rest_module] [8468] [session_handlers.cpp:90] on_session_renew_post - refresh
[2026-09-23 10:45:40.015] [info] [rest_database] [8468] [BuildsDatabaseImpl.cpp:258] Builds Database: Deleting tables history records after telemetry gZip file was created [ C:\Program Files (x86)\Incredibuild\\Temp\BuildsDB_AB42BA03-531E-4A75-828B-3A4C3BC7BD34_1790149540012.gz ].
[2026-09-23 10:45:40.021] [info] [rest_database] [8468] [CoordinatorDatabaseImpl.cpp:839] Coordinator Database: Deleting tables history records after telemetry gZip file was created [ C:\Program Files (x86)\Incredibuild\\Temp\CoordinatorDB_AB42BA03-531E-4A75-828B-3A4C3BC7BD34_1790149540012.gz ]. Purge all data = false
[2026-09-23 10:45:40.024] [info] [rest_telemetry] [8468] [TelemetryManagement.hpp:82] buildDbEmpty: [ true ]
[2026-09-23 10:45:40.894] [info] [rest_telemetry] [8468] [TelemetryManagement.hpp:122] Telemetry upload completed for gZip files:[ C:\Program Files (x86)\Incredibuild\\Temp\BuildsDB_AB42BA03-531E-4A75-828B-3A4C3BC7BD34_1790149540012.gz ], [ C:\Program Files (x86)\Incredibuild\\Temp\CoordinatorDB_AB42BA03-531E-4A75-828B-3A4C3BC7BD34_1790149540012.gz ], upload done for S3:  [ true ]
[2026-09-23 10:45:40.917] [info] [rest_telemetry] [8468] [TelemetryManagement.hpp:137] Telemetry upload completed for zip file:[ C:\Program Files (x86)\Incredibuild\\Temp\DBFiles_AB42BA03-531E-4A75-828B-3A4C3BC7BD34_1790149540012.zip ], upload done for IB Manager (Data Access):  [ true ]
[2026-09-23 10:55:35.641] [info] [rest_module] [8468] [session_handlers.cpp:90] on_session_renew_post - refresh
[2026-09-23 11:05:35.651] [info] [rest_module] [8468] [session_handlers.cpp:90] on_session_renew_post - refresh
[2026-09-23 11:15:35.662] [info] [rest_module] [8468] [session_handlers.cpp:90] on_session_renew_post - refresh
[2026-09-23 11:25:35.671] [info] [rest_module] [8468] [session_handlers.cpp:90] on_session_renew_post - refresh
[2026-09-23 11:35:35.674] [info] [rest_module] [8468] [session_handlers.cpp:90] on_session_renew_post - refresh
[2026-09-23 11:45:35.685] [info] [rest_module] [8468] [session_handlers.cpp:90] on_session_renew_post - refresh
[2026-09-23 11:45:40.008] [info] [rest_database] [8468] [BuildsDatabaseImpl.cpp:258] Builds Database: Deleting tables history records after telemetry gZip file was created [ C:\Program Files (x86)\Incredibuild\\Temp\BuildsDB_AB42BA03-531E-4A75-828B-3A4C3BC7BD34_1790153140005.gz ].
[2026-09-23 11:45:40.014] [info] [rest_database] [8468] [CoordinatorDatabaseImpl.cpp:839] Coordinator Database: Deleting tables history records after telemetry gZip file was created [ C:\Program Files (x86)\Incredibuild\\Temp\CoordinatorDB_AB42BA03-531E-4A75-828B-3A4C3BC7BD34_1790153140005.gz ]. Purge all data = false
[2026-09-23 11:45:40.014] [info] [rest_telemetry] [8468] [TelemetryManagement.hpp:82] buildDbEmpty: [ true ]
[2026-09-23 11:45:40.929] [info] [rest_telemetry] [8468] [TelemetryManagement.hpp:122] Telemetry upload completed for gZip files:[ C:\Program Files (x86)\Incredibuild\\Temp\BuildsDB_AB42BA03-531E-4A75-828B-3A4C3BC7BD34_1790153140005.gz ], [ C:\Program Files (x86)\Incredibuild\\Temp\CoordinatorDB_AB42BA03-531E-4A75-828B-3A4C3BC7BD34_1790153140005.gz ], upload done for S3:  [ true ]
[2026-09-23 11:45:40.950] [info] [rest_telemetry] [8468] [TelemetryManagement.hpp:137] Telemetry upload completed for zip file:[ C:\Program Files (x86)\Incredibuild\\Temp\DBFiles_AB42BA03-531E-4A75-828B-3A4C3BC7BD34_1790153140005.zip ], upload done for IB Manager (Data Access):  [ true ]
[2026-09-23 11:55:35.683] [info] [rest_module] [8468] [session_handlers.cpp:90] on_session_renew_post - refresh
[2026-09-23 12:05:35.685] [info] [rest_module] [8468] [session_handlers.cpp:90] on_session_renew_post - refresh
[2026-09-23 12:15:35.697] [info] [rest_module] [8468] [session_handlers.cpp:90] on_session_renew_post - refresh
[2026-09-23 12:25:35.704] [info] [rest_module] [8468] [session_handlers.cpp:90] on_session_renew_post - refresh
[2026-09-23 12:35:35.713] [info] [rest_module] [8468] [session_handlers.cpp:90] on_session_renew_post - refresh
[2026-09-23 12:45:35.717] [info] [rest_module] [8468] [session_handlers.cpp:90] on_session_renew_post - refresh
[2026-09-23 12:45:40.020] [info] [rest_database] [8468] [BuildsDatabaseImpl.cpp:258] Builds Database: Deleting tables history records after telemetry gZip file was created [ C:\Program Files (x86)\Incredibuild\\Temp\BuildsDB_AB42BA03-531E-4A75-828B-3A4C3BC7BD34_1790156740014.gz ].
[2026-09-23 12:45:40.027] [info] [rest_database] [8468] [CoordinatorDatabaseImpl.cpp:839] Coordinator Database: Deleting tables history records after telemetry gZip file was created [ C:\Program Files (x86)\Incredibuild\\Temp\CoordinatorDB_AB42BA03-531E-4A75-828B-3A4C3BC7BD34_1790156740014.gz ]. Purge all data = false
[2026-09-23 12:45:40.027] [info] [rest_telemetry] [8468] [TelemetryManagement.hpp:82] buildDbEmpty: [ true ]
[2026-09-23 12:45:40.995] [info] [rest_telemetry] [8468] [TelemetryManagement.hpp:122] Telemetry upload completed for gZip files:[ C:\Program Files (x86)\Incredibuild\\Temp\BuildsDB_AB42BA03-531E-4A75-828B-3A4C3BC7BD34_1790156740014.gz ], [ C:\Program Files (x86)\Incredibuild\\Temp\CoordinatorDB_AB42BA03-531E-4A75-828B-3A4C3BC7BD34_1790156740014.gz ], upload done for S3:  [ true ]
[2026-09-23 12:45:41.022] [info] [rest_telemetry] [8468] [TelemetryManagement.hpp:137] Telemetry upload completed for zip file:[ C:\Program Files (x86)\Incredibuild\\Temp\DBFiles_AB42BA03-531E-4A75-828B-3A4C3BC7BD34_1790156740014.zip ], upload done for IB Manager (Data Access):  [ true ]
[2026-09-23 12:55:35.718] [info] [rest_module] [8468] [session_handlers.cpp:90] on_session_renew_post - refresh
[2026-09-23 13:05:35.730] [info] [rest_module] [8468] [session_handlers.cpp:90] on_session_renew_post - refresh
[2026-09-23 13:15:35.739] [info] [rest_module] [8468] [session_handlers.cpp:90] on_session_renew_post - refresh
[2026-09-23 13:25:35.752] [info] [rest_module] [8468] [session_handlers.cpp:90] on_session_renew_post - refresh
[2026-09-23 13:35:35.751] [info] [rest_module] [8468] [session_handlers.cpp:90] on_session_renew_post - refresh
[2026-09-23 13:45:35.756] [info] [rest_module] [8468] [session_handlers.cpp:90] on_session_renew_post - refresh
[2026-09-23 13:45:41.007] [info] [rest_database] [8468] [BuildsDatabaseImpl.cpp:258] Builds Database: Deleting tables history records after telemetry gZip file was created [ C:\Program Files (x86)\Incredibuild\\Temp\BuildsDB_AB42BA03-531E-4A75-828B-3A4C3BC7BD34_1790160341005.gz ].
[2026-09-23 13:45:41.018] [info] [rest_database] [8468] [CoordinatorDatabaseImpl.cpp:839] Coordinator Database: Deleting tables history records after telemetry gZip file was created [ C:\Program Files (x86)\Incredibuild\\Temp\CoordinatorDB_AB42BA03-531E-4A75-828B-3A4C3BC7BD34_1790160341005.gz ]. Purge all data = false
[2026-09-23 13:45:41.019] [info] [rest_telemetry] [8468] [TelemetryManagement.hpp:82] buildDbEmpty: [ true ]
[2026-09-23 13:45:41.909] [info] [rest_telemetry] [8468] [TelemetryManagement.hpp:122] Telemetry upload completed for gZip files:[ C:\Program Files (x86)\Incredibuild\\Temp\BuildsDB_AB42BA03-531E-4A75-828B-3A4C3BC7BD34_1790160341005.gz ], [ C:\Program Files (x86)\Incredibuild\\Temp\CoordinatorDB_AB42BA03-531E-4A75-828B-3A4C3BC7BD34_1790160341005.gz ], upload done for S3:  [ true ]
[2026-09-23 13:45:41.937] [info] [rest_telemetry] [8468] [TelemetryManagement.hpp:137] Telemetry upload completed for zip file:[ C:\Program Files (x86)\Incredibuild\\Temp\DBFiles_AB42BA03-531E-4A75-828B-3A4C3BC7BD34_1790160341005.zip ], upload done for IB Manager (Data Access):  [ true ]
[2026-09-23 13:55:35.757] [info] [rest_module] [8468] [session_handlers.cpp:90] on_session_renew_post - refresh
[2026-09-23 14:05:35.767] [info] [rest_module] [8468] [session_handlers.cpp:90] on_session_renew_post - refresh
[2026-09-23 14:15:35.769] [info] [rest_module] [8468] [session_handlers.cpp:90] on_session_renew_post - refresh
[2026-09-23 14:25:35.773] [info] [rest_module] [8468] [session_handlers.cpp:90] on_session_renew_post - refresh
[2026-09-23 14:35:35.767] [info] [rest_module] [8468] [session_handlers.cpp:90] on_session_renew_post - refresh
[2026-09-23 14:45:35.784] [info] [rest_module] [8468] [session_handlers.cpp:90] on_session_renew_post - refresh
[2026-09-23 14:45:41.013] [info] [rest_database] [8468] [BuildsDatabaseImpl.cpp:258] Builds Database: Deleting tables history records after telemetry gZip file was created [ C:\Program Files (x86)\Incredibuild\\Temp\BuildsDB_AB42BA03-531E-4A75-828B-3A4C3BC7BD34_1790163941008.gz ].
[2026-09-23 14:45:41.020] [info] [rest_database] [8468] [CoordinatorDatabaseImpl.cpp:839] Coordinator Database: Deleting tables history records after telemetry gZip file was created [ C:\Program Files (x86)\Incredibuild\\Temp\CoordinatorDB_AB42BA03-531E-4A75-828B-3A4C3BC7BD34_1790163941008.gz ]. Purge all data = false
[2026-09-23 14:45:41.021] [info] [rest_telemetry] [8468] [TelemetryManagement.hpp:82] buildDbEmpty: [ true ]
[2026-09-23 14:45:42.846] [info] [rest_telemetry] [8468] [TelemetryManagement.hpp:122] Telemetry upload completed for gZip files:[ C:\Program Files (x86)\Incredibuild\\Temp\BuildsDB_AB42BA03-531E-4A75-828B-3A4C3BC7BD34_1790163941008.gz ], [ C:\Program Files (x86)\Incredibuild\\Temp\CoordinatorDB_AB42BA03-531E-4A75-828B-3A4C3BC7BD34_1790163941008.gz ], upload done for S3:  [ true ]
[2026-09-23 14:45:42.876] [info] [rest_telemetry] [8468] [TelemetryManagement.hpp:137] Telemetry upload completed for zip file:[ C:\Program Files (x86)\Incredibuild\\Temp\DBFiles_AB42BA03-531E-4A75-828B-3A4C3BC7BD34_1790163941008.zip ], upload done for IB Manager (Data Access):  [ true ]
[2026-09-23 14:55:35.788] [info] [rest_module] [8468] [session_handlers.cpp:90] on_session_renew_post - refresh
[2026-09-23 15:05:35.798] [info] [rest_module] [8468] [session_handlers.cpp:90] on_session_renew_post - refresh
[2026-09-23 15:15:35.804] [info] [rest_module] [8468] [session_handlers.cpp:90] on_session_renew_post - refresh
[2026-09-23 15:25:35.814] [info] [rest_module] [8468] [session_handlers.cpp:90] on_session_renew_post - refresh
[2026-09-23 15:35:35.815] [info] [rest_module] [8468] [session_handlers.cpp:90] on_session_renew_post - refresh
[2026-09-23 15:45:35.828] [info] [rest_module] [8468] [session_handlers.cpp:90] on_session_renew_post - refresh
[2026-09-23 15:45:42.009] [info] [rest_database] [8468] [BuildsDatabaseImpl.cpp:258] Builds Database: Deleting tables history records after telemetry gZip file was created [ C:\Program Files (x86)\Incredibuild\\Temp\BuildsDB_AB42BA03-531E-4A75-828B-3A4C3BC7BD34_1790167542004.gz ].
[2026-09-23 15:45:42.018] [info] [rest_database] [8468] [CoordinatorDatabaseImpl.cpp:839] Coordinator Database: Deleting tables history records after telemetry gZip file was created [ C:\Program Files (x86)\Incredibuild\\Temp\CoordinatorDB_AB42BA03-531E-4A75-828B-3A4C3BC7BD34_1790167542004.gz ]. Purge all data = false
[2026-09-23 15:45:42.018] [info] [rest_telemetry] [8468] [TelemetryManagement.hpp:82] buildDbEmpty: [ true ]
[2026-09-23 15:45:43.191] [info] [rest_telemetry] [8468] [TelemetryManagement.hpp:122] Telemetry upload completed for gZip files:[ C:\Program Files (x86)\Incredibuild\\Temp\BuildsDB_AB42BA03-531E-4A75-828B-3A4C3BC7BD34_1790167542004.gz ], [ C:\Program Files (x86)\Incredibuild\\Temp\CoordinatorDB_AB42BA03-531E-4A75-828B-3A4C3BC7BD34_1790167542004.gz ], upload done for S3:  [ true ]
[2026-09-23 15:45:43.224] [info] [rest_telemetry] [8468] [TelemetryManagement.hpp:137] Telemetry upload completed for zip file:[ C:\Program Files (x86)\Incredibuild\\Temp\DBFiles_AB42BA03-531E-4A75-828B-3A4C3BC7BD34_1790167542004.zip ], upload done for IB Manager (Data Access):  [ true ]
[2026-09-23 15:55:35.842] [info] [rest_module] [8468] [session_handlers.cpp:90] on_session_renew_post - refresh
[2026-09-23 16:05:35.852] [info] [rest_module] [8468] [session_handlers.cpp:90] on_session_renew_post - refresh
[2026-09-23 16:15:35.865] [info] [rest_module] [8468] [session_handlers.cpp:90] on_session_renew_post - refresh
[2026-09-23 16:25:35.874] [info] [rest_module] [8468] [session_handlers.cpp:90] on_session_renew_post - refresh
[2026-09-23 16:35:35.887] [info] [rest_module] [8468] [session_handlers.cpp:90] on_session_renew_post - refresh
[2026-09-23 16:45:35.896] [info] [rest_module] [8468] [session_handlers.cpp:90] on_session_renew_post - refresh
[2026-09-23 16:45:43.007] [info] [rest_database] [8468] [BuildsDatabaseImpl.cpp:258] Builds Database: Deleting tables history records after telemetry gZip file was created [ C:\Program Files (x86)\Incredibuild\\Temp\BuildsDB_AB42BA03-531E-4A75-828B-3A4C3BC7BD34_1790171143000.gz ].
[2026-09-23 16:45:43.015] [info] [rest_database] [8468] [CoordinatorDatabaseImpl.cpp:839] Coordinator Database: Deleting tables history records after telemetry gZip file was created [ C:\Program Files (x86)\Incredibuild\\Temp\CoordinatorDB_AB42BA03-531E-4A75-828B-3A4C3BC7BD34_1790171143000.gz ]. Purge all data = false
[2026-09-23 16:45:43.016] [info] [rest_telemetry] [8468] [TelemetryManagement.hpp:82] buildDbEmpty: [ true ]
[2026-09-23 16:45:44.301] [info] [rest_telemetry] [8468] [TelemetryManagement.hpp:122] Telemetry upload completed for gZip files:[ C:\Program Files (x86)\Incredibuild\\Temp\BuildsDB_AB42BA03-531E-4A75-828B-3A4C3BC7BD34_1790171143000.gz ], [ C:\Program Files (x86)\Incredibuild\\Temp\CoordinatorDB_AB42BA03-531E-4A75-828B-3A4C3BC7BD34_1790171143000.gz ], upload done for S3:  [ true ]
[2026-09-23 16:45:44.335] [info] [rest_telemetry] [8468] [TelemetryManagement.hpp:137] Telemetry upload completed for zip file:[ C:\Program Files (x86)\Incredibuild\\Temp\DBFiles_AB42BA03-531E-4A75-828B-3A4C3BC7BD34_1790171143000.zip ], upload done for IB Manager (Data Access):  [ true ]
[2026-09-23 16:55:35.900] [info] [rest_module] [8468] [session_handlers.cpp:90] on_session_renew_post - refresh
[2026-09-23 23:30:30.504] [warning] [rest_business_logic] [8468] [rest_api.cpp:124] Fail to authenticate: Timeout
[2026-09-23 23:30:31.124] [info] [rest_database] [8468] [BuildsDatabaseImpl.cpp:258] Builds Database: Deleting tables history records after telemetry gZip file was created [ C:\Program Files (x86)\Incredibuild\\Temp\BuildsDB_AB42BA03-531E-4A75-828B-3A4C3BC7BD34_1790195430505.gz ].
[2026-09-23 23:30:31.192] [info] [rest_database] [8468] [CoordinatorDatabaseImpl.cpp:839] Coordinator Database: Deleting tables history records after telemetry gZip file was created [ C:\Program Files (x86)\Incredibuild\\Temp\CoordinatorDB_AB42BA03-531E-4A75-828B-3A4C3BC7BD34_1790195430505.gz ]. Purge all data = false
[2026-09-23 23:30:31.192] [info] [rest_telemetry] [8468] [TelemetryManagement.hpp:82] buildDbEmpty: [ true ]
[2026-09-23 23:30:31.227] [warning] [rest_business_logic] [8468] [rest_api.cpp:124] Fail to authenticate: Fail to authenticate
[2026-09-23 23:30:31.227] [error] [rest_telemetry] [8468] [TelemetryManagement.cpp:341] Error resolving domain name: telemetry.incredibuild.com, error: No such host is known
[2026-09-23 23:30:31.227] [error] [rest_telemetry] [8468] [TelemetryManagement.cpp:448] Handling Proxy Setup failed
[2026-09-23 23:30:31.227] [error] [rest_telemetry] [8468] [TelemetryManagement.hpp:113] Failed uploading Telemetry gZip file to S3 [ C:\Program Files (x86)\Incredibuild\\Temp\CoordinatorDB_AB42BA03-531E-4A75-828B-3A4C3BC7BD34_1790195430505.gz ], upload done: [ true ]
[2026-09-23 23:30:31.268] [info] [rest_module] [8468] [session_handlers.cpp:90] on_session_renew_post - refresh
[2026-09-23 23:30:31.269] [warning] [rest_business_logic] [8468] [rest_api.cpp:124] Fail to authenticate: Fail to authenticate
[2026-09-23 23:30:31.270] [warning] [rest_business_logic] [8468] [rest_api.cpp:124] Fail to authenticate: Fail to authenticate
[2026-09-23 23:30:31.270] [warning] [rest_business_logic] [8468] [rest_api.cpp:124] Fail to authenticate: Fail to authenticate
[2026-09-23 23:30:31.290] [info] [rest_module] [8468] [session_handlers.cpp:30] on_session_create_post - login
[2026-09-23 23:30:31.307] [info] [rest_business_logic] [8468] [business_logic_relayer.cpp:592] Added new history buffer
[2026-09-23 23:30:31.307] [info] [rest_business_logic] [8468] [business_logic_relayer.cpp:821] Remove diff buffers
[2026-09-23 23:30:31.324] [info] [rest_telemetry] [8468] [TelemetryManagement.hpp:137] Telemetry upload completed for zip file:[ C:\Program Files (x86)\Incredibuild\\Temp\DBFiles_AB42BA03-531E-4A75-828B-3A4C3BC7BD34_1790195430505.zip ], upload done for IB Manager (Data Access):  [ true ]
[2026-09-23 23:30:31.340] [error] [rest_telemetry] [8468] [TelemetryManagement.cpp:341] Error resolving domain name: telemetry.incredibuild.com, error: No such host is known
[2026-09-23 23:30:31.340] [error] [rest_telemetry] [8468] [TelemetryManagement.cpp:448] Handling Proxy Setup failed
[2026-09-23 23:30:31.341] [error] [rest_telemetry] [8468] [TelemetryManagement.cpp:341] Error resolving domain name: telemetry.incredibuild.com, error: No such host is known
[2026-09-23 23:30:31.345] [error] [rest_telemetry] [8468] [TelemetryManagement.cpp:448] Handling Proxy Setup failed
[2026-09-23 23:40:32.365] [info] [rest_module] [8468] [session_handlers.cpp:90] on_session_renew_post - refresh
[2026-09-23 23:50:32.370] [info] [rest_module] [8468] [session_handlers.cpp:90] on_session_renew_post - refresh
[2026-09-24 00:00:32.374] [info] [rest_module] [8468] [session_handlers.cpp:90] on_session_renew_post - refresh
[2026-09-24 00:10:32.383] [info] [rest_module] [8468] [session_handlers.cpp:90] on_session_renew_post - refresh
[2026-09-24 00:20:32.390] [info] [rest_module] [8468] [session_handlers.cpp:90] on_session_renew_post - refresh
[2026-09-24 00:30:31.011] [info] [rest_database] [8468] [BuildsDatabaseImpl.cpp:258] Builds Database: Deleting tables history records after telemetry gZip file was created [ C:\Program Files (x86)\Incredibuild\\Temp\BuildsDB_AB42BA03-531E-4A75-828B-3A4C3BC7BD34_1790199031008.gz ].
[2026-09-24 00:30:31.021] [info] [rest_database] [8468] [CoordinatorDatabaseImpl.cpp:839] Coordinator Database: Deleting tables history records after telemetry gZip file was created [ C:\Program Files (x86)\Incredibuild\\Temp\CoordinatorDB_AB42BA03-531E-4A75-828B-3A4C3BC7BD34_1790199031008.gz ]. Purge all data = false
[2026-09-24 00:30:31.027] [info] [rest_telemetry] [8468] [TelemetryManagement.hpp:82] buildDbEmpty: [ true ]
[2026-09-24 00:30:32.389] [info] [rest_module] [8468] [session_handlers.cpp:90] on_session_renew_post - refresh
[2026-09-24 00:30:38.931] [info] [rest_telemetry] [8468] [TelemetryManagement.hpp:122] Telemetry upload completed for gZip files:[ C:\Program Files (x86)\Incredibuild\\Temp\BuildsDB_AB42BA03-531E-4A75-828B-3A4C3BC7BD34_1790199031008.gz ], [ C:\Program Files (x86)\Incredibuild\\Temp\CoordinatorDB_AB42BA03-531E-4A75-828B-3A4C3BC7BD34_1790199031008.gz ], upload done for S3:  [ true ]
[2026-09-24 00:30:38.960] [info] [rest_telemetry] [8468] [TelemetryManagement.hpp:137] Telemetry upload completed for zip file:[ C:\Program Files (x86)\Incredibuild\\Temp\DBFiles_AB42BA03-531E-4A75-828B-3A4C3BC7BD34_1790199031008.zip ], upload done for IB Manager (Data Access):  [ true ]
[2026-09-24 00:40:32.396] [info] [rest_module] [8468] [session_handlers.cpp:90] on_session_renew_post - refresh
[2026-09-24 00:50:32.397] [info] [rest_module] [8468] [session_handlers.cpp:90] on_session_renew_post - refresh
[2026-09-24 01:00:32.406] [info] [rest_module] [8468] [session_handlers.cpp:90] on_session_renew_post - refresh
[2026-09-24 01:10:32.407] [info] [rest_module] [8468] [session_handlers.cpp:90] on_session_renew_post - refresh
[2026-09-24 01:20:32.413] [info] [rest_module] [8468] [session_handlers.cpp:90] on_session_renew_post - refresh
[2026-09-24 01:30:32.426] [info] [rest_module] [8468] [session_handlers.cpp:90] on_session_renew_post - refresh
[2026-09-24 01:30:40.016] [info] [rest_database] [8468] [BuildsDatabaseImpl.cpp:258] Builds Database: Deleting tables history records after telemetry gZip file was created [ C:\Program Files (x86)\Incredibuild\\Temp\BuildsDB_AB42BA03-531E-4A75-828B-3A4C3BC7BD34_1790202640010.gz ].
[2026-09-24 01:30:40.024] [info] [rest_database] [8468] [CoordinatorDatabaseImpl.cpp:839] Coordinator Database: Deleting tables history records after telemetry gZip file was created [ C:\Program Files (x86)\Incredibuild\\Temp\CoordinatorDB_AB42BA03-531E-4A75-828B-3A4C3BC7BD34_1790202640010.gz ]. Purge all data = false
[2026-09-24 01:30:40.025] [info] [rest_telemetry] [8468] [TelemetryManagement.hpp:82] buildDbEmpty: [ true ]
[2026-09-24 01:30:41.127] [info] [rest_telemetry] [8468] [TelemetryManagement.hpp:122] Telemetry upload completed for gZip files:[ C:\Program Files (x86)\Incredibuild\\Temp\BuildsDB_AB42BA03-531E-4A75-828B-3A4C3BC7BD34_1790202640010.gz ], [ C:\Program Files (x86)\Incredibuild\\Temp\CoordinatorDB_AB42BA03-531E-4A75-828B-3A4C3BC7BD34_1790202640010.gz ], upload done for S3:  [ true ]
[2026-09-24 01:30:41.155] [info] [rest_telemetry] [8468] [TelemetryManagement.hpp:137] Telemetry upload completed for zip file:[ C:\Program Files (x86)\Incredibuild\\Temp\DBFiles_AB42BA03-531E-4A75-828B-3A4C3BC7BD34_1790202640010.zip ], upload done for IB Manager (Data Access):  [ true ]
[2026-09-24 01:40:32.436] [info] [rest_module] [8468] [session_handlers.cpp:90] on_session_renew_post - refresh
[2026-09-24 01:50:32.447] [info] [rest_module] [8468] [session_handlers.cpp:90] on_session_renew_post - refresh
[2026-09-24 02:00:32.461] [info] [rest_module] [8468] [session_handlers.cpp:90] on_session_renew_post - refresh
[2026-09-24 02:10:32.463] [info] [rest_module] [8468] [session_handlers.cpp:90] on_session_renew_post - refresh
[2026-09-24 02:20:32.477] [info] [rest_module] [8468] [session_handlers.cpp:90] on_session_renew_post - refresh
[2026-09-24 02:30:32.483] [info] [rest_module] [8468] [session_handlers.cpp:90] on_session_renew_post - refresh
[2026-09-24 02:30:41.009] [info] [rest_database] [8468] [BuildsDatabaseImpl.cpp:258] Builds Database: Deleting tables history records after telemetry gZip file was created [ C:\Program Files (x86)\Incredibuild\\Temp\BuildsDB_AB42BA03-531E-4A75-828B-3A4C3BC7BD34_1790206241002.gz ].
[2026-09-24 02:30:41.018] [info] [rest_database] [8468] [CoordinatorDatabaseImpl.cpp:839] Coordinator Database: Deleting tables history records after telemetry gZip file was created [ C:\Program Files (x86)\Incredibuild\\Temp\CoordinatorDB_AB42BA03-531E-4A75-828B-3A4C3BC7BD34_1790206241002.gz ]. Purge all data = false
[2026-09-24 02:30:41.019] [info] [rest_telemetry] [8468] [TelemetryManagement.hpp:82] buildDbEmpty: [ true ]
[2026-09-24 02:30:41.727] [info] [rest_telemetry] [8468] [TelemetryManagement.hpp:122] Telemetry upload completed for gZip files:[ C:\Program Files (x86)\Incredibuild\\Temp\BuildsDB_AB42BA03-531E-4A75-828B-3A4C3BC7BD34_1790206241002.gz ], [ C:\Program Files (x86)\Incredibuild\\Temp\CoordinatorDB_AB42BA03-531E-4A75-828B-3A4C3BC7BD34_1790206241002.gz ], upload done for S3:  [ true ]
[2026-09-24 02:30:41.755] [info] [rest_telemetry] [8468] [TelemetryManagement.hpp:137] Telemetry upload completed for zip file:[ C:\Program Files (x86)\Incredibuild\\Temp\DBFiles_AB42BA03-531E-4A75-828B-3A4C3BC7BD34_1790206241002.zip ], upload done for IB Manager (Data Access):  [ true ]
[2026-09-24 02:40:32.490] [info] [rest_module] [8468] [session_handlers.cpp:90] on_session_renew_post - refresh
[2026-09-24 02:50:32.500] [info] [rest_module] [8468] [session_handlers.cpp:90] on_session_renew_post - refresh
[2026-09-24 03:00:32.503] [info] [rest_module] [8468] [session_handlers.cpp:90] on_session_renew_post - refresh
[2026-09-24 03:10:32.518] [info] [rest_module] [8468] [session_handlers.cpp:90] on_session_renew_post - refresh
[2026-09-24 03:20:32.526] [info] [rest_module] [8468] [session_handlers.cpp:90] on_session_renew_post - refresh
[2026-09-24 03:30:32.534] [info] [rest_module] [8468] [session_handlers.cpp:90] on_session_renew_post - refresh
[2026-09-24 03:30:41.026] [info] [rest_database] [8468] [BuildsDatabaseImpl.cpp:258] Builds Database: Deleting tables history records after telemetry gZip file was created [ C:\Program Files (x86)\Incredibuild\\Temp\BuildsDB_AB42BA03-531E-4A75-828B-3A4C3BC7BD34_1790209841007.gz ].
[2026-09-24 03:30:41.038] [info] [rest_database] [8468] [CoordinatorDatabaseImpl.cpp:839] Coordinator Database: Deleting tables history records after telemetry gZip file was created [ C:\Program Files (x86)\Incredibuild\\Temp\CoordinatorDB_AB42BA03-531E-4A75-828B-3A4C3BC7BD34_1790209841007.gz ]. Purge all data = false
[2026-09-24 03:30:41.053] [info] [rest_telemetry] [8468] [TelemetryManagement.hpp:82] buildDbEmpty: [ true ]
[2026-09-24 03:30:42.155] [info] [rest_telemetry] [8468] [TelemetryManagement.hpp:122] Telemetry upload completed for gZip files:[ C:\Program Files (x86)\Incredibuild\\Temp\BuildsDB_AB42BA03-531E-4A75-828B-3A4C3BC7BD34_1790209841007.gz ], [ C:\Program Files (x86)\Incredibuild\\Temp\CoordinatorDB_AB42BA03-531E-4A75-828B-3A4C3BC7BD34_1790209841007.gz ], upload done for S3:  [ true ]
[2026-09-24 03:30:42.183] [info] [rest_telemetry] [8468] [TelemetryManagement.hpp:137] Telemetry upload completed for zip file:[ C:\Program Files (x86)\Incredibuild\\Temp\DBFiles_AB42BA03-531E-4A75-828B-3A4C3BC7BD34_1790209841007.zip ], upload done for IB Manager (Data Access):  [ true ]
[2026-09-24 03:40:32.540] [info] [rest_module] [8468] [session_handlers.cpp:90] on_session_renew_post - refresh
[2026-09-24 03:50:32.549] [info] [rest_module] [8468] [session_handlers.cpp:90] on_session_renew_post - refresh
[2026-09-24 04:00:32.563] [info] [rest_module] [8468] [session_handlers.cpp:90] on_session_renew_post - refresh
[2026-09-24 04:10:32.573] [info] [rest_module] [8468] [session_handlers.cpp:90] on_session_renew_post - refresh
[2026-09-24 04:20:32.576] [info] [rest_module] [8468] [session_handlers.cpp:90] on_session_renew_post - refresh
[2026-09-24 04:30:32.589] [info] [rest_module] [8468] [session_handlers.cpp:90] on_session_renew_post - refresh
[2026-09-24 04:30:42.017] [info] [rest_database] [8468] [BuildsDatabaseImpl.cpp:258] Builds Database: Deleting tables history records after telemetry gZip file was created [ C:\Program Files (x86)\Incredibuild\\Temp\BuildsDB_AB42BA03-531E-4A75-828B-3A4C3BC7BD34_1790213442011.gz ].
[2026-09-24 04:30:42.024] [info] [rest_database] [8468] [CoordinatorDatabaseImpl.cpp:839] Coordinator Database: Deleting tables history records after telemetry gZip file was created [ C:\Program Files (x86)\Incredibuild\\Temp\CoordinatorDB_AB42BA03-531E-4A75-828B-3A4C3BC7BD34_1790213442011.gz ]. Purge all data = false
[2026-09-24 04:30:42.024] [info] [rest_telemetry] [8468] [TelemetryManagement.hpp:82] buildDbEmpty: [ true ]
[2026-09-24 04:30:42.763] [info] [rest_telemetry] [8468] [TelemetryManagement.hpp:122] Telemetry upload completed for gZip files:[ C:\Program Files (x86)\Incredibuild\\Temp\BuildsDB_AB42BA03-531E-4A75-828B-3A4C3BC7BD34_1790213442011.gz ], [ C:\Program Files (x86)\Incredibuild\\Temp\CoordinatorDB_AB42BA03-531E-4A75-828B-3A4C3BC7BD34_1790213442011.gz ], upload done for S3:  [ true ]
[2026-09-24 04:30:42.790] [info] [rest_telemetry] [8468] [TelemetryManagement.hpp:137] Telemetry upload completed for zip file:[ C:\Program Files (x86)\Incredibuild\\Temp\DBFiles_AB42BA03-531E-4A75-828B-3A4C3BC7BD34_1790213442011.zip ], upload done for IB Manager (Data Access):  [ true ]
[2026-09-24 04:40:32.588] [info] [rest_module] [8468] [session_handlers.cpp:90] on_session_renew_post - refresh
[2026-09-24 04:50:32.602] [info] [rest_module] [8468] [session_handlers.cpp:90] on_session_renew_post - refresh
[2026-09-24 05:00:32.606] [info] [rest_module] [8468] [session_handlers.cpp:90] on_session_renew_post - refresh
[2026-09-24 05:10:32.615] [info] [rest_module] [8468] [session_handlers.cpp:90] on_session_renew_post - refresh
[2026-09-24 05:20:32.627] [info] [rest_module] [8468] [session_handlers.cpp:90] on_session_renew_post - refresh
[2026-09-24 05:30:32.627] [info] [rest_module] [8468] [session_handlers.cpp:90] on_session_renew_post - refresh
[2026-09-24 05:30:42.018] [info] [rest_database] [8468] [BuildsDatabaseImpl.cpp:258] Builds Database: Deleting tables history records after telemetry gZip file was created [ C:\Program Files (x86)\Incredibuild\\Temp\BuildsDB_AB42BA03-531E-4A75-828B-3A4C3BC7BD34_1790217042011.gz ].
[2026-09-24 05:30:42.025] [info] [rest_database] [8468] [CoordinatorDatabaseImpl.cpp:839] Coordinator Database: Deleting tables history records after telemetry gZip file was created [ C:\Program Files (x86)\Incredibuild\\Temp\CoordinatorDB_AB42BA03-531E-4A75-828B-3A4C3BC7BD34_1790217042011.gz ]. Purge all data = false
[2026-09-24 05:30:42.026] [info] [rest_telemetry] [8468] [TelemetryManagement.hpp:82] buildDbEmpty: [ true ]
[2026-09-24 05:30:42.733] [info] [rest_telemetry] [8468] [TelemetryManagement.hpp:122] Telemetry upload completed for gZip files:[ C:\Program Files (x86)\Incredibuild\\Temp\BuildsDB_AB42BA03-531E-4A75-828B-3A4C3BC7BD34_1790217042011.gz ], [ C:\Program Files (x86)\Incredibuild\\Temp\CoordinatorDB_AB42BA03-531E-4A75-828B-3A4C3BC7BD34_1790217042011.gz ], upload done for S3:  [ true ]
[2026-09-24 05:30:42.762] [info] [rest_telemetry] [8468] [TelemetryManagement.hpp:137] Telemetry upload completed for zip file:[ C:\Program Files (x86)\Incredibuild\\Temp\DBFiles_AB42BA03-531E-4A75-828B-3A4C3BC7BD34_1790217042011.zip ], upload done for IB Manager (Data Access):  [ true ]
[2026-09-24 05:40:32.633] [info] [rest_module] [8468] [session_handlers.cpp:90] on_session_renew_post - refresh
[2026-09-24 05:50:32.652] [info] [rest_module] [8468] [session_handlers.cpp:90] on_session_renew_post - refresh
[2026-09-24 06:00:32.665] [info] [rest_module] [8468] [session_handlers.cpp:90] on_session_renew_post - refresh
[2026-09-24 06:10:32.672] [info] [rest_module] [8468] [session_handlers.cpp:90] on_session_renew_post - refresh
[2026-09-24 06:20:32.673] [info] [rest_module] [8468] [session_handlers.cpp:90] on_session_renew_post - refresh
[2026-09-24 06:30:32.674] [info] [rest_module] [8468] [session_handlers.cpp:90] on_session_renew_post - refresh
[2026-09-24 06:30:42.007] [info] [rest_database] [8468] [BuildsDatabaseImpl.cpp:258] Builds Database: Deleting tables history records after telemetry gZip file was created [ C:\Program Files (x86)\Incredibuild\\Temp\BuildsDB_AB42BA03-531E-4A75-828B-3A4C3BC7BD34_1790220642003.gz ].
[2026-09-24 06:30:42.017] [info] [rest_database] [8468] [CoordinatorDatabaseImpl.cpp:839] Coordinator Database: Deleting tables history records after telemetry gZip file was created [ C:\Program Files (x86)\Incredibuild\\Temp\CoordinatorDB_AB42BA03-531E-4A75-828B-3A4C3BC7BD34_1790220642003.gz ]. Purge all data = false
[2026-09-24 06:30:42.018] [info] [rest_telemetry] [8468] [TelemetryManagement.hpp:82] buildDbEmpty: [ true ]
[2026-09-24 06:30:42.721] [info] [rest_telemetry] [8468] [TelemetryManagement.hpp:122] Telemetry upload completed for gZip files:[ C:\Program Files (x86)\Incredibuild\\Temp\BuildsDB_AB42BA03-531E-4A75-828B-3A4C3BC7BD34_1790220642003.gz ], [ C:\Program Files (x86)\Incredibuild\\Temp\CoordinatorDB_AB42BA03-531E-4A75-828B-3A4C3BC7BD34_1790220642003.gz ], upload done for S3:  [ true ]
[2026-09-24 06:30:42.749] [info] [rest_telemetry] [8468] [TelemetryManagement.hpp:137] Telemetry upload completed for zip file:[ C:\Program Files (x86)\Incredibuild\\Temp\DBFiles_AB42BA03-531E-4A75-828B-3A4C3BC7BD34_1790220642003.zip ], upload done for IB Manager (Data Access):  [ true ]
[2026-09-24 06:40:32.679] [info] [rest_module] [8468] [session_handlers.cpp:90] on_session_renew_post - refresh
[2026-09-24 06:50:32.690] [info] [rest_module] [8468] [session_handlers.cpp:90] on_session_renew_post - refresh
[2026-09-24 07:00:32.693] [info] [rest_module] [8468] [session_handlers.cpp:90] on_session_renew_post - refresh
[2026-09-24 07:10:32.707] [info] [rest_module] [8468] [session_handlers.cpp:90] on_session_renew_post - refresh
[2026-09-24 07:20:32.716] [info] [rest_module] [8468] [session_handlers.cpp:90] on_session_renew_post - refresh
[2026-09-24 07:30:32.729] [info] [rest_module] [8468] [session_handlers.cpp:90] on_session_renew_post - refresh
[2026-09-24 07:30:42.010] [info] [rest_database] [8468] [BuildsDatabaseImpl.cpp:258] Builds Database: Deleting tables history records after telemetry gZip file was created [ C:\Program Files (x86)\Incredibuild\\Temp\BuildsDB_AB42BA03-531E-4A75-828B-3A4C3BC7BD34_1790224242004.gz ].
[2026-09-24 07:30:42.018] [info] [rest_database] [8468] [CoordinatorDatabaseImpl.cpp:839] Coordinator Database: Deleting tables history records after telemetry gZip file was created [ C:\Program Files (x86)\Incredibuild\\Temp\CoordinatorDB_AB42BA03-531E-4A75-828B-3A4C3BC7BD34_1790224242004.gz ]. Purge all data = false
[2026-09-24 07:30:42.019] [info] [rest_telemetry] [8468] [TelemetryManagement.hpp:82] buildDbEmpty: [ true ]
[2026-09-24 07:30:42.693] [info] [rest_telemetry] [8468] [TelemetryManagement.hpp:122] Telemetry upload completed for gZip files:[ C:\Program Files (x86)\Incredibuild\\Temp\BuildsDB_AB42BA03-531E-4A75-828B-3A4C3BC7BD34_1790224242004.gz ], [ C:\Program Files (x86)\Incredibuild\\Temp\CoordinatorDB_AB42BA03-531E-4A75-828B-3A4C3BC7BD34_1790224242004.gz ], upload done for S3:  [ true ]
[2026-09-24 07:30:42.720] [info] [rest_telemetry] [8468] [TelemetryManagement.hpp:137] Telemetry upload completed for zip file:[ C:\Program Files (x86)\Incredibuild\\Temp\DBFiles_AB42BA03-531E-4A75-828B-3A4C3BC7BD34_1790224242004.zip ], upload done for IB Manager (Data Access):  [ true ]
[2026-09-24 07:40:32.737] [info] [rest_module] [8468] [session_handlers.cpp:90] on_session_renew_post - refresh
[2026-09-24 07:50:32.745] [info] [rest_module] [8468] [session_handlers.cpp:90] on_session_renew_post - refresh
[2026-09-24 08:00:32.755] [info] [rest_module] [8468] [session_handlers.cpp:90] on_session_renew_post - refresh
[2026-09-24 08:10:32.765] [info] [rest_module] [8468] [session_handlers.cpp:90] on_session_renew_post - refresh
[2026-09-24 08:20:32.766] [info] [rest_module] [8468] [session_handlers.cpp:90] on_session_renew_post - refresh
[2026-09-24 08:30:32.783] [info] [rest_module] [8468] [session_handlers.cpp:90] on_session_renew_post - refresh
[2026-09-24 08:30:42.013] [info] [rest_database] [8468] [BuildsDatabaseImpl.cpp:258] Builds Database: Deleting tables history records after telemetry gZip file was created [ C:\Program Files (x86)\Incredibuild\\Temp\BuildsDB_AB42BA03-531E-4A75-828B-3A4C3BC7BD34_1790227842011.gz ].
[2026-09-24 08:30:42.019] [info] [rest_database] [8468] [CoordinatorDatabaseImpl.cpp:839] Coordinator Database: Deleting tables history records after telemetry gZip file was created [ C:\Program Files (x86)\Incredibuild\\Temp\CoordinatorDB_AB42BA03-531E-4A75-828B-3A4C3BC7BD34_1790227842011.gz ]. Purge all data = false
[2026-09-24 08:30:42.019] [info] [rest_telemetry] [8468] [TelemetryManagement.hpp:82] buildDbEmpty: [ true ]
[2026-09-24 08:30:43.780] [info] [rest_telemetry] [8468] [TelemetryManagement.hpp:122] Telemetry upload completed for gZip files:[ C:\Program Files (x86)\Incredibuild\\Temp\BuildsDB_AB42BA03-531E-4A75-828B-3A4C3BC7BD34_1790227842011.gz ], [ C:\Program Files (x86)\Incredibuild\\Temp\CoordinatorDB_AB42BA03-531E-4A75-828B-3A4C3BC7BD34_1790227842011.gz ], upload done for S3:  [ true ]
[2026-09-24 08:30:43.803] [info] [rest_telemetry] [8468] [TelemetryManagement.hpp:137] Telemetry upload completed for zip file:[ C:\Program Files (x86)\Incredibuild\\Temp\DBFiles_AB42BA03-531E-4A75-828B-3A4C3BC7BD34_1790227842011.zip ], upload done for IB Manager (Data Access):  [ true ]
[2026-09-24 08:40:32.793] [info] [rest_module] [8468] [session_handlers.cpp:90] on_session_renew_post - refresh
[2026-09-24 08:50:32.799] [info] [rest_module] [8468] [session_handlers.cpp:90] on_session_renew_post - refresh
[2026-09-24 09:00:32.800] [info] [rest_module] [8468] [session_handlers.cpp:90] on_session_renew_post - refresh
[2026-09-24 09:10:32.811] [info] [rest_module] [8468] [session_handlers.cpp:90] on_session_renew_post - refresh
[2026-09-24 09:20:32.817] [info] [rest_module] [8468] [session_handlers.cpp:90] on_session_renew_post - refresh
[2026-09-24 09:30:32.828] [info] [rest_module] [8468] [session_handlers.cpp:90] on_session_renew_post - refresh
[2026-09-24 09:30:43.016] [info] [rest_database] [8468] [BuildsDatabaseImpl.cpp:258] Builds Database: Deleting tables history records after telemetry gZip file was created [ C:\Program Files (x86)\Incredibuild\\Temp\BuildsDB_AB42BA03-531E-4A75-828B-3A4C3BC7BD34_1790231443008.gz ].
[2026-09-24 09:30:43.028] [info] [rest_database] [8468] [CoordinatorDatabaseImpl.cpp:839] Coordinator Database: Deleting tables history records after telemetry gZip file was created [ C:\Program Files (x86)\Incredibuild\\Temp\CoordinatorDB_AB42BA03-531E-4A75-828B-3A4C3BC7BD34_1790231443008.gz ]. Purge all data = false
[2026-09-24 09:30:43.028] [info] [rest_telemetry] [8468] [TelemetryManagement.hpp:82] buildDbEmpty: [ true ]
[2026-09-24 09:30:43.724] [info] [rest_telemetry] [8468] [TelemetryManagement.hpp:122] Telemetry upload completed for gZip files:[ C:\Program Files (x86)\Incredibuild\\Temp\BuildsDB_AB42BA03-531E-4A75-828B-3A4C3BC7BD34_1790231443008.gz ], [ C:\Program Files (x86)\Incredibuild\\Temp\CoordinatorDB_AB42BA03-531E-4A75-828B-3A4C3BC7BD34_1790231443008.gz ], upload done for S3:  [ true ]
[2026-09-24 09:30:43.754] [info] [rest_telemetry] [8468] [TelemetryManagement.hpp:137] Telemetry upload completed for zip file:[ C:\Program Files (x86)\Incredibuild\\Temp\DBFiles_AB42BA03-531E-4A75-828B-3A4C3BC7BD34_1790231443008.zip ], upload done for IB Manager (Data Access):  [ true ]
[2026-09-24 09:40:32.829] [info] [rest_module] [8468] [session_handlers.cpp:90] on_session_renew_post - refresh
[2026-09-24 09:50:32.838] [info] [rest_module] [8468] [session_handlers.cpp:90] on_session_renew_post - refresh
[2026-09-24 10:00:32.839] [info] [rest_module] [8468] [session_handlers.cpp:90] on_session_renew_post - refresh
[2026-09-24 10:10:32.838] [info] [rest_module] [8468] [session_handlers.cpp:90] on_session_renew_post - refresh
[2026-09-24 10:20:32.851] [info] [rest_module] [8468] [session_handlers.cpp:90] on_session_renew_post - refresh
[2026-09-24 10:30:32.847] [info] [rest_module] [8468] [session_handlers.cpp:90] on_session_renew_post - refresh
[2026-09-24 10:30:43.010] [info] [rest_database] [8468] [BuildsDatabaseImpl.cpp:258] Builds Database: Deleting tables history records after telemetry gZip file was created [ C:\Program Files (x86)\Incredibuild\\Temp\BuildsDB_AB42BA03-531E-4A75-828B-3A4C3BC7BD34_1790235043005.gz ].
[2026-09-24 10:30:43.021] [info] [rest_database] [8468] [CoordinatorDatabaseImpl.cpp:839] Coordinator Database: Deleting tables history records after telemetry gZip file was created [ C:\Program Files (x86)\Incredibuild\\Temp\CoordinatorDB_AB42BA03-531E-4A75-828B-3A4C3BC7BD34_1790235043005.gz ]. Purge all data = false
[2026-09-24 10:30:43.022] [info] [rest_telemetry] [8468] [TelemetryManagement.hpp:82] buildDbEmpty: [ true ]
[2026-09-24 10:30:43.991] [info] [rest_telemetry] [8468] [TelemetryManagement.hpp:122] Telemetry upload completed for gZip files:[ C:\Program Files (x86)\Incredibuild\\Temp\BuildsDB_AB42BA03-531E-4A75-828B-3A4C3BC7BD34_1790235043005.gz ], [ C:\Program Files (x86)\Incredibuild\\Temp\CoordinatorDB_AB42BA03-531E-4A75-828B-3A4C3BC7BD34_1790235043005.gz ], upload done for S3:  [ true ]
[2026-09-24 10:30:44.017] [info] [rest_telemetry] [8468] [TelemetryManagement.hpp:137] Telemetry upload completed for zip file:[ C:\Program Files (x86)\Incredibuild\\Temp\DBFiles_AB42BA03-531E-4A75-828B-3A4C3BC7BD34_1790235043005.zip ], upload done for IB Manager (Data Access):  [ true ]
[2026-09-24 10:40:32.867] [info] [rest_module] [8468] [session_handlers.cpp:90] on_session_renew_post - refresh
[2026-09-24 10:50:32.867] [info] [rest_module] [8468] [session_handlers.cpp:90] on_session_renew_post - refresh
[2026-09-24 11:00:32.880] [info] [rest_module] [8468] [session_handlers.cpp:90] on_session_renew_post - refresh
[2026-09-24 11:10:32.888] [info] [rest_module] [8468] [session_handlers.cpp:90] on_session_renew_post - refresh
[2026-09-24 11:20:32.903] [info] [rest_module] [8468] [session_handlers.cpp:90] on_session_renew_post - refresh
[2026-09-24 11:30:32.908] [info] [rest_module] [8468] [session_handlers.cpp:90] on_session_renew_post - refresh
[2026-09-24 11:30:44.018] [info] [rest_database] [8468] [BuildsDatabaseImpl.cpp:258] Builds Database: Deleting tables history records after telemetry gZip file was created [ C:\Program Files (x86)\Incredibuild\\Temp\BuildsDB_AB42BA03-531E-4A75-828B-3A4C3BC7BD34_1790238644012.gz ].
[2026-09-24 11:30:44.025] [info] [rest_database] [8468] [CoordinatorDatabaseImpl.cpp:839] Coordinator Database: Deleting tables history records after telemetry gZip file was created [ C:\Program Files (x86)\Incredibuild\\Temp\CoordinatorDB_AB42BA03-531E-4A75-828B-3A4C3BC7BD34_1790238644012.gz ]. Purge all data = false
[2026-09-24 11:30:44.026] [info] [rest_telemetry] [8468] [TelemetryManagement.hpp:82] buildDbEmpty: [ true ]
[2026-09-24 11:30:44.928] [info] [rest_telemetry] [8468] [TelemetryManagement.hpp:122] Telemetry upload completed for gZip files:[ C:\Program Files (x86)\Incredibuild\\Temp\BuildsDB_AB42BA03-531E-4A75-828B-3A4C3BC7BD34_1790238644012.gz ], [ C:\Program Files (x86)\Incredibuild\\Temp\CoordinatorDB_AB42BA03-531E-4A75-828B-3A4C3BC7BD34_1790238644012.gz ], upload done for S3:  [ true ]
[2026-09-24 11:30:44.954] [info] [rest_telemetry] [8468] [TelemetryManagement.hpp:137] Telemetry upload completed for zip file:[ C:\Program Files (x86)\Incredibuild\\Temp\DBFiles_AB42BA03-531E-4A75-828B-3A4C3BC7BD34_1790238644012.zip ], upload done for IB Manager (Data Access):  [ true ]
[2026-09-24 11:40:32.912] [info] [rest_module] [8468] [session_handlers.cpp:90] on_session_renew_post - refresh
[2026-09-24 11:50:32.912] [info] [rest_module] [8468] [session_handlers.cpp:90] on_session_renew_post - refresh
[2026-09-24 12:00:32.925] [info] [rest_module] [8468] [session_handlers.cpp:90] on_session_renew_post - refresh
[2026-09-24 12:10:32.940] [info] [rest_module] [8468] [session_handlers.cpp:90] on_session_renew_post - refresh
[2026-09-24 12:20:32.944] [info] [rest_module] [8468] [session_handlers.cpp:90] on_session_renew_post - refresh
[2026-09-24 12:30:32.952] [info] [rest_module] [8468] [session_handlers.cpp:90] on_session_renew_post - refresh
[2026-09-24 12:30:44.012] [info] [rest_database] [8468] [BuildsDatabaseImpl.cpp:258] Builds Database: Deleting tables history records after telemetry gZip file was created [ C:\Program Files (x86)\Incredibuild\\Temp\BuildsDB_AB42BA03-531E-4A75-828B-3A4C3BC7BD34_1790242244005.gz ].
[2026-09-24 12:30:44.021] [info] [rest_database] [8468] [CoordinatorDatabaseImpl.cpp:839] Coordinator Database: Deleting tables history records after telemetry gZip file was created [ C:\Program Files (x86)\Incredibuild\\Temp\CoordinatorDB_AB42BA03-531E-4A75-828B-3A4C3BC7BD34_1790242244005.gz ]. Purge all data = false
[2026-09-24 12:30:44.022] [info] [rest_telemetry] [8468] [TelemetryManagement.hpp:82] buildDbEmpty: [ true ]
[2026-09-24 12:30:44.943] [info] [rest_telemetry] [8468] [TelemetryManagement.hpp:122] Telemetry upload completed for gZip files:[ C:\Program Files (x86)\Incredibuild\\Temp\BuildsDB_AB42BA03-531E-4A75-828B-3A4C3BC7BD34_1790242244005.gz ], [ C:\Program Files (x86)\Incredibuild\\Temp\CoordinatorDB_AB42BA03-531E-4A75-828B-3A4C3BC7BD34_1790242244005.gz ], upload done for S3:  [ true ]
[2026-09-24 12:30:44.977] [info] [rest_telemetry] [8468] [TelemetryManagement.hpp:137] Telemetry upload completed for zip file:[ C:\Program Files (x86)\Incredibuild\\Temp\DBFiles_AB42BA03-531E-4A75-828B-3A4C3BC7BD34_1790242244005.zip ], upload done for IB Manager (Data Access):  [ true ]
[2026-09-24 12:40:32.964] [info] [rest_module] [8468] [session_handlers.cpp:90] on_session_renew_post - refresh
[2026-09-24 12:50:32.979] [info] [rest_module] [8468] [session_handlers.cpp:90] on_session_renew_post - refresh
[2026-09-24 13:00:32.982] [info] [rest_module] [8468] [session_handlers.cpp:90] on_session_renew_post - refresh
[2026-09-24 13:10:32.997] [info] [rest_module] [8468] [session_handlers.cpp:90] on_session_renew_post - refresh
[2026-09-24 13:20:33.005] [info] [rest_module] [8468] [session_handlers.cpp:90] on_session_renew_post - refresh
[2026-09-24 13:30:33.019] [info] [rest_module] [8468] [session_handlers.cpp:90] on_session_renew_post - refresh
[2026-09-24 13:30:44.013] [info] [rest_database] [8468] [BuildsDatabaseImpl.cpp:258] Builds Database: Deleting tables history records after telemetry gZip file was created [ C:\Program Files (x86)\Incredibuild\\Temp\BuildsDB_AB42BA03-531E-4A75-828B-3A4C3BC7BD34_1790245844010.gz ].
[2026-09-24 13:30:44.022] [info] [rest_database] [8468] [CoordinatorDatabaseImpl.cpp:839] Coordinator Database: Deleting tables history records after telemetry gZip file was created [ C:\Program Files (x86)\Incredibuild\\Temp\CoordinatorDB_AB42BA03-531E-4A75-828B-3A4C3BC7BD34_1790245844010.gz ]. Purge all data = false
[2026-09-24 13:30:44.023] [info] [rest_telemetry] [8468] [TelemetryManagement.hpp:82] buildDbEmpty: [ true ]
[2026-09-24 13:30:45.194] [info] [rest_telemetry] [8468] [TelemetryManagement.hpp:122] Telemetry upload completed for gZip files:[ C:\Program Files (x86)\Incredibuild\\Temp\BuildsDB_AB42BA03-531E-4A75-828B-3A4C3BC7BD34_1790245844010.gz ], [ C:\Program Files (x86)\Incredibuild\\Temp\CoordinatorDB_AB42BA03-531E-4A75-828B-3A4C3BC7BD34_1790245844010.gz ], upload done for S3:  [ true ]
[2026-09-24 13:30:45.220] [info] [rest_telemetry] [8468] [TelemetryManagement.hpp:137] Telemetry upload completed for zip file:[ C:\Program Files (x86)\Incredibuild\\Temp\DBFiles_AB42BA03-531E-4A75-828B-3A4C3BC7BD34_1790245844010.zip ], upload done for IB Manager (Data Access):  [ true ]
[2026-09-24 13:40:33.022] [info] [rest_module] [8468] [session_handlers.cpp:90] on_session_renew_post - refresh
[2026-09-24 13:50:33.030] [info] [rest_module] [8468] [session_handlers.cpp:90] on_session_renew_post - refresh
[2026-09-24 14:00:33.038] [info] [rest_module] [8468] [session_handlers.cpp:90] on_session_renew_post - refresh
[2026-09-24 14:10:33.038] [info] [rest_module] [8468] [session_handlers.cpp:90] on_session_renew_post - refresh
[2026-09-24 14:20:33.039] [info] [rest_module] [8468] [session_handlers.cpp:90] on_session_renew_post - refresh
[2026-09-24 14:30:33.044] [info] [rest_module] [8468] [session_handlers.cpp:90] on_session_renew_post - refresh
[2026-09-24 14:30:45.020] [info] [rest_database] [8468] [BuildsDatabaseImpl.cpp:258] Builds Database: Deleting tables history records after telemetry gZip file was created [ C:\Program Files (x86)\Incredibuild\\Temp\BuildsDB_AB42BA03-531E-4A75-828B-3A4C3BC7BD34_1790249445015.gz ].
[2026-09-24 14:30:45.032] [info] [rest_database] [8468] [CoordinatorDatabaseImpl.cpp:839] Coordinator Database: Deleting tables history records after telemetry gZip file was created [ C:\Program Files (x86)\Incredibuild\\Temp\CoordinatorDB_AB42BA03-531E-4A75-828B-3A4C3BC7BD34_1790249445015.gz ]. Purge all data = false
[2026-09-24 14:30:45.033] [info] [rest_telemetry] [8468] [TelemetryManagement.hpp:82] buildDbEmpty: [ true ]
[2026-09-24 14:30:45.913] [info] [rest_telemetry] [8468] [TelemetryManagement.hpp:122] Telemetry upload completed for gZip files:[ C:\Program Files (x86)\Incredibuild\\Temp\BuildsDB_AB42BA03-531E-4A75-828B-3A4C3BC7BD34_1790249445015.gz ], [ C:\Program Files (x86)\Incredibuild\\Temp\CoordinatorDB_AB42BA03-531E-4A75-828B-3A4C3BC7BD34_1790249445015.gz ], upload done for S3:  [ true ]
[2026-09-24 14:30:45.937] [info] [rest_telemetry] [8468] [TelemetryManagement.hpp:137] Telemetry upload completed for zip file:[ C:\Program Files (x86)\Incredibuild\\Temp\DBFiles_AB42BA03-531E-4A75-828B-3A4C3BC7BD34_1790249445015.zip ], upload done for IB Manager (Data Access):  [ true ]
[2026-09-24 14:40:33.046] [info] [rest_module] [8468] [session_handlers.cpp:90] on_session_renew_post - refresh
[2026-09-24 14:50:33.049] [info] [rest_module] [8468] [session_handlers.cpp:90] on_session_renew_post - refresh
[2026-09-24 15:00:33.050] [info] [rest_module] [8468] [session_handlers.cpp:90] on_session_renew_post - refresh
[2026-09-24 15:10:33.060] [info] [rest_module] [8468] [session_handlers.cpp:90] on_session_renew_post - refresh
[2026-09-24 15:20:33.068] [info] [rest_module] [8468] [session_handlers.cpp:90] on_session_renew_post - refresh
[2026-09-24 15:30:33.068] [info] [rest_module] [8468] [session_handlers.cpp:90] on_session_renew_post - refresh
[2026-09-24 15:30:45.020] [info] [rest_database] [8468] [BuildsDatabaseImpl.cpp:258] Builds Database: Deleting tables history records after telemetry gZip file was created [ C:\Program Files (x86)\Incredibuild\\Temp\BuildsDB_AB42BA03-531E-4A75-828B-3A4C3BC7BD34_1790253045012.gz ].
[2026-09-24 15:30:45.027] [info] [rest_database] [8468] [CoordinatorDatabaseImpl.cpp:839] Coordinator Database: Deleting tables history records after telemetry gZip file was created [ C:\Program Files (x86)\Incredibuild\\Temp\CoordinatorDB_AB42BA03-531E-4A75-828B-3A4C3BC7BD34_1790253045012.gz ]. Purge all data = false
[2026-09-24 15:30:45.028] [info] [rest_telemetry] [8468] [TelemetryManagement.hpp:82] buildDbEmpty: [ true ]
[2026-09-24 15:30:46.364] [info] [rest_telemetry] [8468] [TelemetryManagement.hpp:122] Telemetry upload completed for gZip files:[ C:\Program Files (x86)\Incredibuild\\Temp\BuildsDB_AB42BA03-531E-4A75-828B-3A4C3BC7BD34_1790253045012.gz ], [ C:\Program Files (x86)\Incredibuild\\Temp\CoordinatorDB_AB42BA03-531E-4A75-828B-3A4C3BC7BD34_1790253045012.gz ], upload done for S3:  [ true ]
[2026-09-24 15:30:46.392] [info] [rest_telemetry] [8468] [TelemetryManagement.hpp:137] Telemetry upload completed for zip file:[ C:\Program Files (x86)\Incredibuild\\Temp\DBFiles_AB42BA03-531E-4A75-828B-3A4C3BC7BD34_1790253045012.zip ], upload done for IB Manager (Data Access):  [ true ]
[2026-09-24 15:40:33.079] [info] [rest_module] [8468] [session_handlers.cpp:90] on_session_renew_post - refresh
[2026-09-24 15:50:33.076] [info] [rest_module] [8468] [session_handlers.cpp:90] on_session_renew_post - refresh
[2026-09-24 16:00:33.088] [info] [rest_module] [8468] [session_handlers.cpp:90] on_session_renew_post - refresh
[2026-09-24 16:10:33.087] [info] [rest_module] [8468] [session_handlers.cpp:90] on_session_renew_post - refresh
[2026-09-24 16:20:33.089] [info] [rest_module] [8468] [session_handlers.cpp:90] on_session_renew_post - refresh
[2026-09-24 16:30:33.089] [info] [rest_module] [8468] [session_handlers.cpp:90] on_session_renew_post - refresh
[2026-09-24 16:30:46.011] [info] [rest_database] [8468] [BuildsDatabaseImpl.cpp:258] Builds Database: Deleting tables history records after telemetry gZip file was created [ C:\Program Files (x86)\Incredibuild\\Temp\BuildsDB_AB42BA03-531E-4A75-828B-3A4C3BC7BD34_1790256646007.gz ].
[2026-09-24 16:30:46.017] [info] [rest_database] [8468] [CoordinatorDatabaseImpl.cpp:839] Coordinator Database: Deleting tables history records after telemetry gZip file was created [ C:\Program Files (x86)\Incredibuild\\Temp\CoordinatorDB_AB42BA03-531E-4A75-828B-3A4C3BC7BD34_1790256646007.gz ]. Purge all data = false
[2026-09-24 16:30:46.018] [info] [rest_telemetry] [8468] [TelemetryManagement.hpp:82] buildDbEmpty: [ true ]
[2026-09-24 16:30:46.960] [info] [rest_telemetry] [8468] [TelemetryManagement.hpp:122] Telemetry upload completed for gZip files:[ C:\Program Files (x86)\Incredibuild\\Temp\BuildsDB_AB42BA03-531E-4A75-828B-3A4C3BC7BD34_1790256646007.gz ], [ C:\Program Files (x86)\Incredibuild\\Temp\CoordinatorDB_AB42BA03-531E-4A75-828B-3A4C3BC7BD34_1790256646007.gz ], upload done for S3:  [ true ]
[2026-09-24 16:30:46.992] [info] [rest_telemetry] [8468] [TelemetryManagement.hpp:137] Telemetry upload completed for zip file:[ C:\Program Files (x86)\Incredibuild\\Temp\DBFiles_AB42BA03-531E-4A75-828B-3A4C3BC7BD34_1790256646007.zip ], upload done for IB Manager (Data Access):  [ true ]
[2026-09-24 16:40:33.096] [info] [rest_module] [8468] [session_handlers.cpp:90] on_session_renew_post - refresh
[2026-09-24 16:50:33.099] [info] [rest_module] [8468] [session_handlers.cpp:90] on_session_renew_post - refresh
[2026-09-24 17:00:33.112] [info] [rest_module] [8468] [session_handlers.cpp:90] on_session_renew_post - refresh
[2026-09-24 17:10:33.115] [info] [rest_module] [8468] [session_handlers.cpp:90] on_session_renew_post - refresh
[2026-09-24 17:20:33.125] [info] [rest_module] [8468] [session_handlers.cpp:90] on_session_renew_post - refresh
[2026-09-24 17:30:33.124] [info] [rest_module] [8468] [session_handlers.cpp:90] on_session_renew_post - refresh
[2026-09-24 17:30:46.008] [info] [rest_database] [8468] [BuildsDatabaseImpl.cpp:258] Builds Database: Deleting tables history records after telemetry gZip file was created [ C:\Program Files (x86)\Incredibuild\\Temp\BuildsDB_AB42BA03-531E-4A75-828B-3A4C3BC7BD34_1790260246006.gz ].
[2026-09-24 17:30:46.012] [info] [rest_database] [8468] [CoordinatorDatabaseImpl.cpp:839] Coordinator Database: Deleting tables history records after telemetry gZip file was created [ C:\Program Files (x86)\Incredibuild\\Temp\CoordinatorDB_AB42BA03-531E-4A75-828B-3A4C3BC7BD34_1790260246006.gz ]. Purge all data = false
[2026-09-24 17:30:46.013] [info] [rest_telemetry] [8468] [TelemetryManagement.hpp:82] buildDbEmpty: [ true ]
[2026-09-24 17:30:47.293] [info] [rest_telemetry] [8468] [TelemetryManagement.hpp:122] Telemetry upload completed for gZip files:[ C:\Program Files (x86)\Incredibuild\\Temp\BuildsDB_AB42BA03-531E-4A75-828B-3A4C3BC7BD34_1790260246006.gz ], [ C:\Program Files (x86)\Incredibuild\\Temp\CoordinatorDB_AB42BA03-531E-4A75-828B-3A4C3BC7BD34_1790260246006.gz ], upload done for S3:  [ true ]
[2026-09-24 17:30:47.317] [info] [rest_telemetry] [8468] [TelemetryManagement.hpp:137] Telemetry upload completed for zip file:[ C:\Program Files (x86)\Incredibuild\\Temp\DBFiles_AB42BA03-531E-4A75-828B-3A4C3BC7BD34_1790260246006.zip ], upload done for IB Manager (Data Access):  [ true ]
[2026-09-24 17:40:33.133] [info] [rest_module] [8468] [session_handlers.cpp:90] on_session_renew_post - refresh
[2026-09-24 17:50:33.137] [info] [rest_module] [8468] [session_handlers.cpp:90] on_session_renew_post - refresh
[2026-09-24 18:00:33.148] [info] [rest_module] [8468] [session_handlers.cpp:90] on_session_renew_post - refresh
[2026-09-24 18:10:33.161] [info] [rest_module] [8468] [session_handlers.cpp:90] on_session_renew_post - refresh
[2026-09-24 18:20:33.169] [info] [rest_module] [8468] [session_handlers.cpp:90] on_session_renew_post - refresh
[2026-09-24 18:30:33.175] [info] [rest_module] [8468] [session_handlers.cpp:90] on_session_renew_post - refresh
[2026-09-24 18:30:47.019] [info] [rest_database] [8468] [BuildsDatabaseImpl.cpp:258] Builds Database: Deleting tables history records after telemetry gZip file was created [ C:\Program Files (x86)\Incredibuild\\Temp\BuildsDB_AB42BA03-531E-4A75-828B-3A4C3BC7BD34_1790263847015.gz ].
[2026-09-24 18:30:47.025] [info] [rest_database] [8468] [CoordinatorDatabaseImpl.cpp:839] Coordinator Database: Deleting tables history records after telemetry gZip file was created [ C:\Program Files (x86)\Incredibuild\\Temp\CoordinatorDB_AB42BA03-531E-4A75-828B-3A4C3BC7BD34_1790263847015.gz ]. Purge all data = false
[2026-09-24 18:30:47.026] [info] [rest_telemetry] [8468] [TelemetryManagement.hpp:82] buildDbEmpty: [ true ]
[2026-09-24 18:30:47.935] [info] [rest_telemetry] [8468] [TelemetryManagement.hpp:122] Telemetry upload completed for gZip files:[ C:\Program Files (x86)\Incredibuild\\Temp\BuildsDB_AB42BA03-531E-4A75-828B-3A4C3BC7BD34_1790263847015.gz ], [ C:\Program Files (x86)\Incredibuild\\Temp\CoordinatorDB_AB42BA03-531E-4A75-828B-3A4C3BC7BD34_1790263847015.gz ], upload done for S3:  [ true ]
[2026-09-24 18:30:47.964] [info] [rest_telemetry] [8468] [TelemetryManagement.hpp:137] Telemetry upload completed for zip file:[ C:\Program Files (x86)\Incredibuild\\Temp\DBFiles_AB42BA03-531E-4A75-828B-3A4C3BC7BD34_1790263847015.zip ], upload done for IB Manager (Data Access):  [ true ]
[2026-09-24 18:40:33.188] [info] [rest_module] [8468] [session_handlers.cpp:90] on_session_renew_post - refresh
[2026-09-24 18:50:33.191] [info] [rest_module] [8468] [session_handlers.cpp:90] on_session_renew_post - refresh
[2026-09-24 19:00:33.206] [info] [rest_module] [8468] [session_handlers.cpp:90] on_session_renew_post - refresh
[2026-09-24 19:10:33.214] [info] [rest_module] [8468] [session_handlers.cpp:90] on_session_renew_post - refresh
[2026-09-24 19:20:33.220] [info] [rest_module] [8468] [session_handlers.cpp:90] on_session_renew_post - refresh
[2026-09-24 19:30:33.228] [info] [rest_module] [8468] [session_handlers.cpp:90] on_session_renew_post - refresh
[2026-09-24 19:30:47.020] [info] [rest_database] [8468] [BuildsDatabaseImpl.cpp:258] Builds Database: Deleting tables history records after telemetry gZip file was created [ C:\Program Files (x86)\Incredibuild\\Temp\BuildsDB_AB42BA03-531E-4A75-828B-3A4C3BC7BD34_1790267447014.gz ].
[2026-09-24 19:30:47.029] [info] [rest_database] [8468] [CoordinatorDatabaseImpl.cpp:839] Coordinator Database: Deleting tables history records after telemetry gZip file was created [ C:\Program Files (x86)\Incredibuild\\Temp\CoordinatorDB_AB42BA03-531E-4A75-828B-3A4C3BC7BD34_1790267447014.gz ]. Purge all data = false
[2026-09-24 19:30:47.030] [info] [rest_telemetry] [8468] [TelemetryManagement.hpp:82] buildDbEmpty: [ true ]
[2026-09-24 19:30:49.859] [info] [rest_telemetry] [8468] [TelemetryManagement.hpp:122] Telemetry upload completed for gZip files:[ C:\Program Files (x86)\Incredibuild\\Temp\BuildsDB_AB42BA03-531E-4A75-828B-3A4C3BC7BD34_1790267447014.gz ], [ C:\Program Files (x86)\Incredibuild\\Temp\CoordinatorDB_AB42BA03-531E-4A75-828B-3A4C3BC7BD34_1790267447014.gz ], upload done for S3:  [ true ]
[2026-09-24 19:30:49.884] [info] [rest_telemetry] [8468] [TelemetryManagement.hpp:137] Telemetry upload completed for zip file:[ C:\Program Files (x86)\Incredibuild\\Temp\DBFiles_AB42BA03-531E-4A75-828B-3A4C3BC7BD34_1790267447014.zip ], upload done for IB Manager (Data Access):  [ true ]
[2026-09-24 19:40:33.229] [info] [rest_module] [8468] [session_handlers.cpp:90] on_session_renew_post - refresh
[2026-09-24 19:50:33.233] [info] [rest_module] [8468] [session_handlers.cpp:90] on_session_renew_post - refresh
[2026-09-24 20:00:33.246] [info] [rest_module] [8468] [session_handlers.cpp:90] on_session_renew_post - refresh
[2026-09-24 20:10:33.256] [info] [rest_module] [8468] [session_handlers.cpp:90] on_session_renew_post - refresh
[2026-09-24 20:20:33.257] [info] [rest_module] [8468] [session_handlers.cpp:90] on_session_renew_post - refresh
[2026-09-24 20:30:33.272] [info] [rest_module] [8468] [session_handlers.cpp:90] on_session_renew_post - refresh
[2026-09-24 20:30:49.015] [info] [rest_database] [8468] [BuildsDatabaseImpl.cpp:258] Builds Database: Deleting tables history records after telemetry gZip file was created [ C:\Program Files (x86)\Incredibuild\\Temp\BuildsDB_AB42BA03-531E-4A75-828B-3A4C3BC7BD34_1790271049012.gz ].
[2026-09-24 20:30:49.022] [info] [rest_database] [8468] [CoordinatorDatabaseImpl.cpp:839] Coordinator Database: Deleting tables history records after telemetry gZip file was created [ C:\Program Files (x86)\Incredibuild\\Temp\CoordinatorDB_AB42BA03-531E-4A75-828B-3A4C3BC7BD34_1790271049012.gz ]. Purge all data = false
[2026-09-24 20:30:49.022] [info] [rest_telemetry] [8468] [TelemetryManagement.hpp:82] buildDbEmpty: [ true ]
[2026-09-24 20:30:49.914] [info] [rest_telemetry] [8468] [TelemetryManagement.hpp:122] Telemetry upload completed for gZip files:[ C:\Program Files (x86)\Incredibuild\\Temp\BuildsDB_AB42BA03-531E-4A75-828B-3A4C3BC7BD34_1790271049012.gz ], [ C:\Program Files (x86)\Incredibuild\\Temp\CoordinatorDB_AB42BA03-531E-4A75-828B-3A4C3BC7BD34_1790271049012.gz ], upload done for S3:  [ true ]
[2026-09-24 20:30:49.940] [info] [rest_telemetry] [8468] [TelemetryManagement.hpp:137] Telemetry upload completed for zip file:[ C:\Program Files (x86)\Incredibuild\\Temp\DBFiles_AB42BA03-531E-4A75-828B-3A4C3BC7BD34_1790271049012.zip ], upload done for IB Manager (Data Access):  [ true ]
[2026-09-24 20:40:33.280] [info] [rest_module] [8468] [session_handlers.cpp:90] on_session_renew_post - refresh
[2026-09-24 20:50:33.292] [info] [rest_module] [8468] [session_handlers.cpp:90] on_session_renew_post - refresh
[2026-09-24 21:00:33.291] [info] [rest_module] [8468] [session_handlers.cpp:90] on_session_renew_post - refresh
[2026-09-24 21:10:33.301] [info] [rest_module] [8468] [session_handlers.cpp:90] on_session_renew_post - refresh
[2026-09-24 21:20:33.308] [info] [rest_module] [8468] [session_handlers.cpp:90] on_session_renew_post - refresh
[2026-09-24 21:30:33.312] [info] [rest_module] [8468] [session_handlers.cpp:90] on_session_renew_post - refresh
[2026-09-24 21:30:49.017] [info] [rest_database] [8468] [BuildsDatabaseImpl.cpp:258] Builds Database: Deleting tables history records after telemetry gZip file was created [ C:\Program Files (x86)\Incredibuild\\Temp\BuildsDB_AB42BA03-531E-4A75-828B-3A4C3BC7BD34_1790274649014.gz ].
[2026-09-24 21:30:49.026] [info] [rest_database] [8468] [CoordinatorDatabaseImpl.cpp:839] Coordinator Database: Deleting tables history records after telemetry gZip file was created [ C:\Program Files (x86)\Incredibuild\\Temp\CoordinatorDB_AB42BA03-531E-4A75-828B-3A4C3BC7BD34_1790274649014.gz ]. Purge all data = false
[2026-09-24 21:30:49.027] [info] [rest_telemetry] [8468] [TelemetryManagement.hpp:82] buildDbEmpty: [ true ]
[2026-09-24 21:30:49.978] [info] [rest_telemetry] [8468] [TelemetryManagement.hpp:122] Telemetry upload completed for gZip files:[ C:\Program Files (x86)\Incredibuild\\Temp\BuildsDB_AB42BA03-531E-4A75-828B-3A4C3BC7BD34_1790274649014.gz ], [ C:\Program Files (x86)\Incredibuild\\Temp\CoordinatorDB_AB42BA03-531E-4A75-828B-3A4C3BC7BD34_1790274649014.gz ], upload done for S3:  [ true ]
[2026-09-24 21:30:50.001] [info] [rest_telemetry] [8468] [TelemetryManagement.hpp:137] Telemetry upload completed for zip file:[ C:\Program Files (x86)\Incredibuild\\Temp\DBFiles_AB42BA03-531E-4A75-828B-3A4C3BC7BD34_1790274649014.zip ], upload done for IB Manager (Data Access):  [ true ]
[2026-09-24 21:40:33.316] [info] [rest_module] [8468] [session_handlers.cpp:90] on_session_renew_post - refresh
[2026-09-24 21:50:33.327] [info] [rest_module] [8468] [session_handlers.cpp:90] on_session_renew_post - refresh
[2026-09-24 22:00:33.328] [info] [rest_module] [8468] [session_handlers.cpp:90] on_session_renew_post - refresh
[2026-09-24 22:10:33.343] [info] [rest_module] [8468] [session_handlers.cpp:90] on_session_renew_post - refresh
[2026-09-24 22:20:33.356] [info] [rest_module] [8468] [session_handlers.cpp:90] on_session_renew_post - refresh
[2026-09-24 22:30:33.370] [info] [rest_module] [8468] [session_handlers.cpp:90] on_session_renew_post - refresh
[2026-09-24 22:30:50.011] [info] [rest_database] [8468] [BuildsDatabaseImpl.cpp:258] Builds Database: Deleting tables history records after telemetry gZip file was created [ C:\Program Files (x86)\Incredibuild\\Temp\BuildsDB_AB42BA03-531E-4A75-828B-3A4C3BC7BD34_1790278250009.gz ].
[2026-09-24 22:30:50.018] [info] [rest_database] [8468] [CoordinatorDatabaseImpl.cpp:839] Coordinator Database: Deleting tables history records after telemetry gZip file was created [ C:\Program Files (x86)\Incredibuild\\Temp\CoordinatorDB_AB42BA03-531E-4A75-828B-3A4C3BC7BD34_1790278250009.gz ]. Purge all data = false
[2026-09-24 22:30:50.018] [info] [rest_telemetry] [8468] [TelemetryManagement.hpp:82] buildDbEmpty: [ true ]
[2026-09-24 22:30:50.918] [info] [rest_telemetry] [8468] [TelemetryManagement.hpp:122] Telemetry upload completed for gZip files:[ C:\Program Files (x86)\Incredibuild\\Temp\BuildsDB_AB42BA03-531E-4A75-828B-3A4C3BC7BD34_1790278250009.gz ], [ C:\Program Files (x86)\Incredibuild\\Temp\CoordinatorDB_AB42BA03-531E-4A75-828B-3A4C3BC7BD34_1790278250009.gz ], upload done for S3:  [ true ]
[2026-09-24 22:30:50.945] [info] [rest_telemetry] [8468] [TelemetryManagement.hpp:137] Telemetry upload completed for zip file:[ C:\Program Files (x86)\Incredibuild\\Temp\DBFiles_AB42BA03-531E-4A75-828B-3A4C3BC7BD34_1790278250009.zip ], upload done for IB Manager (Data Access):  [ true ]
[2026-09-24 22:40:33.373] [info] [rest_module] [8468] [session_handlers.cpp:90] on_session_renew_post - refresh
[2026-09-24 22:50:33.382] [info] [rest_module] [8468] [session_handlers.cpp:90] on_session_renew_post - refresh
[2026-09-24 23:00:33.384] [info] [rest_module] [8468] [session_handlers.cpp:90] on_session_renew_post - refresh
[2026-09-24 23:10:33.399] [info] [rest_module] [8468] [session_handlers.cpp:90] on_session_renew_post - refresh
[2026-09-24 23:20:33.402] [info] [rest_module] [8468] [session_handlers.cpp:90] on_session_renew_post - refresh
[2026-09-24 23:30:33.415] [info] [rest_module] [8468] [session_handlers.cpp:90] on_session_renew_post - refresh
[2026-09-24 23:30:50.017] [info] [rest_database] [8468] [BuildsDatabaseImpl.cpp:258] Builds Database: Deleting tables history records after telemetry gZip file was created [ C:\Program Files (x86)\Incredibuild\\Temp\BuildsDB_AB42BA03-531E-4A75-828B-3A4C3BC7BD34_1790281850013.gz ].
[2026-09-24 23:30:50.024] [info] [rest_database] [8468] [CoordinatorDatabaseImpl.cpp:839] Coordinator Database: Deleting tables history records after telemetry gZip file was created [ C:\Program Files (x86)\Incredibuild\\Temp\CoordinatorDB_AB42BA03-531E-4A75-828B-3A4C3BC7BD34_1790281850013.gz ]. Purge all data = false
[2026-09-24 23:30:50.025] [info] [rest_telemetry] [8468] [TelemetryManagement.hpp:82] buildDbEmpty: [ true ]
[2026-09-24 23:30:50.958] [info] [rest_telemetry] [8468] [TelemetryManagement.hpp:122] Telemetry upload completed for gZip files:[ C:\Program Files (x86)\Incredibuild\\Temp\BuildsDB_AB42BA03-531E-4A75-828B-3A4C3BC7BD34_1790281850013.gz ], [ C:\Program Files (x86)\Incredibuild\\Temp\CoordinatorDB_AB42BA03-531E-4A75-828B-3A4C3BC7BD34_1790281850013.gz ], upload done for S3:  [ true ]
[2026-09-24 23:30:50.982] [info] [rest_telemetry] [8468] [TelemetryManagement.hpp:137] Telemetry upload completed for zip file:[ C:\Program Files (x86)\Incredibuild\\Temp\DBFiles_AB42BA03-531E-4A75-828B-3A4C3BC7BD34_1790281850013.zip ], upload done for IB Manager (Data Access):  [ true ]
[2026-09-24 23:40:33.416] [info] [rest_module] [8468] [session_handlers.cpp:90] on_session_renew_post - refresh
[2026-09-24 23:50:33.424] [info] [rest_module] [8468] [session_handlers.cpp:90] on_session_renew_post - refresh
[2026-09-25 00:00:33.427] [info] [rest_module] [8468] [session_handlers.cpp:90] on_session_renew_post - refresh
[2026-09-25 00:10:33.429] [info] [rest_module] [8468] [session_handlers.cpp:90] on_session_renew_post - refresh
[2026-09-25 00:20:33.439] [info] [rest_module] [8468] [session_handlers.cpp:90] on_session_renew_post - refresh
[2026-09-25 00:30:33.446] [info] [rest_module] [8468] [session_handlers.cpp:90] on_session_renew_post - refresh
[2026-09-25 00:30:50.018] [info] [rest_database] [8468] [BuildsDatabaseImpl.cpp:258] Builds Database: Deleting tables history records after telemetry gZip file was created [ C:\Program Files (x86)\Incredibuild\\Temp\BuildsDB_AB42BA03-531E-4A75-828B-3A4C3BC7BD34_1790285450015.gz ].
[2026-09-25 00:30:50.024] [info] [rest_database] [8468] [CoordinatorDatabaseImpl.cpp:839] Coordinator Database: Deleting tables history records after telemetry gZip file was created [ C:\Program Files (x86)\Incredibuild\\Temp\CoordinatorDB_AB42BA03-531E-4A75-828B-3A4C3BC7BD34_1790285450015.gz ]. Purge all data = false
[2026-09-25 00:30:50.025] [info] [rest_telemetry] [8468] [TelemetryManagement.hpp:82] buildDbEmpty: [ true ]
[2026-09-25 00:30:50.909] [info] [rest_telemetry] [8468] [TelemetryManagement.hpp:122] Telemetry upload completed for gZip files:[ C:\Program Files (x86)\Incredibuild\\Temp\BuildsDB_AB42BA03-531E-4A75-828B-3A4C3BC7BD34_1790285450015.gz ], [ C:\Program Files (x86)\Incredibuild\\Temp\CoordinatorDB_AB42BA03-531E-4A75-828B-3A4C3BC7BD34_1790285450015.gz ], upload done for S3:  [ true ]
[2026-09-25 00:30:50.937] [info] [rest_telemetry] [8468] [TelemetryManagement.hpp:137] Telemetry upload completed for zip file:[ C:\Program Files (x86)\Incredibuild\\Temp\DBFiles_AB42BA03-531E-4A75-828B-3A4C3BC7BD34_1790285450015.zip ], upload done for IB Manager (Data Access):  [ true ]
[2026-09-25 00:40:33.464] [info] [rest_module] [8468] [session_handlers.cpp:90] on_session_renew_post - refresh
[2026-09-25 00:50:33.473] [info] [rest_module] [8468] [session_handlers.cpp:90] on_session_renew_post - refresh
[2026-09-25 01:00:33.487] [info] [rest_module] [8468] [session_handlers.cpp:90] on_session_renew_post - refresh
[2026-09-25 01:10:33.503] [info] [rest_module] [8468] [session_handlers.cpp:90] on_session_renew_post - refresh
[2026-09-25 01:20:33.512] [info] [rest_module] [8468] [session_handlers.cpp:90] on_session_renew_post - refresh
[2026-09-25 01:30:33.524] [info] [rest_module] [8468] [session_handlers.cpp:90] on_session_renew_post - refresh
[2026-09-25 01:30:50.016] [info] [rest_database] [8468] [BuildsDatabaseImpl.cpp:258] Builds Database: Deleting tables history records after telemetry gZip file was created [ C:\Program Files (x86)\Incredibuild\\Temp\BuildsDB_AB42BA03-531E-4A75-828B-3A4C3BC7BD34_1790289050011.gz ].
[2026-09-25 01:30:50.026] [info] [rest_database] [8468] [CoordinatorDatabaseImpl.cpp:839] Coordinator Database: Deleting tables history records after telemetry gZip file was created [ C:\Program Files (x86)\Incredibuild\\Temp\CoordinatorDB_AB42BA03-531E-4A75-828B-3A4C3BC7BD34_1790289050011.gz ]. Purge all data = false
[2026-09-25 01:30:50.027] [info] [rest_telemetry] [8468] [TelemetryManagement.hpp:82] buildDbEmpty: [ true ]
[2026-09-25 01:30:50.711] [info] [rest_telemetry] [8468] [TelemetryManagement.hpp:122] Telemetry upload completed for gZip files:[ C:\Program Files (x86)\Incredibuild\\Temp\BuildsDB_AB42BA03-531E-4A75-828B-3A4C3BC7BD34_1790289050011.gz ], [ C:\Program Files (x86)\Incredibuild\\Temp\CoordinatorDB_AB42BA03-531E-4A75-828B-3A4C3BC7BD34_1790289050011.gz ], upload done for S3:  [ true ]
[2026-09-25 01:30:50.738] [info] [rest_telemetry] [8468] [TelemetryManagement.hpp:137] Telemetry upload completed for zip file:[ C:\Program Files (x86)\Incredibuild\\Temp\DBFiles_AB42BA03-531E-4A75-828B-3A4C3BC7BD34_1790289050011.zip ], upload done for IB Manager (Data Access):  [ true ]
[2026-09-25 01:40:33.528] [info] [rest_module] [8468] [session_handlers.cpp:90] on_session_renew_post - refresh
[2026-09-25 01:50:33.534] [info] [rest_module] [8468] [session_handlers.cpp:90] on_session_renew_post - refresh
[2026-09-25 02:00:33.541] [info] [rest_module] [8468] [session_handlers.cpp:90] on_session_renew_post - refresh
[2026-09-25 02:10:33.544] [info] [rest_module] [8468] [session_handlers.cpp:90] on_session_renew_post - refresh
[2026-09-25 02:20:33.549] [info] [rest_module] [8468] [session_handlers.cpp:90] on_session_renew_post - refresh
[2026-09-25 02:30:33.560] [info] [rest_module] [8468] [session_handlers.cpp:90] on_session_renew_post - refresh
[2026-09-25 02:30:50.006] [info] [rest_database] [8468] [BuildsDatabaseImpl.cpp:258] Builds Database: Deleting tables history records after telemetry gZip file was created [ C:\Program Files (x86)\Incredibuild\\Temp\BuildsDB_AB42BA03-531E-4A75-828B-3A4C3BC7BD34_1790292650001.gz ].
[2026-09-25 02:30:50.014] [info] [rest_database] [8468] [CoordinatorDatabaseImpl.cpp:839] Coordinator Database: Deleting tables history records after telemetry gZip file was created [ C:\Program Files (x86)\Incredibuild\\Temp\CoordinatorDB_AB42BA03-531E-4A75-828B-3A4C3BC7BD34_1790292650001.gz ]. Purge all data = false
[2026-09-25 02:30:50.014] [info] [rest_telemetry] [8468] [TelemetryManagement.hpp:82] buildDbEmpty: [ true ]
[2026-09-25 02:30:50.715] [info] [rest_telemetry] [8468] [TelemetryManagement.hpp:122] Telemetry upload completed for gZip files:[ C:\Program Files (x86)\Incredibuild\\Temp\BuildsDB_AB42BA03-531E-4A75-828B-3A4C3BC7BD34_1790292650001.gz ], [ C:\Program Files (x86)\Incredibuild\\Temp\CoordinatorDB_AB42BA03-531E-4A75-828B-3A4C3BC7BD34_1790292650001.gz ], upload done for S3:  [ true ]
[2026-09-25 02:30:50.746] [info] [rest_telemetry] [8468] [TelemetryManagement.hpp:137] Telemetry upload completed for zip file:[ C:\Program Files (x86)\Incredibuild\\Temp\DBFiles_AB42BA03-531E-4A75-828B-3A4C3BC7BD34_1790292650001.zip ], upload done for IB Manager (Data Access):  [ true ]
[2026-09-25 02:40:33.561] [info] [rest_module] [8468] [session_handlers.cpp:90] on_session_renew_post - refresh
[2026-09-25 02:50:33.560] [info] [rest_module] [8468] [session_handlers.cpp:90] on_session_renew_post - refresh
[2026-09-25 03:00:33.559] [info] [rest_module] [8468] [session_handlers.cpp:90] on_session_renew_post - refresh
[2026-09-25 03:10:33.559] [info] [rest_module] [8468] [session_handlers.cpp:90] on_session_renew_post - refresh
[2026-09-25 03:20:33.576] [info] [rest_module] [8468] [session_handlers.cpp:90] on_session_renew_post - refresh
[2026-09-25 03:30:33.580] [info] [rest_module] [8468] [session_handlers.cpp:90] on_session_renew_post - refresh
[2026-09-25 03:30:50.010] [info] [rest_database] [8468] [BuildsDatabaseImpl.cpp:258] Builds Database: Deleting tables history records after telemetry gZip file was created [ C:\Program Files (x86)\Incredibuild\\Temp\BuildsDB_AB42BA03-531E-4A75-828B-3A4C3BC7BD34_1790296250003.gz ].
[2026-09-25 03:30:50.019] [info] [rest_database] [8468] [CoordinatorDatabaseImpl.cpp:839] Coordinator Database: Deleting tables history records after telemetry gZip file was created [ C:\Program Files (x86)\Incredibuild\\Temp\CoordinatorDB_AB42BA03-531E-4A75-828B-3A4C3BC7BD34_1790296250003.gz ]. Purge all data = false
[2026-09-25 03:30:50.023] [info] [rest_telemetry] [8468] [TelemetryManagement.hpp:82] buildDbEmpty: [ true ]
[2026-09-25 03:30:50.701] [info] [rest_telemetry] [8468] [TelemetryManagement.hpp:122] Telemetry upload completed for gZip files:[ C:\Program Files (x86)\Incredibuild\\Temp\BuildsDB_AB42BA03-531E-4A75-828B-3A4C3BC7BD34_1790296250003.gz ], [ C:\Program Files (x86)\Incredibuild\\Temp\CoordinatorDB_AB42BA03-531E-4A75-828B-3A4C3BC7BD34_1790296250003.gz ], upload done for S3:  [ true ]
[2026-09-25 03:30:50.726] [info] [rest_telemetry] [8468] [TelemetryManagement.hpp:137] Telemetry upload completed for zip file:[ C:\Program Files (x86)\Incredibuild\\Temp\DBFiles_AB42BA03-531E-4A75-828B-3A4C3BC7BD34_1790296250003.zip ], upload done for IB Manager (Data Access):  [ true ]
[2026-09-25 03:40:33.586] [info] [rest_module] [8468] [session_handlers.cpp:90] on_session_renew_post - refresh
[2026-09-25 03:50:33.586] [info] [rest_module] [8468] [session_handlers.cpp:90] on_session_renew_post - refresh
[2026-09-25 04:00:33.603] [info] [rest_module] [8468] [session_handlers.cpp:90] on_session_renew_post - refresh
[2026-09-25 04:10:33.611] [info] [rest_module] [8468] [session_handlers.cpp:90] on_session_renew_post - refresh
[2026-09-25 04:20:33.629] [info] [rest_module] [8468] [session_handlers.cpp:90] on_session_renew_post - refresh
[2026-09-25 04:30:33.636] [info] [rest_module] [8468] [session_handlers.cpp:90] on_session_renew_post - refresh
[2026-09-25 04:30:50.005] [info] [rest_database] [8468] [BuildsDatabaseImpl.cpp:258] Builds Database: Deleting tables history records after telemetry gZip file was created [ C:\Program Files (x86)\Incredibuild\\Temp\BuildsDB_AB42BA03-531E-4A75-828B-3A4C3BC7BD34_1790299850002.gz ].
[2026-09-25 04:30:50.018] [info] [rest_database] [8468] [CoordinatorDatabaseImpl.cpp:839] Coordinator Database: Deleting tables history records after telemetry gZip file was created [ C:\Program Files (x86)\Incredibuild\\Temp\CoordinatorDB_AB42BA03-531E-4A75-828B-3A4C3BC7BD34_1790299850002.gz ]. Purge all data = false
[2026-09-25 04:30:50.019] [info] [rest_telemetry] [8468] [TelemetryManagement.hpp:82] buildDbEmpty: [ true ]
[2026-09-25 04:30:51.398] [info] [rest_telemetry] [8468] [TelemetryManagement.hpp:122] Telemetry upload completed for gZip files:[ C:\Program Files (x86)\Incredibuild\\Temp\BuildsDB_AB42BA03-531E-4A75-828B-3A4C3BC7BD34_1790299850002.gz ], [ C:\Program Files (x86)\Incredibuild\\Temp\CoordinatorDB_AB42BA03-531E-4A75-828B-3A4C3BC7BD34_1790299850002.gz ], upload done for S3:  [ true ]
[2026-09-25 04:30:51.426] [info] [rest_telemetry] [8468] [TelemetryManagement.hpp:137] Telemetry upload completed for zip file:[ C:\Program Files (x86)\Incredibuild\\Temp\DBFiles_AB42BA03-531E-4A75-828B-3A4C3BC7BD34_1790299850002.zip ], upload done for IB Manager (Data Access):  [ true ]
[2026-09-25 04:40:33.637] [info] [rest_module] [8468] [session_handlers.cpp:90] on_session_renew_post - refresh
[2026-09-25 04:50:33.639] [info] [rest_module] [8468] [session_handlers.cpp:90] on_session_renew_post - refresh
[2026-09-25 05:00:33.640] [info] [rest_module] [8468] [session_handlers.cpp:90] on_session_renew_post - refresh
[2026-09-25 05:10:33.654] [info] [rest_module] [8468] [session_handlers.cpp:90] on_session_renew_post - refresh
[2026-09-25 05:20:33.668] [info] [rest_module] [8468] [session_handlers.cpp:90] on_session_renew_post - refresh
[2026-09-25 05:30:33.671] [info] [rest_module] [8468] [session_handlers.cpp:90] on_session_renew_post - refresh
[2026-09-25 05:30:51.020] [info] [rest_database] [8468] [BuildsDatabaseImpl.cpp:258] Builds Database: Deleting tables history records after telemetry gZip file was created [ C:\Program Files (x86)\Incredibuild\\Temp\BuildsDB_AB42BA03-531E-4A75-828B-3A4C3BC7BD34_1790303451013.gz ].
[2026-09-25 05:30:51.025] [info] [rest_database] [8468] [CoordinatorDatabaseImpl.cpp:839] Coordinator Database: Deleting tables history records after telemetry gZip file was created [ C:\Program Files (x86)\Incredibuild\\Temp\CoordinatorDB_AB42BA03-531E-4A75-828B-3A4C3BC7BD34_1790303451013.gz ]. Purge all data = false
[2026-09-25 05:30:51.025] [info] [rest_telemetry] [8468] [TelemetryManagement.hpp:82] buildDbEmpty: [ true ]
[2026-09-25 05:30:51.752] [info] [rest_telemetry] [8468] [TelemetryManagement.hpp:122] Telemetry upload completed for gZip files:[ C:\Program Files (x86)\Incredibuild\\Temp\BuildsDB_AB42BA03-531E-4A75-828B-3A4C3BC7BD34_1790303451013.gz ], [ C:\Program Files (x86)\Incredibuild\\Temp\CoordinatorDB_AB42BA03-531E-4A75-828B-3A4C3BC7BD34_1790303451013.gz ], upload done for S3:  [ true ]
[2026-09-25 05:30:51.776] [info] [rest_telemetry] [8468] [TelemetryManagement.hpp:137] Telemetry upload completed for zip file:[ C:\Program Files (x86)\Incredibuild\\Temp\DBFiles_AB42BA03-531E-4A75-828B-3A4C3BC7BD34_1790303451013.zip ], upload done for IB Manager (Data Access):  [ true ]
[2026-09-25 05:40:33.687] [info] [rest_module] [8468] [session_handlers.cpp:90] on_session_renew_post - refresh
[2026-09-25 05:50:33.684] [info] [rest_module] [8468] [session_handlers.cpp:90] on_session_renew_post - refresh
[2026-09-25 06:00:33.698] [info] [rest_module] [8468] [session_handlers.cpp:90] on_session_renew_post - refresh
[2026-09-25 06:10:33.704] [info] [rest_module] [8468] [session_handlers.cpp:90] on_session_renew_post - refresh
[2026-09-25 06:20:33.711] [info] [rest_module] [8468] [session_handlers.cpp:90] on_session_renew_post - refresh
[2026-09-25 06:30:33.708] [info] [rest_module] [8468] [session_handlers.cpp:90] on_session_renew_post - refresh
[2026-09-25 06:30:51.011] [info] [rest_database] [8468] [BuildsDatabaseImpl.cpp:258] Builds Database: Deleting tables history records after telemetry gZip file was created [ C:\Program Files (x86)\Incredibuild\\Temp\BuildsDB_AB42BA03-531E-4A75-828B-3A4C3BC7BD34_1790307051005.gz ].
[2026-09-25 06:30:51.023] [info] [rest_database] [8468] [CoordinatorDatabaseImpl.cpp:839] Coordinator Database: Deleting tables history records after telemetry gZip file was created [ C:\Program Files (x86)\Incredibuild\\Temp\CoordinatorDB_AB42BA03-531E-4A75-828B-3A4C3BC7BD34_1790307051005.gz ]. Purge all data = false
[2026-09-25 06:30:51.023] [info] [rest_telemetry] [8468] [TelemetryManagement.hpp:82] buildDbEmpty: [ true ]
[2026-09-25 06:30:52.997] [info] [rest_telemetry] [8468] [TelemetryManagement.hpp:122] Telemetry upload completed for gZip files:[ C:\Program Files (x86)\Incredibuild\\Temp\BuildsDB_AB42BA03-531E-4A75-828B-3A4C3BC7BD34_1790307051005.gz ], [ C:\Program Files (x86)\Incredibuild\\Temp\CoordinatorDB_AB42BA03-531E-4A75-828B-3A4C3BC7BD34_1790307051005.gz ], upload done for S3:  [ true ]
[2026-09-25 06:30:53.026] [info] [rest_telemetry] [8468] [TelemetryManagement.hpp:137] Telemetry upload completed for zip file:[ C:\Program Files (x86)\Incredibuild\\Temp\DBFiles_AB42BA03-531E-4A75-828B-3A4C3BC7BD34_1790307051005.zip ], upload done for IB Manager (Data Access):  [ true ]
[2026-09-25 06:40:33.718] [info] [rest_module] [8468] [session_handlers.cpp:90] on_session_renew_post - refresh
[2026-09-25 06:50:33.725] [info] [rest_module] [8468] [session_handlers.cpp:90] on_session_renew_post - refresh
[2026-09-25 07:00:33.735] [info] [rest_module] [8468] [session_handlers.cpp:90] on_session_renew_post - refresh
[2026-09-25 07:10:33.734] [info] [rest_module] [8468] [session_handlers.cpp:90] on_session_renew_post - refresh
[2026-09-25 07:20:33.749] [info] [rest_module] [8468] [session_handlers.cpp:90] on_session_renew_post - refresh
[2026-09-25 07:30:33.749] [info] [rest_module] [8468] [session_handlers.cpp:90] on_session_renew_post - refresh
[2026-09-25 07:30:53.006] [info] [rest_database] [8468] [BuildsDatabaseImpl.cpp:258] Builds Database: Deleting tables history records after telemetry gZip file was created [ C:\Program Files (x86)\Incredibuild\\Temp\BuildsDB_AB42BA03-531E-4A75-828B-3A4C3BC7BD34_1790310653001.gz ].
[2026-09-25 07:30:53.013] [info] [rest_database] [8468] [CoordinatorDatabaseImpl.cpp:839] Coordinator Database: Deleting tables history records after telemetry gZip file was created [ C:\Program Files (x86)\Incredibuild\\Temp\CoordinatorDB_AB42BA03-531E-4A75-828B-3A4C3BC7BD34_1790310653001.gz ]. Purge all data = false
[2026-09-25 07:30:53.013] [info] [rest_telemetry] [8468] [TelemetryManagement.hpp:82] buildDbEmpty: [ true ]
[2026-09-25 07:30:54.435] [info] [rest_telemetry] [8468] [TelemetryManagement.hpp:122] Telemetry upload completed for gZip files:[ C:\Program Files (x86)\Incredibuild\\Temp\BuildsDB_AB42BA03-531E-4A75-828B-3A4C3BC7BD34_1790310653001.gz ], [ C:\Program Files (x86)\Incredibuild\\Temp\CoordinatorDB_AB42BA03-531E-4A75-828B-3A4C3BC7BD34_1790310653001.gz ], upload done for S3:  [ true ]
[2026-09-25 07:30:54.464] [info] [rest_telemetry] [8468] [TelemetryManagement.hpp:137] Telemetry upload completed for zip file:[ C:\Program Files (x86)\Incredibuild\\Temp\DBFiles_AB42BA03-531E-4A75-828B-3A4C3BC7BD34_1790310653001.zip ], upload done for IB Manager (Data Access):  [ true ]
[2026-09-25 07:40:33.763] [info] [rest_module] [8468] [session_handlers.cpp:90] on_session_renew_post - refresh
[2026-09-25 07:50:33.766] [info] [rest_module] [8468] [session_handlers.cpp:90] on_session_renew_post - refresh
[2026-09-25 08:00:33.778] [info] [rest_module] [8468] [session_handlers.cpp:90] on_session_renew_post - refresh
[2026-09-25 08:10:33.786] [info] [rest_module] [8468] [session_handlers.cpp:90] on_session_renew_post - refresh
[2026-09-25 08:20:33.792] [info] [rest_module] [8468] [session_handlers.cpp:90] on_session_renew_post - refresh
[2026-09-25 08:30:33.802] [info] [rest_module] [8468] [session_handlers.cpp:90] on_session_renew_post - refresh
[2026-09-25 08:30:54.015] [info] [rest_database] [8468] [BuildsDatabaseImpl.cpp:258] Builds Database: Deleting tables history records after telemetry gZip file was created [ C:\Program Files (x86)\Incredibuild\\Temp\BuildsDB_AB42BA03-531E-4A75-828B-3A4C3BC7BD34_1790314254009.gz ].
[2026-09-25 08:30:54.024] [info] [rest_database] [8468] [CoordinatorDatabaseImpl.cpp:839] Coordinator Database: Deleting tables history records after telemetry gZip file was created [ C:\Program Files (x86)\Incredibuild\\Temp\CoordinatorDB_AB42BA03-531E-4A75-828B-3A4C3BC7BD34_1790314254009.gz ]. Purge all data = false
[2026-09-25 08:30:54.025] [info] [rest_telemetry] [8468] [TelemetryManagement.hpp:82] buildDbEmpty: [ true ]
[2026-09-25 08:30:54.814] [info] [rest_telemetry] [8468] [TelemetryManagement.hpp:122] Telemetry upload completed for gZip files:[ C:\Program Files (x86)\Incredibuild\\Temp\BuildsDB_AB42BA03-531E-4A75-828B-3A4C3BC7BD34_1790314254009.gz ], [ C:\Program Files (x86)\Incredibuild\\Temp\CoordinatorDB_AB42BA03-531E-4A75-828B-3A4C3BC7BD34_1790314254009.gz ], upload done for S3:  [ true ]
[2026-09-25 08:30:54.843] [info] [rest_telemetry] [8468] [TelemetryManagement.hpp:137] Telemetry upload completed for zip file:[ C:\Program Files (x86)\Incredibuild\\Temp\DBFiles_AB42BA03-531E-4A75-828B-3A4C3BC7BD34_1790314254009.zip ], upload done for IB Manager (Data Access):  [ true ]
[2026-09-25 08:40:33.803] [info] [rest_module] [8468] [session_handlers.cpp:90] on_session_renew_post - refresh
[2026-09-25 08:50:33.813] [info] [rest_module] [8468] [session_handlers.cpp:90] on_session_renew_post - refresh
[2026-09-25 09:00:33.825] [info] [rest_module] [8468] [session_handlers.cpp:90] on_session_renew_post - refresh
[2026-09-25 09:10:33.823] [info] [rest_module] [8468] [session_handlers.cpp:90] on_session_renew_post - refresh
[2026-09-25 09:20:33.833] [info] [rest_module] [8468] [session_handlers.cpp:90] on_session_renew_post - refresh
[2026-09-25 09:30:33.847] [info] [rest_module] [8468] [session_handlers.cpp:90] on_session_renew_post - refresh
[2026-09-25 09:30:54.013] [info] [rest_database] [8468] [BuildsDatabaseImpl.cpp:258] Builds Database: Deleting tables history records after telemetry gZip file was created [ C:\Program Files (x86)\Incredibuild\\Temp\BuildsDB_AB42BA03-531E-4A75-828B-3A4C3BC7BD34_1790317854008.gz ].
[2026-09-25 09:30:54.022] [info] [rest_database] [8468] [CoordinatorDatabaseImpl.cpp:839] Coordinator Database: Deleting tables history records after telemetry gZip file was created [ C:\Program Files (x86)\Incredibuild\\Temp\CoordinatorDB_AB42BA03-531E-4A75-828B-3A4C3BC7BD34_1790317854008.gz ]. Purge all data = false
[2026-09-25 09:30:54.022] [info] [rest_telemetry] [8468] [TelemetryManagement.hpp:82] buildDbEmpty: [ true ]
[2026-09-25 09:30:55.467] [info] [rest_telemetry] [8468] [TelemetryManagement.hpp:122] Telemetry upload completed for gZip files:[ C:\Program Files (x86)\Incredibuild\\Temp\BuildsDB_AB42BA03-531E-4A75-828B-3A4C3BC7BD34_1790317854008.gz ], [ C:\Program Files (x86)\Incredibuild\\Temp\CoordinatorDB_AB42BA03-531E-4A75-828B-3A4C3BC7BD34_1790317854008.gz ], upload done for S3:  [ true ]
[2026-09-25 09:30:55.497] [info] [rest_telemetry] [8468] [TelemetryManagement.hpp:137] Telemetry upload completed for zip file:[ C:\Program Files (x86)\Incredibuild\\Temp\DBFiles_AB42BA03-531E-4A75-828B-3A4C3BC7BD34_1790317854008.zip ], upload done for IB Manager (Data Access):  [ true ]
[2026-09-25 09:40:33.855] [info] [rest_module] [8468] [session_handlers.cpp:90] on_session_renew_post - refresh
[2026-09-25 09:50:33.858] [info] [rest_module] [8468] [session_handlers.cpp:90] on_session_renew_post - refresh
[2026-09-25 10:00:33.868] [info] [rest_module] [8468] [session_handlers.cpp:90] on_session_renew_post - refresh
[2026-09-25 10:10:33.876] [info] [rest_module] [8468] [session_handlers.cpp:90] on_session_renew_post - refresh
[2026-09-25 10:20:33.882] [info] [rest_module] [8468] [session_handlers.cpp:90] on_session_renew_post - refresh
[2026-09-25 10:30:33.892] [info] [rest_module] [8468] [session_handlers.cpp:90] on_session_renew_post - refresh
[2026-09-25 10:30:55.008] [info] [rest_database] [8468] [BuildsDatabaseImpl.cpp:258] Builds Database: Deleting tables history records after telemetry gZip file was created [ C:\Program Files (x86)\Incredibuild\\Temp\BuildsDB_AB42BA03-531E-4A75-828B-3A4C3BC7BD34_1790321455002.gz ].
[2026-09-25 10:30:55.015] [info] [rest_database] [8468] [CoordinatorDatabaseImpl.cpp:839] Coordinator Database: Deleting tables history records after telemetry gZip file was created [ C:\Program Files (x86)\Incredibuild\\Temp\CoordinatorDB_AB42BA03-531E-4A75-828B-3A4C3BC7BD34_1790321455002.gz ]. Purge all data = false
[2026-09-25 10:30:55.015] [info] [rest_telemetry] [8468] [TelemetryManagement.hpp:82] buildDbEmpty: [ true ]
[2026-09-25 10:30:55.712] [info] [rest_telemetry] [8468] [TelemetryManagement.hpp:122] Telemetry upload completed for gZip files:[ C:\Program Files (x86)\Incredibuild\\Temp\BuildsDB_AB42BA03-531E-4A75-828B-3A4C3BC7BD34_1790321455002.gz ], [ C:\Program Files (x86)\Incredibuild\\Temp\CoordinatorDB_AB42BA03-531E-4A75-828B-3A4C3BC7BD34_1790321455002.gz ], upload done for S3:  [ true ]
[2026-09-25 10:30:55.743] [info] [rest_telemetry] [8468] [TelemetryManagement.hpp:137] Telemetry upload completed for zip file:[ C:\Program Files (x86)\Incredibuild\\Temp\DBFiles_AB42BA03-531E-4A75-828B-3A4C3BC7BD34_1790321455002.zip ], upload done for IB Manager (Data Access):  [ true ]
[2026-09-25 10:40:33.903] [info] [rest_module] [8468] [session_handlers.cpp:90] on_session_renew_post - refresh
[2026-09-25 10:50:33.918] [info] [rest_module] [8468] [session_handlers.cpp:90] on_session_renew_post - refresh
[2026-09-25 11:00:33.927] [info] [rest_module] [8468] [session_handlers.cpp:90] on_session_renew_post - refresh
[2026-09-25 11:10:33.931] [info] [rest_module] [8468] [session_handlers.cpp:90] on_session_renew_post - refresh
[2026-09-25 11:20:33.931] [info] [rest_module] [8468] [session_handlers.cpp:90] on_session_renew_post - refresh
[2026-09-25 11:30:33.945] [info] [rest_module] [8468] [session_handlers.cpp:90] on_session_renew_post - refresh
[2026-09-25 11:30:55.018] [info] [rest_database] [8468] [BuildsDatabaseImpl.cpp:258] Builds Database: Deleting tables history records after telemetry gZip file was created [ C:\Program Files (x86)\Incredibuild\\Temp\BuildsDB_AB42BA03-531E-4A75-828B-3A4C3BC7BD34_1790325055014.gz ].
[2026-09-25 11:30:55.027] [info] [rest_database] [8468] [CoordinatorDatabaseImpl.cpp:839] Coordinator Database: Deleting tables history records after telemetry gZip file was created [ C:\Program Files (x86)\Incredibuild\\Temp\CoordinatorDB_AB42BA03-531E-4A75-828B-3A4C3BC7BD34_1790325055014.gz ]. Purge all data = false
[2026-09-25 11:30:55.028] [info] [rest_telemetry] [8468] [TelemetryManagement.hpp:82] buildDbEmpty: [ true ]
[2026-09-25 11:30:55.715] [info] [rest_telemetry] [8468] [TelemetryManagement.hpp:122] Telemetry upload completed for gZip files:[ C:\Program Files (x86)\Incredibuild\\Temp\BuildsDB_AB42BA03-531E-4A75-828B-3A4C3BC7BD34_1790325055014.gz ], [ C:\Program Files (x86)\Incredibuild\\Temp\CoordinatorDB_AB42BA03-531E-4A75-828B-3A4C3BC7BD34_1790325055014.gz ], upload done for S3:  [ true ]
[2026-09-25 11:30:55.745] [info] [rest_telemetry] [8468] [TelemetryManagement.hpp:137] Telemetry upload completed for zip file:[ C:\Program Files (x86)\Incredibuild\\Temp\DBFiles_AB42BA03-531E-4A75-828B-3A4C3BC7BD34_1790325055014.zip ], upload done for IB Manager (Data Access):  [ true ]
[2026-09-25 11:40:33.946] [info] [rest_module] [8468] [session_handlers.cpp:90] on_session_renew_post - refresh
[2026-09-25 11:50:33.952] [info] [rest_module] [8468] [session_handlers.cpp:90] on_session_renew_post - refresh
[2026-09-25 12:00:33.959] [info] [rest_module] [8468] [session_handlers.cpp:90] on_session_renew_post - refresh
[2026-09-25 12:10:33.962] [info] [rest_module] [8468] [session_handlers.cpp:90] on_session_renew_post - refresh
[2026-09-25 12:20:33.959] [info] [rest_module] [8468] [session_handlers.cpp:90] on_session_renew_post - refresh
[2026-09-25 12:30:33.963] [info] [rest_module] [8468] [session_handlers.cpp:90] on_session_renew_post - refresh
[2026-09-25 12:30:55.013] [info] [rest_database] [8468] [BuildsDatabaseImpl.cpp:258] Builds Database: Deleting tables history records after telemetry gZip file was created [ C:\Program Files (x86)\Incredibuild\\Temp\BuildsDB_AB42BA03-531E-4A75-828B-3A4C3BC7BD34_1790328655009.gz ].
[2026-09-25 12:30:55.025] [info] [rest_database] [8468] [CoordinatorDatabaseImpl.cpp:839] Coordinator Database: Deleting tables history records after telemetry gZip file was created [ C:\Program Files (x86)\Incredibuild\\Temp\CoordinatorDB_AB42BA03-531E-4A75-828B-3A4C3BC7BD34_1790328655009.gz ]. Purge all data = false
[2026-09-25 12:30:55.031] [info] [rest_telemetry] [8468] [TelemetryManagement.hpp:82] buildDbEmpty: [ true ]
[2026-09-25 12:30:55.886] [info] [rest_telemetry] [8468] [TelemetryManagement.hpp:122] Telemetry upload completed for gZip files:[ C:\Program Files (x86)\Incredibuild\\Temp\BuildsDB_AB42BA03-531E-4A75-828B-3A4C3BC7BD34_1790328655009.gz ], [ C:\Program Files (x86)\Incredibuild\\Temp\CoordinatorDB_AB42BA03-531E-4A75-828B-3A4C3BC7BD34_1790328655009.gz ], upload done for S3:  [ true ]
[2026-09-25 12:30:55.917] [info] [rest_telemetry] [8468] [TelemetryManagement.hpp:137] Telemetry upload completed for zip file:[ C:\Program Files (x86)\Incredibuild\\Temp\DBFiles_AB42BA03-531E-4A75-828B-3A4C3BC7BD34_1790328655009.zip ], upload done for IB Manager (Data Access):  [ true ]
[2026-09-25 12:40:33.979] [info] [rest_module] [8468] [session_handlers.cpp:90] on_session_renew_post - refresh
[2026-09-25 12:50:33.987] [info] [rest_module] [8468] [session_handlers.cpp:90] on_session_renew_post - refresh
[2026-09-25 13:00:34.003] [info] [rest_module] [8468] [session_handlers.cpp:90] on_session_renew_post - refresh
[2026-09-25 13:10:34.006] [info] [rest_module] [8468] [session_handlers.cpp:90] on_session_renew_post - refresh
[2026-09-25 13:20:34.016] [info] [rest_module] [8468] [session_handlers.cpp:90] on_session_renew_post - refresh
[2026-09-25 13:30:34.018] [info] [rest_module] [8468] [session_handlers.cpp:90] on_session_renew_post - refresh
[2026-09-25 13:30:55.015] [info] [rest_database] [8468] [BuildsDatabaseImpl.cpp:258] Builds Database: Deleting tables history records after telemetry gZip file was created [ C:\Program Files (x86)\Incredibuild\\Temp\BuildsDB_AB42BA03-531E-4A75-828B-3A4C3BC7BD34_1790332255008.gz ].
[2026-09-25 13:30:55.027] [info] [rest_database] [8468] [CoordinatorDatabaseImpl.cpp:839] Coordinator Database: Deleting tables history records after telemetry gZip file was created [ C:\Program Files (x86)\Incredibuild\\Temp\CoordinatorDB_AB42BA03-531E-4A75-828B-3A4C3BC7BD34_1790332255008.gz ]. Purge all data = false
[2026-09-25 13:30:55.030] [info] [rest_telemetry] [8468] [TelemetryManagement.hpp:82] buildDbEmpty: [ true ]
[2026-09-25 13:30:56.198] [info] [rest_telemetry] [8468] [TelemetryManagement.hpp:122] Telemetry upload completed for gZip files:[ C:\Program Files (x86)\Incredibuild\\Temp\BuildsDB_AB42BA03-531E-4A75-828B-3A4C3BC7BD34_1790332255008.gz ], [ C:\Program Files (x86)\Incredibuild\\Temp\CoordinatorDB_AB42BA03-531E-4A75-828B-3A4C3BC7BD34_1790332255008.gz ], upload done for S3:  [ true ]
[2026-09-25 13:30:56.229] [info] [rest_telemetry] [8468] [TelemetryManagement.hpp:137] Telemetry upload completed for zip file:[ C:\Program Files (x86)\Incredibuild\\Temp\DBFiles_AB42BA03-531E-4A75-828B-3A4C3BC7BD34_1790332255008.zip ], upload done for IB Manager (Data Access):  [ true ]
[2026-09-25 13:40:34.023] [info] [rest_module] [8468] [session_handlers.cpp:90] on_session_renew_post - refresh
[2026-09-25 13:50:34.039] [info] [rest_module] [8468] [session_handlers.cpp:90] on_session_renew_post - refresh
[2026-09-25 14:00:34.049] [info] [rest_module] [8468] [session_handlers.cpp:90] on_session_renew_post - refresh
[2026-09-25 14:10:34.060] [info] [rest_module] [8468] [session_handlers.cpp:90] on_session_renew_post - refresh
[2026-09-25 14:20:34.062] [info] [rest_module] [8468] [session_handlers.cpp:90] on_session_renew_post - refresh
[2026-09-25 14:30:34.067] [info] [rest_module] [8468] [session_handlers.cpp:90] on_session_renew_post - refresh
[2026-09-25 14:30:56.016] [info] [rest_database] [8468] [BuildsDatabaseImpl.cpp:258] Builds Database: Deleting tables history records after telemetry gZip file was created [ C:\Program Files (x86)\Incredibuild\\Temp\BuildsDB_AB42BA03-531E-4A75-828B-3A4C3BC7BD34_1790335856013.gz ].
[2026-09-25 14:30:56.026] [info] [rest_database] [8468] [CoordinatorDatabaseImpl.cpp:839] Coordinator Database: Deleting tables history records after telemetry gZip file was created [ C:\Program Files (x86)\Incredibuild\\Temp\CoordinatorDB_AB42BA03-531E-4A75-828B-3A4C3BC7BD34_1790335856013.gz ]. Purge all data = false
[2026-09-25 14:30:56.027] [info] [rest_telemetry] [8468] [TelemetryManagement.hpp:82] buildDbEmpty: [ true ]
[2026-09-25 14:30:56.965] [info] [rest_telemetry] [8468] [TelemetryManagement.hpp:122] Telemetry upload completed for gZip files:[ C:\Program Files (x86)\Incredibuild\\Temp\BuildsDB_AB42BA03-531E-4A75-828B-3A4C3BC7BD34_1790335856013.gz ], [ C:\Program Files (x86)\Incredibuild\\Temp\CoordinatorDB_AB42BA03-531E-4A75-828B-3A4C3BC7BD34_1790335856013.gz ], upload done for S3:  [ true ]
[2026-09-25 14:30:56.992] [info] [rest_telemetry] [8468] [TelemetryManagement.hpp:137] Telemetry upload completed for zip file:[ C:\Program Files (x86)\Incredibuild\\Temp\DBFiles_AB42BA03-531E-4A75-828B-3A4C3BC7BD34_1790335856013.zip ], upload done for IB Manager (Data Access):  [ true ]
[2026-09-25 14:40:34.077] [info] [rest_module] [8468] [session_handlers.cpp:90] on_session_renew_post - refresh
[2026-09-25 14:50:34.088] [info] [rest_module] [8468] [session_handlers.cpp:90] on_session_renew_post - refresh
[2026-09-25 15:00:34.098] [info] [rest_module] [8468] [session_handlers.cpp:90] on_session_renew_post - refresh
[2026-09-25 15:10:34.111] [info] [rest_module] [8468] [session_handlers.cpp:90] on_session_renew_post - refresh
[2026-09-25 15:20:34.122] [info] [rest_module] [8468] [session_handlers.cpp:90] on_session_renew_post - refresh
[2026-09-25 15:30:34.126] [info] [rest_module] [8468] [session_handlers.cpp:90] on_session_renew_post - refresh
[2026-09-25 15:30:56.009] [info] [rest_database] [8468] [BuildsDatabaseImpl.cpp:258] Builds Database: Deleting tables history records after telemetry gZip file was created [ C:\Program Files (x86)\Incredibuild\\Temp\BuildsDB_AB42BA03-531E-4A75-828B-3A4C3BC7BD34_1790339456007.gz ].
[2026-09-25 15:30:56.018] [info] [rest_database] [8468] [CoordinatorDatabaseImpl.cpp:839] Coordinator Database: Deleting tables history records after telemetry gZip file was created [ C:\Program Files (x86)\Incredibuild\\Temp\CoordinatorDB_AB42BA03-531E-4A75-828B-3A4C3BC7BD34_1790339456007.gz ]. Purge all data = false
[2026-09-25 15:30:56.018] [info] [rest_telemetry] [8468] [TelemetryManagement.hpp:82] buildDbEmpty: [ true ]
[2026-09-25 15:30:56.981] [info] [rest_telemetry] [8468] [TelemetryManagement.hpp:122] Telemetry upload completed for gZip files:[ C:\Program Files (x86)\Incredibuild\\Temp\BuildsDB_AB42BA03-531E-4A75-828B-3A4C3BC7BD34_1790339456007.gz ], [ C:\Program Files (x86)\Incredibuild\\Temp\CoordinatorDB_AB42BA03-531E-4A75-828B-3A4C3BC7BD34_1790339456007.gz ], upload done for S3:  [ true ]
[2026-09-25 15:30:57.012] [info] [rest_telemetry] [8468] [TelemetryManagement.hpp:137] Telemetry upload completed for zip file:[ C:\Program Files (x86)\Incredibuild\\Temp\DBFiles_AB42BA03-531E-4A75-828B-3A4C3BC7BD34_1790339456007.zip ], upload done for IB Manager (Data Access):  [ true ]
[2026-09-25 15:40:34.140] [info] [rest_module] [8468] [session_handlers.cpp:90] on_session_renew_post - refresh
[2026-09-25 15:50:34.151] [info] [rest_module] [8468] [session_handlers.cpp:90] on_session_renew_post - refresh
[2026-09-25 16:00:34.157] [info] [rest_module] [8468] [session_handlers.cpp:90] on_session_renew_post - refresh
[2026-09-25 16:10:32.851] [info] [rest_module] [8468] [session_handlers.cpp:90] on_session_renew_post - refresh
[2026-09-25 16:20:32.865] [info] [rest_module] [8468] [session_handlers.cpp:90] on_session_renew_post - refresh
[2026-09-25 16:30:32.880] [info] [rest_module] [8468] [session_handlers.cpp:90] on_session_renew_post - refresh
[2026-09-25 16:30:57.008] [info] [rest_database] [8468] [BuildsDatabaseImpl.cpp:258] Builds Database: Deleting tables history records after telemetry gZip file was created [ C:\Program Files (x86)\Incredibuild\\Temp\BuildsDB_AB42BA03-531E-4A75-828B-3A4C3BC7BD34_1790343057000.gz ].
[2026-09-25 16:30:57.017] [info] [rest_database] [8468] [CoordinatorDatabaseImpl.cpp:839] Coordinator Database: Deleting tables history records after telemetry gZip file was created [ C:\Program Files (x86)\Incredibuild\\Temp\CoordinatorDB_AB42BA03-531E-4A75-828B-3A4C3BC7BD34_1790343057000.gz ]. Purge all data = false
[2026-09-25 16:30:57.018] [info] [rest_telemetry] [8468] [TelemetryManagement.hpp:82] buildDbEmpty: [ true ]
[2026-09-25 16:30:57.959] [info] [rest_telemetry] [8468] [TelemetryManagement.hpp:122] Telemetry upload completed for gZip files:[ C:\Program Files (x86)\Incredibuild\\Temp\BuildsDB_AB42BA03-531E-4A75-828B-3A4C3BC7BD34_1790343057000.gz ], [ C:\Program Files (x86)\Incredibuild\\Temp\CoordinatorDB_AB42BA03-531E-4A75-828B-3A4C3BC7BD34_1790343057000.gz ], upload done for S3:  [ true ]
[2026-09-25 16:30:57.985] [info] [rest_telemetry] [8468] [TelemetryManagement.hpp:137] Telemetry upload completed for zip file:[ C:\Program Files (x86)\Incredibuild\\Temp\DBFiles_AB42BA03-531E-4A75-828B-3A4C3BC7BD34_1790343057000.zip ], upload done for IB Manager (Data Access):  [ true ]
[2026-09-25 16:40:32.894] [info] [rest_module] [8468] [session_handlers.cpp:90] on_session_renew_post - refresh
[2026-09-25 16:50:32.892] [info] [rest_module] [8468] [session_handlers.cpp:90] on_session_renew_post - refresh
[2026-09-25 17:00:32.908] [info] [rest_module] [8468] [session_handlers.cpp:90] on_session_renew_post - refresh
[2026-09-25 17:10:32.912] [info] [rest_module] [8468] [session_handlers.cpp:90] on_session_renew_post - refresh
[2026-09-25 17:20:32.922] [info] [rest_module] [8468] [session_handlers.cpp:90] on_session_renew_post - refresh
[2026-09-25 17:30:32.925] [info] [rest_module] [8468] [session_handlers.cpp:90] on_session_renew_post - refresh
[2026-09-25 17:30:57.019] [info] [rest_database] [8468] [BuildsDatabaseImpl.cpp:258] Builds Database: Deleting tables history records after telemetry gZip file was created [ C:\Program Files (x86)\Incredibuild\\Temp\BuildsDB_AB42BA03-531E-4A75-828B-3A4C3BC7BD34_1790346657013.gz ].
[2026-09-25 17:30:57.041] [info] [rest_database] [8468] [CoordinatorDatabaseImpl.cpp:839] Coordinator Database: Deleting tables history records after telemetry gZip file was created [ C:\Program Files (x86)\Incredibuild\\Temp\CoordinatorDB_AB42BA03-531E-4A75-828B-3A4C3BC7BD34_1790346657013.gz ]. Purge all data = false
[2026-09-25 17:30:57.042] [info] [rest_telemetry] [8468] [TelemetryManagement.hpp:82] buildDbEmpty: [ true ]
[2026-09-25 17:30:58.034] [info] [rest_telemetry] [8468] [TelemetryManagement.hpp:122] Telemetry upload completed for gZip files:[ C:\Program Files (x86)\Incredibuild\\Temp\BuildsDB_AB42BA03-531E-4A75-828B-3A4C3BC7BD34_1790346657013.gz ], [ C:\Program Files (x86)\Incredibuild\\Temp\CoordinatorDB_AB42BA03-531E-4A75-828B-3A4C3BC7BD34_1790346657013.gz ], upload done for S3:  [ true ]
[2026-09-25 17:30:58.081] [info] [rest_telemetry] [8468] [TelemetryManagement.hpp:137] Telemetry upload completed for zip file:[ C:\Program Files (x86)\Incredibuild\\Temp\DBFiles_AB42BA03-531E-4A75-828B-3A4C3BC7BD34_1790346657013.zip ], upload done for IB Manager (Data Access):  [ true ]
[2026-09-25 17:40:32.928] [info] [rest_module] [8468] [session_handlers.cpp:90] on_session_renew_post - refresh
[2026-09-25 17:50:32.932] [info] [rest_module] [8468] [session_handlers.cpp:90] on_session_renew_post - refresh
[2026-09-25 18:00:32.946] [info] [rest_module] [8468] [session_handlers.cpp:90] on_session_renew_post - refresh
[2026-09-25 18:10:32.957] [info] [rest_module] [8468] [session_handlers.cpp:90] on_session_renew_post - refresh
[2026-09-25 18:20:32.960] [info] [rest_module] [8468] [session_handlers.cpp:90] on_session_renew_post - refresh
[2026-09-25 18:30:32.974] [info] [rest_module] [8468] [session_handlers.cpp:90] on_session_renew_post - refresh
[2026-09-25 18:30:58.014] [info] [rest_database] [8468] [BuildsDatabaseImpl.cpp:258] Builds Database: Deleting tables history records after telemetry gZip file was created [ C:\Program Files (x86)\Incredibuild\\Temp\BuildsDB_AB42BA03-531E-4A75-828B-3A4C3BC7BD34_1790350258009.gz ].
[2026-09-25 18:30:58.022] [info] [rest_database] [8468] [CoordinatorDatabaseImpl.cpp:839] Coordinator Database: Deleting tables history records after telemetry gZip file was created [ C:\Program Files (x86)\Incredibuild\\Temp\CoordinatorDB_AB42BA03-531E-4A75-828B-3A4C3BC7BD34_1790350258009.gz ]. Purge all data = false
[2026-09-25 18:30:58.022] [info] [rest_telemetry] [8468] [TelemetryManagement.hpp:82] buildDbEmpty: [ true ]
[2026-09-25 18:30:58.907] [info] [rest_telemetry] [8468] [TelemetryManagement.hpp:122] Telemetry upload completed for gZip files:[ C:\Program Files (x86)\Incredibuild\\Temp\BuildsDB_AB42BA03-531E-4A75-828B-3A4C3BC7BD34_1790350258009.gz ], [ C:\Program Files (x86)\Incredibuild\\Temp\CoordinatorDB_AB42BA03-531E-4A75-828B-3A4C3BC7BD34_1790350258009.gz ], upload done for S3:  [ true ]
[2026-09-25 18:30:58.936] [info] [rest_telemetry] [8468] [TelemetryManagement.hpp:137] Telemetry upload completed for zip file:[ C:\Program Files (x86)\Incredibuild\\Temp\DBFiles_AB42BA03-531E-4A75-828B-3A4C3BC7BD34_1790350258009.zip ], upload done for IB Manager (Data Access):  [ true ]
[2026-09-25 18:40:32.976] [info] [rest_module] [8468] [session_handlers.cpp:90] on_session_renew_post - refresh
[2026-09-25 18:50:32.981] [info] [rest_module] [8468] [session_handlers.cpp:90] on_session_renew_post - refresh
[2026-09-25 19:00:32.983] [info] [rest_module] [8468] [session_handlers.cpp:90] on_session_renew_post - refresh
[2026-09-25 19:10:32.996] [info] [rest_module] [8468] [session_handlers.cpp:90] on_session_renew_post - refresh
[2026-09-25 19:20:32.997] [info] [rest_module] [8468] [session_handlers.cpp:90] on_session_renew_post - refresh
[2026-09-25 19:30:33.001] [info] [rest_module] [8468] [session_handlers.cpp:90] on_session_renew_post - refresh
[2026-09-25 19:30:58.019] [info] [rest_database] [8468] [BuildsDatabaseImpl.cpp:258] Builds Database: Deleting tables history records after telemetry gZip file was created [ C:\Program Files (x86)\Incredibuild\\Temp\BuildsDB_AB42BA03-531E-4A75-828B-3A4C3BC7BD34_1790353858013.gz ].
[2026-09-25 19:30:58.028] [info] [rest_database] [8468] [CoordinatorDatabaseImpl.cpp:839] Coordinator Database: Deleting tables history records after telemetry gZip file was created [ C:\Program Files (x86)\Incredibuild\\Temp\CoordinatorDB_AB42BA03-531E-4A75-828B-3A4C3BC7BD34_1790353858013.gz ]. Purge all data = false
[2026-09-25 19:30:58.028] [info] [rest_telemetry] [8468] [TelemetryManagement.hpp:82] buildDbEmpty: [ true ]
[2026-09-25 19:30:58.735] [info] [rest_telemetry] [8468] [TelemetryManagement.hpp:122] Telemetry upload completed for gZip files:[ C:\Program Files (x86)\Incredibuild\\Temp\BuildsDB_AB42BA03-531E-4A75-828B-3A4C3BC7BD34_1790353858013.gz ], [ C:\Program Files (x86)\Incredibuild\\Temp\CoordinatorDB_AB42BA03-531E-4A75-828B-3A4C3BC7BD34_1790353858013.gz ], upload done for S3:  [ true ]
[2026-09-25 19:30:58.760] [info] [rest_telemetry] [8468] [TelemetryManagement.hpp:137] Telemetry upload completed for zip file:[ C:\Program Files (x86)\Incredibuild\\Temp\DBFiles_AB42BA03-531E-4A75-828B-3A4C3BC7BD34_1790353858013.zip ], upload done for IB Manager (Data Access):  [ true ]
[2026-09-25 19:40:33.016] [info] [rest_module] [8468] [session_handlers.cpp:90] on_session_renew_post - refresh
[2026-09-25 19:50:33.028] [info] [rest_module] [8468] [session_handlers.cpp:90] on_session_renew_post - refresh
[2026-09-25 20:00:33.041] [info] [rest_module] [8468] [session_handlers.cpp:90] on_session_renew_post - refresh
[2026-09-25 20:10:33.043] [info] [rest_module] [8468] [session_handlers.cpp:90] on_session_renew_post - refresh
[2026-09-25 20:20:33.048] [info] [rest_module] [8468] [session_handlers.cpp:90] on_session_renew_post - refresh
[2026-09-25 20:30:33.054] [info] [rest_module] [8468] [session_handlers.cpp:90] on_session_renew_post - refresh
[2026-09-25 20:30:58.015] [info] [rest_database] [8468] [BuildsDatabaseImpl.cpp:258] Builds Database: Deleting tables history records after telemetry gZip file was created [ C:\Program Files (x86)\Incredibuild\\Temp\BuildsDB_AB42BA03-531E-4A75-828B-3A4C3BC7BD34_1790357458011.gz ].
[2026-09-25 20:30:58.021] [info] [rest_database] [8468] [CoordinatorDatabaseImpl.cpp:839] Coordinator Database: Deleting tables history records after telemetry gZip file was created [ C:\Program Files (x86)\Incredibuild\\Temp\CoordinatorDB_AB42BA03-531E-4A75-828B-3A4C3BC7BD34_1790357458011.gz ]. Purge all data = false
[2026-09-25 20:30:58.021] [info] [rest_telemetry] [8468] [TelemetryManagement.hpp:82] buildDbEmpty: [ true ]
[2026-09-25 20:30:58.860] [info] [rest_telemetry] [8468] [TelemetryManagement.hpp:122] Telemetry upload completed for gZip files:[ C:\Program Files (x86)\Incredibuild\\Temp\BuildsDB_AB42BA03-531E-4A75-828B-3A4C3BC7BD34_1790357458011.gz ], [ C:\Program Files (x86)\Incredibuild\\Temp\CoordinatorDB_AB42BA03-531E-4A75-828B-3A4C3BC7BD34_1790357458011.gz ], upload done for S3:  [ true ]
[2026-09-25 20:30:58.889] [info] [rest_telemetry] [8468] [TelemetryManagement.hpp:137] Telemetry upload completed for zip file:[ C:\Program Files (x86)\Incredibuild\\Temp\DBFiles_AB42BA03-531E-4A75-828B-3A4C3BC7BD34_1790357458011.zip ], upload done for IB Manager (Data Access):  [ true ]
[2026-09-25 20:40:33.065] [info] [rest_module] [8468] [session_handlers.cpp:90] on_session_renew_post - refresh
[2026-09-25 20:50:33.078] [info] [rest_module] [8468] [session_handlers.cpp:90] on_session_renew_post - refresh
[2026-09-25 21:00:33.091] [info] [rest_module] [8468] [session_handlers.cpp:90] on_session_renew_post - refresh
[2026-09-25 21:10:33.099] [info] [rest_module] [8468] [session_handlers.cpp:90] on_session_renew_post - refresh
[2026-09-25 21:20:33.111] [info] [rest_module] [8468] [session_handlers.cpp:90] on_session_renew_post - refresh
[2026-09-25 21:30:33.125] [info] [rest_module] [8468] [session_handlers.cpp:90] on_session_renew_post - refresh
[2026-09-25 21:30:58.008] [info] [rest_database] [8468] [BuildsDatabaseImpl.cpp:258] Builds Database: Deleting tables history records after telemetry gZip file was created [ C:\Program Files (x86)\Incredibuild\\Temp\BuildsDB_AB42BA03-531E-4A75-828B-3A4C3BC7BD34_1790361058004.gz ].
[2026-09-25 21:30:58.018] [info] [rest_database] [8468] [CoordinatorDatabaseImpl.cpp:839] Coordinator Database: Deleting tables history records after telemetry gZip file was created [ C:\Program Files (x86)\Incredibuild\\Temp\CoordinatorDB_AB42BA03-531E-4A75-828B-3A4C3BC7BD34_1790361058004.gz ]. Purge all data = false
[2026-09-25 21:30:58.019] [info] [rest_telemetry] [8468] [TelemetryManagement.hpp:82] buildDbEmpty: [ true ]
[2026-09-25 21:30:58.717] [info] [rest_telemetry] [8468] [TelemetryManagement.hpp:122] Telemetry upload completed for gZip files:[ C:\Program Files (x86)\Incredibuild\\Temp\BuildsDB_AB42BA03-531E-4A75-828B-3A4C3BC7BD34_1790361058004.gz ], [ C:\Program Files (x86)\Incredibuild\\Temp\CoordinatorDB_AB42BA03-531E-4A75-828B-3A4C3BC7BD34_1790361058004.gz ], upload done for S3:  [ true ]
[2026-09-25 21:30:58.745] [info] [rest_telemetry] [8468] [TelemetryManagement.hpp:137] Telemetry upload completed for zip file:[ C:\Program Files (x86)\Incredibuild\\Temp\DBFiles_AB42BA03-531E-4A75-828B-3A4C3BC7BD34_1790361058004.zip ], upload done for IB Manager (Data Access):  [ true ]
[2026-09-25 21:40:33.132] [info] [rest_module] [8468] [session_handlers.cpp:90] on_session_renew_post - refresh
[2026-09-25 21:50:33.138] [info] [rest_module] [8468] [session_handlers.cpp:90] on_session_renew_post - refresh
[2026-09-25 22:00:33.138] [info] [rest_module] [8468] [session_handlers.cpp:90] on_session_renew_post - refresh
[2026-09-25 22:10:33.140] [info] [rest_module] [8468] [session_handlers.cpp:90] on_session_renew_post - refresh
[2026-09-25 22:20:33.151] [info] [rest_module] [8468] [session_handlers.cpp:90] on_session_renew_post - refresh
[2026-09-25 22:30:33.156] [info] [rest_module] [8468] [session_handlers.cpp:90] on_session_renew_post - refresh
[2026-09-25 22:30:58.016] [info] [rest_database] [8468] [BuildsDatabaseImpl.cpp:258] Builds Database: Deleting tables history records after telemetry gZip file was created [ C:\Program Files (x86)\Incredibuild\\Temp\BuildsDB_AB42BA03-531E-4A75-828B-3A4C3BC7BD34_1790364658011.gz ].
[2026-09-25 22:30:58.030] [info] [rest_database] [8468] [CoordinatorDatabaseImpl.cpp:839] Coordinator Database: Deleting tables history records after telemetry gZip file was created [ C:\Program Files (x86)\Incredibuild\\Temp\CoordinatorDB_AB42BA03-531E-4A75-828B-3A4C3BC7BD34_1790364658011.gz ]. Purge all data = false
[2026-09-25 22:30:58.031] [info] [rest_telemetry] [8468] [TelemetryManagement.hpp:82] buildDbEmpty: [ true ]
[2026-09-25 22:30:58.853] [info] [rest_telemetry] [8468] [TelemetryManagement.hpp:122] Telemetry upload completed for gZip files:[ C:\Program Files (x86)\Incredibuild\\Temp\BuildsDB_AB42BA03-531E-4A75-828B-3A4C3BC7BD34_1790364658011.gz ], [ C:\Program Files (x86)\Incredibuild\\Temp\CoordinatorDB_AB42BA03-531E-4A75-828B-3A4C3BC7BD34_1790364658011.gz ], upload done for S3:  [ true ]
[2026-09-25 22:30:58.883] [info] [rest_telemetry] [8468] [TelemetryManagement.hpp:137] Telemetry upload completed for zip file:[ C:\Program Files (x86)\Incredibuild\\Temp\DBFiles_AB42BA03-531E-4A75-828B-3A4C3BC7BD34_1790364658011.zip ], upload done for IB Manager (Data Access):  [ true ]
[2026-09-25 22:40:33.154] [info] [rest_module] [8468] [session_handlers.cpp:90] on_session_renew_post - refresh
[2026-09-25 22:50:33.156] [info] [rest_module] [8468] [session_handlers.cpp:90] on_session_renew_post - refresh
[2026-09-25 23:00:33.161] [info] [rest_module] [8468] [session_handlers.cpp:90] on_session_renew_post - refresh
[2026-09-25 23:10:33.158] [info] [rest_module] [8468] [session_handlers.cpp:90] on_session_renew_post - refresh
[2026-09-25 23:20:33.156] [info] [rest_module] [8468] [session_handlers.cpp:90] on_session_renew_post - refresh
[2026-09-25 23:30:33.157] [info] [rest_module] [8468] [session_handlers.cpp:90] on_session_renew_post - refresh
[2026-09-25 23:30:58.006] [info] [rest_database] [8468] [BuildsDatabaseImpl.cpp:258] Builds Database: Deleting tables history records after telemetry gZip file was created [ C:\Program Files (x86)\Incredibuild\\Temp\BuildsDB_AB42BA03-531E-4A75-828B-3A4C3BC7BD34_1790368258003.gz ].
[2026-09-25 23:30:58.011] [info] [rest_database] [8468] [CoordinatorDatabaseImpl.cpp:839] Coordinator Database: Deleting tables history records after telemetry gZip file was created [ C:\Program Files (x86)\Incredibuild\\Temp\CoordinatorDB_AB42BA03-531E-4A75-828B-3A4C3BC7BD34_1790368258003.gz ]. Purge all data = false
[2026-09-25 23:30:58.012] [info] [rest_telemetry] [8468] [TelemetryManagement.hpp:82] buildDbEmpty: [ true ]
[2026-09-25 23:30:58.732] [info] [rest_telemetry] [8468] [TelemetryManagement.hpp:122] Telemetry upload completed for gZip files:[ C:\Program Files (x86)\Incredibuild\\Temp\BuildsDB_AB42BA03-531E-4A75-828B-3A4C3BC7BD34_1790368258003.gz ], [ C:\Program Files (x86)\Incredibuild\\Temp\CoordinatorDB_AB42BA03-531E-4A75-828B-3A4C3BC7BD34_1790368258003.gz ], upload done for S3:  [ true ]
[2026-09-25 23:30:58.752] [info] [rest_telemetry] [8468] [TelemetryManagement.hpp:137] Telemetry upload completed for zip file:[ C:\Program Files (x86)\Incredibuild\\Temp\DBFiles_AB42BA03-531E-4A75-828B-3A4C3BC7BD34_1790368258003.zip ], upload done for IB Manager (Data Access):  [ true ]
[2026-09-25 23:40:33.172] [info] [rest_module] [8468] [session_handlers.cpp:90] on_session_renew_post - refresh
[2026-09-25 23:50:33.177] [info] [rest_module] [8468] [session_handlers.cpp:90] on_session_renew_post - refresh
[2026-09-26 00:00:33.180] [info] [rest_module] [8468] [session_handlers.cpp:90] on_session_renew_post - refresh
[2026-09-26 00:10:33.195] [info] [rest_module] [8468] [session_handlers.cpp:90] on_session_renew_post - refresh
[2026-09-26 00:20:33.198] [info] [rest_module] [8468] [session_handlers.cpp:90] on_session_renew_post - refresh
[2026-09-26 00:30:33.204] [info] [rest_module] [8468] [session_handlers.cpp:90] on_session_renew_post - refresh
[2026-09-26 00:30:58.012] [info] [rest_database] [8468] [BuildsDatabaseImpl.cpp:258] Builds Database: Deleting tables history records after telemetry gZip file was created [ C:\Program Files (x86)\Incredibuild\\Temp\BuildsDB_AB42BA03-531E-4A75-828B-3A4C3BC7BD34_1790371858009.gz ].
[2026-09-26 00:30:58.023] [info] [rest_database] [8468] [CoordinatorDatabaseImpl.cpp:839] Coordinator Database: Deleting tables history records after telemetry gZip file was created [ C:\Program Files (x86)\Incredibuild\\Temp\CoordinatorDB_AB42BA03-531E-4A75-828B-3A4C3BC7BD34_1790371858009.gz ]. Purge all data = false
[2026-09-26 00:30:58.024] [info] [rest_telemetry] [8468] [TelemetryManagement.hpp:82] buildDbEmpty: [ true ]
[2026-09-26 00:30:59.460] [info] [rest_telemetry] [8468] [TelemetryManagement.hpp:122] Telemetry upload completed for gZip files:[ C:\Program Files (x86)\Incredibuild\\Temp\BuildsDB_AB42BA03-531E-4A75-828B-3A4C3BC7BD34_1790371858009.gz ], [ C:\Program Files (x86)\Incredibuild\\Temp\CoordinatorDB_AB42BA03-531E-4A75-828B-3A4C3BC7BD34_1790371858009.gz ], upload done for S3:  [ true ]
[2026-09-26 00:30:59.486] [info] [rest_telemetry] [8468] [TelemetryManagement.hpp:137] Telemetry upload completed for zip file:[ C:\Program Files (x86)\Incredibuild\\Temp\DBFiles_AB42BA03-531E-4A75-828B-3A4C3BC7BD34_1790371858009.zip ], upload done for IB Manager (Data Access):  [ true ]
[2026-09-26 00:40:33.207] [info] [rest_module] [8468] [session_handlers.cpp:90] on_session_renew_post - refresh
[2026-09-26 00:50:33.218] [info] [rest_module] [8468] [session_handlers.cpp:90] on_session_renew_post - refresh
[2026-09-26 01:00:33.225] [info] [rest_module] [8468] [session_handlers.cpp:90] on_session_renew_post - refresh
[2026-09-26 01:10:33.235] [info] [rest_module] [8468] [session_handlers.cpp:90] on_session_renew_post - refresh
[2026-09-26 01:20:33.238] [info] [rest_module] [8468] [session_handlers.cpp:90] on_session_renew_post - refresh
[2026-09-26 01:30:33.253] [info] [rest_module] [8468] [session_handlers.cpp:90] on_session_renew_post - refresh
[2026-09-26 01:30:59.014] [info] [rest_database] [8468] [BuildsDatabaseImpl.cpp:258] Builds Database: Deleting tables history records after telemetry gZip file was created [ C:\Program Files (x86)\Incredibuild\\Temp\BuildsDB_AB42BA03-531E-4A75-828B-3A4C3BC7BD34_1790375459008.gz ].
[2026-09-26 01:30:59.022] [info] [rest_database] [8468] [CoordinatorDatabaseImpl.cpp:839] Coordinator Database: Deleting tables history records after telemetry gZip file was created [ C:\Program Files (x86)\Incredibuild\\Temp\CoordinatorDB_AB42BA03-531E-4A75-828B-3A4C3BC7BD34_1790375459008.gz ]. Purge all data = false
[2026-09-26 01:30:59.025] [info] [rest_telemetry] [8468] [TelemetryManagement.hpp:82] buildDbEmpty: [ true ]
[2026-09-26 01:30:59.673] [info] [rest_telemetry] [8468] [TelemetryManagement.hpp:122] Telemetry upload completed for gZip files:[ C:\Program Files (x86)\Incredibuild\\Temp\BuildsDB_AB42BA03-531E-4A75-828B-3A4C3BC7BD34_1790375459008.gz ], [ C:\Program Files (x86)\Incredibuild\\Temp\CoordinatorDB_AB42BA03-531E-4A75-828B-3A4C3BC7BD34_1790375459008.gz ], upload done for S3:  [ true ]
[2026-09-26 01:30:59.703] [info] [rest_telemetry] [8468] [TelemetryManagement.hpp:137] Telemetry upload completed for zip file:[ C:\Program Files (x86)\Incredibuild\\Temp\DBFiles_AB42BA03-531E-4A75-828B-3A4C3BC7BD34_1790375459008.zip ], upload done for IB Manager (Data Access):  [ true ]
[2026-09-26 01:40:33.258] [info] [rest_module] [8468] [session_handlers.cpp:90] on_session_renew_post - refresh
[2026-09-26 01:50:33.261] [info] [rest_module] [8468] [session_handlers.cpp:90] on_session_renew_post - refresh
[2026-09-26 02:00:33.263] [info] [rest_module] [8468] [session_handlers.cpp:90] on_session_renew_post - refresh
[2026-09-26 02:10:33.267] [info] [rest_module] [8468] [session_handlers.cpp:90] on_session_renew_post - refresh
[2026-09-26 02:20:33.282] [info] [rest_module] [8468] [session_handlers.cpp:90] on_session_renew_post - refresh
[2026-09-26 02:30:33.286] [info] [rest_module] [8468] [session_handlers.cpp:90] on_session_renew_post - refresh
[2026-09-26 02:30:59.010] [info] [rest_database] [8468] [BuildsDatabaseImpl.cpp:258] Builds Database: Deleting tables history records after telemetry gZip file was created [ C:\Program Files (x86)\Incredibuild\\Temp\BuildsDB_AB42BA03-531E-4A75-828B-3A4C3BC7BD34_1790379059002.gz ].
[2026-09-26 02:30:59.020] [info] [rest_database] [8468] [CoordinatorDatabaseImpl.cpp:839] Coordinator Database: Deleting tables history records after telemetry gZip file was created [ C:\Program Files (x86)\Incredibuild\\Temp\CoordinatorDB_AB42BA03-531E-4A75-828B-3A4C3BC7BD34_1790379059002.gz ]. Purge all data = false
[2026-09-26 02:30:59.024] [info] [rest_telemetry] [8468] [TelemetryManagement.hpp:82] buildDbEmpty: [ true ]
[2026-09-26 02:30:59.760] [info] [rest_telemetry] [8468] [TelemetryManagement.hpp:122] Telemetry upload completed for gZip files:[ C:\Program Files (x86)\Incredibuild\\Temp\BuildsDB_AB42BA03-531E-4A75-828B-3A4C3BC7BD34_1790379059002.gz ], [ C:\Program Files (x86)\Incredibuild\\Temp\CoordinatorDB_AB42BA03-531E-4A75-828B-3A4C3BC7BD34_1790379059002.gz ], upload done for S3:  [ true ]
[2026-09-26 02:30:59.782] [info] [rest_telemetry] [8468] [TelemetryManagement.hpp:137] Telemetry upload completed for zip file:[ C:\Program Files (x86)\Incredibuild\\Temp\DBFiles_AB42BA03-531E-4A75-828B-3A4C3BC7BD34_1790379059002.zip ], upload done for IB Manager (Data Access):  [ true ]
[2026-09-26 02:40:33.293] [info] [rest_module] [8468] [session_handlers.cpp:90] on_session_renew_post - refresh
[2026-09-26 02:50:33.294] [info] [rest_module] [8468] [session_handlers.cpp:90] on_session_renew_post - refresh
[2026-09-26 03:00:33.297] [info] [rest_module] [8468] [session_handlers.cpp:90] on_session_renew_post - refresh
[2026-09-26 03:00:33.307] [warning] [rest_business_logic] [8468] [rest_api.cpp:124] Fail to authenticate: Fail to authenticate
[2026-09-26 03:10:33.297] [info] [rest_module] [8468] [session_handlers.cpp:90] on_session_renew_post - refresh
[2026-09-26 03:20:33.299] [info] [rest_module] [8468] [session_handlers.cpp:90] on_session_renew_post - refresh
[2026-09-26 03:30:33.315] [info] [rest_module] [8468] [session_handlers.cpp:90] on_session_renew_post - refresh
[2026-09-26 03:30:59.019] [info] [rest_database] [8468] [BuildsDatabaseImpl.cpp:258] Builds Database: Deleting tables history records after telemetry gZip file was created [ C:\Program Files (x86)\Incredibuild\\Temp\BuildsDB_AB42BA03-531E-4A75-828B-3A4C3BC7BD34_1790382659015.gz ].
[2026-09-26 03:30:59.029] [info] [rest_database] [8468] [CoordinatorDatabaseImpl.cpp:839] Coordinator Database: Deleting tables history records after telemetry gZip file was created [ C:\Program Files (x86)\Incredibuild\\Temp\CoordinatorDB_AB42BA03-531E-4A75-828B-3A4C3BC7BD34_1790382659015.gz ]. Purge all data = false
[2026-09-26 03:30:59.033] [info] [rest_telemetry] [8468] [TelemetryManagement.hpp:82] buildDbEmpty: [ true ]
[2026-09-26 03:30:59.976] [info] [rest_telemetry] [8468] [TelemetryManagement.hpp:122] Telemetry upload completed for gZip files:[ C:\Program Files (x86)\Incredibuild\\Temp\BuildsDB_AB42BA03-531E-4A75-828B-3A4C3BC7BD34_1790382659015.gz ], [ C:\Program Files (x86)\Incredibuild\\Temp\CoordinatorDB_AB42BA03-531E-4A75-828B-3A4C3BC7BD34_1790382659015.gz ], upload done for S3:  [ true ]
[2026-09-26 03:31:00.020] [info] [rest_telemetry] [8468] [TelemetryManagement.hpp:137] Telemetry upload completed for zip file:[ C:\Program Files (x86)\Incredibuild\\Temp\DBFiles_AB42BA03-531E-4A75-828B-3A4C3BC7BD34_1790382659015.zip ], upload done for IB Manager (Data Access):  [ true ]
[2026-09-26 03:40:33.326] [info] [rest_module] [8468] [session_handlers.cpp:90] on_session_renew_post - refresh
[2026-09-26 03:50:33.333] [info] [rest_module] [8468] [session_handlers.cpp:90] on_session_renew_post - refresh
[2026-09-26 04:00:33.339] [info] [rest_module] [8468] [session_handlers.cpp:90] on_session_renew_post - refresh
[2026-09-26 04:10:33.339] [info] [rest_module] [8468] [session_handlers.cpp:90] on_session_renew_post - refresh
[2026-09-26 04:20:33.346] [info] [rest_module] [8468] [session_handlers.cpp:90] on_session_renew_post - refresh
[2026-09-26 04:30:33.362] [info] [rest_module] [8468] [session_handlers.cpp:90] on_session_renew_post - refresh
[2026-09-26 04:31:00.012] [info] [rest_database] [8468] [BuildsDatabaseImpl.cpp:258] Builds Database: Deleting tables history records after telemetry gZip file was created [ C:\Program Files (x86)\Incredibuild\\Temp\BuildsDB_AB42BA03-531E-4A75-828B-3A4C3BC7BD34_1790386260008.gz ].
[2026-09-26 04:31:00.019] [info] [rest_database] [8468] [CoordinatorDatabaseImpl.cpp:839] Coordinator Database: Deleting tables history records after telemetry gZip file was created [ C:\Program Files (x86)\Incredibuild\\Temp\CoordinatorDB_AB42BA03-531E-4A75-828B-3A4C3BC7BD34_1790386260008.gz ]. Purge all data = false
[2026-09-26 04:31:00.019] [info] [rest_telemetry] [8468] [TelemetryManagement.hpp:82] buildDbEmpty: [ true ]
[2026-09-26 04:31:00.715] [info] [rest_telemetry] [8468] [TelemetryManagement.hpp:122] Telemetry upload completed for gZip files:[ C:\Program Files (x86)\Incredibuild\\Temp\BuildsDB_AB42BA03-531E-4A75-828B-3A4C3BC7BD34_1790386260008.gz ], [ C:\Program Files (x86)\Incredibuild\\Temp\CoordinatorDB_AB42BA03-531E-4A75-828B-3A4C3BC7BD34_1790386260008.gz ], upload done for S3:  [ true ]
[2026-09-26 04:31:00.742] [info] [rest_telemetry] [8468] [TelemetryManagement.hpp:137] Telemetry upload completed for zip file:[ C:\Program Files (x86)\Incredibuild\\Temp\DBFiles_AB42BA03-531E-4A75-828B-3A4C3BC7BD34_1790386260008.zip ], upload done for IB Manager (Data Access):  [ true ]
[2026-09-26 04:40:33.374] [info] [rest_module] [8468] [session_handlers.cpp:90] on_session_renew_post - refresh
[2026-09-26 04:50:33.386] [info] [rest_module] [8468] [session_handlers.cpp:90] on_session_renew_post - refresh
[2026-09-26 05:00:33.392] [info] [rest_module] [8468] [session_handlers.cpp:90] on_session_renew_post - refresh
[2026-09-26 05:10:33.402] [info] [rest_module] [8468] [session_handlers.cpp:90] on_session_renew_post - refresh
[2026-09-26 05:20:33.410] [info] [rest_module] [8468] [session_handlers.cpp:90] on_session_renew_post - refresh
[2026-09-26 05:30:33.416] [info] [rest_module] [8468] [session_handlers.cpp:90] on_session_renew_post - refresh
[2026-09-26 05:31:00.007] [info] [rest_database] [8468] [BuildsDatabaseImpl.cpp:258] Builds Database: Deleting tables history records after telemetry gZip file was created [ C:\Program Files (x86)\Incredibuild\\Temp\BuildsDB_AB42BA03-531E-4A75-828B-3A4C3BC7BD34_1790389860000.gz ].
[2026-09-26 05:31:00.018] [info] [rest_database] [8468] [CoordinatorDatabaseImpl.cpp:839] Coordinator Database: Deleting tables history records after telemetry gZip file was created [ C:\Program Files (x86)\Incredibuild\\Temp\CoordinatorDB_AB42BA03-531E-4A75-828B-3A4C3BC7BD34_1790389860000.gz ]. Purge all data = false
[2026-09-26 05:31:00.018] [info] [rest_telemetry] [8468] [TelemetryManagement.hpp:82] buildDbEmpty: [ true ]
[2026-09-26 05:31:00.739] [info] [rest_telemetry] [8468] [TelemetryManagement.hpp:122] Telemetry upload completed for gZip files:[ C:\Program Files (x86)\Incredibuild\\Temp\BuildsDB_AB42BA03-531E-4A75-828B-3A4C3BC7BD34_1790389860000.gz ], [ C:\Program Files (x86)\Incredibuild\\Temp\CoordinatorDB_AB42BA03-531E-4A75-828B-3A4C3BC7BD34_1790389860000.gz ], upload done for S3:  [ true ]
[2026-09-26 05:31:00.766] [info] [rest_telemetry] [8468] [TelemetryManagement.hpp:137] Telemetry upload completed for zip file:[ C:\Program Files (x86)\Incredibuild\\Temp\DBFiles_AB42BA03-531E-4A75-828B-3A4C3BC7BD34_1790389860000.zip ], upload done for IB Manager (Data Access):  [ true ]
[2026-09-26 05:40:33.427] [info] [rest_module] [8468] [session_handlers.cpp:90] on_session_renew_post - refresh
[2026-09-26 05:50:33.432] [info] [rest_module] [8468] [session_handlers.cpp:90] on_session_renew_post - refresh
[2026-09-26 06:00:33.442] [info] [rest_module] [8468] [session_handlers.cpp:90] on_session_renew_post - refresh
[2026-09-26 06:10:33.444] [info] [rest_module] [8468] [session_handlers.cpp:90] on_session_renew_post - refresh
[2026-09-26 06:20:33.449] [info] [rest_module] [8468] [session_handlers.cpp:90] on_session_renew_post - refresh
[2026-09-26 06:30:33.454] [info] [rest_module] [8468] [session_handlers.cpp:90] on_session_renew_post - refresh
[2026-09-26 06:31:00.011] [info] [rest_database] [8468] [BuildsDatabaseImpl.cpp:258] Builds Database: Deleting tables history records after telemetry gZip file was created [ C:\Program Files (x86)\Incredibuild\\Temp\BuildsDB_AB42BA03-531E-4A75-828B-3A4C3BC7BD34_1790393460005.gz ].
[2026-09-26 06:31:00.018] [info] [rest_database] [8468] [CoordinatorDatabaseImpl.cpp:839] Coordinator Database: Deleting tables history records after telemetry gZip file was created [ C:\Program Files (x86)\Incredibuild\\Temp\CoordinatorDB_AB42BA03-531E-4A75-828B-3A4C3BC7BD34_1790393460005.gz ]. Purge all data = false
[2026-09-26 06:31:00.019] [info] [rest_telemetry] [8468] [TelemetryManagement.hpp:82] buildDbEmpty: [ true ]
[2026-09-26 06:31:01.540] [info] [rest_telemetry] [8468] [TelemetryManagement.hpp:122] Telemetry upload completed for gZip files:[ C:\Program Files (x86)\Incredibuild\\Temp\BuildsDB_AB42BA03-531E-4A75-828B-3A4C3BC7BD34_1790393460005.gz ], [ C:\Program Files (x86)\Incredibuild\\Temp\CoordinatorDB_AB42BA03-531E-4A75-828B-3A4C3BC7BD34_1790393460005.gz ], upload done for S3:  [ true ]
[2026-09-26 06:31:01.570] [info] [rest_telemetry] [8468] [TelemetryManagement.hpp:137] Telemetry upload completed for zip file:[ C:\Program Files (x86)\Incredibuild\\Temp\DBFiles_AB42BA03-531E-4A75-828B-3A4C3BC7BD34_1790393460005.zip ], upload done for IB Manager (Data Access):  [ true ]
[2026-09-26 06:40:33.471] [info] [rest_module] [8468] [session_handlers.cpp:90] on_session_renew_post - refresh
[2026-09-26 06:50:33.477] [info] [rest_module] [8468] [session_handlers.cpp:90] on_session_renew_post - refresh
[2026-09-26 07:00:33.478] [info] [rest_module] [8468] [session_handlers.cpp:90] on_session_renew_post - refresh
[2026-09-26 07:10:33.480] [info] [rest_module] [8468] [session_handlers.cpp:90] on_session_renew_post - refresh
[2026-09-26 07:20:33.489] [info] [rest_module] [8468] [session_handlers.cpp:90] on_session_renew_post - refresh
[2026-09-26 07:30:33.497] [info] [rest_module] [8468] [session_handlers.cpp:90] on_session_renew_post - refresh
[2026-09-26 07:31:01.014] [info] [rest_database] [8468] [BuildsDatabaseImpl.cpp:258] Builds Database: Deleting tables history records after telemetry gZip file was created [ C:\Program Files (x86)\Incredibuild\\Temp\BuildsDB_AB42BA03-531E-4A75-828B-3A4C3BC7BD34_1790397061009.gz ].
[2026-09-26 07:31:01.024] [info] [rest_database] [8468] [CoordinatorDatabaseImpl.cpp:839] Coordinator Database: Deleting tables history records after telemetry gZip file was created [ C:\Program Files (x86)\Incredibuild\\Temp\CoordinatorDB_AB42BA03-531E-4A75-828B-3A4C3BC7BD34_1790397061009.gz ]. Purge all data = false
[2026-09-26 07:31:01.025] [info] [rest_telemetry] [8468] [TelemetryManagement.hpp:82] buildDbEmpty: [ true ]
[2026-09-26 07:31:02.044] [info] [rest_telemetry] [8468] [TelemetryManagement.hpp:122] Telemetry upload completed for gZip files:[ C:\Program Files (x86)\Incredibuild\\Temp\BuildsDB_AB42BA03-531E-4A75-828B-3A4C3BC7BD34_1790397061009.gz ], [ C:\Program Files (x86)\Incredibuild\\Temp\CoordinatorDB_AB42BA03-531E-4A75-828B-3A4C3BC7BD34_1790397061009.gz ], upload done for S3:  [ true ]
[2026-09-26 07:31:02.070] [info] [rest_telemetry] [8468] [TelemetryManagement.hpp:137] Telemetry upload completed for zip file:[ C:\Program Files (x86)\Incredibuild\\Temp\DBFiles_AB42BA03-531E-4A75-828B-3A4C3BC7BD34_1790397061009.zip ], upload done for IB Manager (Data Access):  [ true ]
[2026-09-26 07:40:33.511] [info] [rest_module] [8468] [session_handlers.cpp:90] on_session_renew_post - refresh
[2026-09-26 07:50:33.517] [info] [rest_module] [8468] [session_handlers.cpp:90] on_session_renew_post - refresh
[2026-09-26 08:00:33.525] [info] [rest_module] [8468] [session_handlers.cpp:90] on_session_renew_post - refresh
[2026-09-26 08:10:33.538] [info] [rest_module] [8468] [session_handlers.cpp:90] on_session_renew_post - refresh
[2026-09-26 08:20:33.544] [info] [rest_module] [8468] [session_handlers.cpp:90] on_session_renew_post - refresh
[2026-09-26 08:30:33.546] [info] [rest_module] [8468] [session_handlers.cpp:90] on_session_renew_post - refresh
[2026-09-26 08:31:02.018] [info] [rest_database] [8468] [BuildsDatabaseImpl.cpp:258] Builds Database: Deleting tables history records after telemetry gZip file was created [ C:\Program Files (x86)\Incredibuild\\Temp\BuildsDB_AB42BA03-531E-4A75-828B-3A4C3BC7BD34_1790400662012.gz ].
[2026-09-26 08:31:02.026] [info] [rest_database] [8468] [CoordinatorDatabaseImpl.cpp:839] Coordinator Database: Deleting tables history records after telemetry gZip file was created [ C:\Program Files (x86)\Incredibuild\\Temp\CoordinatorDB_AB42BA03-531E-4A75-828B-3A4C3BC7BD34_1790400662012.gz ]. Purge all data = false
[2026-09-26 08:31:02.026] [info] [rest_telemetry] [8468] [TelemetryManagement.hpp:82] buildDbEmpty: [ true ]
[2026-09-26 08:31:02.734] [info] [rest_telemetry] [8468] [TelemetryManagement.hpp:122] Telemetry upload completed for gZip files:[ C:\Program Files (x86)\Incredibuild\\Temp\BuildsDB_AB42BA03-531E-4A75-828B-3A4C3BC7BD34_1790400662012.gz ], [ C:\Program Files (x86)\Incredibuild\\Temp\CoordinatorDB_AB42BA03-531E-4A75-828B-3A4C3BC7BD34_1790400662012.gz ], upload done for S3:  [ true ]
[2026-09-26 08:31:02.762] [info] [rest_telemetry] [8468] [TelemetryManagement.hpp:137] Telemetry upload completed for zip file:[ C:\Program Files (x86)\Incredibuild\\Temp\DBFiles_AB42BA03-531E-4A75-828B-3A4C3BC7BD34_1790400662012.zip ], upload done for IB Manager (Data Access):  [ true ]
[2026-09-26 08:40:33.549] [info] [rest_module] [8468] [session_handlers.cpp:90] on_session_renew_post - refresh
[2026-09-26 08:50:33.552] [info] [rest_module] [8468] [session_handlers.cpp:90] on_session_renew_post - refresh
[2026-09-26 09:00:33.562] [info] [rest_module] [8468] [session_handlers.cpp:90] on_session_renew_post - refresh
[2026-09-26 09:10:33.569] [info] [rest_module] [8468] [session_handlers.cpp:90] on_session_renew_post - refresh
[2026-09-26 09:20:33.571] [info] [rest_module] [8468] [session_handlers.cpp:90] on_session_renew_post - refresh
[2026-09-26 09:30:33.579] [info] [rest_module] [8468] [session_handlers.cpp:90] on_session_renew_post - refresh
[2026-09-26 09:31:02.020] [info] [rest_database] [8468] [BuildsDatabaseImpl.cpp:258] Builds Database: Deleting tables history records after telemetry gZip file was created [ C:\Program Files (x86)\Incredibuild\\Temp\BuildsDB_AB42BA03-531E-4A75-828B-3A4C3BC7BD34_1790404262013.gz ].
[2026-09-26 09:31:02.033] [info] [rest_database] [8468] [CoordinatorDatabaseImpl.cpp:839] Coordinator Database: Deleting tables history records after telemetry gZip file was created [ C:\Program Files (x86)\Incredibuild\\Temp\CoordinatorDB_AB42BA03-531E-4A75-828B-3A4C3BC7BD34_1790404262013.gz ]. Purge all data = false
[2026-09-26 09:31:02.034] [info] [rest_telemetry] [8468] [TelemetryManagement.hpp:82] buildDbEmpty: [ true ]
[2026-09-26 09:31:02.815] [info] [rest_telemetry] [8468] [TelemetryManagement.hpp:122] Telemetry upload completed for gZip files:[ C:\Program Files (x86)\Incredibuild\\Temp\BuildsDB_AB42BA03-531E-4A75-828B-3A4C3BC7BD34_1790404262013.gz ], [ C:\Program Files (x86)\Incredibuild\\Temp\CoordinatorDB_AB42BA03-531E-4A75-828B-3A4C3BC7BD34_1790404262013.gz ], upload done for S3:  [ true ]
[2026-09-26 09:31:02.842] [info] [rest_telemetry] [8468] [TelemetryManagement.hpp:137] Telemetry upload completed for zip file:[ C:\Program Files (x86)\Incredibuild\\Temp\DBFiles_AB42BA03-531E-4A75-828B-3A4C3BC7BD34_1790404262013.zip ], upload done for IB Manager (Data Access):  [ true ]
[2026-09-26 09:40:33.586] [info] [rest_module] [8468] [session_handlers.cpp:90] on_session_renew_post - refresh
[2026-09-26 09:50:33.589] [info] [rest_module] [8468] [session_handlers.cpp:90] on_session_renew_post - refresh
[2026-09-26 10:00:33.593] [info] [rest_module] [8468] [session_handlers.cpp:90] on_session_renew_post - refresh
[2026-09-26 10:10:33.600] [info] [rest_module] [8468] [session_handlers.cpp:90] on_session_renew_post - refresh
[2026-09-26 10:20:33.606] [info] [rest_module] [8468] [session_handlers.cpp:90] on_session_renew_post - refresh
[2026-09-26 10:30:33.617] [info] [rest_module] [8468] [session_handlers.cpp:90] on_session_renew_post - refresh
[2026-09-26 10:31:02.009] [info] [rest_database] [8468] [BuildsDatabaseImpl.cpp:258] Builds Database: Deleting tables history records after telemetry gZip file was created [ C:\Program Files (x86)\Incredibuild\\Temp\BuildsDB_AB42BA03-531E-4A75-828B-3A4C3BC7BD34_1790407862003.gz ].
[2026-09-26 10:31:02.017] [info] [rest_database] [8468] [CoordinatorDatabaseImpl.cpp:839] Coordinator Database: Deleting tables history records after telemetry gZip file was created [ C:\Program Files (x86)\Incredibuild\\Temp\CoordinatorDB_AB42BA03-531E-4A75-828B-3A4C3BC7BD34_1790407862003.gz ]. Purge all data = false
[2026-09-26 10:31:02.018] [info] [rest_telemetry] [8468] [TelemetryManagement.hpp:82] buildDbEmpty: [ true ]
[2026-09-26 10:31:02.766] [info] [rest_telemetry] [8468] [TelemetryManagement.hpp:122] Telemetry upload completed for gZip files:[ C:\Program Files (x86)\Incredibuild\\Temp\BuildsDB_AB42BA03-531E-4A75-828B-3A4C3BC7BD34_1790407862003.gz ], [ C:\Program Files (x86)\Incredibuild\\Temp\CoordinatorDB_AB42BA03-531E-4A75-828B-3A4C3BC7BD34_1790407862003.gz ], upload done for S3:  [ true ]
[2026-09-26 10:31:02.798] [info] [rest_telemetry] [8468] [TelemetryManagement.hpp:137] Telemetry upload completed for zip file:[ C:\Program Files (x86)\Incredibuild\\Temp\DBFiles_AB42BA03-531E-4A75-828B-3A4C3BC7BD34_1790407862003.zip ], upload done for IB Manager (Data Access):  [ true ]
[2026-09-26 10:40:33.632] [info] [rest_module] [8468] [session_handlers.cpp:90] on_session_renew_post - refresh
[2026-09-26 10:50:33.649] [info] [rest_module] [8468] [session_handlers.cpp:90] on_session_renew_post - refresh
[2026-09-26 11:00:33.661] [info] [rest_module] [8468] [session_handlers.cpp:90] on_session_renew_post - refresh
[2026-09-26 11:10:33.675] [info] [rest_module] [8468] [session_handlers.cpp:90] on_session_renew_post - refresh
[2026-09-26 11:20:33.681] [info] [rest_module] [8468] [session_handlers.cpp:90] on_session_renew_post - refresh
[2026-09-26 11:30:33.696] [info] [rest_module] [8468] [session_handlers.cpp:90] on_session_renew_post - refresh
[2026-09-26 11:31:02.015] [info] [rest_database] [8468] [BuildsDatabaseImpl.cpp:258] Builds Database: Deleting tables history records after telemetry gZip file was created [ C:\Program Files (x86)\Incredibuild\\Temp\BuildsDB_AB42BA03-531E-4A75-828B-3A4C3BC7BD34_1790411462009.gz ].
[2026-09-26 11:31:02.027] [info] [rest_database] [8468] [CoordinatorDatabaseImpl.cpp:839] Coordinator Database: Deleting tables history records after telemetry gZip file was created [ C:\Program Files (x86)\Incredibuild\\Temp\CoordinatorDB_AB42BA03-531E-4A75-828B-3A4C3BC7BD34_1790411462009.gz ]. Purge all data = false
[2026-09-26 11:31:02.028] [info] [rest_telemetry] [8468] [TelemetryManagement.hpp:82] buildDbEmpty: [ true ]
[2026-09-26 11:31:02.709] [info] [rest_telemetry] [8468] [TelemetryManagement.hpp:122] Telemetry upload completed for gZip files:[ C:\Program Files (x86)\Incredibuild\\Temp\BuildsDB_AB42BA03-531E-4A75-828B-3A4C3BC7BD34_1790411462009.gz ], [ C:\Program Files (x86)\Incredibuild\\Temp\CoordinatorDB_AB42BA03-531E-4A75-828B-3A4C3BC7BD34_1790411462009.gz ], upload done for S3:  [ true ]
[2026-09-26 11:31:02.738] [info] [rest_telemetry] [8468] [TelemetryManagement.hpp:137] Telemetry upload completed for zip file:[ C:\Program Files (x86)\Incredibuild\\Temp\DBFiles_AB42BA03-531E-4A75-828B-3A4C3BC7BD34_1790411462009.zip ], upload done for IB Manager (Data Access):  [ true ]
[2026-09-26 11:40:33.699] [info] [rest_module] [8468] [session_handlers.cpp:90] on_session_renew_post - refresh
[2026-09-26 11:50:33.712] [info] [rest_module] [8468] [session_handlers.cpp:90] on_session_renew_post - refresh
[2026-09-26 12:00:33.720] [info] [rest_module] [8468] [session_handlers.cpp:90] on_session_renew_post - refresh
[2026-09-26 12:10:33.724] [info] [rest_module] [8468] [session_handlers.cpp:90] on_session_renew_post - refresh
[2026-09-26 12:20:33.727] [info] [rest_module] [8468] [session_handlers.cpp:90] on_session_renew_post - refresh
[2026-09-26 12:30:33.733] [info] [rest_module] [8468] [session_handlers.cpp:90] on_session_renew_post - refresh
[2026-09-26 12:31:02.014] [info] [rest_database] [8468] [BuildsDatabaseImpl.cpp:258] Builds Database: Deleting tables history records after telemetry gZip file was created [ C:\Program Files (x86)\Incredibuild\\Temp\BuildsDB_AB42BA03-531E-4A75-828B-3A4C3BC7BD34_1790415062010.gz ].
[2026-09-26 12:31:02.026] [info] [rest_database] [8468] [CoordinatorDatabaseImpl.cpp:839] Coordinator Database: Deleting tables history records after telemetry gZip file was created [ C:\Program Files (x86)\Incredibuild\\Temp\CoordinatorDB_AB42BA03-531E-4A75-828B-3A4C3BC7BD34_1790415062010.gz ]. Purge all data = false
[2026-09-26 12:31:02.027] [info] [rest_telemetry] [8468] [TelemetryManagement.hpp:82] buildDbEmpty: [ true ]
[2026-09-26 12:31:02.696] [info] [rest_telemetry] [8468] [TelemetryManagement.hpp:122] Telemetry upload completed for gZip files:[ C:\Program Files (x86)\Incredibuild\\Temp\BuildsDB_AB42BA03-531E-4A75-828B-3A4C3BC7BD34_1790415062010.gz ], [ C:\Program Files (x86)\Incredibuild\\Temp\CoordinatorDB_AB42BA03-531E-4A75-828B-3A4C3BC7BD34_1790415062010.gz ], upload done for S3:  [ true ]
[2026-09-26 12:31:02.723] [info] [rest_telemetry] [8468] [TelemetryManagement.hpp:137] Telemetry upload completed for zip file:[ C:\Program Files (x86)\Incredibuild\\Temp\DBFiles_AB42BA03-531E-4A75-828B-3A4C3BC7BD34_1790415062010.zip ], upload done for IB Manager (Data Access):  [ true ]
[2026-09-26 12:40:33.738] [info] [rest_module] [8468] [session_handlers.cpp:90] on_session_renew_post - refresh
[2026-09-26 12:50:33.752] [info] [rest_module] [8468] [session_handlers.cpp:90] on_session_renew_post - refresh
[2026-09-26 13:00:33.764] [info] [rest_module] [8468] [session_handlers.cpp:90] on_session_renew_post - refresh
[2026-09-26 13:10:33.774] [info] [rest_module] [8468] [session_handlers.cpp:90] on_session_renew_post - refresh
[2026-09-26 13:20:33.777] [info] [rest_module] [8468] [session_handlers.cpp:90] on_session_renew_post - refresh
[2026-09-26 13:30:33.776] [info] [rest_module] [8468] [session_handlers.cpp:90] on_session_renew_post - refresh
[2026-09-26 13:31:02.007] [info] [rest_database] [8468] [BuildsDatabaseImpl.cpp:258] Builds Database: Deleting tables history records after telemetry gZip file was created [ C:\Program Files (x86)\Incredibuild\\Temp\BuildsDB_AB42BA03-531E-4A75-828B-3A4C3BC7BD34_1790418662004.gz ].
[2026-09-26 13:31:02.017] [info] [rest_database] [8468] [CoordinatorDatabaseImpl.cpp:839] Coordinator Database: Deleting tables history records after telemetry gZip file was created [ C:\Program Files (x86)\Incredibuild\\Temp\CoordinatorDB_AB42BA03-531E-4A75-828B-3A4C3BC7BD34_1790418662004.gz ]. Purge all data = false
[2026-09-26 13:31:02.018] [info] [rest_telemetry] [8468] [TelemetryManagement.hpp:82] buildDbEmpty: [ true ]
[2026-09-26 13:31:02.674] [info] [rest_telemetry] [8468] [TelemetryManagement.hpp:122] Telemetry upload completed for gZip files:[ C:\Program Files (x86)\Incredibuild\\Temp\BuildsDB_AB42BA03-531E-4A75-828B-3A4C3BC7BD34_1790418662004.gz ], [ C:\Program Files (x86)\Incredibuild\\Temp\CoordinatorDB_AB42BA03-531E-4A75-828B-3A4C3BC7BD34_1790418662004.gz ], upload done for S3:  [ true ]
[2026-09-26 13:31:02.703] [info] [rest_telemetry] [8468] [TelemetryManagement.hpp:137] Telemetry upload completed for zip file:[ C:\Program Files (x86)\Incredibuild\\Temp\DBFiles_AB42BA03-531E-4A75-828B-3A4C3BC7BD34_1790418662004.zip ], upload done for IB Manager (Data Access):  [ true ]
[2026-09-26 13:40:33.777] [info] [rest_module] [8468] [session_handlers.cpp:90] on_session_renew_post - refresh
[2026-09-26 13:50:33.781] [info] [rest_module] [8468] [session_handlers.cpp:90] on_session_renew_post - refresh
[2026-09-26 14:00:33.798] [info] [rest_module] [8468] [session_handlers.cpp:90] on_session_renew_post - refresh
[2026-09-26 14:10:33.813] [info] [rest_module] [8468] [session_handlers.cpp:90] on_session_renew_post - refresh
[2026-09-26 14:20:33.815] [info] [rest_module] [8468] [session_handlers.cpp:90] on_session_renew_post - refresh
[2026-09-26 14:30:33.831] [info] [rest_module] [8468] [session_handlers.cpp:90] on_session_renew_post - refresh
[2026-09-26 14:31:02.013] [info] [rest_database] [8468] [BuildsDatabaseImpl.cpp:258] Builds Database: Deleting tables history records after telemetry gZip file was created [ C:\Program Files (x86)\Incredibuild\\Temp\BuildsDB_AB42BA03-531E-4A75-828B-3A4C3BC7BD34_1790422262006.gz ].
[2026-09-26 14:31:02.019] [info] [rest_database] [8468] [CoordinatorDatabaseImpl.cpp:839] Coordinator Database: Deleting tables history records after telemetry gZip file was created [ C:\Program Files (x86)\Incredibuild\\Temp\CoordinatorDB_AB42BA03-531E-4A75-828B-3A4C3BC7BD34_1790422262006.gz ]. Purge all data = false
[2026-09-26 14:31:02.021] [info] [rest_telemetry] [8468] [TelemetryManagement.hpp:82] buildDbEmpty: [ true ]
[2026-09-26 14:31:03.187] [info] [rest_telemetry] [8468] [TelemetryManagement.hpp:122] Telemetry upload completed for gZip files:[ C:\Program Files (x86)\Incredibuild\\Temp\BuildsDB_AB42BA03-531E-4A75-828B-3A4C3BC7BD34_1790422262006.gz ], [ C:\Program Files (x86)\Incredibuild\\Temp\CoordinatorDB_AB42BA03-531E-4A75-828B-3A4C3BC7BD34_1790422262006.gz ], upload done for S3:  [ true ]
[2026-09-26 14:31:03.213] [info] [rest_telemetry] [8468] [TelemetryManagement.hpp:137] Telemetry upload completed for zip file:[ C:\Program Files (x86)\Incredibuild\\Temp\DBFiles_AB42BA03-531E-4A75-828B-3A4C3BC7BD34_1790422262006.zip ], upload done for IB Manager (Data Access):  [ true ]
[2026-09-26 14:40:33.847] [info] [rest_module] [8468] [session_handlers.cpp:90] on_session_renew_post - refresh
[2026-09-26 14:50:33.859] [info] [rest_module] [8468] [session_handlers.cpp:90] on_session_renew_post - refresh
[2026-09-26 20:51:07.501] [warning] [rest_business_logic] [8468] [rest_api.cpp:124] Fail to authenticate: Timeout
[2026-09-26 20:51:09.131] [info] [rest_database] [8468] [BuildsDatabaseImpl.cpp:258] Builds Database: Deleting tables history records after telemetry gZip file was created [ C:\Program Files (x86)\Incredibuild\\Temp\BuildsDB_AB42BA03-531E-4A75-828B-3A4C3BC7BD34_1790445067516.gz ].
[2026-09-26 20:51:09.347] [info] [rest_database] [8468] [CoordinatorDatabaseImpl.cpp:839] Coordinator Database: Deleting tables history records after telemetry gZip file was created [ C:\Program Files (x86)\Incredibuild\\Temp\CoordinatorDB_AB42BA03-531E-4A75-828B-3A4C3BC7BD34_1790445067516.gz ]. Purge all data = false
[2026-09-26 20:51:09.399] [info] [rest_telemetry] [8468] [TelemetryManagement.hpp:82] buildDbEmpty: [ true ]
[2026-09-26 20:51:10.137] [warning] [rest_business_logic] [8468] [rest_api.cpp:124] Fail to authenticate: Fail to authenticate
[2026-09-26 20:51:10.137] [error] [rest_telemetry] [8468] [TelemetryManagement.cpp:341] Error resolving domain name: telemetry.incredibuild.com, error: No such host is known
[2026-09-26 20:51:10.138] [error] [rest_telemetry] [8468] [TelemetryManagement.cpp:448] Handling Proxy Setup failed
[2026-09-26 20:51:10.138] [error] [rest_telemetry] [8468] [TelemetryManagement.hpp:113] Failed uploading Telemetry gZip file to S3 [ C:\Program Files (x86)\Incredibuild\\Temp\CoordinatorDB_AB42BA03-531E-4A75-828B-3A4C3BC7BD34_1790445067516.gz ], upload done: [ true ]
[2026-09-26 20:51:10.274] [info] [rest_module] [8468] [session_handlers.cpp:90] on_session_renew_post - refresh
[2026-09-26 20:51:10.275] [warning] [rest_business_logic] [8468] [rest_api.cpp:124] Fail to authenticate: Fail to authenticate
[2026-09-26 20:51:10.283] [warning] [rest_business_logic] [8468] [rest_api.cpp:124] Fail to authenticate: Fail to authenticate
[2026-09-26 20:51:10.291] [warning] [rest_business_logic] [8468] [rest_api.cpp:124] Fail to authenticate: Fail to authenticate
[2026-09-26 20:51:10.299] [warning] [rest_business_logic] [8468] [rest_api.cpp:124] Fail to authenticate: Fail to authenticate
[2026-09-26 20:51:10.308] [warning] [rest_business_logic] [8468] [rest_api.cpp:124] Fail to authenticate: Fail to authenticate
[2026-09-26 20:51:10.309] [warning] [rest_business_logic] [8468] [rest_api.cpp:124] Fail to authenticate: Fail to authenticate
[2026-09-26 20:51:10.310] [warning] [rest_business_logic] [8468] [rest_api.cpp:124] Fail to authenticate: Fail to authenticate
[2026-09-26 20:51:10.311] [info] [rest_module] [8468] [session_handlers.cpp:30] on_session_create_post - login
[2026-09-26 20:51:10.324] [info] [rest_business_logic] [8468] [business_logic_relayer.cpp:592] Added new history buffer
[2026-09-26 20:51:10.324] [info] [rest_business_logic] [8468] [business_logic_relayer.cpp:821] Remove diff buffers
[2026-09-26 20:51:10.533] [info] [rest_telemetry] [8468] [TelemetryManagement.hpp:137] Telemetry upload completed for zip file:[ C:\Program Files (x86)\Incredibuild\\Temp\DBFiles_AB42BA03-531E-4A75-828B-3A4C3BC7BD34_1790445067516.zip ], upload done for IB Manager (Data Access):  [ true ]
[2026-09-26 20:51:10.769] [error] [rest_telemetry] [8468] [TelemetryManagement.cpp:341] Error resolving domain name: telemetry.incredibuild.com, error: No such host is known
[2026-09-26 20:51:10.773] [error] [rest_telemetry] [8468] [TelemetryManagement.cpp:448] Handling Proxy Setup failed
[2026-09-26 20:51:10.779] [error] [rest_telemetry] [8468] [TelemetryManagement.cpp:341] Error resolving domain name: telemetry.incredibuild.com, error: No such host is known
[2026-09-26 20:51:10.780] [error] [rest_telemetry] [8468] [TelemetryManagement.cpp:448] Handling Proxy Setup failed
[2026-09-26 21:01:08.872] [info] [rest_module] [8468] [session_handlers.cpp:90] on_session_renew_post - refresh
[2026-09-26 21:11:08.879] [info] [rest_module] [8468] [session_handlers.cpp:90] on_session_renew_post - refresh
[2026-09-26 21:21:08.885] [info] [rest_module] [8468] [session_handlers.cpp:90] on_session_renew_post - refresh
[2026-09-26 21:31:08.889] [info] [rest_module] [8468] [session_handlers.cpp:90] on_session_renew_post - refresh
[2026-09-26 21:41:08.894] [info] [rest_module] [8468] [session_handlers.cpp:90] on_session_renew_post - refresh
[2026-09-26 21:51:08.905] [info] [rest_module] [8468] [session_handlers.cpp:90] on_session_renew_post - refresh
[2026-09-26 21:51:10.009] [info] [rest_database] [8468] [BuildsDatabaseImpl.cpp:258] Builds Database: Deleting tables history records after telemetry gZip file was created [ C:\Program Files (x86)\Incredibuild\\Temp\BuildsDB_AB42BA03-531E-4A75-828B-3A4C3BC7BD34_1790448670004.gz ].
[2026-09-26 21:51:10.014] [info] [rest_database] [8468] [CoordinatorDatabaseImpl.cpp:839] Coordinator Database: Deleting tables history records after telemetry gZip file was created [ C:\Program Files (x86)\Incredibuild\\Temp\CoordinatorDB_AB42BA03-531E-4A75-828B-3A4C3BC7BD34_1790448670004.gz ]. Purge all data = false
[2026-09-26 21:51:10.017] [info] [rest_telemetry] [8468] [TelemetryManagement.hpp:82] buildDbEmpty: [ true ]
[2026-09-26 21:51:10.693] [info] [rest_telemetry] [8468] [TelemetryManagement.hpp:122] Telemetry upload completed for gZip files:[ C:\Program Files (x86)\Incredibuild\\Temp\BuildsDB_AB42BA03-531E-4A75-828B-3A4C3BC7BD34_1790448670004.gz ], [ C:\Program Files (x86)\Incredibuild\\Temp\CoordinatorDB_AB42BA03-531E-4A75-828B-3A4C3BC7BD34_1790448670004.gz ], upload done for S3:  [ true ]
[2026-09-26 21:51:10.715] [info] [rest_telemetry] [8468] [TelemetryManagement.hpp:137] Telemetry upload completed for zip file:[ C:\Program Files (x86)\Incredibuild\\Temp\DBFiles_AB42BA03-531E-4A75-828B-3A4C3BC7BD34_1790448670004.zip ], upload done for IB Manager (Data Access):  [ true ]
[2026-09-26 22:01:08.920] [info] [rest_module] [8468] [session_handlers.cpp:90] on_session_renew_post - refresh
[2026-09-26 22:11:08.920] [info] [rest_module] [8468] [session_handlers.cpp:90] on_session_renew_post - refresh
[2026-09-26 22:21:08.933] [info] [rest_module] [8468] [session_handlers.cpp:90] on_session_renew_post - refresh
[2026-09-26 22:31:08.930] [info] [rest_module] [8468] [session_handlers.cpp:90] on_session_renew_post - refresh
[2026-09-26 22:41:08.946] [info] [rest_module] [8468] [session_handlers.cpp:90] on_session_renew_post - refresh
[2026-09-26 22:51:08.945] [info] [rest_module] [8468] [session_handlers.cpp:90] on_session_renew_post - refresh
[2026-09-26 22:51:12.011] [info] [rest_database] [8468] [BuildsDatabaseImpl.cpp:258] Builds Database: Deleting tables history records after telemetry gZip file was created [ C:\Program Files (x86)\Incredibuild\\Temp\BuildsDB_AB42BA03-531E-4A75-828B-3A4C3BC7BD34_1790452272005.gz ].
[2026-09-26 22:51:12.016] [info] [rest_database] [8468] [CoordinatorDatabaseImpl.cpp:839] Coordinator Database: Deleting tables history records after telemetry gZip file was created [ C:\Program Files (x86)\Incredibuild\\Temp\CoordinatorDB_AB42BA03-531E-4A75-828B-3A4C3BC7BD34_1790452272005.gz ]. Purge all data = false
[2026-09-26 22:51:12.019] [info] [rest_telemetry] [8468] [TelemetryManagement.hpp:82] buildDbEmpty: [ true ]
[2026-09-26 22:51:12.667] [info] [rest_telemetry] [8468] [TelemetryManagement.hpp:122] Telemetry upload completed for gZip files:[ C:\Program Files (x86)\Incredibuild\\Temp\BuildsDB_AB42BA03-531E-4A75-828B-3A4C3BC7BD34_1790452272005.gz ], [ C:\Program Files (x86)\Incredibuild\\Temp\CoordinatorDB_AB42BA03-531E-4A75-828B-3A4C3BC7BD34_1790452272005.gz ], upload done for S3:  [ true ]
[2026-09-26 22:51:12.690] [info] [rest_telemetry] [8468] [TelemetryManagement.hpp:137] Telemetry upload completed for zip file:[ C:\Program Files (x86)\Incredibuild\\Temp\DBFiles_AB42BA03-531E-4A75-828B-3A4C3BC7BD34_1790452272005.zip ], upload done for IB Manager (Data Access):  [ true ]
[2026-09-26 23:01:08.956] [info] [rest_module] [8468] [session_handlers.cpp:90] on_session_renew_post - refresh
[2026-09-26 23:11:08.958] [info] [rest_module] [8468] [session_handlers.cpp:90] on_session_renew_post - refresh
[2026-09-26 23:21:08.965] [info] [rest_module] [8468] [session_handlers.cpp:90] on_session_renew_post - refresh
[2026-09-26 23:31:08.980] [info] [rest_module] [8468] [session_handlers.cpp:90] on_session_renew_post - refresh
[2026-09-26 23:41:08.984] [info] [rest_module] [8468] [session_handlers.cpp:90] on_session_renew_post - refresh
[2026-09-26 23:51:08.994] [info] [rest_module] [8468] [session_handlers.cpp:90] on_session_renew_post - refresh
[2026-09-26 23:51:12.005] [info] [rest_database] [8468] [BuildsDatabaseImpl.cpp:258] Builds Database: Deleting tables history records after telemetry gZip file was created [ C:\Program Files (x86)\Incredibuild\\Temp\BuildsDB_AB42BA03-531E-4A75-828B-3A4C3BC7BD34_1790455872002.gz ].
[2026-09-26 23:51:12.013] [info] [rest_database] [8468] [CoordinatorDatabaseImpl.cpp:839] Coordinator Database: Deleting tables history records after telemetry gZip file was created [ C:\Program Files (x86)\Incredibuild\\Temp\CoordinatorDB_AB42BA03-531E-4A75-828B-3A4C3BC7BD34_1790455872002.gz ]. Purge all data = false
[2026-09-26 23:51:12.016] [info] [rest_telemetry] [8468] [TelemetryManagement.hpp:82] buildDbEmpty: [ true ]
[2026-09-26 23:51:12.663] [info] [rest_telemetry] [8468] [TelemetryManagement.hpp:122] Telemetry upload completed for gZip files:[ C:\Program Files (x86)\Incredibuild\\Temp\BuildsDB_AB42BA03-531E-4A75-828B-3A4C3BC7BD34_1790455872002.gz ], [ C:\Program Files (x86)\Incredibuild\\Temp\CoordinatorDB_AB42BA03-531E-4A75-828B-3A4C3BC7BD34_1790455872002.gz ], upload done for S3:  [ true ]
[2026-09-26 23:51:12.683] [info] [rest_telemetry] [8468] [TelemetryManagement.hpp:137] Telemetry upload completed for zip file:[ C:\Program Files (x86)\Incredibuild\\Temp\DBFiles_AB42BA03-531E-4A75-828B-3A4C3BC7BD34_1790455872002.zip ], upload done for IB Manager (Data Access):  [ true ]
[2026-09-27 00:01:09.003] [info] [rest_module] [8468] [session_handlers.cpp:90] on_session_renew_post - refresh
[2026-09-27 00:11:09.014] [info] [rest_module] [8468] [session_handlers.cpp:90] on_session_renew_post - refresh
[2026-09-27 00:21:09.025] [info] [rest_module] [8468] [session_handlers.cpp:90] on_session_renew_post - refresh
[2026-09-27 00:31:09.033] [info] [rest_module] [8468] [session_handlers.cpp:90] on_session_renew_post - refresh
[2026-09-27 00:41:09.048] [info] [rest_module] [8468] [session_handlers.cpp:90] on_session_renew_post - refresh
[2026-09-27 00:51:09.054] [info] [rest_module] [8468] [session_handlers.cpp:90] on_session_renew_post - refresh
[2026-09-27 00:51:12.015] [info] [rest_database] [8468] [BuildsDatabaseImpl.cpp:258] Builds Database: Deleting tables history records after telemetry gZip file was created [ C:\Program Files (x86)\Incredibuild\\Temp\BuildsDB_AB42BA03-531E-4A75-828B-3A4C3BC7BD34_1790459472012.gz ].
[2026-09-27 00:51:12.020] [info] [rest_database] [8468] [CoordinatorDatabaseImpl.cpp:839] Coordinator Database: Deleting tables history records after telemetry gZip file was created [ C:\Program Files (x86)\Incredibuild\\Temp\CoordinatorDB_AB42BA03-531E-4A75-828B-3A4C3BC7BD34_1790459472012.gz ]. Purge all data = false
[2026-09-27 00:51:12.021] [info] [rest_telemetry] [8468] [TelemetryManagement.hpp:82] buildDbEmpty: [ true ]
[2026-09-27 00:51:12.674] [info] [rest_telemetry] [8468] [TelemetryManagement.hpp:122] Telemetry upload completed for gZip files:[ C:\Program Files (x86)\Incredibuild\\Temp\BuildsDB_AB42BA03-531E-4A75-828B-3A4C3BC7BD34_1790459472012.gz ], [ C:\Program Files (x86)\Incredibuild\\Temp\CoordinatorDB_AB42BA03-531E-4A75-828B-3A4C3BC7BD34_1790459472012.gz ], upload done for S3:  [ true ]
[2026-09-27 00:51:12.697] [info] [rest_telemetry] [8468] [TelemetryManagement.hpp:137] Telemetry upload completed for zip file:[ C:\Program Files (x86)\Incredibuild\\Temp\DBFiles_AB42BA03-531E-4A75-828B-3A4C3BC7BD34_1790459472012.zip ], upload done for IB Manager (Data Access):  [ true ]
[2026-09-27 01:01:09.072] [info] [rest_module] [8468] [session_handlers.cpp:90] on_session_renew_post - refresh
[2026-09-27 01:11:09.084] [info] [rest_module] [8468] [session_handlers.cpp:90] on_session_renew_post - refresh
[2026-09-27 01:21:09.087] [info] [rest_module] [8468] [session_handlers.cpp:90] on_session_renew_post - refresh
[2026-09-27 01:31:09.096] [info] [rest_module] [8468] [session_handlers.cpp:90] on_session_renew_post - refresh
[2026-09-27 01:41:09.110] [info] [rest_module] [8468] [session_handlers.cpp:90] on_session_renew_post - refresh
[2026-09-27 01:51:09.122] [info] [rest_module] [8468] [session_handlers.cpp:90] on_session_renew_post - refresh
[2026-09-27 01:51:12.009] [info] [rest_database] [8468] [BuildsDatabaseImpl.cpp:258] Builds Database: Deleting tables history records after telemetry gZip file was created [ C:\Program Files (x86)\Incredibuild\\Temp\BuildsDB_AB42BA03-531E-4A75-828B-3A4C3BC7BD34_1790463072006.gz ].
[2026-09-27 01:51:12.014] [info] [rest_database] [8468] [CoordinatorDatabaseImpl.cpp:839] Coordinator Database: Deleting tables history records after telemetry gZip file was created [ C:\Program Files (x86)\Incredibuild\\Temp\CoordinatorDB_AB42BA03-531E-4A75-828B-3A4C3BC7BD34_1790463072006.gz ]. Purge all data = false
[2026-09-27 01:51:12.015] [info] [rest_telemetry] [8468] [TelemetryManagement.hpp:82] buildDbEmpty: [ true ]
[2026-09-27 01:51:12.614] [info] [rest_telemetry] [8468] [TelemetryManagement.hpp:122] Telemetry upload completed for gZip files:[ C:\Program Files (x86)\Incredibuild\\Temp\BuildsDB_AB42BA03-531E-4A75-828B-3A4C3BC7BD34_1790463072006.gz ], [ C:\Program Files (x86)\Incredibuild\\Temp\CoordinatorDB_AB42BA03-531E-4A75-828B-3A4C3BC7BD34_1790463072006.gz ], upload done for S3:  [ true ]
[2026-09-27 01:51:12.633] [info] [rest_telemetry] [8468] [TelemetryManagement.hpp:137] Telemetry upload completed for zip file:[ C:\Program Files (x86)\Incredibuild\\Temp\DBFiles_AB42BA03-531E-4A75-828B-3A4C3BC7BD34_1790463072006.zip ], upload done for IB Manager (Data Access):  [ true ]
[2026-09-27 02:01:09.125] [info] [rest_module] [8468] [session_handlers.cpp:90] on_session_renew_post - refresh
[2026-09-27 02:11:09.138] [info] [rest_module] [8468] [session_handlers.cpp:90] on_session_renew_post - refresh
[2026-09-27 02:21:09.149] [info] [rest_module] [8468] [session_handlers.cpp:90] on_session_renew_post - refresh
[2026-09-27 02:31:09.158] [info] [rest_module] [8468] [session_handlers.cpp:90] on_session_renew_post - refresh
[2026-09-27 02:41:09.159] [info] [rest_module] [8468] [session_handlers.cpp:90] on_session_renew_post - refresh
[2026-09-27 02:51:09.164] [info] [rest_module] [8468] [session_handlers.cpp:90] on_session_renew_post - refresh
[2026-09-27 02:51:12.013] [info] [rest_database] [8468] [BuildsDatabaseImpl.cpp:258] Builds Database: Deleting tables history records after telemetry gZip file was created [ C:\Program Files (x86)\Incredibuild\\Temp\BuildsDB_AB42BA03-531E-4A75-828B-3A4C3BC7BD34_1790466672009.gz ].
[2026-09-27 02:51:12.021] [info] [rest_database] [8468] [CoordinatorDatabaseImpl.cpp:839] Coordinator Database: Deleting tables history records after telemetry gZip file was created [ C:\Program Files (x86)\Incredibuild\\Temp\CoordinatorDB_AB42BA03-531E-4A75-828B-3A4C3BC7BD34_1790466672009.gz ]. Purge all data = false
[2026-09-27 02:51:12.021] [info] [rest_telemetry] [8468] [TelemetryManagement.hpp:82] buildDbEmpty: [ true ]
[2026-09-27 02:51:12.623] [info] [rest_telemetry] [8468] [TelemetryManagement.hpp:122] Telemetry upload completed for gZip files:[ C:\Program Files (x86)\Incredibuild\\Temp\BuildsDB_AB42BA03-531E-4A75-828B-3A4C3BC7BD34_1790466672009.gz ], [ C:\Program Files (x86)\Incredibuild\\Temp\CoordinatorDB_AB42BA03-531E-4A75-828B-3A4C3BC7BD34_1790466672009.gz ], upload done for S3:  [ true ]
[2026-09-27 02:51:12.647] [info] [rest_telemetry] [8468] [TelemetryManagement.hpp:137] Telemetry upload completed for zip file:[ C:\Program Files (x86)\Incredibuild\\Temp\DBFiles_AB42BA03-531E-4A75-828B-3A4C3BC7BD34_1790466672009.zip ], upload done for IB Manager (Data Access):  [ true ]
[2026-09-27 03:01:09.174] [info] [rest_module] [8468] [session_handlers.cpp:90] on_session_renew_post - refresh
[2026-09-27 03:11:09.180] [info] [rest_module] [8468] [session_handlers.cpp:90] on_session_renew_post - refresh
[2026-09-27 03:21:09.190] [info] [rest_module] [8468] [session_handlers.cpp:90] on_session_renew_post - refresh
[2026-09-27 03:31:09.202] [info] [rest_module] [8468] [session_handlers.cpp:90] on_session_renew_post - refresh
[2026-09-27 03:41:09.206] [info] [rest_module] [8468] [session_handlers.cpp:90] on_session_renew_post - refresh
[2026-09-27 03:51:09.214] [info] [rest_module] [8468] [session_handlers.cpp:90] on_session_renew_post - refresh
[2026-09-27 03:51:12.016] [info] [rest_database] [8468] [BuildsDatabaseImpl.cpp:258] Builds Database: Deleting tables history records after telemetry gZip file was created [ C:\Program Files (x86)\Incredibuild\\Temp\BuildsDB_AB42BA03-531E-4A75-828B-3A4C3BC7BD34_1790470272013.gz ].
[2026-09-27 03:51:12.023] [info] [rest_database] [8468] [CoordinatorDatabaseImpl.cpp:839] Coordinator Database: Deleting tables history records after telemetry gZip file was created [ C:\Program Files (x86)\Incredibuild\\Temp\CoordinatorDB_AB42BA03-531E-4A75-828B-3A4C3BC7BD34_1790470272013.gz ]. Purge all data = false
[2026-09-27 03:51:12.026] [info] [rest_telemetry] [8468] [TelemetryManagement.hpp:82] buildDbEmpty: [ true ]
[2026-09-27 03:51:12.716] [info] [rest_telemetry] [8468] [TelemetryManagement.hpp:122] Telemetry upload completed for gZip files:[ C:\Program Files (x86)\Incredibuild\\Temp\BuildsDB_AB42BA03-531E-4A75-828B-3A4C3BC7BD34_1790470272013.gz ], [ C:\Program Files (x86)\Incredibuild\\Temp\CoordinatorDB_AB42BA03-531E-4A75-828B-3A4C3BC7BD34_1790470272013.gz ], upload done for S3:  [ true ]
[2026-09-27 03:51:12.738] [info] [rest_telemetry] [8468] [TelemetryManagement.hpp:137] Telemetry upload completed for zip file:[ C:\Program Files (x86)\Incredibuild\\Temp\DBFiles_AB42BA03-531E-4A75-828B-3A4C3BC7BD34_1790470272013.zip ], upload done for IB Manager (Data Access):  [ true ]
[2026-09-27 04:01:09.213] [info] [rest_module] [8468] [session_handlers.cpp:90] on_session_renew_post - refresh
[2026-09-27 04:11:09.218] [info] [rest_module] [8468] [session_handlers.cpp:90] on_session_renew_post - refresh
[2026-09-27 04:21:09.229] [info] [rest_module] [8468] [session_handlers.cpp:90] on_session_renew_post - refresh
[2026-09-27 04:31:09.242] [info] [rest_module] [8468] [session_handlers.cpp:90] on_session_renew_post - refresh
[2026-09-27 04:41:09.254] [info] [rest_module] [8468] [session_handlers.cpp:90] on_session_renew_post - refresh
[2026-09-27 04:51:09.265] [info] [rest_module] [8468] [session_handlers.cpp:90] on_session_renew_post - refresh
[2026-09-27 04:51:12.004] [info] [rest_database] [8468] [BuildsDatabaseImpl.cpp:258] Builds Database: Deleting tables history records after telemetry gZip file was created [ C:\Program Files (x86)\Incredibuild\\Temp\BuildsDB_AB42BA03-531E-4A75-828B-3A4C3BC7BD34_1790473872001.gz ].
[2026-09-27 04:51:12.010] [info] [rest_database] [8468] [CoordinatorDatabaseImpl.cpp:839] Coordinator Database: Deleting tables history records after telemetry gZip file was created [ C:\Program Files (x86)\Incredibuild\\Temp\CoordinatorDB_AB42BA03-531E-4A75-828B-3A4C3BC7BD34_1790473872001.gz ]. Purge all data = false
[2026-09-27 04:51:12.010] [info] [rest_telemetry] [8468] [TelemetryManagement.hpp:82] buildDbEmpty: [ true ]
[2026-09-27 04:51:12.835] [info] [rest_telemetry] [8468] [TelemetryManagement.hpp:122] Telemetry upload completed for gZip files:[ C:\Program Files (x86)\Incredibuild\\Temp\BuildsDB_AB42BA03-531E-4A75-828B-3A4C3BC7BD34_1790473872001.gz ], [ C:\Program Files (x86)\Incredibuild\\Temp\CoordinatorDB_AB42BA03-531E-4A75-828B-3A4C3BC7BD34_1790473872001.gz ], upload done for S3:  [ true ]
[2026-09-27 04:51:12.856] [info] [rest_telemetry] [8468] [TelemetryManagement.hpp:137] Telemetry upload completed for zip file:[ C:\Program Files (x86)\Incredibuild\\Temp\DBFiles_AB42BA03-531E-4A75-828B-3A4C3BC7BD34_1790473872001.zip ], upload done for IB Manager (Data Access):  [ true ]
[2026-09-27 05:01:09.283] [info] [rest_module] [8468] [session_handlers.cpp:90] on_session_renew_post - refresh
[2026-09-27 05:11:09.290] [info] [rest_module] [8468] [session_handlers.cpp:90] on_session_renew_post - refresh
[2026-09-27 05:21:09.302] [info] [rest_module] [8468] [session_handlers.cpp:90] on_session_renew_post - refresh
[2026-09-27 05:31:09.305] [info] [rest_module] [8468] [session_handlers.cpp:90] on_session_renew_post - refresh
[2026-09-27 05:41:09.316] [info] [rest_module] [8468] [session_handlers.cpp:90] on_session_renew_post - refresh
[2026-09-27 05:51:09.331] [info] [rest_module] [8468] [session_handlers.cpp:90] on_session_renew_post - refresh
[2026-09-27 05:51:12.007] [info] [rest_database] [8468] [BuildsDatabaseImpl.cpp:258] Builds Database: Deleting tables history records after telemetry gZip file was created [ C:\Program Files (x86)\Incredibuild\\Temp\BuildsDB_AB42BA03-531E-4A75-828B-3A4C3BC7BD34_1790477472005.gz ].
[2026-09-27 05:51:12.013] [info] [rest_database] [8468] [CoordinatorDatabaseImpl.cpp:839] Coordinator Database: Deleting tables history records after telemetry gZip file was created [ C:\Program Files (x86)\Incredibuild\\Temp\CoordinatorDB_AB42BA03-531E-4A75-828B-3A4C3BC7BD34_1790477472005.gz ]. Purge all data = false
[2026-09-27 05:51:12.013] [info] [rest_telemetry] [8468] [TelemetryManagement.hpp:82] buildDbEmpty: [ true ]
[2026-09-27 05:51:12.733] [info] [rest_telemetry] [8468] [TelemetryManagement.hpp:122] Telemetry upload completed for gZip files:[ C:\Program Files (x86)\Incredibuild\\Temp\BuildsDB_AB42BA03-531E-4A75-828B-3A4C3BC7BD34_1790477472005.gz ], [ C:\Program Files (x86)\Incredibuild\\Temp\CoordinatorDB_AB42BA03-531E-4A75-828B-3A4C3BC7BD34_1790477472005.gz ], upload done for S3:  [ true ]
[2026-09-27 05:51:12.758] [info] [rest_telemetry] [8468] [TelemetryManagement.hpp:137] Telemetry upload completed for zip file:[ C:\Program Files (x86)\Incredibuild\\Temp\DBFiles_AB42BA03-531E-4A75-828B-3A4C3BC7BD34_1790477472005.zip ], upload done for IB Manager (Data Access):  [ true ]
[2026-09-27 06:01:09.344] [info] [rest_module] [8468] [session_handlers.cpp:90] on_session_renew_post - refresh
[2026-09-27 06:11:09.359] [info] [rest_module] [8468] [session_handlers.cpp:90] on_session_renew_post - refresh
[2026-09-27 06:21:09.363] [info] [rest_module] [8468] [session_handlers.cpp:90] on_session_renew_post - refresh
[2026-09-27 06:31:09.362] [info] [rest_module] [8468] [session_handlers.cpp:90] on_session_renew_post - refresh
[2026-09-27 06:41:09.379] [info] [rest_module] [8468] [session_handlers.cpp:90] on_session_renew_post - refresh
[2026-09-27 06:51:09.380] [info] [rest_module] [8468] [session_handlers.cpp:90] on_session_renew_post - refresh
[2026-09-27 06:51:12.012] [info] [rest_database] [8468] [BuildsDatabaseImpl.cpp:258] Builds Database: Deleting tables history records after telemetry gZip file was created [ C:\Program Files (x86)\Incredibuild\\Temp\BuildsDB_AB42BA03-531E-4A75-828B-3A4C3BC7BD34_1790481072009.gz ].
[2026-09-27 06:51:12.018] [info] [rest_database] [8468] [CoordinatorDatabaseImpl.cpp:839] Coordinator Database: Deleting tables history records after telemetry gZip file was created [ C:\Program Files (x86)\Incredibuild\\Temp\CoordinatorDB_AB42BA03-531E-4A75-828B-3A4C3BC7BD34_1790481072009.gz ]. Purge all data = false
[2026-09-27 06:51:12.019] [info] [rest_telemetry] [8468] [TelemetryManagement.hpp:82] buildDbEmpty: [ true ]
[2026-09-27 06:51:12.681] [info] [rest_telemetry] [8468] [TelemetryManagement.hpp:122] Telemetry upload completed for gZip files:[ C:\Program Files (x86)\Incredibuild\\Temp\BuildsDB_AB42BA03-531E-4A75-828B-3A4C3BC7BD34_1790481072009.gz ], [ C:\Program Files (x86)\Incredibuild\\Temp\CoordinatorDB_AB42BA03-531E-4A75-828B-3A4C3BC7BD34_1790481072009.gz ], upload done for S3:  [ true ]
[2026-09-27 06:51:12.702] [info] [rest_telemetry] [8468] [TelemetryManagement.hpp:137] Telemetry upload completed for zip file:[ C:\Program Files (x86)\Incredibuild\\Temp\DBFiles_AB42BA03-531E-4A75-828B-3A4C3BC7BD34_1790481072009.zip ], upload done for IB Manager (Data Access):  [ true ]
[2026-09-27 07:01:09.391] [info] [rest_module] [8468] [session_handlers.cpp:90] on_session_renew_post - refresh
[2026-09-27 07:11:09.393] [info] [rest_module] [8468] [session_handlers.cpp:90] on_session_renew_post - refresh
[2026-09-27 07:21:09.393] [info] [rest_module] [8468] [session_handlers.cpp:90] on_session_renew_post - refresh
[2026-09-27 07:31:09.402] [info] [rest_module] [8468] [session_handlers.cpp:90] on_session_renew_post - refresh
[2026-09-27 07:41:09.412] [info] [rest_module] [8468] [session_handlers.cpp:90] on_session_renew_post - refresh
[2026-09-27 07:51:09.418] [info] [rest_module] [8468] [session_handlers.cpp:90] on_session_renew_post - refresh
[2026-09-27 07:51:12.003] [info] [rest_database] [8468] [BuildsDatabaseImpl.cpp:258] Builds Database: Deleting tables history records after telemetry gZip file was created [ C:\Program Files (x86)\Incredibuild\\Temp\BuildsDB_AB42BA03-531E-4A75-828B-3A4C3BC7BD34_1790484672000.gz ].
[2026-09-27 07:51:12.009] [info] [rest_database] [8468] [CoordinatorDatabaseImpl.cpp:839] Coordinator Database: Deleting tables history records after telemetry gZip file was created [ C:\Program Files (x86)\Incredibuild\\Temp\CoordinatorDB_AB42BA03-531E-4A75-828B-3A4C3BC7BD34_1790484672000.gz ]. Purge all data = false
[2026-09-27 07:51:12.009] [info] [rest_telemetry] [8468] [TelemetryManagement.hpp:82] buildDbEmpty: [ true ]
[2026-09-27 07:51:12.624] [info] [rest_telemetry] [8468] [TelemetryManagement.hpp:122] Telemetry upload completed for gZip files:[ C:\Program Files (x86)\Incredibuild\\Temp\BuildsDB_AB42BA03-531E-4A75-828B-3A4C3BC7BD34_1790484672000.gz ], [ C:\Program Files (x86)\Incredibuild\\Temp\CoordinatorDB_AB42BA03-531E-4A75-828B-3A4C3BC7BD34_1790484672000.gz ], upload done for S3:  [ true ]
[2026-09-27 07:51:12.648] [info] [rest_telemetry] [8468] [TelemetryManagement.hpp:137] Telemetry upload completed for zip file:[ C:\Program Files (x86)\Incredibuild\\Temp\DBFiles_AB42BA03-531E-4A75-828B-3A4C3BC7BD34_1790484672000.zip ], upload done for IB Manager (Data Access):  [ true ]
[2026-09-27 08:01:09.426] [info] [rest_module] [8468] [session_handlers.cpp:90] on_session_renew_post - refresh
[2026-09-27 08:11:09.436] [info] [rest_module] [8468] [session_handlers.cpp:90] on_session_renew_post - refresh
[2026-09-27 08:21:09.443] [info] [rest_module] [8468] [session_handlers.cpp:90] on_session_renew_post - refresh
[2026-09-27 08:31:09.449] [info] [rest_module] [8468] [session_handlers.cpp:90] on_session_renew_post - refresh
[2026-09-27 08:41:09.459] [info] [rest_module] [8468] [session_handlers.cpp:90] on_session_renew_post - refresh
[2026-09-27 08:51:09.462] [info] [rest_module] [8468] [session_handlers.cpp:90] on_session_renew_post - refresh
[2026-09-27 08:51:12.007] [info] [rest_database] [8468] [BuildsDatabaseImpl.cpp:258] Builds Database: Deleting tables history records after telemetry gZip file was created [ C:\Program Files (x86)\Incredibuild\\Temp\BuildsDB_AB42BA03-531E-4A75-828B-3A4C3BC7BD34_1790488272005.gz ].
[2026-09-27 08:51:12.012] [info] [rest_database] [8468] [CoordinatorDatabaseImpl.cpp:839] Coordinator Database: Deleting tables history records after telemetry gZip file was created [ C:\Program Files (x86)\Incredibuild\\Temp\CoordinatorDB_AB42BA03-531E-4A75-828B-3A4C3BC7BD34_1790488272005.gz ]. Purge all data = false
[2026-09-27 08:51:12.016] [info] [rest_telemetry] [8468] [TelemetryManagement.hpp:82] buildDbEmpty: [ true ]
[2026-09-27 08:51:12.721] [info] [rest_telemetry] [8468] [TelemetryManagement.hpp:122] Telemetry upload completed for gZip files:[ C:\Program Files (x86)\Incredibuild\\Temp\BuildsDB_AB42BA03-531E-4A75-828B-3A4C3BC7BD34_1790488272005.gz ], [ C:\Program Files (x86)\Incredibuild\\Temp\CoordinatorDB_AB42BA03-531E-4A75-828B-3A4C3BC7BD34_1790488272005.gz ], upload done for S3:  [ true ]
[2026-09-27 08:51:12.748] [info] [rest_telemetry] [8468] [TelemetryManagement.hpp:137] Telemetry upload completed for zip file:[ C:\Program Files (x86)\Incredibuild\\Temp\DBFiles_AB42BA03-531E-4A75-828B-3A4C3BC7BD34_1790488272005.zip ], upload done for IB Manager (Data Access):  [ true ]
[2026-09-27 09:01:09.474] [info] [rest_module] [8468] [session_handlers.cpp:90] on_session_renew_post - refresh
[2026-09-27 09:50:47.517] [warning] [rest_business_logic] [8468] [rest_api.cpp:124] Fail to authenticate: Timeout
[2026-09-27 09:50:48.088] [info] [rest_module] [8468] [session_handlers.cpp:90] on_session_renew_post - refresh
[2026-09-27 09:50:48.101] [info] [rest_module] [8468] [session_handlers.cpp:30] on_session_create_post - login
[2026-09-27 09:50:48.113] [info] [rest_business_logic] [8468] [business_logic_relayer.cpp:592] Added new history buffer
[2026-09-27 09:50:48.113] [info] [rest_business_logic] [8468] [business_logic_relayer.cpp:821] Remove diff buffers
[2026-09-27 09:51:12.004] [info] [rest_database] [8468] [BuildsDatabaseImpl.cpp:258] Builds Database: Deleting tables history records after telemetry gZip file was created [ C:\Program Files (x86)\Incredibuild\\Temp\BuildsDB_AB42BA03-531E-4A75-828B-3A4C3BC7BD34_1790491872001.gz ].
[2026-09-27 09:51:12.009] [info] [rest_database] [8468] [CoordinatorDatabaseImpl.cpp:839] Coordinator Database: Deleting tables history records after telemetry gZip file was created [ C:\Program Files (x86)\Incredibuild\\Temp\CoordinatorDB_AB42BA03-531E-4A75-828B-3A4C3BC7BD34_1790491872001.gz ]. Purge all data = false
[2026-09-27 09:51:12.013] [info] [rest_telemetry] [8468] [TelemetryManagement.hpp:82] buildDbEmpty: [ true ]
[2026-09-27 09:51:12.696] [info] [rest_telemetry] [8468] [TelemetryManagement.hpp:122] Telemetry upload completed for gZip files:[ C:\Program Files (x86)\Incredibuild\\Temp\BuildsDB_AB42BA03-531E-4A75-828B-3A4C3BC7BD34_1790491872001.gz ], [ C:\Program Files (x86)\Incredibuild\\Temp\CoordinatorDB_AB42BA03-531E-4A75-828B-3A4C3BC7BD34_1790491872001.gz ], upload done for S3:  [ true ]
[2026-09-27 09:51:12.721] [info] [rest_telemetry] [8468] [TelemetryManagement.hpp:137] Telemetry upload completed for zip file:[ C:\Program Files (x86)\Incredibuild\\Temp\DBFiles_AB42BA03-531E-4A75-828B-3A4C3BC7BD34_1790491872001.zip ], upload done for IB Manager (Data Access):  [ true ]
[2026-09-27 10:00:48.046] [info] [rest_module] [8468] [session_handlers.cpp:90] on_session_renew_post - refresh
[2026-09-27 10:10:48.049] [info] [rest_module] [8468] [session_handlers.cpp:90] on_session_renew_post - refresh
[2026-09-27 10:20:48.050] [info] [rest_module] [8468] [session_handlers.cpp:90] on_session_renew_post - refresh
[2026-09-27 10:30:48.055] [info] [rest_module] [8468] [session_handlers.cpp:90] on_session_renew_post - refresh
[2026-09-27 10:40:48.063] [info] [rest_module] [8468] [session_handlers.cpp:90] on_session_renew_post - refresh
[2026-09-27 10:50:48.076] [info] [rest_module] [8468] [session_handlers.cpp:90] on_session_renew_post - refresh
[2026-09-27 10:51:12.015] [info] [rest_database] [8468] [BuildsDatabaseImpl.cpp:258] Builds Database: Deleting tables history records after telemetry gZip file was created [ C:\Program Files (x86)\Incredibuild\\Temp\BuildsDB_AB42BA03-531E-4A75-828B-3A4C3BC7BD34_1790495472012.gz ].
[2026-09-27 10:51:12.026] [info] [rest_database] [8468] [CoordinatorDatabaseImpl.cpp:839] Coordinator Database: Deleting tables history records after telemetry gZip file was created [ C:\Program Files (x86)\Incredibuild\\Temp\CoordinatorDB_AB42BA03-531E-4A75-828B-3A4C3BC7BD34_1790495472012.gz ]. Purge all data = false
[2026-09-27 10:51:12.030] [info] [rest_telemetry] [8468] [TelemetryManagement.hpp:82] buildDbEmpty: [ true ]
[2026-09-27 10:51:12.969] [info] [rest_telemetry] [8468] [TelemetryManagement.hpp:122] Telemetry upload completed for gZip files:[ C:\Program Files (x86)\Incredibuild\\Temp\BuildsDB_AB42BA03-531E-4A75-828B-3A4C3BC7BD34_1790495472012.gz ], [ C:\Program Files (x86)\Incredibuild\\Temp\CoordinatorDB_AB42BA03-531E-4A75-828B-3A4C3BC7BD34_1790495472012.gz ], upload done for S3:  [ true ]
[2026-09-27 10:51:12.994] [info] [rest_telemetry] [8468] [TelemetryManagement.hpp:137] Telemetry upload completed for zip file:[ C:\Program Files (x86)\Incredibuild\\Temp\DBFiles_AB42BA03-531E-4A75-828B-3A4C3BC7BD34_1790495472012.zip ], upload done for IB Manager (Data Access):  [ true ]
[2026-09-27 11:00:48.084] [info] [rest_module] [8468] [session_handlers.cpp:90] on_session_renew_post - refresh
[2026-09-27 11:10:48.099] [info] [rest_module] [8468] [session_handlers.cpp:90] on_session_renew_post - refresh
[2026-09-27 11:20:48.101] [info] [rest_module] [8468] [session_handlers.cpp:90] on_session_renew_post - refresh
[2026-09-27 11:30:48.105] [info] [rest_module] [8468] [session_handlers.cpp:90] on_session_renew_post - refresh
[2026-09-27 11:40:48.118] [info] [rest_module] [8468] [session_handlers.cpp:90] on_session_renew_post - refresh
[2026-09-27 11:50:48.121] [info] [rest_module] [8468] [session_handlers.cpp:90] on_session_renew_post - refresh
[2026-09-27 11:51:12.009] [info] [rest_database] [8468] [BuildsDatabaseImpl.cpp:258] Builds Database: Deleting tables history records after telemetry gZip file was created [ C:\Program Files (x86)\Incredibuild\\Temp\BuildsDB_AB42BA03-531E-4A75-828B-3A4C3BC7BD34_1790499072004.gz ].
[2026-09-27 11:51:12.016] [info] [rest_database] [8468] [CoordinatorDatabaseImpl.cpp:839] Coordinator Database: Deleting tables history records after telemetry gZip file was created [ C:\Program Files (x86)\Incredibuild\\Temp\CoordinatorDB_AB42BA03-531E-4A75-828B-3A4C3BC7BD34_1790499072004.gz ]. Purge all data = false
[2026-09-27 11:51:12.017] [info] [rest_telemetry] [8468] [TelemetryManagement.hpp:82] buildDbEmpty: [ true ]
[2026-09-27 11:51:13.078] [info] [rest_telemetry] [8468] [TelemetryManagement.hpp:122] Telemetry upload completed for gZip files:[ C:\Program Files (x86)\Incredibuild\\Temp\BuildsDB_AB42BA03-531E-4A75-828B-3A4C3BC7BD34_1790499072004.gz ], [ C:\Program Files (x86)\Incredibuild\\Temp\CoordinatorDB_AB42BA03-531E-4A75-828B-3A4C3BC7BD34_1790499072004.gz ], upload done for S3:  [ true ]
[2026-09-27 11:51:13.110] [info] [rest_telemetry] [8468] [TelemetryManagement.hpp:137] Telemetry upload completed for zip file:[ C:\Program Files (x86)\Incredibuild\\Temp\DBFiles_AB42BA03-531E-4A75-828B-3A4C3BC7BD34_1790499072004.zip ], upload done for IB Manager (Data Access):  [ true ]
[2026-09-27 12:00:48.127] [info] [rest_module] [8468] [session_handlers.cpp:90] on_session_renew_post - refresh
[2026-09-27 12:10:48.133] [info] [rest_module] [8468] [session_handlers.cpp:90] on_session_renew_post - refresh
[2026-09-27 12:20:48.144] [info] [rest_module] [8468] [session_handlers.cpp:90] on_session_renew_post - refresh
[2026-09-27 12:30:48.145] [info] [rest_module] [8468] [session_handlers.cpp:90] on_session_renew_post - refresh
[2026-09-27 12:40:48.145] [info] [rest_module] [8468] [session_handlers.cpp:90] on_session_renew_post - refresh
[2026-09-27 12:50:48.148] [info] [rest_module] [8468] [session_handlers.cpp:90] on_session_renew_post - refresh
[2026-09-27 12:51:13.011] [info] [rest_database] [8468] [BuildsDatabaseImpl.cpp:258] Builds Database: Deleting tables history records after telemetry gZip file was created [ C:\Program Files (x86)\Incredibuild\\Temp\BuildsDB_AB42BA03-531E-4A75-828B-3A4C3BC7BD34_1790502673008.gz ].
[2026-09-27 12:51:13.022] [info] [rest_database] [8468] [CoordinatorDatabaseImpl.cpp:839] Coordinator Database: Deleting tables history records after telemetry gZip file was created [ C:\Program Files (x86)\Incredibuild\\Temp\CoordinatorDB_AB42BA03-531E-4A75-828B-3A4C3BC7BD34_1790502673008.gz ]. Purge all data = false
[2026-09-27 12:51:13.023] [info] [rest_telemetry] [8468] [TelemetryManagement.hpp:82] buildDbEmpty: [ true ]
[2026-09-27 12:51:13.987] [info] [rest_telemetry] [8468] [TelemetryManagement.hpp:122] Telemetry upload completed for gZip files:[ C:\Program Files (x86)\Incredibuild\\Temp\BuildsDB_AB42BA03-531E-4A75-828B-3A4C3BC7BD34_1790502673008.gz ], [ C:\Program Files (x86)\Incredibuild\\Temp\CoordinatorDB_AB42BA03-531E-4A75-828B-3A4C3BC7BD34_1790502673008.gz ], upload done for S3:  [ true ]
[2026-09-27 12:51:14.007] [info] [rest_telemetry] [8468] [TelemetryManagement.hpp:137] Telemetry upload completed for zip file:[ C:\Program Files (x86)\Incredibuild\\Temp\DBFiles_AB42BA03-531E-4A75-828B-3A4C3BC7BD34_1790502673008.zip ], upload done for IB Manager (Data Access):  [ true ]
[2026-09-27 13:00:48.150] [info] [rest_module] [8468] [session_handlers.cpp:90] on_session_renew_post - refresh
[2026-09-27 13:10:48.156] [info] [rest_module] [8468] [session_handlers.cpp:90] on_session_renew_post - refresh
[2026-09-27 13:20:48.156] [info] [rest_module] [8468] [session_handlers.cpp:90] on_session_renew_post - refresh
[2026-09-27 13:30:48.156] [info] [rest_module] [8468] [session_handlers.cpp:90] on_session_renew_post - refresh
[2026-09-27 13:40:48.164] [info] [rest_module] [8468] [session_handlers.cpp:90] on_session_renew_post - refresh
[2026-09-27 13:50:48.169] [info] [rest_module] [8468] [session_handlers.cpp:90] on_session_renew_post - refresh
[2026-09-27 13:51:14.017] [info] [rest_database] [8468] [BuildsDatabaseImpl.cpp:258] Builds Database: Deleting tables history records after telemetry gZip file was created [ C:\Program Files (x86)\Incredibuild\\Temp\BuildsDB_AB42BA03-531E-4A75-828B-3A4C3BC7BD34_1790506274013.gz ].
[2026-09-27 13:51:14.024] [info] [rest_database] [8468] [CoordinatorDatabaseImpl.cpp:839] Coordinator Database: Deleting tables history records after telemetry gZip file was created [ C:\Program Files (x86)\Incredibuild\\Temp\CoordinatorDB_AB42BA03-531E-4A75-828B-3A4C3BC7BD34_1790506274013.gz ]. Purge all data = false
[2026-09-27 13:51:14.024] [info] [rest_telemetry] [8468] [TelemetryManagement.hpp:82] buildDbEmpty: [ true ]
[2026-09-27 13:51:14.977] [info] [rest_telemetry] [8468] [TelemetryManagement.hpp:122] Telemetry upload completed for gZip files:[ C:\Program Files (x86)\Incredibuild\\Temp\BuildsDB_AB42BA03-531E-4A75-828B-3A4C3BC7BD34_1790506274013.gz ], [ C:\Program Files (x86)\Incredibuild\\Temp\CoordinatorDB_AB42BA03-531E-4A75-828B-3A4C3BC7BD34_1790506274013.gz ], upload done for S3:  [ true ]
[2026-09-27 13:51:15.007] [info] [rest_telemetry] [8468] [TelemetryManagement.hpp:137] Telemetry upload completed for zip file:[ C:\Program Files (x86)\Incredibuild\\Temp\DBFiles_AB42BA03-531E-4A75-828B-3A4C3BC7BD34_1790506274013.zip ], upload done for IB Manager (Data Access):  [ true ]
[2026-09-27 14:00:48.166] [info] [rest_module] [8468] [session_handlers.cpp:90] on_session_renew_post - refresh
[2026-09-27 14:10:48.182] [info] [rest_module] [8468] [session_handlers.cpp:90] on_session_renew_post - refresh
[2026-09-27 14:20:48.190] [info] [rest_module] [8468] [session_handlers.cpp:90] on_session_renew_post - refresh
[2026-09-27 14:30:48.199] [info] [rest_module] [8468] [session_handlers.cpp:90] on_session_renew_post - refresh
[2026-09-27 14:40:48.203] [info] [rest_module] [8468] [session_handlers.cpp:90] on_session_renew_post - refresh
[2026-09-27 14:50:48.217] [info] [rest_module] [8468] [session_handlers.cpp:90] on_session_renew_post - refresh
[2026-09-27 14:51:15.016] [info] [rest_database] [8468] [BuildsDatabaseImpl.cpp:258] Builds Database: Deleting tables history records after telemetry gZip file was created [ C:\Program Files (x86)\Incredibuild\\Temp\BuildsDB_AB42BA03-531E-4A75-828B-3A4C3BC7BD34_1790509875014.gz ].
[2026-09-27 14:51:15.026] [info] [rest_database] [8468] [CoordinatorDatabaseImpl.cpp:839] Coordinator Database: Deleting tables history records after telemetry gZip file was created [ C:\Program Files (x86)\Incredibuild\\Temp\CoordinatorDB_AB42BA03-531E-4A75-828B-3A4C3BC7BD34_1790509875014.gz ]. Purge all data = false
[2026-09-27 14:51:15.026] [info] [rest_telemetry] [8468] [TelemetryManagement.hpp:82] buildDbEmpty: [ true ]
[2026-09-27 14:51:16.658] [info] [rest_telemetry] [8468] [TelemetryManagement.hpp:122] Telemetry upload completed for gZip files:[ C:\Program Files (x86)\Incredibuild\\Temp\BuildsDB_AB42BA03-531E-4A75-828B-3A4C3BC7BD34_1790509875014.gz ], [ C:\Program Files (x86)\Incredibuild\\Temp\CoordinatorDB_AB42BA03-531E-4A75-828B-3A4C3BC7BD34_1790509875014.gz ], upload done for S3:  [ true ]
[2026-09-27 14:51:16.687] [info] [rest_telemetry] [8468] [TelemetryManagement.hpp:137] Telemetry upload completed for zip file:[ C:\Program Files (x86)\Incredibuild\\Temp\DBFiles_AB42BA03-531E-4A75-828B-3A4C3BC7BD34_1790509875014.zip ], upload done for IB Manager (Data Access):  [ true ]
[2026-09-27 15:00:48.226] [info] [rest_module] [8468] [session_handlers.cpp:90] on_session_renew_post - refresh
[2026-09-27 15:10:48.240] [info] [rest_module] [8468] [session_handlers.cpp:90] on_session_renew_post - refresh
[2026-09-27 15:20:48.254] [info] [rest_module] [8468] [session_handlers.cpp:90] on_session_renew_post - refresh
[2026-09-27 15:30:48.262] [info] [rest_module] [8468] [session_handlers.cpp:90] on_session_renew_post - refresh
[2026-09-27 15:40:48.273] [info] [rest_module] [8468] [session_handlers.cpp:90] on_session_renew_post - refresh
[2026-09-27 15:50:48.275] [info] [rest_module] [8468] [session_handlers.cpp:90] on_session_renew_post - refresh
[2026-09-27 15:51:16.005] [info] [rest_database] [8468] [BuildsDatabaseImpl.cpp:258] Builds Database: Deleting tables history records after telemetry gZip file was created [ C:\Program Files (x86)\Incredibuild\\Temp\BuildsDB_AB42BA03-531E-4A75-828B-3A4C3BC7BD34_1790513476001.gz ].
[2026-09-27 15:51:16.012] [info] [rest_database] [8468] [CoordinatorDatabaseImpl.cpp:839] Coordinator Database: Deleting tables history records after telemetry gZip file was created [ C:\Program Files (x86)\Incredibuild\\Temp\CoordinatorDB_AB42BA03-531E-4A75-828B-3A4C3BC7BD34_1790513476001.gz ]. Purge all data = false
[2026-09-27 15:51:16.013] [info] [rest_telemetry] [8468] [TelemetryManagement.hpp:82] buildDbEmpty: [ true ]
[2026-09-27 15:51:17.748] [info] [rest_telemetry] [8468] [TelemetryManagement.hpp:122] Telemetry upload completed for gZip files:[ C:\Program Files (x86)\Incredibuild\\Temp\BuildsDB_AB42BA03-531E-4A75-828B-3A4C3BC7BD34_1790513476001.gz ], [ C:\Program Files (x86)\Incredibuild\\Temp\CoordinatorDB_AB42BA03-531E-4A75-828B-3A4C3BC7BD34_1790513476001.gz ], upload done for S3:  [ true ]
[2026-09-27 15:51:17.774] [info] [rest_telemetry] [8468] [TelemetryManagement.hpp:137] Telemetry upload completed for zip file:[ C:\Program Files (x86)\Incredibuild\\Temp\DBFiles_AB42BA03-531E-4A75-828B-3A4C3BC7BD34_1790513476001.zip ], upload done for IB Manager (Data Access):  [ true ]
[2026-09-27 16:00:48.280] [info] [rest_module] [8468] [session_handlers.cpp:90] on_session_renew_post - refresh
[2026-09-27 16:10:48.295] [info] [rest_module] [8468] [session_handlers.cpp:90] on_session_renew_post - refresh
[2026-09-27 16:20:48.296] [info] [rest_module] [8468] [session_handlers.cpp:90] on_session_renew_post - refresh
[2026-09-27 16:30:48.305] [info] [rest_module] [8468] [session_handlers.cpp:90] on_session_renew_post - refresh
[2026-09-27 16:40:48.312] [info] [rest_module] [8468] [session_handlers.cpp:90] on_session_renew_post - refresh
[2026-09-27 16:50:48.321] [info] [rest_module] [8468] [session_handlers.cpp:90] on_session_renew_post - refresh
[2026-09-27 16:51:17.017] [info] [rest_database] [8468] [BuildsDatabaseImpl.cpp:258] Builds Database: Deleting tables history records after telemetry gZip file was created [ C:\Program Files (x86)\Incredibuild\\Temp\BuildsDB_AB42BA03-531E-4A75-828B-3A4C3BC7BD34_1790517077013.gz ].
[2026-09-27 16:51:17.024] [info] [rest_database] [8468] [CoordinatorDatabaseImpl.cpp:839] Coordinator Database: Deleting tables history records after telemetry gZip file was created [ C:\Program Files (x86)\Incredibuild\\Temp\CoordinatorDB_AB42BA03-531E-4A75-828B-3A4C3BC7BD34_1790517077013.gz ]. Purge all data = false
[2026-09-27 16:51:17.025] [info] [rest_telemetry] [8468] [TelemetryManagement.hpp:82] buildDbEmpty: [ true ]
[2026-09-27 16:51:17.948] [info] [rest_telemetry] [8468] [TelemetryManagement.hpp:122] Telemetry upload completed for gZip files:[ C:\Program Files (x86)\Incredibuild\\Temp\BuildsDB_AB42BA03-531E-4A75-828B-3A4C3BC7BD34_1790517077013.gz ], [ C:\Program Files (x86)\Incredibuild\\Temp\CoordinatorDB_AB42BA03-531E-4A75-828B-3A4C3BC7BD34_1790517077013.gz ], upload done for S3:  [ true ]
[2026-09-27 16:51:17.974] [info] [rest_telemetry] [8468] [TelemetryManagement.hpp:137] Telemetry upload completed for zip file:[ C:\Program Files (x86)\Incredibuild\\Temp\DBFiles_AB42BA03-531E-4A75-828B-3A4C3BC7BD34_1790517077013.zip ], upload done for IB Manager (Data Access):  [ true ]
[2026-09-27 17:00:48.324] [info] [rest_module] [8468] [session_handlers.cpp:90] on_session_renew_post - refresh
[2026-09-27 17:10:46.897] [info] [rest_module] [8468] [session_handlers.cpp:90] on_session_renew_post - refresh
[2026-09-27 17:20:46.913] [info] [rest_module] [8468] [session_handlers.cpp:90] on_session_renew_post - refresh
[2026-09-27 17:30:46.916] [info] [rest_module] [8468] [session_handlers.cpp:90] on_session_renew_post - refresh
[2026-09-27 17:40:46.920] [info] [rest_module] [8468] [session_handlers.cpp:90] on_session_renew_post - refresh
[2026-09-27 17:50:46.928] [info] [rest_module] [8468] [session_handlers.cpp:90] on_session_renew_post - refresh
[2026-09-27 17:51:17.010] [info] [rest_database] [8468] [BuildsDatabaseImpl.cpp:258] Builds Database: Deleting tables history records after telemetry gZip file was created [ C:\Program Files (x86)\Incredibuild\\Temp\BuildsDB_AB42BA03-531E-4A75-828B-3A4C3BC7BD34_1790520677006.gz ].
[2026-09-27 17:51:17.019] [info] [rest_database] [8468] [CoordinatorDatabaseImpl.cpp:839] Coordinator Database: Deleting tables history records after telemetry gZip file was created [ C:\Program Files (x86)\Incredibuild\\Temp\CoordinatorDB_AB42BA03-531E-4A75-828B-3A4C3BC7BD34_1790520677006.gz ]. Purge all data = false
[2026-09-27 17:51:17.020] [info] [rest_telemetry] [8468] [TelemetryManagement.hpp:82] buildDbEmpty: [ true ]
[2026-09-27 17:51:17.919] [info] [rest_telemetry] [8468] [TelemetryManagement.hpp:122] Telemetry upload completed for gZip files:[ C:\Program Files (x86)\Incredibuild\\Temp\BuildsDB_AB42BA03-531E-4A75-828B-3A4C3BC7BD34_1790520677006.gz ], [ C:\Program Files (x86)\Incredibuild\\Temp\CoordinatorDB_AB42BA03-531E-4A75-828B-3A4C3BC7BD34_1790520677006.gz ], upload done for S3:  [ true ]
[2026-09-27 17:51:17.947] [info] [rest_telemetry] [8468] [TelemetryManagement.hpp:137] Telemetry upload completed for zip file:[ C:\Program Files (x86)\Incredibuild\\Temp\DBFiles_AB42BA03-531E-4A75-828B-3A4C3BC7BD34_1790520677006.zip ], upload done for IB Manager (Data Access):  [ true ]
[2026-09-27 18:00:46.936] [info] [rest_module] [8468] [session_handlers.cpp:90] on_session_renew_post - refresh
[2026-09-27 18:10:46.949] [info] [rest_module] [8468] [session_handlers.cpp:90] on_session_renew_post - refresh
[2026-09-27 18:20:46.958] [info] [rest_module] [8468] [session_handlers.cpp:90] on_session_renew_post - refresh
[2026-09-27 18:30:46.966] [info] [rest_module] [8468] [session_handlers.cpp:90] on_session_renew_post - refresh
[2026-09-27 18:40:46.975] [info] [rest_module] [8468] [session_handlers.cpp:90] on_session_renew_post - refresh
[2026-09-27 18:50:46.986] [info] [rest_module] [8468] [session_handlers.cpp:90] on_session_renew_post - refresh
[2026-09-27 18:51:17.010] [info] [rest_database] [8468] [BuildsDatabaseImpl.cpp:258] Builds Database: Deleting tables history records after telemetry gZip file was created [ C:\Program Files (x86)\Incredibuild\\Temp\BuildsDB_AB42BA03-531E-4A75-828B-3A4C3BC7BD34_1790524277008.gz ].
[2026-09-27 18:51:17.015] [info] [rest_database] [8468] [CoordinatorDatabaseImpl.cpp:839] Coordinator Database: Deleting tables history records after telemetry gZip file was created [ C:\Program Files (x86)\Incredibuild\\Temp\CoordinatorDB_AB42BA03-531E-4A75-828B-3A4C3BC7BD34_1790524277008.gz ]. Purge all data = false
[2026-09-27 18:51:17.016] [info] [rest_telemetry] [8468] [TelemetryManagement.hpp:82] buildDbEmpty: [ true ]
[2026-09-27 18:51:17.964] [info] [rest_telemetry] [8468] [TelemetryManagement.hpp:122] Telemetry upload completed for gZip files:[ C:\Program Files (x86)\Incredibuild\\Temp\BuildsDB_AB42BA03-531E-4A75-828B-3A4C3BC7BD34_1790524277008.gz ], [ C:\Program Files (x86)\Incredibuild\\Temp\CoordinatorDB_AB42BA03-531E-4A75-828B-3A4C3BC7BD34_1790524277008.gz ], upload done for S3:  [ true ]
[2026-09-27 18:51:17.991] [info] [rest_telemetry] [8468] [TelemetryManagement.hpp:137] Telemetry upload completed for zip file:[ C:\Program Files (x86)\Incredibuild\\Temp\DBFiles_AB42BA03-531E-4A75-828B-3A4C3BC7BD34_1790524277008.zip ], upload done for IB Manager (Data Access):  [ true ]
[2026-09-27 19:00:46.994] [info] [rest_module] [8468] [session_handlers.cpp:90] on_session_renew_post - refresh
[2026-09-27 19:10:47.002] [info] [rest_module] [8468] [session_handlers.cpp:90] on_session_renew_post - refresh
[2026-09-27 19:20:47.014] [info] [rest_module] [8468] [session_handlers.cpp:90] on_session_renew_post - refresh
[2026-09-27 19:30:47.022] [info] [rest_module] [8468] [session_handlers.cpp:90] on_session_renew_post - refresh
[2026-09-27 19:40:47.032] [info] [rest_module] [8468] [session_handlers.cpp:90] on_session_renew_post - refresh
[2026-09-27 19:50:47.046] [info] [rest_module] [8468] [session_handlers.cpp:90] on_session_renew_post - refresh
[2026-09-27 19:51:17.013] [info] [rest_database] [8468] [BuildsDatabaseImpl.cpp:258] Builds Database: Deleting tables history records after telemetry gZip file was created [ C:\Program Files (x86)\Incredibuild\\Temp\BuildsDB_AB42BA03-531E-4A75-828B-3A4C3BC7BD34_1790527877012.gz ].
[2026-09-27 19:51:17.022] [info] [rest_database] [8468] [CoordinatorDatabaseImpl.cpp:839] Coordinator Database: Deleting tables history records after telemetry gZip file was created [ C:\Program Files (x86)\Incredibuild\\Temp\CoordinatorDB_AB42BA03-531E-4A75-828B-3A4C3BC7BD34_1790527877012.gz ]. Purge all data = false
[2026-09-27 19:51:17.023] [info] [rest_telemetry] [8468] [TelemetryManagement.hpp:82] buildDbEmpty: [ true ]
[2026-09-27 19:51:17.982] [info] [rest_telemetry] [8468] [TelemetryManagement.hpp:122] Telemetry upload completed for gZip files:[ C:\Program Files (x86)\Incredibuild\\Temp\BuildsDB_AB42BA03-531E-4A75-828B-3A4C3BC7BD34_1790527877012.gz ], [ C:\Program Files (x86)\Incredibuild\\Temp\CoordinatorDB_AB42BA03-531E-4A75-828B-3A4C3BC7BD34_1790527877012.gz ], upload done for S3:  [ true ]
[2026-09-27 19:51:18.014] [info] [rest_telemetry] [8468] [TelemetryManagement.hpp:137] Telemetry upload completed for zip file:[ C:\Program Files (x86)\Incredibuild\\Temp\DBFiles_AB42BA03-531E-4A75-828B-3A4C3BC7BD34_1790527877012.zip ], upload done for IB Manager (Data Access):  [ true ]
[2026-09-27 20:00:47.054] [info] [rest_module] [8468] [session_handlers.cpp:90] on_session_renew_post - refresh
[2026-09-27 20:10:47.067] [info] [rest_module] [8468] [session_handlers.cpp:90] on_session_renew_post - refresh
[2026-09-27 20:20:47.070] [info] [rest_module] [8468] [session_handlers.cpp:90] on_session_renew_post - refresh
[2026-09-27 20:30:47.079] [info] [rest_module] [8468] [session_handlers.cpp:90] on_session_renew_post - refresh
[2026-09-27 20:40:47.083] [info] [rest_module] [8468] [session_handlers.cpp:90] on_session_renew_post - refresh
[2026-09-27 20:50:47.088] [info] [rest_module] [8468] [session_handlers.cpp:90] on_session_renew_post - refresh
[2026-09-27 20:51:18.005] [info] [rest_database] [8468] [BuildsDatabaseImpl.cpp:258] Builds Database: Deleting tables history records after telemetry gZip file was created [ C:\Program Files (x86)\Incredibuild\\Temp\BuildsDB_AB42BA03-531E-4A75-828B-3A4C3BC7BD34_1790531478002.gz ].
[2026-09-27 20:51:18.013] [info] [rest_database] [8468] [CoordinatorDatabaseImpl.cpp:839] Coordinator Database: Deleting tables history records after telemetry gZip file was created [ C:\Program Files (x86)\Incredibuild\\Temp\CoordinatorDB_AB42BA03-531E-4A75-828B-3A4C3BC7BD34_1790531478002.gz ]. Purge all data = false
[2026-09-27 20:51:18.013] [info] [rest_telemetry] [8468] [TelemetryManagement.hpp:82] buildDbEmpty: [ true ]
[2026-09-27 20:51:18.916] [info] [rest_telemetry] [8468] [TelemetryManagement.hpp:122] Telemetry upload completed for gZip files:[ C:\Program Files (x86)\Incredibuild\\Temp\BuildsDB_AB42BA03-531E-4A75-828B-3A4C3BC7BD34_1790531478002.gz ], [ C:\Program Files (x86)\Incredibuild\\Temp\CoordinatorDB_AB42BA03-531E-4A75-828B-3A4C3BC7BD34_1790531478002.gz ], upload done for S3:  [ true ]
[2026-09-27 20:51:18.942] [info] [rest_telemetry] [8468] [TelemetryManagement.hpp:137] Telemetry upload completed for zip file:[ C:\Program Files (x86)\Incredibuild\\Temp\DBFiles_AB42BA03-531E-4A75-828B-3A4C3BC7BD34_1790531478002.zip ], upload done for IB Manager (Data Access):  [ true ]
[2026-09-27 21:00:47.100] [info] [rest_module] [8468] [session_handlers.cpp:90] on_session_renew_post - refresh
[2026-09-27 21:10:47.103] [info] [rest_module] [8468] [session_handlers.cpp:90] on_session_renew_post - refresh
[2026-09-27 21:20:47.110] [info] [rest_module] [8468] [session_handlers.cpp:90] on_session_renew_post - refresh
[2026-09-27 21:30:47.119] [info] [rest_module] [8468] [session_handlers.cpp:90] on_session_renew_post - refresh
[2026-09-27 21:40:47.125] [info] [rest_module] [8468] [session_handlers.cpp:90] on_session_renew_post - refresh
[2026-09-27 21:50:47.138] [info] [rest_module] [8468] [session_handlers.cpp:90] on_session_renew_post - refresh
[2026-09-27 21:51:18.014] [info] [rest_database] [8468] [BuildsDatabaseImpl.cpp:258] Builds Database: Deleting tables history records after telemetry gZip file was created [ C:\Program Files (x86)\Incredibuild\\Temp\BuildsDB_AB42BA03-531E-4A75-828B-3A4C3BC7BD34_1790535078008.gz ].
[2026-09-27 21:51:18.026] [info] [rest_database] [8468] [CoordinatorDatabaseImpl.cpp:839] Coordinator Database: Deleting tables history records after telemetry gZip file was created [ C:\Program Files (x86)\Incredibuild\\Temp\CoordinatorDB_AB42BA03-531E-4A75-828B-3A4C3BC7BD34_1790535078008.gz ]. Purge all data = false
[2026-09-27 21:51:18.027] [info] [rest_telemetry] [8468] [TelemetryManagement.hpp:82] buildDbEmpty: [ true ]
[2026-09-27 21:51:18.871] [info] [rest_telemetry] [8468] [TelemetryManagement.hpp:122] Telemetry upload completed for gZip files:[ C:\Program Files (x86)\Incredibuild\\Temp\BuildsDB_AB42BA03-531E-4A75-828B-3A4C3BC7BD34_1790535078008.gz ], [ C:\Program Files (x86)\Incredibuild\\Temp\CoordinatorDB_AB42BA03-531E-4A75-828B-3A4C3BC7BD34_1790535078008.gz ], upload done for S3:  [ true ]
[2026-09-27 21:51:18.902] [info] [rest_telemetry] [8468] [TelemetryManagement.hpp:137] Telemetry upload completed for zip file:[ C:\Program Files (x86)\Incredibuild\\Temp\DBFiles_AB42BA03-531E-4A75-828B-3A4C3BC7BD34_1790535078008.zip ], upload done for IB Manager (Data Access):  [ true ]
[2026-09-27 22:00:47.141] [info] [rest_module] [8468] [session_handlers.cpp:90] on_session_renew_post - refresh
[2026-09-27 22:10:47.148] [info] [rest_module] [8468] [session_handlers.cpp:90] on_session_renew_post - refresh
[2026-09-27 22:20:47.157] [info] [rest_module] [8468] [session_handlers.cpp:90] on_session_renew_post - refresh
[2026-09-27 22:30:47.159] [info] [rest_module] [8468] [session_handlers.cpp:90] on_session_renew_post - refresh
[2026-09-27 22:40:47.163] [info] [rest_module] [8468] [session_handlers.cpp:90] on_session_renew_post - refresh
[2026-09-27 22:50:47.172] [info] [rest_module] [8468] [session_handlers.cpp:90] on_session_renew_post - refresh
[2026-09-27 22:51:18.013] [info] [rest_database] [8468] [BuildsDatabaseImpl.cpp:258] Builds Database: Deleting tables history records after telemetry gZip file was created [ C:\Program Files (x86)\Incredibuild\\Temp\BuildsDB_AB42BA03-531E-4A75-828B-3A4C3BC7BD34_1790538678008.gz ].
[2026-09-27 22:51:18.028] [info] [rest_database] [8468] [CoordinatorDatabaseImpl.cpp:839] Coordinator Database: Deleting tables history records after telemetry gZip file was created [ C:\Program Files (x86)\Incredibuild\\Temp\CoordinatorDB_AB42BA03-531E-4A75-828B-3A4C3BC7BD34_1790538678008.gz ]. Purge all data = false
[2026-09-27 22:51:18.037] [info] [rest_telemetry] [8468] [TelemetryManagement.hpp:82] buildDbEmpty: [ true ]
[2026-09-27 22:51:18.944] [info] [rest_telemetry] [8468] [TelemetryManagement.hpp:122] Telemetry upload completed for gZip files:[ C:\Program Files (x86)\Incredibuild\\Temp\BuildsDB_AB42BA03-531E-4A75-828B-3A4C3BC7BD34_1790538678008.gz ], [ C:\Program Files (x86)\Incredibuild\\Temp\CoordinatorDB_AB42BA03-531E-4A75-828B-3A4C3BC7BD34_1790538678008.gz ], upload done for S3:  [ true ]
[2026-09-27 22:51:18.986] [info] [rest_telemetry] [8468] [TelemetryManagement.hpp:137] Telemetry upload completed for zip file:[ C:\Program Files (x86)\Incredibuild\\Temp\DBFiles_AB42BA03-531E-4A75-828B-3A4C3BC7BD34_1790538678008.zip ], upload done for IB Manager (Data Access):  [ true ]
[2026-09-27 23:00:47.172] [info] [rest_module] [8468] [session_handlers.cpp:90] on_session_renew_post - refresh
[2026-09-27 23:10:47.176] [info] [rest_module] [8468] [session_handlers.cpp:90] on_session_renew_post - refresh
[2026-09-27 23:20:47.183] [info] [rest_module] [8468] [session_handlers.cpp:90] on_session_renew_post - refresh
[2026-09-27 23:30:47.192] [info] [rest_module] [8468] [session_handlers.cpp:90] on_session_renew_post - refresh
[2026-09-27 23:40:47.205] [info] [rest_module] [8468] [session_handlers.cpp:90] on_session_renew_post - refresh
[2026-09-27 23:50:47.217] [info] [rest_module] [8468] [session_handlers.cpp:90] on_session_renew_post - refresh
[2026-09-27 23:51:18.007] [info] [rest_database] [8468] [BuildsDatabaseImpl.cpp:258] Builds Database: Deleting tables history records after telemetry gZip file was created [ C:\Program Files (x86)\Incredibuild\\Temp\BuildsDB_AB42BA03-531E-4A75-828B-3A4C3BC7BD34_1790542278001.gz ].
[2026-09-27 23:51:18.013] [info] [rest_database] [8468] [CoordinatorDatabaseImpl.cpp:839] Coordinator Database: Deleting tables history records after telemetry gZip file was created [ C:\Program Files (x86)\Incredibuild\\Temp\CoordinatorDB_AB42BA03-531E-4A75-828B-3A4C3BC7BD34_1790542278001.gz ]. Purge all data = false
[2026-09-27 23:51:18.014] [info] [rest_telemetry] [8468] [TelemetryManagement.hpp:82] buildDbEmpty: [ true ]
[2026-09-27 23:51:18.941] [info] [rest_telemetry] [8468] [TelemetryManagement.hpp:122] Telemetry upload completed for gZip files:[ C:\Program Files (x86)\Incredibuild\\Temp\BuildsDB_AB42BA03-531E-4A75-828B-3A4C3BC7BD34_1790542278001.gz ], [ C:\Program Files (x86)\Incredibuild\\Temp\CoordinatorDB_AB42BA03-531E-4A75-828B-3A4C3BC7BD34_1790542278001.gz ], upload done for S3:  [ true ]
[2026-09-27 23:51:18.971] [info] [rest_telemetry] [8468] [TelemetryManagement.hpp:137] Telemetry upload completed for zip file:[ C:\Program Files (x86)\Incredibuild\\Temp\DBFiles_AB42BA03-531E-4A75-828B-3A4C3BC7BD34_1790542278001.zip ], upload done for IB Manager (Data Access):  [ true ]
[2026-09-28 00:00:47.219] [info] [rest_module] [8468] [session_handlers.cpp:90] on_session_renew_post - refresh
[2026-09-28 00:10:47.232] [info] [rest_module] [8468] [session_handlers.cpp:90] on_session_renew_post - refresh
[2026-09-28 00:20:47.231] [info] [rest_module] [8468] [session_handlers.cpp:90] on_session_renew_post - refresh
[2026-09-28 00:30:47.239] [info] [rest_module] [8468] [session_handlers.cpp:90] on_session_renew_post - refresh
[2026-09-28 00:40:47.251] [info] [rest_module] [8468] [session_handlers.cpp:90] on_session_renew_post - refresh
[2026-09-28 00:50:47.251] [info] [rest_module] [8468] [session_handlers.cpp:90] on_session_renew_post - refresh
[2026-09-28 00:51:18.012] [info] [rest_database] [8468] [BuildsDatabaseImpl.cpp:258] Builds Database: Deleting tables history records after telemetry gZip file was created [ C:\Program Files (x86)\Incredibuild\\Temp\BuildsDB_AB42BA03-531E-4A75-828B-3A4C3BC7BD34_1790545878009.gz ].
[2026-09-28 00:51:18.020] [info] [rest_database] [8468] [CoordinatorDatabaseImpl.cpp:839] Coordinator Database: Deleting tables history records after telemetry gZip file was created [ C:\Program Files (x86)\Incredibuild\\Temp\CoordinatorDB_AB42BA03-531E-4A75-828B-3A4C3BC7BD34_1790545878009.gz ]. Purge all data = false
[2026-09-28 00:51:18.021] [info] [rest_telemetry] [8468] [TelemetryManagement.hpp:82] buildDbEmpty: [ true ]
[2026-09-28 00:51:20.267] [info] [rest_telemetry] [8468] [TelemetryManagement.hpp:122] Telemetry upload completed for gZip files:[ C:\Program Files (x86)\Incredibuild\\Temp\BuildsDB_AB42BA03-531E-4A75-828B-3A4C3BC7BD34_1790545878009.gz ], [ C:\Program Files (x86)\Incredibuild\\Temp\CoordinatorDB_AB42BA03-531E-4A75-828B-3A4C3BC7BD34_1790545878009.gz ], upload done for S3:  [ true ]
[2026-09-28 00:51:20.294] [info] [rest_telemetry] [8468] [TelemetryManagement.hpp:137] Telemetry upload completed for zip file:[ C:\Program Files (x86)\Incredibuild\\Temp\DBFiles_AB42BA03-531E-4A75-828B-3A4C3BC7BD34_1790545878009.zip ], upload done for IB Manager (Data Access):  [ true ]
[2026-09-28 01:00:47.255] [info] [rest_module] [8468] [session_handlers.cpp:90] on_session_renew_post - refresh
[2026-09-28 01:10:47.267] [info] [rest_module] [8468] [session_handlers.cpp:90] on_session_renew_post - refresh
[2026-09-28 01:20:47.276] [info] [rest_module] [8468] [session_handlers.cpp:90] on_session_renew_post - refresh
[2026-09-28 01:30:47.283] [info] [rest_module] [8468] [session_handlers.cpp:90] on_session_renew_post - refresh
[2026-09-28 01:40:47.298] [info] [rest_module] [8468] [session_handlers.cpp:90] on_session_renew_post - refresh
[2026-09-28 01:50:47.304] [info] [rest_module] [8468] [session_handlers.cpp:90] on_session_renew_post - refresh
[2026-09-28 01:51:20.014] [info] [rest_database] [8468] [BuildsDatabaseImpl.cpp:258] Builds Database: Deleting tables history records after telemetry gZip file was created [ C:\Program Files (x86)\Incredibuild\\Temp\BuildsDB_AB42BA03-531E-4A75-828B-3A4C3BC7BD34_1790549480011.gz ].
[2026-09-28 01:51:20.023] [info] [rest_database] [8468] [CoordinatorDatabaseImpl.cpp:839] Coordinator Database: Deleting tables history records after telemetry gZip file was created [ C:\Program Files (x86)\Incredibuild\\Temp\CoordinatorDB_AB42BA03-531E-4A75-828B-3A4C3BC7BD34_1790549480011.gz ]. Purge all data = false
[2026-09-28 01:51:20.023] [info] [rest_telemetry] [8468] [TelemetryManagement.hpp:82] buildDbEmpty: [ true ]
[2026-09-28 01:51:21.543] [info] [rest_telemetry] [8468] [TelemetryManagement.hpp:122] Telemetry upload completed for gZip files:[ C:\Program Files (x86)\Incredibuild\\Temp\BuildsDB_AB42BA03-531E-4A75-828B-3A4C3BC7BD34_1790549480011.gz ], [ C:\Program Files (x86)\Incredibuild\\Temp\CoordinatorDB_AB42BA03-531E-4A75-828B-3A4C3BC7BD34_1790549480011.gz ], upload done for S3:  [ true ]
[2026-09-28 01:51:21.568] [info] [rest_telemetry] [8468] [TelemetryManagement.hpp:137] Telemetry upload completed for zip file:[ C:\Program Files (x86)\Incredibuild\\Temp\DBFiles_AB42BA03-531E-4A75-828B-3A4C3BC7BD34_1790549480011.zip ], upload done for IB Manager (Data Access):  [ true ]
[2026-09-28 02:00:47.305] [info] [rest_module] [8468] [session_handlers.cpp:90] on_session_renew_post - refresh
[2026-09-28 02:10:47.314] [info] [rest_module] [8468] [session_handlers.cpp:90] on_session_renew_post - refresh
[2026-09-28 02:20:47.324] [info] [rest_module] [8468] [session_handlers.cpp:90] on_session_renew_post - refresh
[2026-09-28 02:30:47.334] [info] [rest_module] [8468] [session_handlers.cpp:90] on_session_renew_post - refresh
[2026-09-28 02:40:47.341] [info] [rest_module] [8468] [session_handlers.cpp:90] on_session_renew_post - refresh
[2026-09-28 02:50:47.358] [info] [rest_module] [8468] [session_handlers.cpp:90] on_session_renew_post - refresh
[2026-09-28 02:51:21.009] [info] [rest_database] [8468] [BuildsDatabaseImpl.cpp:258] Builds Database: Deleting tables history records after telemetry gZip file was created [ C:\Program Files (x86)\Incredibuild\\Temp\BuildsDB_AB42BA03-531E-4A75-828B-3A4C3BC7BD34_1790553081005.gz ].
[2026-09-28 02:51:21.020] [info] [rest_database] [8468] [CoordinatorDatabaseImpl.cpp:839] Coordinator Database: Deleting tables history records after telemetry gZip file was created [ C:\Program Files (x86)\Incredibuild\\Temp\CoordinatorDB_AB42BA03-531E-4A75-828B-3A4C3BC7BD34_1790553081005.gz ]. Purge all data = false
[2026-09-28 02:51:21.021] [info] [rest_telemetry] [8468] [TelemetryManagement.hpp:82] buildDbEmpty: [ true ]
[2026-09-28 02:51:21.698] [info] [rest_telemetry] [8468] [TelemetryManagement.hpp:122] Telemetry upload completed for gZip files:[ C:\Program Files (x86)\Incredibuild\\Temp\BuildsDB_AB42BA03-531E-4A75-828B-3A4C3BC7BD34_1790553081005.gz ], [ C:\Program Files (x86)\Incredibuild\\Temp\CoordinatorDB_AB42BA03-531E-4A75-828B-3A4C3BC7BD34_1790553081005.gz ], upload done for S3:  [ true ]
[2026-09-28 02:51:21.722] [info] [rest_telemetry] [8468] [TelemetryManagement.hpp:137] Telemetry upload completed for zip file:[ C:\Program Files (x86)\Incredibuild\\Temp\DBFiles_AB42BA03-531E-4A75-828B-3A4C3BC7BD34_1790553081005.zip ], upload done for IB Manager (Data Access):  [ true ]
[2026-09-28 03:00:47.362] [info] [rest_module] [8468] [session_handlers.cpp:90] on_session_renew_post - refresh
[2026-09-28 03:10:47.372] [info] [rest_module] [8468] [session_handlers.cpp:90] on_session_renew_post - refresh
[2026-09-28 03:20:47.382] [info] [rest_module] [8468] [session_handlers.cpp:90] on_session_renew_post - refresh
[2026-09-28 03:30:47.388] [info] [rest_module] [8468] [session_handlers.cpp:90] on_session_renew_post - refresh
[2026-09-28 03:40:47.404] [info] [rest_module] [8468] [session_handlers.cpp:90] on_session_renew_post - refresh
[2026-09-28 03:50:47.401] [info] [rest_module] [8468] [session_handlers.cpp:90] on_session_renew_post - refresh
[2026-09-28 03:51:21.008] [info] [rest_database] [8468] [BuildsDatabaseImpl.cpp:258] Builds Database: Deleting tables history records after telemetry gZip file was created [ C:\Program Files (x86)\Incredibuild\\Temp\BuildsDB_AB42BA03-531E-4A75-828B-3A4C3BC7BD34_1790556681001.gz ].
[2026-09-28 03:51:21.015] [info] [rest_database] [8468] [CoordinatorDatabaseImpl.cpp:839] Coordinator Database: Deleting tables history records after telemetry gZip file was created [ C:\Program Files (x86)\Incredibuild\\Temp\CoordinatorDB_AB42BA03-531E-4A75-828B-3A4C3BC7BD34_1790556681001.gz ]. Purge all data = false
[2026-09-28 03:51:21.021] [info] [rest_telemetry] [8468] [TelemetryManagement.hpp:82] buildDbEmpty: [ true ]
[2026-09-28 03:51:21.663] [info] [rest_telemetry] [8468] [TelemetryManagement.hpp:122] Telemetry upload completed for gZip files:[ C:\Program Files (x86)\Incredibuild\\Temp\BuildsDB_AB42BA03-531E-4A75-828B-3A4C3BC7BD34_1790556681001.gz ], [ C:\Program Files (x86)\Incredibuild\\Temp\CoordinatorDB_AB42BA03-531E-4A75-828B-3A4C3BC7BD34_1790556681001.gz ], upload done for S3:  [ true ]
[2026-09-28 03:51:21.694] [info] [rest_telemetry] [8468] [TelemetryManagement.hpp:137] Telemetry upload completed for zip file:[ C:\Program Files (x86)\Incredibuild\\Temp\DBFiles_AB42BA03-531E-4A75-828B-3A4C3BC7BD34_1790556681001.zip ], upload done for IB Manager (Data Access):  [ true ]
[2026-09-28 04:00:47.408] [info] [rest_module] [8468] [session_handlers.cpp:90] on_session_renew_post - refresh
[2026-09-28 04:10:47.422] [info] [rest_module] [8468] [session_handlers.cpp:90] on_session_renew_post - refresh
[2026-09-28 04:20:47.436] [info] [rest_module] [8468] [session_handlers.cpp:90] on_session_renew_post - refresh
[2026-09-28 04:30:47.448] [info] [rest_module] [8468] [session_handlers.cpp:90] on_session_renew_post - refresh
[2026-09-28 04:40:47.453] [info] [rest_module] [8468] [session_handlers.cpp:90] on_session_renew_post - refresh
[2026-09-28 04:50:47.459] [info] [rest_module] [8468] [session_handlers.cpp:90] on_session_renew_post - refresh
[2026-09-28 04:51:21.017] [info] [rest_database] [8468] [BuildsDatabaseImpl.cpp:258] Builds Database: Deleting tables history records after telemetry gZip file was created [ C:\Program Files (x86)\Incredibuild\\Temp\BuildsDB_AB42BA03-531E-4A75-828B-3A4C3BC7BD34_1790560281011.gz ].
[2026-09-28 04:51:21.031] [info] [rest_database] [8468] [CoordinatorDatabaseImpl.cpp:839] Coordinator Database: Deleting tables history records after telemetry gZip file was created [ C:\Program Files (x86)\Incredibuild\\Temp\CoordinatorDB_AB42BA03-531E-4A75-828B-3A4C3BC7BD34_1790560281011.gz ]. Purge all data = false
[2026-09-28 04:51:21.032] [info] [rest_telemetry] [8468] [TelemetryManagement.hpp:82] buildDbEmpty: [ true ]
[2026-09-28 04:51:21.679] [info] [rest_telemetry] [8468] [TelemetryManagement.hpp:122] Telemetry upload completed for gZip files:[ C:\Program Files (x86)\Incredibuild\\Temp\BuildsDB_AB42BA03-531E-4A75-828B-3A4C3BC7BD34_1790560281011.gz ], [ C:\Program Files (x86)\Incredibuild\\Temp\CoordinatorDB_AB42BA03-531E-4A75-828B-3A4C3BC7BD34_1790560281011.gz ], upload done for S3:  [ true ]
[2026-09-28 04:51:21.704] [info] [rest_telemetry] [8468] [TelemetryManagement.hpp:137] Telemetry upload completed for zip file:[ C:\Program Files (x86)\Incredibuild\\Temp\DBFiles_AB42BA03-531E-4A75-828B-3A4C3BC7BD34_1790560281011.zip ], upload done for IB Manager (Data Access):  [ true ]
[2026-09-28 05:00:47.467] [info] [rest_module] [8468] [session_handlers.cpp:90] on_session_renew_post - refresh
[2026-09-28 05:10:47.470] [info] [rest_module] [8468] [session_handlers.cpp:90] on_session_renew_post - refresh
[2026-09-28 05:20:47.483] [info] [rest_module] [8468] [session_handlers.cpp:90] on_session_renew_post - refresh
[2026-09-28 05:30:47.487] [info] [rest_module] [8468] [session_handlers.cpp:90] on_session_renew_post - refresh
[2026-09-28 05:40:47.499] [info] [rest_module] [8468] [session_handlers.cpp:90] on_session_renew_post - refresh
[2026-09-28 05:50:47.513] [info] [rest_module] [8468] [session_handlers.cpp:90] on_session_renew_post - refresh
[2026-09-28 05:51:21.012] [info] [rest_database] [8468] [BuildsDatabaseImpl.cpp:258] Builds Database: Deleting tables history records after telemetry gZip file was created [ C:\Program Files (x86)\Incredibuild\\Temp\BuildsDB_AB42BA03-531E-4A75-828B-3A4C3BC7BD34_1790563881007.gz ].
[2026-09-28 05:51:21.023] [info] [rest_database] [8468] [CoordinatorDatabaseImpl.cpp:839] Coordinator Database: Deleting tables history records after telemetry gZip file was created [ C:\Program Files (x86)\Incredibuild\\Temp\CoordinatorDB_AB42BA03-531E-4A75-828B-3A4C3BC7BD34_1790563881007.gz ]. Purge all data = false
[2026-09-28 05:51:21.024] [info] [rest_telemetry] [8468] [TelemetryManagement.hpp:82] buildDbEmpty: [ true ]
[2026-09-28 05:51:21.716] [info] [rest_telemetry] [8468] [TelemetryManagement.hpp:122] Telemetry upload completed for gZip files:[ C:\Program Files (x86)\Incredibuild\\Temp\BuildsDB_AB42BA03-531E-4A75-828B-3A4C3BC7BD34_1790563881007.gz ], [ C:\Program Files (x86)\Incredibuild\\Temp\CoordinatorDB_AB42BA03-531E-4A75-828B-3A4C3BC7BD34_1790563881007.gz ], upload done for S3:  [ true ]
[2026-09-28 05:51:21.744] [info] [rest_telemetry] [8468] [TelemetryManagement.hpp:137] Telemetry upload completed for zip file:[ C:\Program Files (x86)\Incredibuild\\Temp\DBFiles_AB42BA03-531E-4A75-828B-3A4C3BC7BD34_1790563881007.zip ], upload done for IB Manager (Data Access):  [ true ]
[2026-09-28 06:00:47.522] [info] [rest_module] [8468] [session_handlers.cpp:90] on_session_renew_post - refresh
[2026-09-28 06:10:47.531] [info] [rest_module] [8468] [session_handlers.cpp:90] on_session_renew_post - refresh
[2026-09-28 06:20:47.535] [info] [rest_module] [8468] [session_handlers.cpp:90] on_session_renew_post - refresh
[2026-09-28 06:30:47.545] [info] [rest_module] [8468] [session_handlers.cpp:90] on_session_renew_post - refresh
[2026-09-28 06:40:47.546] [info] [rest_module] [8468] [session_handlers.cpp:90] on_session_renew_post - refresh
[2026-09-28 06:50:47.557] [info] [rest_module] [8468] [session_handlers.cpp:90] on_session_renew_post - refresh
[2026-09-28 06:51:21.009] [info] [rest_database] [8468] [BuildsDatabaseImpl.cpp:258] Builds Database: Deleting tables history records after telemetry gZip file was created [ C:\Program Files (x86)\Incredibuild\\Temp\BuildsDB_AB42BA03-531E-4A75-828B-3A4C3BC7BD34_1790567481006.gz ].
[2026-09-28 06:51:21.014] [info] [rest_database] [8468] [CoordinatorDatabaseImpl.cpp:839] Coordinator Database: Deleting tables history records after telemetry gZip file was created [ C:\Program Files (x86)\Incredibuild\\Temp\CoordinatorDB_AB42BA03-531E-4A75-828B-3A4C3BC7BD34_1790567481006.gz ]. Purge all data = false
[2026-09-28 06:51:21.014] [info] [rest_telemetry] [8468] [TelemetryManagement.hpp:82] buildDbEmpty: [ true ]
[2026-09-28 06:51:21.676] [info] [rest_telemetry] [8468] [TelemetryManagement.hpp:122] Telemetry upload completed for gZip files:[ C:\Program Files (x86)\Incredibuild\\Temp\BuildsDB_AB42BA03-531E-4A75-828B-3A4C3BC7BD34_1790567481006.gz ], [ C:\Program Files (x86)\Incredibuild\\Temp\CoordinatorDB_AB42BA03-531E-4A75-828B-3A4C3BC7BD34_1790567481006.gz ], upload done for S3:  [ true ]
[2026-09-28 06:51:21.700] [info] [rest_telemetry] [8468] [TelemetryManagement.hpp:137] Telemetry upload completed for zip file:[ C:\Program Files (x86)\Incredibuild\\Temp\DBFiles_AB42BA03-531E-4A75-828B-3A4C3BC7BD34_1790567481006.zip ], upload done for IB Manager (Data Access):  [ true ]
[2026-09-28 07:00:47.560] [info] [rest_module] [8468] [session_handlers.cpp:90] on_session_renew_post - refresh
[2026-09-28 07:10:47.574] [info] [rest_module] [8468] [session_handlers.cpp:90] on_session_renew_post - refresh
[2026-09-28 07:20:47.584] [info] [rest_module] [8468] [session_handlers.cpp:90] on_session_renew_post - refresh
[2026-09-28 07:30:47.586] [info] [rest_module] [8468] [session_handlers.cpp:90] on_session_renew_post - refresh
[2026-09-28 07:40:47.588] [info] [rest_module] [8468] [session_handlers.cpp:90] on_session_renew_post - refresh
[2026-09-28 07:50:47.597] [info] [rest_module] [8468] [session_handlers.cpp:90] on_session_renew_post - refresh
[2026-09-28 07:51:21.019] [info] [rest_database] [8468] [BuildsDatabaseImpl.cpp:258] Builds Database: Deleting tables history records after telemetry gZip file was created [ C:\Program Files (x86)\Incredibuild\\Temp\BuildsDB_AB42BA03-531E-4A75-828B-3A4C3BC7BD34_1790571081015.gz ].
[2026-09-28 07:51:21.028] [info] [rest_database] [8468] [CoordinatorDatabaseImpl.cpp:839] Coordinator Database: Deleting tables history records after telemetry gZip file was created [ C:\Program Files (x86)\Incredibuild\\Temp\CoordinatorDB_AB42BA03-531E-4A75-828B-3A4C3BC7BD34_1790571081015.gz ]. Purge all data = false
[2026-09-28 07:51:21.028] [info] [rest_telemetry] [8468] [TelemetryManagement.hpp:82] buildDbEmpty: [ true ]
[2026-09-28 07:51:21.755] [info] [rest_telemetry] [8468] [TelemetryManagement.hpp:122] Telemetry upload completed for gZip files:[ C:\Program Files (x86)\Incredibuild\\Temp\BuildsDB_AB42BA03-531E-4A75-828B-3A4C3BC7BD34_1790571081015.gz ], [ C:\Program Files (x86)\Incredibuild\\Temp\CoordinatorDB_AB42BA03-531E-4A75-828B-3A4C3BC7BD34_1790571081015.gz ], upload done for S3:  [ true ]
[2026-09-28 07:51:21.783] [info] [rest_telemetry] [8468] [TelemetryManagement.hpp:137] Telemetry upload completed for zip file:[ C:\Program Files (x86)\Incredibuild\\Temp\DBFiles_AB42BA03-531E-4A75-828B-3A4C3BC7BD34_1790571081015.zip ], upload done for IB Manager (Data Access):  [ true ]
[2026-09-28 08:00:47.612] [info] [rest_module] [8468] [session_handlers.cpp:90] on_session_renew_post - refresh
[2026-09-28 08:10:47.619] [info] [rest_module] [8468] [session_handlers.cpp:90] on_session_renew_post - refresh
[2026-09-28 08:20:47.620] [info] [rest_module] [8468] [session_handlers.cpp:90] on_session_renew_post - refresh
[2026-09-28 08:30:47.630] [info] [rest_module] [8468] [session_handlers.cpp:90] on_session_renew_post - refresh
[2026-09-28 08:40:47.633] [info] [rest_module] [8468] [session_handlers.cpp:90] on_session_renew_post - refresh
[2026-09-28 08:50:47.641] [info] [rest_module] [8468] [session_handlers.cpp:90] on_session_renew_post - refresh
[2026-09-28 08:51:21.016] [info] [rest_database] [8468] [BuildsDatabaseImpl.cpp:258] Builds Database: Deleting tables history records after telemetry gZip file was created [ C:\Program Files (x86)\Incredibuild\\Temp\BuildsDB_AB42BA03-531E-4A75-828B-3A4C3BC7BD34_1790574681013.gz ].
[2026-09-28 08:51:21.027] [info] [rest_database] [8468] [CoordinatorDatabaseImpl.cpp:839] Coordinator Database: Deleting tables history records after telemetry gZip file was created [ C:\Program Files (x86)\Incredibuild\\Temp\CoordinatorDB_AB42BA03-531E-4A75-828B-3A4C3BC7BD34_1790574681013.gz ]. Purge all data = false
[2026-09-28 08:51:21.028] [info] [rest_telemetry] [8468] [TelemetryManagement.hpp:82] buildDbEmpty: [ true ]
[2026-09-28 08:51:21.780] [info] [rest_telemetry] [8468] [TelemetryManagement.hpp:122] Telemetry upload completed for gZip files:[ C:\Program Files (x86)\Incredibuild\\Temp\BuildsDB_AB42BA03-531E-4A75-828B-3A4C3BC7BD34_1790574681013.gz ], [ C:\Program Files (x86)\Incredibuild\\Temp\CoordinatorDB_AB42BA03-531E-4A75-828B-3A4C3BC7BD34_1790574681013.gz ], upload done for S3:  [ true ]
[2026-09-28 08:51:21.814] [info] [rest_telemetry] [8468] [TelemetryManagement.hpp:137] Telemetry upload completed for zip file:[ C:\Program Files (x86)\Incredibuild\\Temp\DBFiles_AB42BA03-531E-4A75-828B-3A4C3BC7BD34_1790574681013.zip ], upload done for IB Manager (Data Access):  [ true ]
[2026-09-28 09:00:47.640] [info] [rest_module] [8468] [session_handlers.cpp:90] on_session_renew_post - refresh
[2026-09-28 09:10:47.645] [info] [rest_module] [8468] [session_handlers.cpp:90] on_session_renew_post - refresh
[2026-09-28 09:20:47.654] [info] [rest_module] [8468] [session_handlers.cpp:90] on_session_renew_post - refresh
[2026-09-28 09:30:47.657] [info] [rest_module] [8468] [session_handlers.cpp:90] on_session_renew_post - refresh
[2026-09-28 09:40:47.672] [info] [rest_module] [8468] [session_handlers.cpp:90] on_session_renew_post - refresh
[2026-09-28 09:50:47.686] [info] [rest_module] [8468] [session_handlers.cpp:90] on_session_renew_post - refresh
[2026-09-28 09:51:21.009] [info] [rest_database] [8468] [BuildsDatabaseImpl.cpp:258] Builds Database: Deleting tables history records after telemetry gZip file was created [ C:\Program Files (x86)\Incredibuild\\Temp\BuildsDB_AB42BA03-531E-4A75-828B-3A4C3BC7BD34_1790578281006.gz ].
[2026-09-28 09:51:21.019] [info] [rest_database] [8468] [CoordinatorDatabaseImpl.cpp:839] Coordinator Database: Deleting tables history records after telemetry gZip file was created [ C:\Program Files (x86)\Incredibuild\\Temp\CoordinatorDB_AB42BA03-531E-4A75-828B-3A4C3BC7BD34_1790578281006.gz ]. Purge all data = false
[2026-09-28 09:51:21.020] [info] [rest_telemetry] [8468] [TelemetryManagement.hpp:82] buildDbEmpty: [ true ]
[2026-09-28 09:51:22.423] [info] [rest_telemetry] [8468] [TelemetryManagement.hpp:122] Telemetry upload completed for gZip files:[ C:\Program Files (x86)\Incredibuild\\Temp\BuildsDB_AB42BA03-531E-4A75-828B-3A4C3BC7BD34_1790578281006.gz ], [ C:\Program Files (x86)\Incredibuild\\Temp\CoordinatorDB_AB42BA03-531E-4A75-828B-3A4C3BC7BD34_1790578281006.gz ], upload done for S3:  [ true ]
[2026-09-28 09:51:22.453] [info] [rest_telemetry] [8468] [TelemetryManagement.hpp:137] Telemetry upload completed for zip file:[ C:\Program Files (x86)\Incredibuild\\Temp\DBFiles_AB42BA03-531E-4A75-828B-3A4C3BC7BD34_1790578281006.zip ], upload done for IB Manager (Data Access):  [ true ]
[2026-09-28 10:00:47.686] [info] [rest_module] [8468] [session_handlers.cpp:90] on_session_renew_post - refresh
[2026-09-28 10:10:47.689] [info] [rest_module] [8468] [session_handlers.cpp:90] on_session_renew_post - refresh
[2026-09-28 10:20:47.698] [info] [rest_module] [8468] [session_handlers.cpp:90] on_session_renew_post - refresh
[2026-09-28 10:30:47.714] [info] [rest_module] [8468] [session_handlers.cpp:90] on_session_renew_post - refresh
[2026-09-28 10:40:47.714] [info] [rest_module] [8468] [session_handlers.cpp:90] on_session_renew_post - refresh
[2026-09-28 10:50:47.726] [info] [rest_module] [8468] [session_handlers.cpp:90] on_session_renew_post - refresh
[2026-09-28 10:51:22.005] [info] [rest_database] [8468] [BuildsDatabaseImpl.cpp:258] Builds Database: Deleting tables history records after telemetry gZip file was created [ C:\Program Files (x86)\Incredibuild\\Temp\BuildsDB_AB42BA03-531E-4A75-828B-3A4C3BC7BD34_1790581882001.gz ].
[2026-09-28 10:51:22.009] [info] [rest_database] [8468] [CoordinatorDatabaseImpl.cpp:839] Coordinator Database: Deleting tables history records after telemetry gZip file was created [ C:\Program Files (x86)\Incredibuild\\Temp\CoordinatorDB_AB42BA03-531E-4A75-828B-3A4C3BC7BD34_1790581882001.gz ]. Purge all data = false
[2026-09-28 10:51:22.010] [info] [rest_telemetry] [8468] [TelemetryManagement.hpp:82] buildDbEmpty: [ true ]
[2026-09-28 10:51:22.948] [info] [rest_telemetry] [8468] [TelemetryManagement.hpp:122] Telemetry upload completed for gZip files:[ C:\Program Files (x86)\Incredibuild\\Temp\BuildsDB_AB42BA03-531E-4A75-828B-3A4C3BC7BD34_1790581882001.gz ], [ C:\Program Files (x86)\Incredibuild\\Temp\CoordinatorDB_AB42BA03-531E-4A75-828B-3A4C3BC7BD34_1790581882001.gz ], upload done for S3:  [ true ]
[2026-09-28 10:51:22.970] [info] [rest_telemetry] [8468] [TelemetryManagement.hpp:137] Telemetry upload completed for zip file:[ C:\Program Files (x86)\Incredibuild\\Temp\DBFiles_AB42BA03-531E-4A75-828B-3A4C3BC7BD34_1790581882001.zip ], upload done for IB Manager (Data Access):  [ true ]
[2026-09-28 11:00:47.731] [info] [rest_module] [8468] [session_handlers.cpp:90] on_session_renew_post - refresh
[2026-09-28 11:10:47.734] [info] [rest_module] [8468] [session_handlers.cpp:90] on_session_renew_post - refresh
[2026-09-28 11:20:47.744] [info] [rest_module] [8468] [session_handlers.cpp:90] on_session_renew_post - refresh
[2026-09-28 11:30:47.755] [info] [rest_module] [8468] [session_handlers.cpp:90] on_session_renew_post - refresh
[2026-09-28 11:40:47.763] [info] [rest_module] [8468] [session_handlers.cpp:90] on_session_renew_post - refresh
[2026-09-28 11:50:47.776] [info] [rest_module] [8468] [session_handlers.cpp:90] on_session_renew_post - refresh
[2026-09-28 11:51:22.007] [info] [rest_database] [8468] [BuildsDatabaseImpl.cpp:258] Builds Database: Deleting tables history records after telemetry gZip file was created [ C:\Program Files (x86)\Incredibuild\\Temp\BuildsDB_AB42BA03-531E-4A75-828B-3A4C3BC7BD34_1790585482003.gz ].
[2026-09-28 11:51:22.021] [info] [rest_database] [8468] [CoordinatorDatabaseImpl.cpp:839] Coordinator Database: Deleting tables history records after telemetry gZip file was created [ C:\Program Files (x86)\Incredibuild\\Temp\CoordinatorDB_AB42BA03-531E-4A75-828B-3A4C3BC7BD34_1790585482003.gz ]. Purge all data = false
[2026-09-28 11:51:22.022] [info] [rest_telemetry] [8468] [TelemetryManagement.hpp:82] buildDbEmpty: [ true ]
[2026-09-28 11:51:22.955] [info] [rest_telemetry] [8468] [TelemetryManagement.hpp:122] Telemetry upload completed for gZip files:[ C:\Program Files (x86)\Incredibuild\\Temp\BuildsDB_AB42BA03-531E-4A75-828B-3A4C3BC7BD34_1790585482003.gz ], [ C:\Program Files (x86)\Incredibuild\\Temp\CoordinatorDB_AB42BA03-531E-4A75-828B-3A4C3BC7BD34_1790585482003.gz ], upload done for S3:  [ true ]
[2026-09-28 11:51:22.984] [info] [rest_telemetry] [8468] [TelemetryManagement.hpp:137] Telemetry upload completed for zip file:[ C:\Program Files (x86)\Incredibuild\\Temp\DBFiles_AB42BA03-531E-4A75-828B-3A4C3BC7BD34_1790585482003.zip ], upload done for IB Manager (Data Access):  [ true ]
[2026-09-28 12:00:47.781] [info] [rest_module] [8468] [session_handlers.cpp:90] on_session_renew_post - refresh
[2026-09-28 12:10:47.786] [info] [rest_module] [8468] [session_handlers.cpp:90] on_session_renew_post - refresh
[2026-09-28 12:20:47.792] [info] [rest_module] [8468] [session_handlers.cpp:90] on_session_renew_post - refresh
[2026-09-28 12:30:47.799] [info] [rest_module] [8468] [session_handlers.cpp:90] on_session_renew_post - refresh
[2026-09-28 12:40:47.809] [info] [rest_module] [8468] [session_handlers.cpp:90] on_session_renew_post - refresh
[2026-09-28 12:50:47.817] [info] [rest_module] [8468] [session_handlers.cpp:90] on_session_renew_post - refresh
[2026-09-28 12:51:22.017] [info] [rest_database] [8468] [BuildsDatabaseImpl.cpp:258] Builds Database: Deleting tables history records after telemetry gZip file was created [ C:\Program Files (x86)\Incredibuild\\Temp\BuildsDB_AB42BA03-531E-4A75-828B-3A4C3BC7BD34_1790589082013.gz ].
[2026-09-28 12:51:22.030] [info] [rest_database] [8468] [CoordinatorDatabaseImpl.cpp:839] Coordinator Database: Deleting tables history records after telemetry gZip file was created [ C:\Program Files (x86)\Incredibuild\\Temp\CoordinatorDB_AB42BA03-531E-4A75-828B-3A4C3BC7BD34_1790589082013.gz ]. Purge all data = false
[2026-09-28 12:51:22.030] [info] [rest_telemetry] [8468] [TelemetryManagement.hpp:82] buildDbEmpty: [ true ]
[2026-09-28 12:51:23.674] [info] [rest_telemetry] [8468] [TelemetryManagement.hpp:122] Telemetry upload completed for gZip files:[ C:\Program Files (x86)\Incredibuild\\Temp\BuildsDB_AB42BA03-531E-4A75-828B-3A4C3BC7BD34_1790589082013.gz ], [ C:\Program Files (x86)\Incredibuild\\Temp\CoordinatorDB_AB42BA03-531E-4A75-828B-3A4C3BC7BD34_1790589082013.gz ], upload done for S3:  [ true ]
[2026-09-28 12:51:23.710] [info] [rest_telemetry] [8468] [TelemetryManagement.hpp:137] Telemetry upload completed for zip file:[ C:\Program Files (x86)\Incredibuild\\Temp\DBFiles_AB42BA03-531E-4A75-828B-3A4C3BC7BD34_1790589082013.zip ], upload done for IB Manager (Data Access):  [ true ]
[2026-09-28 13:00:47.820] [info] [rest_module] [8468] [session_handlers.cpp:90] on_session_renew_post - refresh
[2026-09-28 13:10:47.824] [info] [rest_module] [8468] [session_handlers.cpp:90] on_session_renew_post - refresh
[2026-09-28 13:20:47.839] [info] [rest_module] [8468] [session_handlers.cpp:90] on_session_renew_post - refresh
[2026-09-28 13:30:47.851] [info] [rest_module] [8468] [session_handlers.cpp:90] on_session_renew_post - refresh
[2026-09-28 13:40:47.854] [info] [rest_module] [8468] [session_handlers.cpp:90] on_session_renew_post - refresh
[2026-09-28 13:50:47.869] [info] [rest_module] [8468] [session_handlers.cpp:90] on_session_renew_post - refresh
[2026-09-28 13:51:23.004] [info] [rest_database] [8468] [BuildsDatabaseImpl.cpp:258] Builds Database: Deleting tables history records after telemetry gZip file was created [ C:\Program Files (x86)\Incredibuild\\Temp\BuildsDB_AB42BA03-531E-4A75-828B-3A4C3BC7BD34_1790592683000.gz ].
[2026-09-28 13:51:23.019] [info] [rest_database] [8468] [CoordinatorDatabaseImpl.cpp:839] Coordinator Database: Deleting tables history records after telemetry gZip file was created [ C:\Program Files (x86)\Incredibuild\\Temp\CoordinatorDB_AB42BA03-531E-4A75-828B-3A4C3BC7BD34_1790592683000.gz ]. Purge all data = false
[2026-09-28 13:51:23.020] [info] [rest_telemetry] [8468] [TelemetryManagement.hpp:82] buildDbEmpty: [ true ]
[2026-09-28 13:51:24.693] [info] [rest_telemetry] [8468] [TelemetryManagement.hpp:122] Telemetry upload completed for gZip files:[ C:\Program Files (x86)\Incredibuild\\Temp\BuildsDB_AB42BA03-531E-4A75-828B-3A4C3BC7BD34_1790592683000.gz ], [ C:\Program Files (x86)\Incredibuild\\Temp\CoordinatorDB_AB42BA03-531E-4A75-828B-3A4C3BC7BD34_1790592683000.gz ], upload done for S3:  [ true ]
[2026-09-28 13:51:24.728] [info] [rest_telemetry] [8468] [TelemetryManagement.hpp:137] Telemetry upload completed for zip file:[ C:\Program Files (x86)\Incredibuild\\Temp\DBFiles_AB42BA03-531E-4A75-828B-3A4C3BC7BD34_1790592683000.zip ], upload done for IB Manager (Data Access):  [ true ]
[2026-09-28 14:00:47.883] [info] [rest_module] [8468] [session_handlers.cpp:90] on_session_renew_post - refresh
[2026-09-28 14:10:47.887] [info] [rest_module] [8468] [session_handlers.cpp:90] on_session_renew_post - refresh
[2026-09-28 14:20:47.898] [info] [rest_module] [8468] [session_handlers.cpp:90] on_session_renew_post - refresh
[2026-09-28 14:30:47.900] [info] [rest_module] [8468] [session_handlers.cpp:90] on_session_renew_post - refresh
[2026-09-28 14:40:47.906] [info] [rest_module] [8468] [session_handlers.cpp:90] on_session_renew_post - refresh
[2026-09-28 14:50:47.919] [info] [rest_module] [8468] [session_handlers.cpp:90] on_session_renew_post - refresh
[2026-09-28 14:51:24.020] [info] [rest_database] [8468] [BuildsDatabaseImpl.cpp:258] Builds Database: Deleting tables history records after telemetry gZip file was created [ C:\Program Files (x86)\Incredibuild\\Temp\BuildsDB_AB42BA03-531E-4A75-828B-3A4C3BC7BD34_1790596284013.gz ].
[2026-09-28 14:51:24.034] [info] [rest_database] [8468] [CoordinatorDatabaseImpl.cpp:839] Coordinator Database: Deleting tables history records after telemetry gZip file was created [ C:\Program Files (x86)\Incredibuild\\Temp\CoordinatorDB_AB42BA03-531E-4A75-828B-3A4C3BC7BD34_1790596284013.gz ]. Purge all data = false
[2026-09-28 14:51:24.034] [info] [rest_telemetry] [8468] [TelemetryManagement.hpp:82] buildDbEmpty: [ true ]
[2026-09-28 14:51:26.859] [info] [rest_telemetry] [8468] [TelemetryManagement.hpp:122] Telemetry upload completed for gZip files:[ C:\Program Files (x86)\Incredibuild\\Temp\BuildsDB_AB42BA03-531E-4A75-828B-3A4C3BC7BD34_1790596284013.gz ], [ C:\Program Files (x86)\Incredibuild\\Temp\CoordinatorDB_AB42BA03-531E-4A75-828B-3A4C3BC7BD34_1790596284013.gz ], upload done for S3:  [ true ]
[2026-09-28 14:51:26.888] [info] [rest_telemetry] [8468] [TelemetryManagement.hpp:137] Telemetry upload completed for zip file:[ C:\Program Files (x86)\Incredibuild\\Temp\DBFiles_AB42BA03-531E-4A75-828B-3A4C3BC7BD34_1790596284013.zip ], upload done for IB Manager (Data Access):  [ true ]
[2026-09-28 15:00:47.926] [info] [rest_module] [8468] [session_handlers.cpp:90] on_session_renew_post - refresh
[2026-09-28 15:10:47.935] [info] [rest_module] [8468] [session_handlers.cpp:90] on_session_renew_post - refresh
[2026-09-28 15:20:47.939] [info] [rest_module] [8468] [session_handlers.cpp:90] on_session_renew_post - refresh
[2026-09-28 15:30:47.947] [info] [rest_module] [8468] [session_handlers.cpp:90] on_session_renew_post - refresh
[2026-09-28 15:40:47.959] [info] [rest_module] [8468] [session_handlers.cpp:90] on_session_renew_post - refresh
[2026-09-28 15:50:47.963] [info] [rest_module] [8468] [session_handlers.cpp:90] on_session_renew_post - refresh
[2026-09-28 15:51:26.008] [info] [rest_database] [8468] [BuildsDatabaseImpl.cpp:258] Builds Database: Deleting tables history records after telemetry gZip file was created [ C:\Program Files (x86)\Incredibuild\\Temp\BuildsDB_AB42BA03-531E-4A75-828B-3A4C3BC7BD34_1790599886003.gz ].
[2026-09-28 15:51:26.020] [info] [rest_database] [8468] [CoordinatorDatabaseImpl.cpp:839] Coordinator Database: Deleting tables history records after telemetry gZip file was created [ C:\Program Files (x86)\Incredibuild\\Temp\CoordinatorDB_AB42BA03-531E-4A75-828B-3A4C3BC7BD34_1790599886003.gz ]. Purge all data = false
[2026-09-28 15:51:26.021] [info] [rest_telemetry] [8468] [TelemetryManagement.hpp:82] buildDbEmpty: [ true ]
[2026-09-28 15:51:28.786] [info] [rest_telemetry] [8468] [TelemetryManagement.hpp:122] Telemetry upload completed for gZip files:[ C:\Program Files (x86)\Incredibuild\\Temp\BuildsDB_AB42BA03-531E-4A75-828B-3A4C3BC7BD34_1790599886003.gz ], [ C:\Program Files (x86)\Incredibuild\\Temp\CoordinatorDB_AB42BA03-531E-4A75-828B-3A4C3BC7BD34_1790599886003.gz ], upload done for S3:  [ true ]
[2026-09-28 15:51:28.815] [info] [rest_telemetry] [8468] [TelemetryManagement.hpp:137] Telemetry upload completed for zip file:[ C:\Program Files (x86)\Incredibuild\\Temp\DBFiles_AB42BA03-531E-4A75-828B-3A4C3BC7BD34_1790599886003.zip ], upload done for IB Manager (Data Access):  [ true ]
[2026-09-28 16:00:47.971] [info] [rest_module] [8468] [session_handlers.cpp:90] on_session_renew_post - refresh
[2026-09-28 16:10:47.977] [info] [rest_module] [8468] [session_handlers.cpp:90] on_session_renew_post - refresh
[2026-09-28 16:20:47.987] [info] [rest_module] [8468] [session_handlers.cpp:90] on_session_renew_post - refresh
[2026-09-28 16:30:47.988] [info] [rest_module] [8468] [session_handlers.cpp:90] on_session_renew_post - refresh
[2026-09-28 16:40:48.002] [info] [rest_module] [8468] [session_handlers.cpp:90] on_session_renew_post - refresh
[2026-09-28 16:50:48.011] [info] [rest_module] [8468] [session_handlers.cpp:90] on_session_renew_post - refresh
[2026-09-28 16:51:28.015] [info] [rest_database] [8468] [BuildsDatabaseImpl.cpp:258] Builds Database: Deleting tables history records after telemetry gZip file was created [ C:\Program Files (x86)\Incredibuild\\Temp\BuildsDB_AB42BA03-531E-4A75-828B-3A4C3BC7BD34_1790603488013.gz ].
[2026-09-28 16:51:28.024] [info] [rest_database] [8468] [CoordinatorDatabaseImpl.cpp:839] Coordinator Database: Deleting tables history records after telemetry gZip file was created [ C:\Program Files (x86)\Incredibuild\\Temp\CoordinatorDB_AB42BA03-531E-4A75-828B-3A4C3BC7BD34_1790603488013.gz ]. Purge all data = false
[2026-09-28 16:51:28.024] [info] [rest_telemetry] [8468] [TelemetryManagement.hpp:82] buildDbEmpty: [ true ]
[2026-09-28 16:51:29.054] [info] [rest_telemetry] [8468] [TelemetryManagement.hpp:122] Telemetry upload completed for gZip files:[ C:\Program Files (x86)\Incredibuild\\Temp\BuildsDB_AB42BA03-531E-4A75-828B-3A4C3BC7BD34_1790603488013.gz ], [ C:\Program Files (x86)\Incredibuild\\Temp\CoordinatorDB_AB42BA03-531E-4A75-828B-3A4C3BC7BD34_1790603488013.gz ], upload done for S3:  [ true ]
[2026-09-28 16:51:29.078] [info] [rest_telemetry] [8468] [TelemetryManagement.hpp:137] Telemetry upload completed for zip file:[ C:\Program Files (x86)\Incredibuild\\Temp\DBFiles_AB42BA03-531E-4A75-828B-3A4C3BC7BD34_1790603488013.zip ], upload done for IB Manager (Data Access):  [ true ]
[2026-09-28 17:00:48.015] [info] [rest_module] [8468] [session_handlers.cpp:90] on_session_renew_post - refresh
[2026-09-28 17:10:48.015] [info] [rest_module] [8468] [session_handlers.cpp:90] on_session_renew_post - refresh
[2026-09-28 17:20:48.030] [info] [rest_module] [8468] [session_handlers.cpp:90] on_session_renew_post - refresh
[2026-09-28 17:30:48.036] [info] [rest_module] [8468] [session_handlers.cpp:90] on_session_renew_post - refresh
[2026-09-28 17:40:48.043] [info] [rest_module] [8468] [session_handlers.cpp:90] on_session_renew_post - refresh
[2026-09-28 17:50:48.055] [info] [rest_module] [8468] [session_handlers.cpp:90] on_session_renew_post - refresh
[2026-09-28 17:51:29.013] [info] [rest_database] [8468] [BuildsDatabaseImpl.cpp:258] Builds Database: Deleting tables history records after telemetry gZip file was created [ C:\Program Files (x86)\Incredibuild\\Temp\BuildsDB_AB42BA03-531E-4A75-828B-3A4C3BC7BD34_1790607089006.gz ].
[2026-09-28 17:51:29.019] [info] [rest_database] [8468] [CoordinatorDatabaseImpl.cpp:839] Coordinator Database: Deleting tables history records after telemetry gZip file was created [ C:\Program Files (x86)\Incredibuild\\Temp\CoordinatorDB_AB42BA03-531E-4A75-828B-3A4C3BC7BD34_1790607089006.gz ]. Purge all data = false
[2026-09-28 17:51:29.020] [info] [rest_telemetry] [8468] [TelemetryManagement.hpp:82] buildDbEmpty: [ true ]
[2026-09-28 17:51:30.183] [info] [rest_telemetry] [8468] [TelemetryManagement.hpp:122] Telemetry upload completed for gZip files:[ C:\Program Files (x86)\Incredibuild\\Temp\BuildsDB_AB42BA03-531E-4A75-828B-3A4C3BC7BD34_1790607089006.gz ], [ C:\Program Files (x86)\Incredibuild\\Temp\CoordinatorDB_AB42BA03-531E-4A75-828B-3A4C3BC7BD34_1790607089006.gz ], upload done for S3:  [ true ]
[2026-09-28 17:51:30.210] [info] [rest_telemetry] [8468] [TelemetryManagement.hpp:137] Telemetry upload completed for zip file:[ C:\Program Files (x86)\Incredibuild\\Temp\DBFiles_AB42BA03-531E-4A75-828B-3A4C3BC7BD34_1790607089006.zip ], upload done for IB Manager (Data Access):  [ true ]
[2026-09-28 18:00:48.062] [info] [rest_module] [8468] [session_handlers.cpp:90] on_session_renew_post - refresh
[2026-09-28 18:10:48.065] [info] [rest_module] [8468] [session_handlers.cpp:90] on_session_renew_post - refresh
[2026-09-28 21:54:21.504] [warning] [rest_business_logic] [8468] [jwt_processing.cpp:151] Verify error token expired 14
[2026-09-28 21:54:23.002] [info] [rest_database] [8468] [BuildsDatabaseImpl.cpp:258] Builds Database: Deleting tables history records after telemetry gZip file was created [ C:\Program Files (x86)\Incredibuild\\Temp\BuildsDB_AB42BA03-531E-4A75-828B-3A4C3BC7BD34_1790621661507.gz ].
[2026-09-28 21:54:23.073] [info] [rest_database] [8468] [CoordinatorDatabaseImpl.cpp:839] Coordinator Database: Deleting tables history records after telemetry gZip file was created [ C:\Program Files (x86)\Incredibuild\\Temp\CoordinatorDB_AB42BA03-531E-4A75-828B-3A4C3BC7BD34_1790621661507.gz ]. Purge all data = false
[2026-09-28 21:54:23.073] [info] [rest_telemetry] [8468] [TelemetryManagement.hpp:82] buildDbEmpty: [ true ]
[2026-09-28 21:54:23.102] [error] [rest_telemetry] [8468] [TelemetryManagement.cpp:341] Error resolving domain name: telemetry.incredibuild.com, error: No such host is known
[2026-09-28 21:54:23.102] [error] [rest_telemetry] [8468] [TelemetryManagement.cpp:448] Handling Proxy Setup failed
[2026-09-28 21:54:23.103] [error] [rest_telemetry] [8468] [TelemetryManagement.hpp:113] Failed uploading Telemetry gZip file to S3 [ C:\Program Files (x86)\Incredibuild\\Temp\CoordinatorDB_AB42BA03-531E-4A75-828B-3A4C3BC7BD34_1790621661507.gz ], upload done: [ true ]
[2026-09-28 21:54:23.124] [info] [rest_module] [8468] [session_handlers.cpp:90] on_session_renew_post - refresh
[2026-09-28 21:54:23.133] [warning] [rest_business_logic] [8468] [rest_api.cpp:124] Fail to authenticate: Fail to authenticate
[2026-09-28 21:54:23.141] [warning] [rest_business_logic] [8468] [rest_api.cpp:124] Fail to authenticate: Fail to authenticate
[2026-09-28 21:54:23.153] [warning] [rest_business_logic] [8468] [rest_api.cpp:124] Fail to authenticate: Fail to authenticate
[2026-09-28 21:54:23.154] [warning] [rest_business_logic] [8468] [rest_api.cpp:124] Fail to authenticate: Fail to authenticate
[2026-09-28 21:54:23.155] [warning] [rest_business_logic] [8468] [rest_api.cpp:124] Fail to authenticate: Fail to authenticate
[2026-09-28 21:54:23.156] [info] [rest_module] [8468] [session_handlers.cpp:30] on_session_create_post - login
[2026-09-28 21:54:23.169] [info] [rest_business_logic] [8468] [business_logic_relayer.cpp:592] Added new history buffer
[2026-09-28 21:54:23.169] [info] [rest_business_logic] [8468] [business_logic_relayer.cpp:821] Remove diff buffers
[2026-09-28 21:54:23.195] [info] [rest_telemetry] [8468] [TelemetryManagement.hpp:137] Telemetry upload completed for zip file:[ C:\Program Files (x86)\Incredibuild\\Temp\DBFiles_AB42BA03-531E-4A75-828B-3A4C3BC7BD34_1790621661507.zip ], upload done for IB Manager (Data Access):  [ true ]
[2026-09-28 21:54:23.204] [error] [rest_telemetry] [8468] [TelemetryManagement.cpp:341] Error resolving domain name: telemetry.incredibuild.com, error: No such host is known
[2026-09-28 21:54:23.204] [error] [rest_telemetry] [8468] [TelemetryManagement.cpp:448] Handling Proxy Setup failed
[2026-09-28 21:54:23.212] [error] [rest_telemetry] [8468] [TelemetryManagement.cpp:341] Error resolving domain name: telemetry.incredibuild.com, error: No such host is known
[2026-09-28 21:54:23.212] [error] [rest_telemetry] [8468] [TelemetryManagement.cpp:448] Handling Proxy Setup failed
[2026-09-28 22:04:22.880] [info] [rest_module] [8468] [session_handlers.cpp:90] on_session_renew_post - refresh
[2026-09-28 22:14:22.887] [info] [rest_module] [8468] [session_handlers.cpp:90] on_session_renew_post - refresh
[2026-09-28 22:24:22.905] [info] [rest_module] [8468] [session_handlers.cpp:90] on_session_renew_post - refresh
[2026-09-28 22:34:22.903] [info] [rest_module] [8468] [session_handlers.cpp:90] on_session_renew_post - refresh
[2026-09-29 09:20:45.503] [warning] [rest_business_logic] [8468] [jwt_processing.cpp:151] Verify error token expired 14
[2026-09-29 09:20:46.077] [info] [rest_database] [8468] [BuildsDatabaseImpl.cpp:258] Builds Database: Deleting tables history records after telemetry gZip file was created [ C:\Program Files (x86)\Incredibuild\\Temp\BuildsDB_AB42BA03-531E-4A75-828B-3A4C3BC7BD34_1790662845505.gz ].
[2026-09-29 09:20:46.134] [info] [rest_database] [8468] [CoordinatorDatabaseImpl.cpp:839] Coordinator Database: Deleting tables history records after telemetry gZip file was created [ C:\Program Files (x86)\Incredibuild\\Temp\CoordinatorDB_AB42BA03-531E-4A75-828B-3A4C3BC7BD34_1790662845505.gz ]. Purge all data = false
[2026-09-29 09:20:46.135] [info] [rest_telemetry] [8468] [TelemetryManagement.hpp:82] buildDbEmpty: [ true ]
[2026-09-29 09:20:46.731] [warning] [rest_business_logic] [8468] [rest_api.cpp:124] Fail to authenticate: Fail to authenticate
[2026-09-29 09:20:46.732] [warning] [rest_module] [8468] [logger_adapter.hpp:39] [connection:3148] try to write response, while socket is closed
[2026-09-29 09:20:46.732] [error] [rest_telemetry] [8468] [TelemetryManagement.cpp:341] Error resolving domain name: telemetry.incredibuild.com, error: No such host is known
[2026-09-29 09:20:46.732] [error] [rest_telemetry] [8468] [TelemetryManagement.cpp:448] Handling Proxy Setup failed
[2026-09-29 09:20:46.732] [error] [rest_telemetry] [8468] [TelemetryManagement.hpp:113] Failed uploading Telemetry gZip file to S3 [ C:\Program Files (x86)\Incredibuild\\Temp\CoordinatorDB_AB42BA03-531E-4A75-828B-3A4C3BC7BD34_1790662845505.gz ], upload done: [ true ]
[2026-09-29 09:20:48.108] [info] [rest_module] [8468] [session_handlers.cpp:90] on_session_renew_post - refresh
[2026-09-29 09:20:48.109] [warning] [rest_business_logic] [8468] [rest_api.cpp:124] Fail to authenticate: Fail to authenticate
[2026-09-29 09:20:48.109] [warning] [rest_business_logic] [8468] [rest_api.cpp:124] Fail to authenticate: Fail to authenticate
[2026-09-29 09:20:48.110] [warning] [rest_business_logic] [8468] [rest_api.cpp:124] Fail to authenticate: Fail to authenticate
[2026-09-29 09:20:48.112] [warning] [rest_business_logic] [8468] [rest_api.cpp:124] Fail to authenticate: Fail to authenticate
[2026-09-29 09:20:48.112] [warning] [rest_business_logic] [8468] [rest_api.cpp:124] Fail to authenticate: Fail to authenticate
[2026-09-29 09:20:48.132] [warning] [rest_business_logic] [8468] [rest_api.cpp:124] Fail to authenticate: Fail to authenticate
[2026-09-29 09:20:48.153] [info] [rest_module] [8468] [session_handlers.cpp:30] on_session_create_post - login
[2026-09-29 09:20:48.165] [info] [rest_business_logic] [8468] [business_logic_relayer.cpp:592] Added new history buffer
[2026-09-29 09:20:48.165] [info] [rest_business_logic] [8468] [business_logic_relayer.cpp:821] Remove diff buffers
[2026-09-29 09:20:48.173] [info] [rest_telemetry] [8468] [TelemetryManagement.hpp:137] Telemetry upload completed for zip file:[ C:\Program Files (x86)\Incredibuild\\Temp\DBFiles_AB42BA03-531E-4A75-828B-3A4C3BC7BD34_1790662845505.zip ], upload done for IB Manager (Data Access):  [ true ]
[2026-09-29 09:20:48.188] [error] [rest_telemetry] [8468] [TelemetryManagement.cpp:341] Error resolving domain name: telemetry.incredibuild.com, error: No such host is known
[2026-09-29 09:20:48.188] [error] [rest_telemetry] [8468] [TelemetryManagement.cpp:448] Handling Proxy Setup failed
[2026-09-29 09:20:48.193] [error] [rest_telemetry] [8468] [TelemetryManagement.cpp:341] Error resolving domain name: telemetry.incredibuild.com, error: No such host is known
[2026-09-29 09:20:48.193] [error] [rest_telemetry] [8468] [TelemetryManagement.cpp:448] Handling Proxy Setup failed
[2026-09-29 09:20:48.206] [error] [rest_telemetry] [8468] [TelemetryManagement.cpp:341] Error resolving domain name: telemetry.incredibuild.com, error: No such host is known
[2026-09-29 09:20:48.206] [error] [rest_telemetry] [8468] [TelemetryManagement.cpp:448] Handling Proxy Setup failed
[2026-09-29 09:20:48.208] [error] [rest_telemetry] [8468] [TelemetryManagement.cpp:341] Error resolving domain name: telemetry.incredibuild.com, error: No such host is known
[2026-09-29 09:20:48.208] [error] [rest_telemetry] [8468] [TelemetryManagement.cpp:448] Handling Proxy Setup failed
[2026-09-29 09:30:46.036] [info] [rest_module] [8468] [session_handlers.cpp:90] on_session_renew_post - refresh
[2026-09-29 09:40:46.051] [info] [rest_module] [8468] [session_handlers.cpp:90] on_session_renew_post - refresh
[2026-09-29 09:50:46.058] [info] [rest_module] [8468] [session_handlers.cpp:90] on_session_renew_post - refresh
[2026-09-29 10:00:46.070] [info] [rest_module] [8468] [session_handlers.cpp:90] on_session_renew_post - refresh
[2026-09-29 10:10:46.073] [info] [rest_module] [8468] [session_handlers.cpp:90] on_session_renew_post - refresh
[2026-09-29 10:20:46.087] [info] [rest_module] [8468] [session_handlers.cpp:90] on_session_renew_post - refresh
[2026-09-29 10:20:48.008] [info] [rest_database] [8468] [BuildsDatabaseImpl.cpp:258] Builds Database: Deleting tables history records after telemetry gZip file was created [ C:\Program Files (x86)\Incredibuild\\Temp\BuildsDB_AB42BA03-531E-4A75-828B-3A4C3BC7BD34_1790666448003.gz ].
[2026-09-29 10:20:48.016] [info] [rest_database] [8468] [CoordinatorDatabaseImpl.cpp:839] Coordinator Database: Deleting tables history records after telemetry gZip file was created [ C:\Program Files (x86)\Incredibuild\\Temp\CoordinatorDB_AB42BA03-531E-4A75-828B-3A4C3BC7BD34_1790666448003.gz ]. Purge all data = false
[2026-09-29 10:20:48.021] [info] [rest_telemetry] [8468] [TelemetryManagement.hpp:82] buildDbEmpty: [ true ]
[2026-09-29 10:20:48.969] [info] [rest_telemetry] [8468] [TelemetryManagement.hpp:122] Telemetry upload completed for gZip files:[ C:\Program Files (x86)\Incredibuild\\Temp\BuildsDB_AB42BA03-531E-4A75-828B-3A4C3BC7BD34_1790666448003.gz ], [ C:\Program Files (x86)\Incredibuild\\Temp\CoordinatorDB_AB42BA03-531E-4A75-828B-3A4C3BC7BD34_1790666448003.gz ], upload done for S3:  [ true ]
[2026-09-29 10:20:48.994] [info] [rest_telemetry] [8468] [TelemetryManagement.hpp:137] Telemetry upload completed for zip file:[ C:\Program Files (x86)\Incredibuild\\Temp\DBFiles_AB42BA03-531E-4A75-828B-3A4C3BC7BD34_1790666448003.zip ], upload done for IB Manager (Data Access):  [ true ]
[2026-09-29 10:30:46.099] [info] [rest_module] [8468] [session_handlers.cpp:90] on_session_renew_post - refresh
[2026-09-29 10:40:46.115] [info] [rest_module] [8468] [session_handlers.cpp:90] on_session_renew_post - refresh
[2026-09-29 10:50:46.127] [info] [rest_module] [8468] [session_handlers.cpp:90] on_session_renew_post - refresh
[2026-09-29 11:00:46.139] [info] [rest_module] [8468] [session_handlers.cpp:90] on_session_renew_post - refresh
[2026-09-29 11:10:46.149] [info] [rest_module] [8468] [session_handlers.cpp:90] on_session_renew_post - refresh
[2026-09-29 11:20:46.151] [info] [rest_module] [8468] [session_handlers.cpp:90] on_session_renew_post - refresh
[2026-09-29 11:20:51.005] [info] [rest_database] [8468] [BuildsDatabaseImpl.cpp:258] Builds Database: Deleting tables history records after telemetry gZip file was created [ C:\Program Files (x86)\Incredibuild\\Temp\BuildsDB_AB42BA03-531E-4A75-828B-3A4C3BC7BD34_1790670051002.gz ].
[2026-09-29 11:20:51.014] [info] [rest_database] [8468] [CoordinatorDatabaseImpl.cpp:839] Coordinator Database: Deleting tables history records after telemetry gZip file was created [ C:\Program Files (x86)\Incredibuild\\Temp\CoordinatorDB_AB42BA03-531E-4A75-828B-3A4C3BC7BD34_1790670051002.gz ]. Purge all data = false
[2026-09-29 11:20:51.015] [info] [rest_telemetry] [8468] [TelemetryManagement.hpp:82] buildDbEmpty: [ true ]
[2026-09-29 11:20:51.929] [info] [rest_telemetry] [8468] [TelemetryManagement.hpp:122] Telemetry upload completed for gZip files:[ C:\Program Files (x86)\Incredibuild\\Temp\BuildsDB_AB42BA03-531E-4A75-828B-3A4C3BC7BD34_1790670051002.gz ], [ C:\Program Files (x86)\Incredibuild\\Temp\CoordinatorDB_AB42BA03-531E-4A75-828B-3A4C3BC7BD34_1790670051002.gz ], upload done for S3:  [ true ]
[2026-09-29 11:20:51.953] [info] [rest_telemetry] [8468] [TelemetryManagement.hpp:137] Telemetry upload completed for zip file:[ C:\Program Files (x86)\Incredibuild\\Temp\DBFiles_AB42BA03-531E-4A75-828B-3A4C3BC7BD34_1790670051002.zip ], upload done for IB Manager (Data Access):  [ true ]
[2026-09-29 11:30:46.157] [info] [rest_module] [8468] [session_handlers.cpp:90] on_session_renew_post - refresh
[2026-09-29 11:40:46.162] [info] [rest_module] [8468] [session_handlers.cpp:90] on_session_renew_post - refresh
[2026-09-29 11:50:46.171] [info] [rest_module] [8468] [session_handlers.cpp:90] on_session_renew_post - refresh
[2026-09-29 12:00:46.172] [info] [rest_module] [8468] [session_handlers.cpp:90] on_session_renew_post - refresh
[2026-09-29 12:10:46.179] [info] [rest_module] [8468] [session_handlers.cpp:90] on_session_renew_post - refresh
[2026-09-29 12:20:46.194] [info] [rest_module] [8468] [session_handlers.cpp:90] on_session_renew_post - refresh
[2026-09-29 12:20:51.013] [info] [rest_database] [8468] [BuildsDatabaseImpl.cpp:258] Builds Database: Deleting tables history records after telemetry gZip file was created [ C:\Program Files (x86)\Incredibuild\\Temp\BuildsDB_AB42BA03-531E-4A75-828B-3A4C3BC7BD34_1790673651009.gz ].
[2026-09-29 12:20:51.024] [info] [rest_database] [8468] [CoordinatorDatabaseImpl.cpp:839] Coordinator Database: Deleting tables history records after telemetry gZip file was created [ C:\Program Files (x86)\Incredibuild\\Temp\CoordinatorDB_AB42BA03-531E-4A75-828B-3A4C3BC7BD34_1790673651009.gz ]. Purge all data = false
[2026-09-29 12:20:51.024] [info] [rest_telemetry] [8468] [TelemetryManagement.hpp:82] buildDbEmpty: [ true ]
[2026-09-29 12:20:51.932] [info] [rest_telemetry] [8468] [TelemetryManagement.hpp:122] Telemetry upload completed for gZip files:[ C:\Program Files (x86)\Incredibuild\\Temp\BuildsDB_AB42BA03-531E-4A75-828B-3A4C3BC7BD34_1790673651009.gz ], [ C:\Program Files (x86)\Incredibuild\\Temp\CoordinatorDB_AB42BA03-531E-4A75-828B-3A4C3BC7BD34_1790673651009.gz ], upload done for S3:  [ true ]
[2026-09-29 12:20:51.962] [info] [rest_telemetry] [8468] [TelemetryManagement.hpp:137] Telemetry upload completed for zip file:[ C:\Program Files (x86)\Incredibuild\\Temp\DBFiles_AB42BA03-531E-4A75-828B-3A4C3BC7BD34_1790673651009.zip ], upload done for IB Manager (Data Access):  [ true ]
[2026-09-29 13:08:04.948] [info] [rest_module] [8468] [session_handlers.cpp:90] on_session_renew_post - refresh
[2026-09-29 13:08:04.958] [warning] [rest_business_logic] [8468] [rest_api.cpp:124] Fail to authenticate: Fail to authenticate
[2026-09-29 13:18:04.869] [info] [rest_module] [8468] [session_handlers.cpp:90] on_session_renew_post - refresh
[2026-09-29 13:20:51.016] [info] [rest_database] [8468] [BuildsDatabaseImpl.cpp:258] Builds Database: Deleting tables history records after telemetry gZip file was created [ C:\Program Files (x86)\Incredibuild\\Temp\BuildsDB_AB42BA03-531E-4A75-828B-3A4C3BC7BD34_1790677251011.gz ].
[2026-09-29 13:20:51.025] [info] [rest_database] [8468] [CoordinatorDatabaseImpl.cpp:839] Coordinator Database: Deleting tables history records after telemetry gZip file was created [ C:\Program Files (x86)\Incredibuild\\Temp\CoordinatorDB_AB42BA03-531E-4A75-828B-3A4C3BC7BD34_1790677251011.gz ]. Purge all data = false
[2026-09-29 13:20:51.030] [info] [rest_telemetry] [8468] [TelemetryManagement.hpp:82] buildDbEmpty: [ true ]
[2026-09-29 13:20:52.147] [info] [rest_telemetry] [8468] [TelemetryManagement.hpp:122] Telemetry upload completed for gZip files:[ C:\Program Files (x86)\Incredibuild\\Temp\BuildsDB_AB42BA03-531E-4A75-828B-3A4C3BC7BD34_1790677251011.gz ], [ C:\Program Files (x86)\Incredibuild\\Temp\CoordinatorDB_AB42BA03-531E-4A75-828B-3A4C3BC7BD34_1790677251011.gz ], upload done for S3:  [ true ]
[2026-09-29 13:20:52.185] [info] [rest_telemetry] [8468] [TelemetryManagement.hpp:137] Telemetry upload completed for zip file:[ C:\Program Files (x86)\Incredibuild\\Temp\DBFiles_AB42BA03-531E-4A75-828B-3A4C3BC7BD34_1790677251011.zip ], upload done for IB Manager (Data Access):  [ true ]
[2026-09-29 13:28:04.879] [info] [rest_module] [8468] [session_handlers.cpp:90] on_session_renew_post - refresh
[2026-09-29 13:38:04.894] [info] [rest_module] [8468] [session_handlers.cpp:90] on_session_renew_post - refresh
[2026-09-29 13:48:04.902] [info] [rest_module] [8468] [session_handlers.cpp:90] on_session_renew_post - refresh
[2026-09-29 13:58:04.905] [info] [rest_module] [8468] [session_handlers.cpp:90] on_session_renew_post - refresh
[2026-09-29 14:08:04.919] [info] [rest_module] [8468] [session_handlers.cpp:90] on_session_renew_post - refresh
[2026-09-29 14:18:04.920] [info] [rest_module] [8468] [session_handlers.cpp:90] on_session_renew_post - refresh
[2026-09-29 14:20:52.006] [info] [rest_database] [8468] [BuildsDatabaseImpl.cpp:258] Builds Database: Deleting tables history records after telemetry gZip file was created [ C:\Program Files (x86)\Incredibuild\\Temp\BuildsDB_AB42BA03-531E-4A75-828B-3A4C3BC7BD34_1790680852001.gz ].
[2026-09-29 14:20:52.013] [info] [rest_database] [8468] [CoordinatorDatabaseImpl.cpp:839] Coordinator Database: Deleting tables history records after telemetry gZip file was created [ C:\Program Files (x86)\Incredibuild\\Temp\CoordinatorDB_AB42BA03-531E-4A75-828B-3A4C3BC7BD34_1790680852001.gz ]. Purge all data = false
[2026-09-29 14:20:52.014] [info] [rest_telemetry] [8468] [TelemetryManagement.hpp:82] buildDbEmpty: [ true ]
[2026-09-29 14:20:53.404] [info] [rest_telemetry] [8468] [TelemetryManagement.hpp:122] Telemetry upload completed for gZip files:[ C:\Program Files (x86)\Incredibuild\\Temp\BuildsDB_AB42BA03-531E-4A75-828B-3A4C3BC7BD34_1790680852001.gz ], [ C:\Program Files (x86)\Incredibuild\\Temp\CoordinatorDB_AB42BA03-531E-4A75-828B-3A4C3BC7BD34_1790680852001.gz ], upload done for S3:  [ true ]
[2026-09-29 14:20:53.432] [info] [rest_telemetry] [8468] [TelemetryManagement.hpp:137] Telemetry upload completed for zip file:[ C:\Program Files (x86)\Incredibuild\\Temp\DBFiles_AB42BA03-531E-4A75-828B-3A4C3BC7BD34_1790680852001.zip ], upload done for IB Manager (Data Access):  [ true ]
[2026-09-29 14:28:04.930] [info] [rest_module] [8468] [session_handlers.cpp:90] on_session_renew_post - refresh
[2026-09-29 14:38:04.930] [info] [rest_module] [8468] [session_handlers.cpp:90] on_session_renew_post - refresh
[2026-09-29 15:44:14.504] [warning] [rest_business_logic] [8468] [rest_api.cpp:124] Fail to authenticate: Timeout
[2026-09-29 15:44:15.058] [info] [rest_database] [8468] [BuildsDatabaseImpl.cpp:258] Builds Database: Deleting tables history records after telemetry gZip file was created [ C:\Program Files (x86)\Incredibuild\\Temp\BuildsDB_AB42BA03-531E-4A75-828B-3A4C3BC7BD34_1790685854506.gz ].
[2026-09-29 15:44:15.100] [info] [rest_database] [8468] [CoordinatorDatabaseImpl.cpp:839] Coordinator Database: Deleting tables history records after telemetry gZip file was created [ C:\Program Files (x86)\Incredibuild\\Temp\CoordinatorDB_AB42BA03-531E-4A75-828B-3A4C3BC7BD34_1790685854506.gz ]. Purge all data = false
[2026-09-29 15:44:15.101] [info] [rest_telemetry] [8468] [TelemetryManagement.hpp:82] buildDbEmpty: [ true ]
[2026-09-29 15:44:15.116] [error] [rest_telemetry] [8468] [TelemetryManagement.cpp:341] Error resolving domain name: telemetry.incredibuild.com, error: No such host is known
[2026-09-29 15:44:15.116] [error] [rest_telemetry] [8468] [TelemetryManagement.cpp:448] Handling Proxy Setup failed
[2026-09-29 15:44:15.117] [error] [rest_telemetry] [8468] [TelemetryManagement.hpp:113] Failed uploading Telemetry gZip file to S3 [ C:\Program Files (x86)\Incredibuild\\Temp\CoordinatorDB_AB42BA03-531E-4A75-828B-3A4C3BC7BD34_1790685854506.gz ], upload done: [ true ]
[2026-09-29 15:44:15.141] [warning] [rest_business_logic] [8468] [rest_api.cpp:124] Fail to authenticate: Fail to authenticate
[2026-09-29 15:44:15.148] [info] [rest_module] [8468] [session_handlers.cpp:90] on_session_renew_post - refresh
[2026-09-29 15:44:15.155] [warning] [rest_business_logic] [8468] [rest_api.cpp:124] Fail to authenticate: Fail to authenticate
[2026-09-29 15:44:15.162] [warning] [rest_business_logic] [8468] [rest_api.cpp:124] Fail to authenticate: Fail to authenticate
[2026-09-29 15:44:15.168] [warning] [rest_business_logic] [8468] [rest_api.cpp:124] Fail to authenticate: Fail to authenticate
[2026-09-29 15:44:15.174] [warning] [rest_business_logic] [8468] [rest_api.cpp:124] Fail to authenticate: Fail to authenticate
[2026-09-29 15:44:15.175] [warning] [rest_business_logic] [8468] [rest_api.cpp:124] Fail to authenticate: Fail to authenticate
[2026-09-29 15:44:15.176] [warning] [rest_business_logic] [8468] [rest_api.cpp:124] Fail to authenticate: Fail to authenticate
[2026-09-29 15:44:15.176] [info] [rest_module] [8468] [session_handlers.cpp:30] on_session_create_post - login
[2026-09-29 15:44:15.186] [info] [rest_business_logic] [8468] [business_logic_relayer.cpp:592] Added new history buffer
[2026-09-29 15:44:15.186] [info] [rest_business_logic] [8468] [business_logic_relayer.cpp:821] Remove diff buffers
[2026-09-29 15:44:15.195] [info] [rest_telemetry] [8468] [TelemetryManagement.hpp:137] Telemetry upload completed for zip file:[ C:\Program Files (x86)\Incredibuild\\Temp\DBFiles_AB42BA03-531E-4A75-828B-3A4C3BC7BD34_1790685854506.zip ], upload done for IB Manager (Data Access):  [ true ]
[2026-09-29 15:44:15.213] [error] [rest_telemetry] [8468] [TelemetryManagement.cpp:341] Error resolving domain name: telemetry.incredibuild.com, error: No such host is known
[2026-09-29 15:44:15.213] [error] [rest_telemetry] [8468] [TelemetryManagement.cpp:448] Handling Proxy Setup failed
[2026-09-29 15:44:15.214] [error] [rest_telemetry] [8468] [TelemetryManagement.cpp:341] Error resolving domain name: telemetry.incredibuild.com, error: No such host is known
[2026-09-29 15:44:15.214] [error] [rest_telemetry] [8468] [TelemetryManagement.cpp:448] Handling Proxy Setup failed
[2026-09-29 15:54:15.009] [info] [rest_module] [8468] [session_handlers.cpp:90] on_session_renew_post - refresh
[2026-09-29 15:54:15.020] [warning] [rest_business_logic] [8468] [rest_api.cpp:124] Fail to authenticate: Fail to authenticate
[2026-09-29 16:04:15.021] [info] [rest_module] [8468] [session_handlers.cpp:90] on_session_renew_post - refresh
[2026-09-29 16:14:15.029] [info] [rest_module] [8468] [session_handlers.cpp:90] on_session_renew_post - refresh
[2026-09-29 16:24:15.037] [info] [rest_module] [8468] [session_handlers.cpp:90] on_session_renew_post - refresh
[2026-09-29 16:24:15.045] [warning] [rest_business_logic] [8468] [rest_api.cpp:124] Fail to authenticate: Fail to authenticate
[2026-09-29 16:34:15.048] [info] [rest_module] [8468] [session_handlers.cpp:90] on_session_renew_post - refresh
[2026-09-29 16:44:15.008] [info] [rest_database] [8468] [BuildsDatabaseImpl.cpp:258] Builds Database: Deleting tables history records after telemetry gZip file was created [ C:\Program Files (x86)\Incredibuild\\Temp\BuildsDB_AB42BA03-531E-4A75-828B-3A4C3BC7BD34_1790689455001.gz ].
[2026-09-29 16:44:15.016] [info] [rest_database] [8468] [CoordinatorDatabaseImpl.cpp:839] Coordinator Database: Deleting tables history records after telemetry gZip file was created [ C:\Program Files (x86)\Incredibuild\\Temp\CoordinatorDB_AB42BA03-531E-4A75-828B-3A4C3BC7BD34_1790689455001.gz ]. Purge all data = false
[2026-09-29 16:44:15.020] [info] [rest_telemetry] [8468] [TelemetryManagement.hpp:82] buildDbEmpty: [ true ]
[2026-09-29 16:44:15.056] [info] [rest_module] [8468] [session_handlers.cpp:90] on_session_renew_post - refresh
[2026-09-29 16:44:16.190] [info] [rest_telemetry] [8468] [TelemetryManagement.hpp:122] Telemetry upload completed for gZip files:[ C:\Program Files (x86)\Incredibuild\\Temp\BuildsDB_AB42BA03-531E-4A75-828B-3A4C3BC7BD34_1790689455001.gz ], [ C:\Program Files (x86)\Incredibuild\\Temp\CoordinatorDB_AB42BA03-531E-4A75-828B-3A4C3BC7BD34_1790689455001.gz ], upload done for S3:  [ true ]
[2026-09-29 16:44:16.219] [info] [rest_telemetry] [8468] [TelemetryManagement.hpp:137] Telemetry upload completed for zip file:[ C:\Program Files (x86)\Incredibuild\\Temp\DBFiles_AB42BA03-531E-4A75-828B-3A4C3BC7BD34_1790689455001.zip ], upload done for IB Manager (Data Access):  [ true ]
[2026-09-29 16:54:15.068] [info] [rest_module] [8468] [session_handlers.cpp:90] on_session_renew_post - refresh
[2026-09-29 17:04:15.082] [info] [rest_module] [8468] [session_handlers.cpp:90] on_session_renew_post - refresh
[2026-09-29 17:14:15.082] [info] [rest_module] [8468] [session_handlers.cpp:90] on_session_renew_post - refresh
[2026-09-29 17:24:15.084] [info] [rest_module] [8468] [session_handlers.cpp:90] on_session_renew_post - refresh
[2026-09-30 10:12:12.501] [warning] [rest_business_logic] [8468] [rest_api.cpp:124] Fail to authenticate: Timeout
[2026-09-30 10:12:12.523] [warning] [rest_business_logic] [8468] [rest_api.cpp:124] Fail to authenticate: Fail to authenticate
[2026-09-30 10:12:14.023] [info] [rest_database] [8468] [BuildsDatabaseImpl.cpp:258] Builds Database: Deleting tables history records after telemetry gZip file was created [ C:\Program Files (x86)\Incredibuild\\Temp\BuildsDB_AB42BA03-531E-4A75-828B-3A4C3BC7BD34_1790752332593.gz ].
[2026-09-30 10:12:14.141] [info] [rest_database] [8468] [CoordinatorDatabaseImpl.cpp:839] Coordinator Database: Deleting tables history records after telemetry gZip file was created [ C:\Program Files (x86)\Incredibuild\\Temp\CoordinatorDB_AB42BA03-531E-4A75-828B-3A4C3BC7BD34_1790752332593.gz ]. Purge all data = false
[2026-09-30 10:12:14.217] [info] [rest_telemetry] [8468] [TelemetryManagement.hpp:82] buildDbEmpty: [ true ]
[2026-09-30 10:12:14.236] [warning] [rest_business_logic] [8468] [rest_api.cpp:124] Fail to authenticate: Fail to authenticate
[2026-09-30 10:12:14.244] [error] [rest_telemetry] [8468] [TelemetryManagement.cpp:341] Error resolving domain name: telemetry.incredibuild.com, error: No such host is known
[2026-09-30 10:12:14.244] [error] [rest_telemetry] [8468] [TelemetryManagement.cpp:448] Handling Proxy Setup failed
[2026-09-30 10:12:14.244] [error] [rest_telemetry] [8468] [TelemetryManagement.hpp:113] Failed uploading Telemetry gZip file to S3 [ C:\Program Files (x86)\Incredibuild\\Temp\CoordinatorDB_AB42BA03-531E-4A75-828B-3A4C3BC7BD34_1790752332593.gz ], upload done: [ true ]
[2026-09-30 10:12:14.309] [info] [rest_module] [8468] [session_handlers.cpp:90] on_session_renew_post - refresh
[2026-09-30 10:12:14.309] [warning] [rest_business_logic] [8468] [rest_api.cpp:124] Fail to authenticate: Fail to authenticate
[2026-09-30 10:12:14.310] [warning] [rest_business_logic] [8468] [rest_api.cpp:124] Fail to authenticate: Fail to authenticate
[2026-09-30 10:12:14.310] [warning] [rest_business_logic] [8468] [rest_api.cpp:124] Fail to authenticate: Fail to authenticate
[2026-09-30 10:12:14.310] [warning] [rest_business_logic] [8468] [rest_api.cpp:124] Fail to authenticate: Fail to authenticate
[2026-09-30 10:12:14.311] [warning] [rest_business_logic] [8468] [rest_api.cpp:124] Fail to authenticate: Fail to authenticate
[2026-09-30 10:12:14.311] [warning] [rest_business_logic] [8468] [rest_api.cpp:124] Fail to authenticate: Fail to authenticate
[2026-09-30 10:12:14.313] [warning] [rest_business_logic] [8468] [rest_api.cpp:124] Fail to authenticate: Fail to authenticate
[2026-09-30 10:12:14.313] [warning] [rest_business_logic] [8468] [rest_api.cpp:124] Fail to authenticate: Fail to authenticate
[2026-09-30 10:12:14.334] [info] [rest_module] [8468] [session_handlers.cpp:30] on_session_create_post - login
[2026-09-30 10:12:14.344] [info] [rest_business_logic] [8468] [business_logic_relayer.cpp:592] Added new history buffer
[2026-09-30 10:12:14.344] [info] [rest_business_logic] [8468] [business_logic_relayer.cpp:821] Remove diff buffers
[2026-09-30 10:12:14.446] [info] [rest_telemetry] [8468] [TelemetryManagement.hpp:137] Telemetry upload completed for zip file:[ C:\Program Files (x86)\Incredibuild\\Temp\DBFiles_AB42BA03-531E-4A75-828B-3A4C3BC7BD34_1790752332593.zip ], upload done for IB Manager (Data Access):  [ true ]
[2026-09-30 10:12:14.470] [error] [rest_telemetry] [8468] [TelemetryManagement.cpp:341] Error resolving domain name: telemetry.incredibuild.com, error: No such host is known
[2026-09-30 10:12:14.470] [error] [rest_telemetry] [8468] [TelemetryManagement.cpp:448] Handling Proxy Setup failed
[2026-09-30 10:12:14.472] [error] [rest_telemetry] [8468] [TelemetryManagement.cpp:341] Error resolving domain name: telemetry.incredibuild.com, error: No such host is known
[2026-09-30 10:12:14.472] [error] [rest_telemetry] [8468] [TelemetryManagement.cpp:448] Handling Proxy Setup failed
[2026-09-30 10:22:13.892] [info] [rest_module] [8468] [session_handlers.cpp:90] on_session_renew_post - refresh
[2026-09-30 10:32:13.907] [info] [rest_module] [8468] [session_handlers.cpp:90] on_session_renew_post - refresh
[2026-09-30 10:42:13.911] [info] [rest_module] [8468] [session_handlers.cpp:90] on_session_renew_post - refresh
[2026-09-30 10:52:13.921] [info] [rest_module] [8468] [session_handlers.cpp:90] on_session_renew_post - refresh
[2026-09-30 11:02:13.921] [info] [rest_module] [8468] [session_handlers.cpp:90] on_session_renew_post - refresh
[2026-09-30 11:12:13.928] [info] [rest_module] [8468] [session_handlers.cpp:90] on_session_renew_post - refresh
[2026-09-30 11:12:14.019] [info] [rest_database] [8468] [BuildsDatabaseImpl.cpp:258] Builds Database: Deleting tables history records after telemetry gZip file was created [ C:\Program Files (x86)\Incredibuild\\Temp\BuildsDB_AB42BA03-531E-4A75-828B-3A4C3BC7BD34_1790755934014.gz ].
[2026-09-30 11:12:14.030] [info] [rest_database] [8468] [CoordinatorDatabaseImpl.cpp:839] Coordinator Database: Deleting tables history records after telemetry gZip file was created [ C:\Program Files (x86)\Incredibuild\\Temp\CoordinatorDB_AB42BA03-531E-4A75-828B-3A4C3BC7BD34_1790755934014.gz ]. Purge all data = false
[2026-09-30 11:12:14.038] [info] [rest_telemetry] [8468] [TelemetryManagement.hpp:82] buildDbEmpty: [ true ]
[2026-09-30 11:12:15.266] [info] [rest_telemetry] [8468] [TelemetryManagement.hpp:122] Telemetry upload completed for gZip files:[ C:\Program Files (x86)\Incredibuild\\Temp\BuildsDB_AB42BA03-531E-4A75-828B-3A4C3BC7BD34_1790755934014.gz ], [ C:\Program Files (x86)\Incredibuild\\Temp\CoordinatorDB_AB42BA03-531E-4A75-828B-3A4C3BC7BD34_1790755934014.gz ], upload done for S3:  [ true ]
[2026-09-30 11:12:15.319] [info] [rest_telemetry] [8468] [TelemetryManagement.hpp:137] Telemetry upload completed for zip file:[ C:\Program Files (x86)\Incredibuild\\Temp\DBFiles_AB42BA03-531E-4A75-828B-3A4C3BC7BD34_1790755934014.zip ], upload done for IB Manager (Data Access):  [ true ]
[2026-09-30 11:22:13.935] [info] [rest_module] [8468] [session_handlers.cpp:90] on_session_renew_post - refresh
[2026-09-30 11:32:13.948] [info] [rest_module] [8468] [session_handlers.cpp:90] on_session_renew_post - refresh
[2026-09-30 11:42:13.960] [info] [rest_module] [8468] [session_handlers.cpp:90] on_session_renew_post - refresh
[2026-09-30 11:52:13.971] [info] [rest_module] [8468] [session_handlers.cpp:90] on_session_renew_post - refresh
[2026-09-30 12:02:13.984] [info] [rest_module] [8468] [session_handlers.cpp:90] on_session_renew_post - refresh
[2026-09-30 12:12:13.998] [info] [rest_module] [8468] [session_handlers.cpp:90] on_session_renew_post - refresh
[2026-09-30 12:12:16.006] [info] [rest_database] [8468] [BuildsDatabaseImpl.cpp:258] Builds Database: Deleting tables history records after telemetry gZip file was created [ C:\Program Files (x86)\Incredibuild\\Temp\BuildsDB_AB42BA03-531E-4A75-828B-3A4C3BC7BD34_1790759536001.gz ].
[2026-09-30 12:12:16.017] [info] [rest_database] [8468] [CoordinatorDatabaseImpl.cpp:839] Coordinator Database: Deleting tables history records after telemetry gZip file was created [ C:\Program Files (x86)\Incredibuild\\Temp\CoordinatorDB_AB42BA03-531E-4A75-828B-3A4C3BC7BD34_1790759536001.gz ]. Purge all data = false
[2026-09-30 12:12:16.018] [info] [rest_telemetry] [8468] [TelemetryManagement.hpp:82] buildDbEmpty: [ true ]
[2026-09-30 12:12:18.436] [info] [rest_telemetry] [8468] [TelemetryManagement.hpp:122] Telemetry upload completed for gZip files:[ C:\Program Files (x86)\Incredibuild\\Temp\BuildsDB_AB42BA03-531E-4A75-828B-3A4C3BC7BD34_1790759536001.gz ], [ C:\Program Files (x86)\Incredibuild\\Temp\CoordinatorDB_AB42BA03-531E-4A75-828B-3A4C3BC7BD34_1790759536001.gz ], upload done for S3:  [ true ]
[2026-09-30 12:12:18.466] [info] [rest_telemetry] [8468] [TelemetryManagement.hpp:137] Telemetry upload completed for zip file:[ C:\Program Files (x86)\Incredibuild\\Temp\DBFiles_AB42BA03-531E-4A75-828B-3A4C3BC7BD34_1790759536001.zip ], upload done for IB Manager (Data Access):  [ true ]
[2026-09-30 12:22:14.011] [info] [rest_module] [8468] [session_handlers.cpp:90] on_session_renew_post - refresh
[2026-09-30 12:32:14.015] [info] [rest_module] [8468] [session_handlers.cpp:90] on_session_renew_post - refresh
[2026-09-30 12:42:14.015] [info] [rest_module] [8468] [session_handlers.cpp:90] on_session_renew_post - refresh
[2026-09-30 12:52:14.026] [info] [rest_module] [8468] [session_handlers.cpp:90] on_session_renew_post - refresh
[2026-09-30 12:52:14.037] [warning] [rest_business_logic] [8468] [rest_api.cpp:124] Fail to authenticate: Fail to authenticate
[2026-09-30 13:02:14.026] [info] [rest_module] [8468] [session_handlers.cpp:90] on_session_renew_post - refresh
[2026-09-30 13:12:14.038] [info] [rest_module] [8468] [session_handlers.cpp:90] on_session_renew_post - refresh
[2026-09-30 13:12:18.013] [info] [rest_database] [8468] [BuildsDatabaseImpl.cpp:258] Builds Database: Deleting tables history records after telemetry gZip file was created [ C:\Program Files (x86)\Incredibuild\\Temp\BuildsDB_AB42BA03-531E-4A75-828B-3A4C3BC7BD34_1790763138007.gz ].
[2026-09-30 13:12:18.028] [info] [rest_database] [8468] [CoordinatorDatabaseImpl.cpp:839] Coordinator Database: Deleting tables history records after telemetry gZip file was created [ C:\Program Files (x86)\Incredibuild\\Temp\CoordinatorDB_AB42BA03-531E-4A75-828B-3A4C3BC7BD34_1790763138007.gz ]. Purge all data = false
[2026-09-30 13:12:18.029] [info] [rest_telemetry] [8468] [TelemetryManagement.hpp:82] buildDbEmpty: [ true ]
[2026-09-30 13:12:19.206] [info] [rest_telemetry] [8468] [TelemetryManagement.hpp:122] Telemetry upload completed for gZip files:[ C:\Program Files (x86)\Incredibuild\\Temp\BuildsDB_AB42BA03-531E-4A75-828B-3A4C3BC7BD34_1790763138007.gz ], [ C:\Program Files (x86)\Incredibuild\\Temp\CoordinatorDB_AB42BA03-531E-4A75-828B-3A4C3BC7BD34_1790763138007.gz ], upload done for S3:  [ true ]
[2026-09-30 13:12:19.244] [info] [rest_telemetry] [8468] [TelemetryManagement.hpp:137] Telemetry upload completed for zip file:[ C:\Program Files (x86)\Incredibuild\\Temp\DBFiles_AB42BA03-531E-4A75-828B-3A4C3BC7BD34_1790763138007.zip ], upload done for IB Manager (Data Access):  [ true ]
[2026-09-30 13:22:14.039] [info] [rest_module] [8468] [session_handlers.cpp:90] on_session_renew_post - refresh
[2026-09-30 13:32:14.051] [info] [rest_module] [8468] [session_handlers.cpp:90] on_session_renew_post - refresh
[2026-09-30 13:42:14.055] [info] [rest_module] [8468] [session_handlers.cpp:90] on_session_renew_post - refresh
[2026-09-30 13:52:14.059] [info] [rest_module] [8468] [session_handlers.cpp:90] on_session_renew_post - refresh
[2026-09-30 14:02:14.071] [info] [rest_module] [8468] [session_handlers.cpp:90] on_session_renew_post - refresh
[2026-09-30 14:12:14.081] [info] [rest_module] [8468] [session_handlers.cpp:90] on_session_renew_post - refresh
[2026-09-30 14:12:19.010] [info] [rest_database] [8468] [BuildsDatabaseImpl.cpp:258] Builds Database: Deleting tables history records after telemetry gZip file was created [ C:\Program Files (x86)\Incredibuild\\Temp\BuildsDB_AB42BA03-531E-4A75-828B-3A4C3BC7BD34_1790766739003.gz ].
[2026-09-30 14:12:19.017] [info] [rest_database] [8468] [CoordinatorDatabaseImpl.cpp:839] Coordinator Database: Deleting tables history records after telemetry gZip file was created [ C:\Program Files (x86)\Incredibuild\\Temp\CoordinatorDB_AB42BA03-531E-4A75-828B-3A4C3BC7BD34_1790766739003.gz ]. Purge all data = false
[2026-09-30 14:12:19.017] [info] [rest_telemetry] [8468] [TelemetryManagement.hpp:82] buildDbEmpty: [ true ]
[2026-09-30 14:12:20.204] [info] [rest_telemetry] [8468] [TelemetryManagement.hpp:122] Telemetry upload completed for gZip files:[ C:\Program Files (x86)\Incredibuild\\Temp\BuildsDB_AB42BA03-531E-4A75-828B-3A4C3BC7BD34_1790766739003.gz ], [ C:\Program Files (x86)\Incredibuild\\Temp\CoordinatorDB_AB42BA03-531E-4A75-828B-3A4C3BC7BD34_1790766739003.gz ], upload done for S3:  [ true ]
[2026-09-30 14:12:20.235] [info] [rest_telemetry] [8468] [TelemetryManagement.hpp:137] Telemetry upload completed for zip file:[ C:\Program Files (x86)\Incredibuild\\Temp\DBFiles_AB42BA03-531E-4A75-828B-3A4C3BC7BD34_1790766739003.zip ], upload done for IB Manager (Data Access):  [ true ]
[2026-09-30 14:22:14.087] [info] [rest_module] [8468] [session_handlers.cpp:90] on_session_renew_post - refresh
[2026-09-30 14:32:14.089] [info] [rest_module] [8468] [session_handlers.cpp:90] on_session_renew_post - refresh
[2026-09-30 14:42:14.097] [info] [rest_module] [8468] [session_handlers.cpp:90] on_session_renew_post - refresh
[2026-09-30 14:52:14.113] [info] [rest_module] [8468] [session_handlers.cpp:90] on_session_renew_post - refresh
[2026-09-30 15:02:14.124] [info] [rest_module] [8468] [session_handlers.cpp:90] on_session_renew_post - refresh
[2026-09-30 18:13:27.505] [warning] [rest_business_logic] [8468] [jwt_processing.cpp:151] Verify error token expired 14
[2026-09-30 18:13:28.962] [info] [rest_database] [8468] [BuildsDatabaseImpl.cpp:258] Builds Database: Deleting tables history records after telemetry gZip file was created [ C:\Program Files (x86)\Incredibuild\\Temp\BuildsDB_AB42BA03-531E-4A75-828B-3A4C3BC7BD34_1790781208868.gz ].
[2026-09-30 18:13:29.081] [info] [rest_database] [8468] [CoordinatorDatabaseImpl.cpp:839] Coordinator Database: Deleting tables history records after telemetry gZip file was created [ C:\Program Files (x86)\Incredibuild\\Temp\CoordinatorDB_AB42BA03-531E-4A75-828B-3A4C3BC7BD34_1790781208868.gz ]. Purge all data = false
[2026-09-30 18:13:29.082] [info] [rest_telemetry] [8468] [TelemetryManagement.hpp:82] buildDbEmpty: [ true ]
[2026-09-30 18:13:29.106] [warning] [rest_business_logic] [8468] [rest_api.cpp:124] Fail to authenticate: Fail to authenticate
[2026-09-30 18:13:29.107] [warning] [rest_module] [8468] [logger_adapter.hpp:39] [connection:3344] try to write response, while socket is closed
[2026-09-30 18:13:29.108] [error] [rest_telemetry] [8468] [TelemetryManagement.cpp:341] Error resolving domain name: telemetry.incredibuild.com, error: No such host is known
[2026-09-30 18:13:29.108] [error] [rest_telemetry] [8468] [TelemetryManagement.cpp:448] Handling Proxy Setup failed
[2026-09-30 18:13:29.109] [error] [rest_telemetry] [8468] [TelemetryManagement.hpp:113] Failed uploading Telemetry gZip file to S3 [ C:\Program Files (x86)\Incredibuild\\Temp\CoordinatorDB_AB42BA03-531E-4A75-828B-3A4C3BC7BD34_1790781208868.gz ], upload done: [ true ]
[2026-09-30 18:13:29.157] [info] [rest_module] [8468] [session_handlers.cpp:90] on_session_renew_post - refresh
[2026-09-30 18:13:29.165] [warning] [rest_business_logic] [8468] [rest_api.cpp:124] Fail to authenticate: Fail to authenticate
[2026-09-30 18:13:29.177] [warning] [rest_business_logic] [8468] [rest_api.cpp:124] Fail to authenticate: Fail to authenticate
[2026-09-30 18:13:29.186] [warning] [rest_business_logic] [8468] [rest_api.cpp:124] Fail to authenticate: Fail to authenticate
[2026-09-30 18:13:29.196] [warning] [rest_business_logic] [8468] [rest_api.cpp:124] Fail to authenticate: Fail to authenticate
[2026-09-30 18:13:29.204] [warning] [rest_business_logic] [8468] [rest_api.cpp:124] Fail to authenticate: Fail to authenticate
[2026-09-30 18:13:29.210] [warning] [rest_business_logic] [8468] [rest_api.cpp:124] Fail to authenticate: Fail to authenticate
[2026-09-30 18:13:29.210] [warning] [rest_business_logic] [8468] [rest_api.cpp:124] Fail to authenticate: Fail to authenticate
[2026-09-30 18:13:29.210] [warning] [rest_business_logic] [8468] [rest_api.cpp:124] Fail to authenticate: Fail to authenticate
[2026-09-30 18:13:29.211] [info] [rest_module] [8468] [session_handlers.cpp:30] on_session_create_post - login
[2026-09-30 18:13:29.220] [info] [rest_business_logic] [8468] [business_logic_relayer.cpp:592] Added new history buffer
[2026-09-30 18:13:29.220] [info] [rest_business_logic] [8468] [business_logic_relayer.cpp:821] Remove diff buffers
[2026-09-30 18:13:29.239] [info] [rest_telemetry] [8468] [TelemetryManagement.hpp:137] Telemetry upload completed for zip file:[ C:\Program Files (x86)\Incredibuild\\Temp\DBFiles_AB42BA03-531E-4A75-828B-3A4C3BC7BD34_1790781208868.zip ], upload done for IB Manager (Data Access):  [ true ]
[2026-09-30 18:13:29.251] [error] [rest_telemetry] [8468] [TelemetryManagement.cpp:341] Error resolving domain name: telemetry.incredibuild.com, error: No such host is known
[2026-09-30 18:13:29.251] [error] [rest_telemetry] [8468] [TelemetryManagement.cpp:448] Handling Proxy Setup failed
[2026-09-30 18:13:29.253] [error] [rest_telemetry] [8468] [TelemetryManagement.cpp:341] Error resolving domain name: telemetry.incredibuild.com, error: No such host is known
[2026-09-30 18:13:29.254] [error] [rest_telemetry] [8468] [TelemetryManagement.cpp:448] Handling Proxy Setup failed
[2026-09-30 18:23:28.897] [info] [rest_module] [8468] [session_handlers.cpp:90] on_session_renew_post - refresh
[2026-09-30 18:33:28.896] [info] [rest_module] [8468] [session_handlers.cpp:90] on_session_renew_post - refresh
[2026-09-30 18:43:28.910] [info] [rest_module] [8468] [session_handlers.cpp:90] on_session_renew_post - refresh
[2026-09-30 18:53:28.912] [info] [rest_module] [8468] [session_handlers.cpp:90] on_session_renew_post - refresh
[2026-09-30 19:03:28.923] [info] [rest_module] [8468] [session_handlers.cpp:90] on_session_renew_post - refresh
[2026-09-30 19:13:28.924] [info] [rest_module] [8468] [session_handlers.cpp:90] on_session_renew_post - refresh
[2026-09-30 19:13:29.017] [info] [rest_database] [8468] [BuildsDatabaseImpl.cpp:258] Builds Database: Deleting tables history records after telemetry gZip file was created [ C:\Program Files (x86)\Incredibuild\\Temp\BuildsDB_AB42BA03-531E-4A75-828B-3A4C3BC7BD34_1790784809013.gz ].
[2026-09-30 19:13:29.022] [info] [rest_database] [8468] [CoordinatorDatabaseImpl.cpp:839] Coordinator Database: Deleting tables history records after telemetry gZip file was created [ C:\Program Files (x86)\Incredibuild\\Temp\CoordinatorDB_AB42BA03-531E-4A75-828B-3A4C3BC7BD34_1790784809013.gz ]. Purge all data = false
[2026-09-30 19:13:29.025] [info] [rest_telemetry] [8468] [TelemetryManagement.hpp:82] buildDbEmpty: [ true ]
[2026-09-30 19:13:29.710] [info] [rest_telemetry] [8468] [TelemetryManagement.hpp:122] Telemetry upload completed for gZip files:[ C:\Program Files (x86)\Incredibuild\\Temp\BuildsDB_AB42BA03-531E-4A75-828B-3A4C3BC7BD34_1790784809013.gz ], [ C:\Program Files (x86)\Incredibuild\\Temp\CoordinatorDB_AB42BA03-531E-4A75-828B-3A4C3BC7BD34_1790784809013.gz ], upload done for S3:  [ true ]
[2026-09-30 19:13:29.750] [info] [rest_telemetry] [8468] [TelemetryManagement.hpp:137] Telemetry upload completed for zip file:[ C:\Program Files (x86)\Incredibuild\\Temp\DBFiles_AB42BA03-531E-4A75-828B-3A4C3BC7BD34_1790784809013.zip ], upload done for IB Manager (Data Access):  [ true ]
[2026-09-30 19:23:28.931] [info] [rest_module] [8468] [session_handlers.cpp:90] on_session_renew_post - refresh
[2026-09-30 19:33:28.931] [info] [rest_module] [8468] [session_handlers.cpp:90] on_session_renew_post - refresh
[2026-09-30 19:43:28.943] [info] [rest_module] [8468] [session_handlers.cpp:90] on_session_renew_post - refresh
[2026-09-30 19:53:28.958] [info] [rest_module] [8468] [session_handlers.cpp:90] on_session_renew_post - refresh
[2026-09-30 20:03:28.966] [info] [rest_module] [8468] [session_handlers.cpp:90] on_session_renew_post - refresh
[2026-09-30 20:13:28.976] [info] [rest_module] [8468] [session_handlers.cpp:90] on_session_renew_post - refresh
[2026-09-30 20:13:31.010] [info] [rest_database] [8468] [BuildsDatabaseImpl.cpp:258] Builds Database: Deleting tables history records after telemetry gZip file was created [ C:\Program Files (x86)\Incredibuild\\Temp\BuildsDB_AB42BA03-531E-4A75-828B-3A4C3BC7BD34_1790788411004.gz ].
[2026-09-30 20:13:31.017] [info] [rest_database] [8468] [CoordinatorDatabaseImpl.cpp:839] Coordinator Database: Deleting tables history records after telemetry gZip file was created [ C:\Program Files (x86)\Incredibuild\\Temp\CoordinatorDB_AB42BA03-531E-4A75-828B-3A4C3BC7BD34_1790788411004.gz ]. Purge all data = false
[2026-09-30 20:13:31.018] [info] [rest_telemetry] [8468] [TelemetryManagement.hpp:82] buildDbEmpty: [ true ]
[2026-09-30 20:13:31.954] [info] [rest_telemetry] [8468] [TelemetryManagement.hpp:122] Telemetry upload completed for gZip files:[ C:\Program Files (x86)\Incredibuild\\Temp\BuildsDB_AB42BA03-531E-4A75-828B-3A4C3BC7BD34_1790788411004.gz ], [ C:\Program Files (x86)\Incredibuild\\Temp\CoordinatorDB_AB42BA03-531E-4A75-828B-3A4C3BC7BD34_1790788411004.gz ], upload done for S3:  [ true ]
[2026-09-30 20:13:31.986] [info] [rest_telemetry] [8468] [TelemetryManagement.hpp:137] Telemetry upload completed for zip file:[ C:\Program Files (x86)\Incredibuild\\Temp\DBFiles_AB42BA03-531E-4A75-828B-3A4C3BC7BD34_1790788411004.zip ], upload done for IB Manager (Data Access):  [ true ]
[2026-09-30 20:23:28.981] [info] [rest_module] [8468] [session_handlers.cpp:90] on_session_renew_post - refresh
[2026-09-30 20:33:28.986] [info] [rest_module] [8468] [session_handlers.cpp:90] on_session_renew_post - refresh
[2026-09-30 20:43:28.994] [info] [rest_module] [8468] [session_handlers.cpp:90] on_session_renew_post - refresh
[2026-09-30 20:53:29.001] [info] [rest_module] [8468] [session_handlers.cpp:90] on_session_renew_post - refresh
[2026-09-30 21:03:29.011] [info] [rest_module] [8468] [session_handlers.cpp:90] on_session_renew_post - refresh
[2026-09-30 21:13:29.018] [info] [rest_module] [8468] [session_handlers.cpp:90] on_session_renew_post - refresh
[2026-09-30 21:13:31.007] [info] [rest_database] [8468] [BuildsDatabaseImpl.cpp:258] Builds Database: Deleting tables history records after telemetry gZip file was created [ C:\Program Files (x86)\Incredibuild\\Temp\BuildsDB_AB42BA03-531E-4A75-828B-3A4C3BC7BD34_1790792011002.gz ].
[2026-09-30 21:13:31.011] [info] [rest_database] [8468] [CoordinatorDatabaseImpl.cpp:839] Coordinator Database: Deleting tables history records after telemetry gZip file was created [ C:\Program Files (x86)\Incredibuild\\Temp\CoordinatorDB_AB42BA03-531E-4A75-828B-3A4C3BC7BD34_1790792011002.gz ]. Purge all data = false
[2026-09-30 21:13:31.012] [info] [rest_telemetry] [8468] [TelemetryManagement.hpp:82] buildDbEmpty: [ true ]
[2026-09-30 21:13:31.696] [info] [rest_telemetry] [8468] [TelemetryManagement.hpp:122] Telemetry upload completed for gZip files:[ C:\Program Files (x86)\Incredibuild\\Temp\BuildsDB_AB42BA03-531E-4A75-828B-3A4C3BC7BD34_1790792011002.gz ], [ C:\Program Files (x86)\Incredibuild\\Temp\CoordinatorDB_AB42BA03-531E-4A75-828B-3A4C3BC7BD34_1790792011002.gz ], upload done for S3:  [ true ]
[2026-09-30 21:13:31.720] [info] [rest_telemetry] [8468] [TelemetryManagement.hpp:137] Telemetry upload completed for zip file:[ C:\Program Files (x86)\Incredibuild\\Temp\DBFiles_AB42BA03-531E-4A75-828B-3A4C3BC7BD34_1790792011002.zip ], upload done for IB Manager (Data Access):  [ true ]
[2026-09-30 21:23:29.027] [info] [rest_module] [8468] [session_handlers.cpp:90] on_session_renew_post - refresh
[2026-09-30 21:33:29.034] [info] [rest_module] [8468] [session_handlers.cpp:90] on_session_renew_post - refresh
[2026-09-30 21:43:29.039] [info] [rest_module] [8468] [session_handlers.cpp:90] on_session_renew_post - refresh
[2026-09-30 21:53:29.053] [info] [rest_module] [8468] [session_handlers.cpp:90] on_session_renew_post - refresh
[2026-09-30 22:03:29.057] [info] [rest_module] [8468] [session_handlers.cpp:90] on_session_renew_post - refresh
[2026-09-30 22:13:29.072] [info] [rest_module] [8468] [session_handlers.cpp:90] on_session_renew_post - refresh
[2026-09-30 22:13:31.014] [info] [rest_database] [8468] [BuildsDatabaseImpl.cpp:258] Builds Database: Deleting tables history records after telemetry gZip file was created [ C:\Program Files (x86)\Incredibuild\\Temp\BuildsDB_AB42BA03-531E-4A75-828B-3A4C3BC7BD34_1790795611009.gz ].
[2026-09-30 22:13:31.020] [info] [rest_database] [8468] [CoordinatorDatabaseImpl.cpp:839] Coordinator Database: Deleting tables history records after telemetry gZip file was created [ C:\Program Files (x86)\Incredibuild\\Temp\CoordinatorDB_AB42BA03-531E-4A75-828B-3A4C3BC7BD34_1790795611009.gz ]. Purge all data = false
[2026-09-30 22:13:31.021] [info] [rest_telemetry] [8468] [TelemetryManagement.hpp:82] buildDbEmpty: [ true ]
[2026-09-30 22:13:31.687] [info] [rest_telemetry] [8468] [TelemetryManagement.hpp:122] Telemetry upload completed for gZip files:[ C:\Program Files (x86)\Incredibuild\\Temp\BuildsDB_AB42BA03-531E-4A75-828B-3A4C3BC7BD34_1790795611009.gz ], [ C:\Program Files (x86)\Incredibuild\\Temp\CoordinatorDB_AB42BA03-531E-4A75-828B-3A4C3BC7BD34_1790795611009.gz ], upload done for S3:  [ true ]
[2026-09-30 22:13:31.713] [info] [rest_telemetry] [8468] [TelemetryManagement.hpp:137] Telemetry upload completed for zip file:[ C:\Program Files (x86)\Incredibuild\\Temp\DBFiles_AB42BA03-531E-4A75-828B-3A4C3BC7BD34_1790795611009.zip ], upload done for IB Manager (Data Access):  [ true ]
[2026-09-30 22:23:29.076] [info] [rest_module] [8468] [session_handlers.cpp:90] on_session_renew_post - refresh
[2026-09-30 22:33:29.075] [info] [rest_module] [8468] [session_handlers.cpp:90] on_session_renew_post - refresh
[2026-09-30 22:43:29.081] [info] [rest_module] [8468] [session_handlers.cpp:90] on_session_renew_post - refresh
[2026-09-30 22:53:29.089] [info] [rest_module] [8468] [session_handlers.cpp:90] on_session_renew_post - refresh
[2026-09-30 23:03:29.099] [info] [rest_module] [8468] [session_handlers.cpp:90] on_session_renew_post - refresh
[2026-09-30 23:13:29.110] [info] [rest_module] [8468] [session_handlers.cpp:90] on_session_renew_post - refresh
[2026-09-30 23:13:31.018] [info] [rest_database] [8468] [BuildsDatabaseImpl.cpp:258] Builds Database: Deleting tables history records after telemetry gZip file was created [ C:\Program Files (x86)\Incredibuild\\Temp\BuildsDB_AB42BA03-531E-4A75-828B-3A4C3BC7BD34_1790799211013.gz ].
[2026-09-30 23:13:31.026] [info] [rest_database] [8468] [CoordinatorDatabaseImpl.cpp:839] Coordinator Database: Deleting tables history records after telemetry gZip file was created [ C:\Program Files (x86)\Incredibuild\\Temp\CoordinatorDB_AB42BA03-531E-4A75-828B-3A4C3BC7BD34_1790799211013.gz ]. Purge all data = false
[2026-09-30 23:13:31.027] [info] [rest_telemetry] [8468] [TelemetryManagement.hpp:82] buildDbEmpty: [ true ]
[2026-09-30 23:13:31.748] [info] [rest_telemetry] [8468] [TelemetryManagement.hpp:122] Telemetry upload completed for gZip files:[ C:\Program Files (x86)\Incredibuild\\Temp\BuildsDB_AB42BA03-531E-4A75-828B-3A4C3BC7BD34_1790799211013.gz ], [ C:\Program Files (x86)\Incredibuild\\Temp\CoordinatorDB_AB42BA03-531E-4A75-828B-3A4C3BC7BD34_1790799211013.gz ], upload done for S3:  [ true ]
[2026-09-30 23:13:31.773] [info] [rest_telemetry] [8468] [TelemetryManagement.hpp:137] Telemetry upload completed for zip file:[ C:\Program Files (x86)\Incredibuild\\Temp\DBFiles_AB42BA03-531E-4A75-828B-3A4C3BC7BD34_1790799211013.zip ], upload done for IB Manager (Data Access):  [ true ]
[2026-09-30 23:23:29.121] [info] [rest_module] [8468] [session_handlers.cpp:90] on_session_renew_post - refresh
[2026-09-30 23:33:29.123] [info] [rest_module] [8468] [session_handlers.cpp:90] on_session_renew_post - refresh
[2026-09-30 23:43:29.126] [info] [rest_module] [8468] [session_handlers.cpp:90] on_session_renew_post - refresh
[2026-09-30 23:43:29.136] [warning] [rest_business_logic] [8468] [rest_api.cpp:124] Fail to authenticate: Fail to authenticate
[2026-09-30 23:53:29.127] [info] [rest_module] [8468] [session_handlers.cpp:90] on_session_renew_post - refresh
[2026-10-01 00:03:29.138] [info] [rest_module] [8468] [session_handlers.cpp:90] on_session_renew_post - refresh
[2026-10-01 00:13:29.145] [info] [rest_module] [8468] [session_handlers.cpp:90] on_session_renew_post - refresh
[2026-10-01 00:13:31.010] [info] [rest_database] [8468] [BuildsDatabaseImpl.cpp:258] Builds Database: Deleting tables history records after telemetry gZip file was created [ C:\Program Files (x86)\Incredibuild\\Temp\BuildsDB_AB42BA03-531E-4A75-828B-3A4C3BC7BD34_1790802811005.gz ].
[2026-10-01 00:13:31.017] [info] [rest_database] [8468] [CoordinatorDatabaseImpl.cpp:839] Coordinator Database: Deleting tables history records after telemetry gZip file was created [ C:\Program Files (x86)\Incredibuild\\Temp\CoordinatorDB_AB42BA03-531E-4A75-828B-3A4C3BC7BD34_1790802811005.gz ]. Purge all data = false
[2026-10-01 00:13:31.018] [info] [rest_telemetry] [8468] [TelemetryManagement.hpp:82] buildDbEmpty: [ true ]
[2026-10-01 00:13:31.662] [info] [rest_telemetry] [8468] [TelemetryManagement.hpp:122] Telemetry upload completed for gZip files:[ C:\Program Files (x86)\Incredibuild\\Temp\BuildsDB_AB42BA03-531E-4A75-828B-3A4C3BC7BD34_1790802811005.gz ], [ C:\Program Files (x86)\Incredibuild\\Temp\CoordinatorDB_AB42BA03-531E-4A75-828B-3A4C3BC7BD34_1790802811005.gz ], upload done for S3:  [ true ]
[2026-10-01 00:13:31.683] [info] [rest_telemetry] [8468] [TelemetryManagement.hpp:137] Telemetry upload completed for zip file:[ C:\Program Files (x86)\Incredibuild\\Temp\DBFiles_AB42BA03-531E-4A75-828B-3A4C3BC7BD34_1790802811005.zip ], upload done for IB Manager (Data Access):  [ true ]
[2026-10-01 00:23:29.159] [info] [rest_module] [8468] [session_handlers.cpp:90] on_session_renew_post - refresh
[2026-10-01 00:33:29.170] [info] [rest_module] [8468] [session_handlers.cpp:90] on_session_renew_post - refresh
[2026-10-01 00:43:29.186] [info] [rest_module] [8468] [session_handlers.cpp:90] on_session_renew_post - refresh
[2026-10-01 00:53:29.190] [info] [rest_module] [8468] [session_handlers.cpp:90] on_session_renew_post - refresh
[2026-10-01 01:03:29.198] [info] [rest_module] [8468] [session_handlers.cpp:90] on_session_renew_post - refresh
[2026-10-01 01:13:29.202] [info] [rest_module] [8468] [session_handlers.cpp:90] on_session_renew_post - refresh
[2026-10-01 01:13:31.012] [info] [rest_database] [8468] [BuildsDatabaseImpl.cpp:258] Builds Database: Deleting tables history records after telemetry gZip file was created [ C:\Program Files (x86)\Incredibuild\\Temp\BuildsDB_AB42BA03-531E-4A75-828B-3A4C3BC7BD34_1790806411008.gz ].
[2026-10-01 01:13:31.020] [info] [rest_database] [8468] [CoordinatorDatabaseImpl.cpp:839] Coordinator Database: Deleting tables history records after telemetry gZip file was created [ C:\Program Files (x86)\Incredibuild\\Temp\CoordinatorDB_AB42BA03-531E-4A75-828B-3A4C3BC7BD34_1790806411008.gz ]. Purge all data = false
[2026-10-01 01:13:31.021] [info] [rest_telemetry] [8468] [TelemetryManagement.hpp:82] buildDbEmpty: [ true ]
[2026-10-01 01:13:31.726] [info] [rest_telemetry] [8468] [TelemetryManagement.hpp:122] Telemetry upload completed for gZip files:[ C:\Program Files (x86)\Incredibuild\\Temp\BuildsDB_AB42BA03-531E-4A75-828B-3A4C3BC7BD34_1790806411008.gz ], [ C:\Program Files (x86)\Incredibuild\\Temp\CoordinatorDB_AB42BA03-531E-4A75-828B-3A4C3BC7BD34_1790806411008.gz ], upload done for S3:  [ true ]
[2026-10-01 01:13:31.750] [info] [rest_telemetry] [8468] [TelemetryManagement.hpp:137] Telemetry upload completed for zip file:[ C:\Program Files (x86)\Incredibuild\\Temp\DBFiles_AB42BA03-531E-4A75-828B-3A4C3BC7BD34_1790806411008.zip ], upload done for IB Manager (Data Access):  [ true ]
[2026-10-01 01:23:29.215] [info] [rest_module] [8468] [session_handlers.cpp:90] on_session_renew_post - refresh
[2026-10-01 01:33:29.216] [info] [rest_module] [8468] [session_handlers.cpp:90] on_session_renew_post - refresh
[2026-10-01 01:43:29.227] [info] [rest_module] [8468] [session_handlers.cpp:90] on_session_renew_post - refresh
[2026-10-01 01:53:29.235] [info] [rest_module] [8468] [session_handlers.cpp:90] on_session_renew_post - refresh
[2026-10-01 02:03:29.240] [info] [rest_module] [8468] [session_handlers.cpp:90] on_session_renew_post - refresh
[2026-10-01 02:13:29.247] [info] [rest_module] [8468] [session_handlers.cpp:90] on_session_renew_post - refresh
[2026-10-01 02:13:31.017] [info] [rest_database] [8468] [BuildsDatabaseImpl.cpp:258] Builds Database: Deleting tables history records after telemetry gZip file was created [ C:\Program Files (x86)\Incredibuild\\Temp\BuildsDB_AB42BA03-531E-4A75-828B-3A4C3BC7BD34_1790810011013.gz ].
[2026-10-01 02:13:31.023] [info] [rest_database] [8468] [CoordinatorDatabaseImpl.cpp:839] Coordinator Database: Deleting tables history records after telemetry gZip file was created [ C:\Program Files (x86)\Incredibuild\\Temp\CoordinatorDB_AB42BA03-531E-4A75-828B-3A4C3BC7BD34_1790810011013.gz ]. Purge all data = false
[2026-10-01 02:13:31.023] [info] [rest_telemetry] [8468] [TelemetryManagement.hpp:82] buildDbEmpty: [ true ]
[2026-10-01 02:13:31.678] [info] [rest_telemetry] [8468] [TelemetryManagement.hpp:122] Telemetry upload completed for gZip files:[ C:\Program Files (x86)\Incredibuild\\Temp\BuildsDB_AB42BA03-531E-4A75-828B-3A4C3BC7BD34_1790810011013.gz ], [ C:\Program Files (x86)\Incredibuild\\Temp\CoordinatorDB_AB42BA03-531E-4A75-828B-3A4C3BC7BD34_1790810011013.gz ], upload done for S3:  [ true ]
[2026-10-01 02:13:31.700] [info] [rest_telemetry] [8468] [TelemetryManagement.hpp:137] Telemetry upload completed for zip file:[ C:\Program Files (x86)\Incredibuild\\Temp\DBFiles_AB42BA03-531E-4A75-828B-3A4C3BC7BD34_1790810011013.zip ], upload done for IB Manager (Data Access):  [ true ]
[2026-10-01 02:23:29.261] [info] [rest_module] [8468] [session_handlers.cpp:90] on_session_renew_post - refresh
[2026-10-01 02:33:29.270] [info] [rest_module] [8468] [session_handlers.cpp:90] on_session_renew_post - refresh
[2026-10-01 02:43:29.276] [info] [rest_module] [8468] [session_handlers.cpp:90] on_session_renew_post - refresh
[2026-10-01 02:53:29.278] [info] [rest_module] [8468] [session_handlers.cpp:90] on_session_renew_post - refresh
[2026-10-01 03:03:29.284] [info] [rest_module] [8468] [session_handlers.cpp:90] on_session_renew_post - refresh
[2026-10-01 03:13:29.287] [info] [rest_module] [8468] [session_handlers.cpp:90] on_session_renew_post - refresh
[2026-10-01 03:13:31.007] [info] [rest_database] [8468] [BuildsDatabaseImpl.cpp:258] Builds Database: Deleting tables history records after telemetry gZip file was created [ C:\Program Files (x86)\Incredibuild\\Temp\BuildsDB_AB42BA03-531E-4A75-828B-3A4C3BC7BD34_1790813611004.gz ].
[2026-10-01 03:13:31.015] [info] [rest_database] [8468] [CoordinatorDatabaseImpl.cpp:839] Coordinator Database: Deleting tables history records after telemetry gZip file was created [ C:\Program Files (x86)\Incredibuild\\Temp\CoordinatorDB_AB42BA03-531E-4A75-828B-3A4C3BC7BD34_1790813611004.gz ]. Purge all data = false
[2026-10-01 03:13:31.018] [info] [rest_telemetry] [8468] [TelemetryManagement.hpp:82] buildDbEmpty: [ true ]
[2026-10-01 03:13:31.687] [info] [rest_telemetry] [8468] [TelemetryManagement.hpp:122] Telemetry upload completed for gZip files:[ C:\Program Files (x86)\Incredibuild\\Temp\BuildsDB_AB42BA03-531E-4A75-828B-3A4C3BC7BD34_1790813611004.gz ], [ C:\Program Files (x86)\Incredibuild\\Temp\CoordinatorDB_AB42BA03-531E-4A75-828B-3A4C3BC7BD34_1790813611004.gz ], upload done for S3:  [ true ]
[2026-10-01 03:13:31.719] [info] [rest_telemetry] [8468] [TelemetryManagement.hpp:137] Telemetry upload completed for zip file:[ C:\Program Files (x86)\Incredibuild\\Temp\DBFiles_AB42BA03-531E-4A75-828B-3A4C3BC7BD34_1790813611004.zip ], upload done for IB Manager (Data Access):  [ true ]
[2026-10-01 03:23:29.297] [info] [rest_module] [8468] [session_handlers.cpp:90] on_session_renew_post - refresh
[2026-10-01 03:33:29.305] [info] [rest_module] [8468] [session_handlers.cpp:90] on_session_renew_post - refresh
[2026-10-01 03:43:29.313] [info] [rest_module] [8468] [session_handlers.cpp:90] on_session_renew_post - refresh
[2026-10-01 03:53:29.326] [info] [rest_module] [8468] [session_handlers.cpp:90] on_session_renew_post - refresh
[2026-10-01 03:53:29.334] [warning] [rest_business_logic] [8468] [rest_api.cpp:124] Fail to authenticate: Fail to authenticate
[2026-10-01 04:03:29.336] [info] [rest_module] [8468] [session_handlers.cpp:90] on_session_renew_post - refresh
[2026-10-01 04:13:29.343] [info] [rest_module] [8468] [session_handlers.cpp:90] on_session_renew_post - refresh
[2026-10-01 04:13:31.005] [info] [rest_database] [8468] [BuildsDatabaseImpl.cpp:258] Builds Database: Deleting tables history records after telemetry gZip file was created [ C:\Program Files (x86)\Incredibuild\\Temp\BuildsDB_AB42BA03-531E-4A75-828B-3A4C3BC7BD34_1790817211002.gz ].
[2026-10-01 04:13:31.012] [info] [rest_database] [8468] [CoordinatorDatabaseImpl.cpp:839] Coordinator Database: Deleting tables history records after telemetry gZip file was created [ C:\Program Files (x86)\Incredibuild\\Temp\CoordinatorDB_AB42BA03-531E-4A75-828B-3A4C3BC7BD34_1790817211002.gz ]. Purge all data = false
[2026-10-01 04:13:31.012] [info] [rest_telemetry] [8468] [TelemetryManagement.hpp:82] buildDbEmpty: [ true ]
[2026-10-01 04:13:31.995] [info] [rest_telemetry] [8468] [TelemetryManagement.hpp:122] Telemetry upload completed for gZip files:[ C:\Program Files (x86)\Incredibuild\\Temp\BuildsDB_AB42BA03-531E-4A75-828B-3A4C3BC7BD34_1790817211002.gz ], [ C:\Program Files (x86)\Incredibuild\\Temp\CoordinatorDB_AB42BA03-531E-4A75-828B-3A4C3BC7BD34_1790817211002.gz ], upload done for S3:  [ true ]
[2026-10-01 04:13:32.017] [info] [rest_telemetry] [8468] [TelemetryManagement.hpp:137] Telemetry upload completed for zip file:[ C:\Program Files (x86)\Incredibuild\\Temp\DBFiles_AB42BA03-531E-4A75-828B-3A4C3BC7BD34_1790817211002.zip ], upload done for IB Manager (Data Access):  [ true ]
[2026-10-01 04:23:29.360] [info] [rest_module] [8468] [session_handlers.cpp:90] on_session_renew_post - refresh
[2026-10-01 04:33:29.367] [info] [rest_module] [8468] [session_handlers.cpp:90] on_session_renew_post - refresh
[2026-10-01 04:43:29.374] [info] [rest_module] [8468] [session_handlers.cpp:90] on_session_renew_post - refresh
[2026-10-01 04:53:29.374] [info] [rest_module] [8468] [session_handlers.cpp:90] on_session_renew_post - refresh
[2026-10-01 05:03:29.388] [info] [rest_module] [8468] [session_handlers.cpp:90] on_session_renew_post - refresh
[2026-10-01 05:13:29.394] [info] [rest_module] [8468] [session_handlers.cpp:90] on_session_renew_post - refresh
[2026-10-01 05:13:32.017] [info] [rest_database] [8468] [BuildsDatabaseImpl.cpp:258] Builds Database: Deleting tables history records after telemetry gZip file was created [ C:\Program Files (x86)\Incredibuild\\Temp\BuildsDB_AB42BA03-531E-4A75-828B-3A4C3BC7BD34_1790820812015.gz ].
[2026-10-01 05:13:32.023] [info] [rest_database] [8468] [CoordinatorDatabaseImpl.cpp:839] Coordinator Database: Deleting tables history records after telemetry gZip file was created [ C:\Program Files (x86)\Incredibuild\\Temp\CoordinatorDB_AB42BA03-531E-4A75-828B-3A4C3BC7BD34_1790820812015.gz ]. Purge all data = false
[2026-10-01 05:13:32.024] [info] [rest_telemetry] [8468] [TelemetryManagement.hpp:82] buildDbEmpty: [ true ]
[2026-10-01 05:13:45.614] [info] [rest_module] [8468] [session_handlers.cpp:90] on_session_renew_post - refresh
[2026-10-01 05:13:47.576] [info] [rest_telemetry] [8468] [TelemetryManagement.hpp:122] Telemetry upload completed for gZip files:[ C:\Program Files (x86)\Incredibuild\\Temp\BuildsDB_AB42BA03-531E-4A75-828B-3A4C3BC7BD34_1790820812015.gz ], [ C:\Program Files (x86)\Incredibuild\\Temp\CoordinatorDB_AB42BA03-531E-4A75-828B-3A4C3BC7BD34_1790820812015.gz ], upload done for S3:  [ true ]
[2026-10-01 05:13:47.598] [info] [rest_telemetry] [8468] [TelemetryManagement.hpp:137] Telemetry upload completed for zip file:[ C:\Program Files (x86)\Incredibuild\\Temp\DBFiles_AB42BA03-531E-4A75-828B-3A4C3BC7BD34_1790820812015.zip ], upload done for IB Manager (Data Access):  [ true ]
[2026-10-01 05:13:49.212] [warning] [rest_module] [8468] [logger_adapter.hpp:39] [connection:3700] try to write response, while socket is closed
[2026-10-01 05:14:00.155] [warning] [rest_module] [8468] [logger_adapter.hpp:39] [connection:3701] try to write response, while socket is closed
[2026-10-01 05:14:00.862] [warning] [rest_module] [8468] [logger_adapter.hpp:39] [connection:3697] try to write response, while socket is closed
[2026-10-01 05:14:01.569] [warning] [rest_module] [8468] [logger_adapter.hpp:39] [connection:3707] try to write response, while socket is closed
[2026-10-01 05:14:02.279] [warning] [rest_module] [8468] [logger_adapter.hpp:39] [connection:3709] try to write response, while socket is closed
[2026-10-01 05:14:02.843] [warning] [rest_module] [8468] [logger_adapter.hpp:39] [connection:3703] try to write response, while socket is closed
[2026-10-01 05:14:03.350] [warning] [rest_module] [8468] [logger_adapter.hpp:39] [connection:3711] try to write response, while socket is closed
[2026-10-01 05:14:03.852] [warning] [rest_module] [8468] [logger_adapter.hpp:39] [connection:3699] try to write response, while socket is closed
[2026-10-01 05:23:29.405] [info] [rest_module] [8468] [session_handlers.cpp:90] on_session_renew_post - refresh
[2026-10-01 05:33:29.410] [info] [rest_module] [8468] [session_handlers.cpp:90] on_session_renew_post - refresh
[2026-10-01 05:43:29.416] [info] [rest_module] [8468] [session_handlers.cpp:90] on_session_renew_post - refresh
[2026-10-01 05:53:29.424] [info] [rest_module] [8468] [session_handlers.cpp:90] on_session_renew_post - refresh
[2026-10-01 06:03:29.427] [info] [rest_module] [8468] [session_handlers.cpp:90] on_session_renew_post - refresh
[2026-10-01 06:13:29.430] [info] [rest_module] [8468] [session_handlers.cpp:90] on_session_renew_post - refresh
[2026-10-01 06:13:47.011] [info] [rest_database] [8468] [BuildsDatabaseImpl.cpp:258] Builds Database: Deleting tables history records after telemetry gZip file was created [ C:\Program Files (x86)\Incredibuild\\Temp\BuildsDB_AB42BA03-531E-4A75-828B-3A4C3BC7BD34_1790824427007.gz ].
[2026-10-01 06:13:47.017] [info] [rest_database] [8468] [CoordinatorDatabaseImpl.cpp:839] Coordinator Database: Deleting tables history records after telemetry gZip file was created [ C:\Program Files (x86)\Incredibuild\\Temp\CoordinatorDB_AB42BA03-531E-4A75-828B-3A4C3BC7BD34_1790824427007.gz ]. Purge all data = false
[2026-10-01 06:13:47.018] [info] [rest_telemetry] [8468] [TelemetryManagement.hpp:82] buildDbEmpty: [ true ]
[2026-10-01 06:13:47.654] [info] [rest_telemetry] [8468] [TelemetryManagement.hpp:122] Telemetry upload completed for gZip files:[ C:\Program Files (x86)\Incredibuild\\Temp\BuildsDB_AB42BA03-531E-4A75-828B-3A4C3BC7BD34_1790824427007.gz ], [ C:\Program Files (x86)\Incredibuild\\Temp\CoordinatorDB_AB42BA03-531E-4A75-828B-3A4C3BC7BD34_1790824427007.gz ], upload done for S3:  [ true ]
[2026-10-01 06:13:47.675] [info] [rest_telemetry] [8468] [TelemetryManagement.hpp:137] Telemetry upload completed for zip file:[ C:\Program Files (x86)\Incredibuild\\Temp\DBFiles_AB42BA03-531E-4A75-828B-3A4C3BC7BD34_1790824427007.zip ], upload done for IB Manager (Data Access):  [ true ]
[2026-10-01 06:23:29.432] [info] [rest_module] [8468] [session_handlers.cpp:90] on_session_renew_post - refresh
[2026-10-01 06:33:29.438] [info] [rest_module] [8468] [session_handlers.cpp:90] on_session_renew_post - refresh
[2026-10-01 06:43:29.453] [info] [rest_module] [8468] [session_handlers.cpp:90] on_session_renew_post - refresh
[2026-10-01 06:53:29.457] [info] [rest_module] [8468] [session_handlers.cpp:90] on_session_renew_post - refresh
[2026-10-01 07:03:29.462] [info] [rest_module] [8468] [session_handlers.cpp:90] on_session_renew_post - refresh
[2026-10-01 07:13:29.463] [info] [rest_module] [8468] [session_handlers.cpp:90] on_session_renew_post - refresh
[2026-10-01 07:13:47.012] [info] [rest_database] [8468] [BuildsDatabaseImpl.cpp:258] Builds Database: Deleting tables history records after telemetry gZip file was created [ C:\Program Files (x86)\Incredibuild\\Temp\BuildsDB_AB42BA03-531E-4A75-828B-3A4C3BC7BD34_1790828027009.gz ].
[2026-10-01 07:13:47.017] [info] [rest_database] [8468] [CoordinatorDatabaseImpl.cpp:839] Coordinator Database: Deleting tables history records after telemetry gZip file was created [ C:\Program Files (x86)\Incredibuild\\Temp\CoordinatorDB_AB42BA03-531E-4A75-828B-3A4C3BC7BD34_1790828027009.gz ]. Purge all data = false
[2026-10-01 07:13:47.017] [info] [rest_telemetry] [8468] [TelemetryManagement.hpp:82] buildDbEmpty: [ true ]
[2026-10-01 07:14:06.196] [info] [rest_module] [8468] [session_handlers.cpp:90] on_session_renew_post - refresh
[2026-10-01 07:14:07.242] [warning] [rest_module] [8468] [logger_adapter.hpp:39] [connection:3753] try to write response, while socket is closed
[2026-10-01 07:14:09.428] [info] [rest_telemetry] [8468] [TelemetryManagement.hpp:122] Telemetry upload completed for gZip files:[ C:\Program Files (x86)\Incredibuild\\Temp\BuildsDB_AB42BA03-531E-4A75-828B-3A4C3BC7BD34_1790828027009.gz ], [ C:\Program Files (x86)\Incredibuild\\Temp\CoordinatorDB_AB42BA03-531E-4A75-828B-3A4C3BC7BD34_1790828027009.gz ], upload done for S3:  [ true ]
[2026-10-01 07:14:09.448] [info] [rest_telemetry] [8468] [TelemetryManagement.hpp:137] Telemetry upload completed for zip file:[ C:\Program Files (x86)\Incredibuild\\Temp\DBFiles_AB42BA03-531E-4A75-828B-3A4C3BC7BD34_1790828027009.zip ], upload done for IB Manager (Data Access):  [ true ]
[2026-10-01 07:14:12.069] [warning] [rest_module] [8468] [logger_adapter.hpp:39] [connection:3755] try to write response, while socket is closed
[2026-10-01 07:23:29.467] [info] [rest_module] [8468] [session_handlers.cpp:90] on_session_renew_post - refresh
[2026-10-01 07:33:29.477] [info] [rest_module] [8468] [session_handlers.cpp:90] on_session_renew_post - refresh
[2026-10-01 07:43:29.477] [info] [rest_module] [8468] [session_handlers.cpp:90] on_session_renew_post - refresh
[2026-10-01 07:53:29.478] [info] [rest_module] [8468] [session_handlers.cpp:90] on_session_renew_post - refresh
[2026-10-01 08:03:29.480] [info] [rest_module] [8468] [session_handlers.cpp:90] on_session_renew_post - refresh
[2026-10-01 08:13:29.488] [info] [rest_module] [8468] [session_handlers.cpp:90] on_session_renew_post - refresh
[2026-10-01 08:14:09.011] [info] [rest_database] [8468] [BuildsDatabaseImpl.cpp:258] Builds Database: Deleting tables history records after telemetry gZip file was created [ C:\Program Files (x86)\Incredibuild\\Temp\BuildsDB_AB42BA03-531E-4A75-828B-3A4C3BC7BD34_1790831649006.gz ].
[2026-10-01 08:14:09.020] [info] [rest_database] [8468] [CoordinatorDatabaseImpl.cpp:839] Coordinator Database: Deleting tables history records after telemetry gZip file was created [ C:\Program Files (x86)\Incredibuild\\Temp\CoordinatorDB_AB42BA03-531E-4A75-828B-3A4C3BC7BD34_1790831649006.gz ]. Purge all data = false
[2026-10-01 08:14:09.020] [info] [rest_telemetry] [8468] [TelemetryManagement.hpp:82] buildDbEmpty: [ true ]
[2026-10-01 08:14:09.709] [info] [rest_telemetry] [8468] [TelemetryManagement.hpp:122] Telemetry upload completed for gZip files:[ C:\Program Files (x86)\Incredibuild\\Temp\BuildsDB_AB42BA03-531E-4A75-828B-3A4C3BC7BD34_1790831649006.gz ], [ C:\Program Files (x86)\Incredibuild\\Temp\CoordinatorDB_AB42BA03-531E-4A75-828B-3A4C3BC7BD34_1790831649006.gz ], upload done for S3:  [ true ]
[2026-10-01 08:14:09.728] [info] [rest_telemetry] [8468] [TelemetryManagement.hpp:137] Telemetry upload completed for zip file:[ C:\Program Files (x86)\Incredibuild\\Temp\DBFiles_AB42BA03-531E-4A75-828B-3A4C3BC7BD34_1790831649006.zip ], upload done for IB Manager (Data Access):  [ true ]
[2026-10-01 08:23:29.495] [info] [rest_module] [8468] [session_handlers.cpp:90] on_session_renew_post - refresh
[2026-10-01 08:33:29.496] [info] [rest_module] [8468] [session_handlers.cpp:90] on_session_renew_post - refresh
[2026-10-01 08:55:00.936] [info] [rest_module] [8468] [session_handlers.cpp:90] on_session_renew_post - refresh
[2026-10-01 08:55:00.949] [warning] [rest_business_logic] [8468] [rest_api.cpp:124] Fail to authenticate: Fail to authenticate
[2026-10-01 09:04:59.532] [info] [rest_module] [8468] [session_handlers.cpp:90] on_session_renew_post - refresh
[2026-10-01 09:14:09.009] [info] [rest_database] [8468] [BuildsDatabaseImpl.cpp:258] Builds Database: Deleting tables history records after telemetry gZip file was created [ C:\Program Files (x86)\Incredibuild\\Temp\BuildsDB_AB42BA03-531E-4A75-828B-3A4C3BC7BD34_1790835249003.gz ].
[2026-10-01 09:14:09.017] [info] [rest_database] [8468] [CoordinatorDatabaseImpl.cpp:839] Coordinator Database: Deleting tables history records after telemetry gZip file was created [ C:\Program Files (x86)\Incredibuild\\Temp\CoordinatorDB_AB42BA03-531E-4A75-828B-3A4C3BC7BD34_1790835249003.gz ]. Purge all data = false
[2026-10-01 09:14:09.021] [info] [rest_telemetry] [8468] [TelemetryManagement.hpp:82] buildDbEmpty: [ true ]
[2026-10-01 09:14:09.969] [info] [rest_telemetry] [8468] [TelemetryManagement.hpp:122] Telemetry upload completed for gZip files:[ C:\Program Files (x86)\Incredibuild\\Temp\BuildsDB_AB42BA03-531E-4A75-828B-3A4C3BC7BD34_1790835249003.gz ], [ C:\Program Files (x86)\Incredibuild\\Temp\CoordinatorDB_AB42BA03-531E-4A75-828B-3A4C3BC7BD34_1790835249003.gz ], upload done for S3:  [ true ]
[2026-10-01 09:14:09.988] [info] [rest_telemetry] [8468] [TelemetryManagement.hpp:137] Telemetry upload completed for zip file:[ C:\Program Files (x86)\Incredibuild\\Temp\DBFiles_AB42BA03-531E-4A75-828B-3A4C3BC7BD34_1790835249003.zip ], upload done for IB Manager (Data Access):  [ true ]
[2026-10-01 09:14:59.546] [info] [rest_module] [8468] [session_handlers.cpp:90] on_session_renew_post - refresh
[2026-10-01 09:24:59.542] [info] [rest_module] [8468] [session_handlers.cpp:90] on_session_renew_post - refresh
[2026-10-01 09:34:59.554] [info] [rest_module] [8468] [session_handlers.cpp:90] on_session_renew_post - refresh
[2026-10-01 09:44:59.566] [info] [rest_module] [8468] [session_handlers.cpp:90] on_session_renew_post - refresh
[2026-10-01 09:54:59.567] [info] [rest_module] [8468] [session_handlers.cpp:90] on_session_renew_post - refresh
[2026-10-01 10:04:59.580] [info] [rest_module] [8468] [session_handlers.cpp:90] on_session_renew_post - refresh
[2026-10-01 10:14:09.008] [info] [rest_database] [8468] [BuildsDatabaseImpl.cpp:258] Builds Database: Deleting tables history records after telemetry gZip file was created [ C:\Program Files (x86)\Incredibuild\\Temp\BuildsDB_AB42BA03-531E-4A75-828B-3A4C3BC7BD34_1790838849002.gz ].
[2026-10-01 10:14:09.018] [info] [rest_database] [8468] [CoordinatorDatabaseImpl.cpp:839] Coordinator Database: Deleting tables history records after telemetry gZip file was created [ C:\Program Files (x86)\Incredibuild\\Temp\CoordinatorDB_AB42BA03-531E-4A75-828B-3A4C3BC7BD34_1790838849002.gz ]. Purge all data = false
[2026-10-01 10:14:09.022] [info] [rest_telemetry] [8468] [TelemetryManagement.hpp:82] buildDbEmpty: [ true ]
[2026-10-01 10:14:10.044] [info] [rest_telemetry] [8468] [TelemetryManagement.hpp:122] Telemetry upload completed for gZip files:[ C:\Program Files (x86)\Incredibuild\\Temp\BuildsDB_AB42BA03-531E-4A75-828B-3A4C3BC7BD34_1790838849002.gz ], [ C:\Program Files (x86)\Incredibuild\\Temp\CoordinatorDB_AB42BA03-531E-4A75-828B-3A4C3BC7BD34_1790838849002.gz ], upload done for S3:  [ true ]
[2026-10-01 10:14:10.074] [info] [rest_telemetry] [8468] [TelemetryManagement.hpp:137] Telemetry upload completed for zip file:[ C:\Program Files (x86)\Incredibuild\\Temp\DBFiles_AB42BA03-531E-4A75-828B-3A4C3BC7BD34_1790838849002.zip ], upload done for IB Manager (Data Access):  [ true ]
[2026-10-01 10:14:59.586] [info] [rest_module] [8468] [session_handlers.cpp:90] on_session_renew_post - refresh
[2026-10-01 10:24:59.592] [info] [rest_module] [8468] [session_handlers.cpp:90] on_session_renew_post - refresh
[2026-10-01 10:34:59.597] [info] [rest_module] [8468] [session_handlers.cpp:90] on_session_renew_post - refresh
[2026-10-01 10:44:59.605] [info] [rest_module] [8468] [session_handlers.cpp:90] on_session_renew_post - refresh
[2026-10-01 10:54:59.613] [info] [rest_module] [8468] [session_handlers.cpp:90] on_session_renew_post - refresh
[2026-10-01 11:04:59.621] [info] [rest_module] [8468] [session_handlers.cpp:90] on_session_renew_post - refresh
[2026-10-01 11:14:10.012] [info] [rest_database] [8468] [BuildsDatabaseImpl.cpp:258] Builds Database: Deleting tables history records after telemetry gZip file was created [ C:\Program Files (x86)\Incredibuild\\Temp\BuildsDB_AB42BA03-531E-4A75-828B-3A4C3BC7BD34_1790842450009.gz ].
[2026-10-01 11:14:10.021] [info] [rest_database] [8468] [CoordinatorDatabaseImpl.cpp:839] Coordinator Database: Deleting tables history records after telemetry gZip file was created [ C:\Program Files (x86)\Incredibuild\\Temp\CoordinatorDB_AB42BA03-531E-4A75-828B-3A4C3BC7BD34_1790842450009.gz ]. Purge all data = false
[2026-10-01 11:14:10.021] [info] [rest_telemetry] [8468] [TelemetryManagement.hpp:82] buildDbEmpty: [ true ]
[2026-10-01 11:14:11.093] [info] [rest_telemetry] [8468] [TelemetryManagement.hpp:122] Telemetry upload completed for gZip files:[ C:\Program Files (x86)\Incredibuild\\Temp\BuildsDB_AB42BA03-531E-4A75-828B-3A4C3BC7BD34_1790842450009.gz ], [ C:\Program Files (x86)\Incredibuild\\Temp\CoordinatorDB_AB42BA03-531E-4A75-828B-3A4C3BC7BD34_1790842450009.gz ], upload done for S3:  [ true ]
[2026-10-01 11:14:11.119] [info] [rest_telemetry] [8468] [TelemetryManagement.hpp:137] Telemetry upload completed for zip file:[ C:\Program Files (x86)\Incredibuild\\Temp\DBFiles_AB42BA03-531E-4A75-828B-3A4C3BC7BD34_1790842450009.zip ], upload done for IB Manager (Data Access):  [ true ]
[2026-10-01 11:14:59.627] [info] [rest_module] [8468] [session_handlers.cpp:90] on_session_renew_post - refresh
[2026-10-01 11:24:59.628] [info] [rest_module] [8468] [session_handlers.cpp:90] on_session_renew_post - refresh
[2026-10-01 11:34:59.641] [info] [rest_module] [8468] [session_handlers.cpp:90] on_session_renew_post - refresh
[2026-10-01 11:44:59.645] [info] [rest_module] [8468] [session_handlers.cpp:90] on_session_renew_post - refresh
[2026-10-01 11:54:59.651] [info] [rest_module] [8468] [session_handlers.cpp:90] on_session_renew_post - refresh
[2026-10-01 12:04:59.662] [info] [rest_module] [8468] [session_handlers.cpp:90] on_session_renew_post - refresh
[2026-10-01 12:14:11.019] [info] [rest_database] [8468] [BuildsDatabaseImpl.cpp:258] Builds Database: Deleting tables history records after telemetry gZip file was created [ C:\Program Files (x86)\Incredibuild\\Temp\BuildsDB_AB42BA03-531E-4A75-828B-3A4C3BC7BD34_1790846051015.gz ].
[2026-10-01 12:14:11.027] [info] [rest_database] [8468] [CoordinatorDatabaseImpl.cpp:839] Coordinator Database: Deleting tables history records after telemetry gZip file was created [ C:\Program Files (x86)\Incredibuild\\Temp\CoordinatorDB_AB42BA03-531E-4A75-828B-3A4C3BC7BD34_1790846051015.gz ]. Purge all data = false
[2026-10-01 12:14:11.028] [info] [rest_telemetry] [8468] [TelemetryManagement.hpp:82] buildDbEmpty: [ true ]
[2026-10-01 12:14:12.025] [info] [rest_telemetry] [8468] [TelemetryManagement.hpp:122] Telemetry upload completed for gZip files:[ C:\Program Files (x86)\Incredibuild\\Temp\BuildsDB_AB42BA03-531E-4A75-828B-3A4C3BC7BD34_1790846051015.gz ], [ C:\Program Files (x86)\Incredibuild\\Temp\CoordinatorDB_AB42BA03-531E-4A75-828B-3A4C3BC7BD34_1790846051015.gz ], upload done for S3:  [ true ]
[2026-10-01 12:14:12.050] [info] [rest_telemetry] [8468] [TelemetryManagement.hpp:137] Telemetry upload completed for zip file:[ C:\Program Files (x86)\Incredibuild\\Temp\DBFiles_AB42BA03-531E-4A75-828B-3A4C3BC7BD34_1790846051015.zip ], upload done for IB Manager (Data Access):  [ true ]
[2026-10-01 12:14:59.675] [info] [rest_module] [8468] [session_handlers.cpp:90] on_session_renew_post - refresh
[2026-10-01 12:24:59.685] [info] [rest_module] [8468] [session_handlers.cpp:90] on_session_renew_post - refresh
[2026-10-01 12:34:59.686] [info] [rest_module] [8468] [session_handlers.cpp:90] on_session_renew_post - refresh
[2026-10-01 12:44:59.694] [info] [rest_module] [8468] [session_handlers.cpp:90] on_session_renew_post - refresh
[2026-10-01 12:54:59.700] [info] [rest_module] [8468] [session_handlers.cpp:90] on_session_renew_post - refresh
[2026-10-01 13:04:59.701] [info] [rest_module] [8468] [session_handlers.cpp:90] on_session_renew_post - refresh
[2026-10-01 13:14:12.015] [info] [rest_database] [8468] [BuildsDatabaseImpl.cpp:258] Builds Database: Deleting tables history records after telemetry gZip file was created [ C:\Program Files (x86)\Incredibuild\\Temp\BuildsDB_AB42BA03-531E-4A75-828B-3A4C3BC7BD34_1790849652010.gz ].
[2026-10-01 13:14:12.020] [info] [rest_database] [8468] [CoordinatorDatabaseImpl.cpp:839] Coordinator Database: Deleting tables history records after telemetry gZip file was created [ C:\Program Files (x86)\Incredibuild\\Temp\CoordinatorDB_AB42BA03-531E-4A75-828B-3A4C3BC7BD34_1790849652010.gz ]. Purge all data = false
[2026-10-01 13:14:12.023] [info] [rest_telemetry] [8468] [TelemetryManagement.hpp:82] buildDbEmpty: [ false ]
[2026-10-01 13:14:13.795] [info] [rest_telemetry] [8468] [TelemetryManagement.hpp:122] Telemetry upload completed for gZip files:[ C:\Program Files (x86)\Incredibuild\\Temp\BuildsDB_AB42BA03-531E-4A75-828B-3A4C3BC7BD34_1790849652010.gz ], [ C:\Program Files (x86)\Incredibuild\\Temp\CoordinatorDB_AB42BA03-531E-4A75-828B-3A4C3BC7BD34_1790849652010.gz ], upload done for S3:  [ true ]
[2026-10-01 13:14:13.834] [info] [rest_telemetry] [8468] [TelemetryManagement.hpp:137] Telemetry upload completed for zip file:[ C:\Program Files (x86)\Incredibuild\\Temp\DBFiles_AB42BA03-531E-4A75-828B-3A4C3BC7BD34_1790849652010.zip ], upload done for IB Manager (Data Access):  [ true ]
[2026-10-01 13:14:59.713] [info] [rest_module] [8468] [session_handlers.cpp:90] on_session_renew_post - refresh
[2026-10-01 13:24:59.724] [info] [rest_module] [8468] [session_handlers.cpp:90] on_session_renew_post - refresh
[2026-10-01 13:34:59.733] [info] [rest_module] [8468] [session_handlers.cpp:90] on_session_renew_post - refresh
[2026-10-01 13:44:59.747] [info] [rest_module] [8468] [session_handlers.cpp:90] on_session_renew_post - refresh
[2026-10-01 13:54:59.756] [info] [rest_module] [8468] [session_handlers.cpp:90] on_session_renew_post - refresh
[2026-10-01 14:04:59.767] [info] [rest_module] [8468] [session_handlers.cpp:90] on_session_renew_post - refresh
[2026-10-01 14:14:13.005] [info] [rest_database] [8468] [BuildsDatabaseImpl.cpp:258] Builds Database: Deleting tables history records after telemetry gZip file was created [ C:\Program Files (x86)\Incredibuild\\Temp\BuildsDB_AB42BA03-531E-4A75-828B-3A4C3BC7BD34_1790853253002.gz ].
[2026-10-01 14:14:13.013] [info] [rest_database] [8468] [CoordinatorDatabaseImpl.cpp:839] Coordinator Database: Deleting tables history records after telemetry gZip file was created [ C:\Program Files (x86)\Incredibuild\\Temp\CoordinatorDB_AB42BA03-531E-4A75-828B-3A4C3BC7BD34_1790853253002.gz ]. Purge all data = false
[2026-10-01 14:14:13.018] [info] [rest_telemetry] [8468] [TelemetryManagement.hpp:82] buildDbEmpty: [ false ]
[2026-10-01 14:14:14.641] [info] [rest_telemetry] [8468] [TelemetryManagement.hpp:122] Telemetry upload completed for gZip files:[ C:\Program Files (x86)\Incredibuild\\Temp\BuildsDB_AB42BA03-531E-4A75-828B-3A4C3BC7BD34_1790853253002.gz ], [ C:\Program Files (x86)\Incredibuild\\Temp\CoordinatorDB_AB42BA03-531E-4A75-828B-3A4C3BC7BD34_1790853253002.gz ], upload done for S3:  [ true ]
[2026-10-01 14:14:14.668] [info] [rest_telemetry] [8468] [TelemetryManagement.hpp:137] Telemetry upload completed for zip file:[ C:\Program Files (x86)\Incredibuild\\Temp\DBFiles_AB42BA03-531E-4A75-828B-3A4C3BC7BD34_1790853253002.zip ], upload done for IB Manager (Data Access):  [ true ]
[2026-10-01 14:14:59.782] [info] [rest_module] [8468] [session_handlers.cpp:90] on_session_renew_post - refresh
[2026-10-01 14:24:59.790] [info] [rest_module] [8468] [session_handlers.cpp:90] on_session_renew_post - refresh
[2026-10-01 14:34:59.806] [info] [rest_module] [8468] [session_handlers.cpp:90] on_session_renew_post - refresh
[2026-10-01 14:37:27.125] [warning] [rest_database] [8468] [BuildsDatabaseImpl.cpp:225] BuildDemandAvailability Duration of DB write took too long (122 msec). Handled 1 records.
[2026-10-01 14:44:59.818] [info] [rest_module] [8468] [session_handlers.cpp:90] on_session_renew_post - refresh
[2026-10-01 14:54:59.827] [info] [rest_module] [8468] [session_handlers.cpp:90] on_session_renew_post - refresh
[2026-10-01 15:04:59.834] [info] [rest_module] [8468] [session_handlers.cpp:90] on_session_renew_post - refresh
[2026-10-01 15:14:14.016] [info] [rest_database] [8468] [BuildsDatabaseImpl.cpp:258] Builds Database: Deleting tables history records after telemetry gZip file was created [ C:\Program Files (x86)\Incredibuild\\Temp\BuildsDB_AB42BA03-531E-4A75-828B-3A4C3BC7BD34_1790856854011.gz ].
[2026-10-01 15:14:14.023] [info] [rest_database] [8468] [CoordinatorDatabaseImpl.cpp:839] Coordinator Database: Deleting tables history records after telemetry gZip file was created [ C:\Program Files (x86)\Incredibuild\\Temp\CoordinatorDB_AB42BA03-531E-4A75-828B-3A4C3BC7BD34_1790856854011.gz ]. Purge all data = false
[2026-10-01 15:14:14.028] [info] [rest_telemetry] [8468] [TelemetryManagement.hpp:82] buildDbEmpty: [ false ]
[2026-10-01 15:14:15.616] [info] [rest_telemetry] [8468] [TelemetryManagement.hpp:122] Telemetry upload completed for gZip files:[ C:\Program Files (x86)\Incredibuild\\Temp\BuildsDB_AB42BA03-531E-4A75-828B-3A4C3BC7BD34_1790856854011.gz ], [ C:\Program Files (x86)\Incredibuild\\Temp\CoordinatorDB_AB42BA03-531E-4A75-828B-3A4C3BC7BD34_1790856854011.gz ], upload done for S3:  [ true ]
[2026-10-01 15:14:15.652] [info] [rest_telemetry] [8468] [TelemetryManagement.hpp:137] Telemetry upload completed for zip file:[ C:\Program Files (x86)\Incredibuild\\Temp\DBFiles_AB42BA03-531E-4A75-828B-3A4C3BC7BD34_1790856854011.zip ], upload done for IB Manager (Data Access):  [ true ]
[2026-10-01 15:14:59.843] [info] [rest_module] [8468] [session_handlers.cpp:90] on_session_renew_post - refresh
[2026-10-01 15:24:59.854] [info] [rest_module] [8468] [session_handlers.cpp:90] on_session_renew_post - refresh
[2026-10-01 15:34:59.863] [info] [rest_module] [8468] [session_handlers.cpp:90] on_session_renew_post - refresh
[2026-10-01 15:44:59.876] [info] [rest_module] [8468] [session_handlers.cpp:90] on_session_renew_post - refresh
[2026-10-01 15:54:59.886] [info] [rest_module] [8468] [session_handlers.cpp:90] on_session_renew_post - refresh
[2026-10-01 16:04:59.895] [info] [rest_module] [8468] [session_handlers.cpp:90] on_session_renew_post - refresh
[2026-10-01 16:14:15.006] [info] [rest_database] [8468] [BuildsDatabaseImpl.cpp:258] Builds Database: Deleting tables history records after telemetry gZip file was created [ C:\Program Files (x86)\Incredibuild\\Temp\BuildsDB_AB42BA03-531E-4A75-828B-3A4C3BC7BD34_1790860455002.gz ].
[2026-10-01 16:14:15.013] [info] [rest_database] [8468] [CoordinatorDatabaseImpl.cpp:839] Coordinator Database: Deleting tables history records after telemetry gZip file was created [ C:\Program Files (x86)\Incredibuild\\Temp\CoordinatorDB_AB42BA03-531E-4A75-828B-3A4C3BC7BD34_1790860455002.gz ]. Purge all data = false
[2026-10-01 16:14:15.014] [info] [rest_telemetry] [8468] [TelemetryManagement.hpp:82] buildDbEmpty: [ true ]
[2026-10-01 16:14:15.796] [info] [rest_telemetry] [8468] [TelemetryManagement.hpp:122] Telemetry upload completed for gZip files:[ C:\Program Files (x86)\Incredibuild\\Temp\BuildsDB_AB42BA03-531E-4A75-828B-3A4C3BC7BD34_1790860455002.gz ], [ C:\Program Files (x86)\Incredibuild\\Temp\CoordinatorDB_AB42BA03-531E-4A75-828B-3A4C3BC7BD34_1790860455002.gz ], upload done for S3:  [ true ]
[2026-10-01 16:14:15.822] [info] [rest_telemetry] [8468] [TelemetryManagement.hpp:137] Telemetry upload completed for zip file:[ C:\Program Files (x86)\Incredibuild\\Temp\DBFiles_AB42BA03-531E-4A75-828B-3A4C3BC7BD34_1790860455002.zip ], upload done for IB Manager (Data Access):  [ true ]
[2026-10-01 16:14:59.903] [info] [rest_module] [8468] [session_handlers.cpp:90] on_session_renew_post - refresh
[2026-10-01 16:24:59.913] [info] [rest_module] [8468] [session_handlers.cpp:90] on_session_renew_post - refresh
[2026-10-01 16:34:59.922] [info] [rest_module] [8468] [session_handlers.cpp:90] on_session_renew_post - refresh
[2026-10-01 16:44:59.929] [info] [rest_module] [8468] [session_handlers.cpp:90] on_session_renew_post - refresh
[2026-10-01 16:54:59.935] [info] [rest_module] [8468] [session_handlers.cpp:90] on_session_renew_post - refresh
[2026-10-01 17:04:59.931] [info] [rest_module] [8468] [session_handlers.cpp:90] on_session_renew_post - refresh
[2026-10-01 17:14:15.015] [info] [rest_database] [8468] [BuildsDatabaseImpl.cpp:258] Builds Database: Deleting tables history records after telemetry gZip file was created [ C:\Program Files (x86)\Incredibuild\\Temp\BuildsDB_AB42BA03-531E-4A75-828B-3A4C3BC7BD34_1790864055011.gz ].
[2026-10-01 17:14:15.023] [info] [rest_database] [8468] [CoordinatorDatabaseImpl.cpp:839] Coordinator Database: Deleting tables history records after telemetry gZip file was created [ C:\Program Files (x86)\Incredibuild\\Temp\CoordinatorDB_AB42BA03-531E-4A75-828B-3A4C3BC7BD34_1790864055011.gz ]. Purge all data = false
[2026-10-01 17:14:15.024] [info] [rest_telemetry] [8468] [TelemetryManagement.hpp:82] buildDbEmpty: [ true ]
[2026-10-01 17:14:15.837] [info] [rest_telemetry] [8468] [TelemetryManagement.hpp:122] Telemetry upload completed for gZip files:[ C:\Program Files (x86)\Incredibuild\\Temp\BuildsDB_AB42BA03-531E-4A75-828B-3A4C3BC7BD34_1790864055011.gz ], [ C:\Program Files (x86)\Incredibuild\\Temp\CoordinatorDB_AB42BA03-531E-4A75-828B-3A4C3BC7BD34_1790864055011.gz ], upload done for S3:  [ true ]
[2026-10-01 17:14:15.867] [info] [rest_telemetry] [8468] [TelemetryManagement.hpp:137] Telemetry upload completed for zip file:[ C:\Program Files (x86)\Incredibuild\\Temp\DBFiles_AB42BA03-531E-4A75-828B-3A4C3BC7BD34_1790864055011.zip ], upload done for IB Manager (Data Access):  [ true ]
[2026-10-01 17:14:59.933] [info] [rest_module] [8468] [session_handlers.cpp:90] on_session_renew_post - refresh
[2026-10-01 17:24:59.937] [info] [rest_module] [8468] [session_handlers.cpp:90] on_session_renew_post - refresh
[2026-10-01 17:34:59.949] [info] [rest_module] [8468] [session_handlers.cpp:90] on_session_renew_post - refresh
[2026-10-01 17:44:59.959] [info] [rest_module] [8468] [session_handlers.cpp:90] on_session_renew_post - refresh
[2026-10-01 17:54:59.962] [info] [rest_module] [8468] [session_handlers.cpp:90] on_session_renew_post - refresh
[2026-10-01 18:04:59.971] [info] [rest_module] [8468] [session_handlers.cpp:90] on_session_renew_post - refresh
[2026-10-01 18:14:15.018] [info] [rest_database] [8468] [BuildsDatabaseImpl.cpp:258] Builds Database: Deleting tables history records after telemetry gZip file was created [ C:\Program Files (x86)\Incredibuild\\Temp\BuildsDB_AB42BA03-531E-4A75-828B-3A4C3BC7BD34_1790867655015.gz ].
[2026-10-01 18:14:15.025] [info] [rest_database] [8468] [CoordinatorDatabaseImpl.cpp:839] Coordinator Database: Deleting tables history records after telemetry gZip file was created [ C:\Program Files (x86)\Incredibuild\\Temp\CoordinatorDB_AB42BA03-531E-4A75-828B-3A4C3BC7BD34_1790867655015.gz ]. Purge all data = false
[2026-10-01 18:14:15.025] [info] [rest_telemetry] [8468] [TelemetryManagement.hpp:82] buildDbEmpty: [ true ]
[2026-10-01 18:14:15.922] [info] [rest_telemetry] [8468] [TelemetryManagement.hpp:122] Telemetry upload completed for gZip files:[ C:\Program Files (x86)\Incredibuild\\Temp\BuildsDB_AB42BA03-531E-4A75-828B-3A4C3BC7BD34_1790867655015.gz ], [ C:\Program Files (x86)\Incredibuild\\Temp\CoordinatorDB_AB42BA03-531E-4A75-828B-3A4C3BC7BD34_1790867655015.gz ], upload done for S3:  [ true ]
[2026-10-01 18:14:15.948] [info] [rest_telemetry] [8468] [TelemetryManagement.hpp:137] Telemetry upload completed for zip file:[ C:\Program Files (x86)\Incredibuild\\Temp\DBFiles_AB42BA03-531E-4A75-828B-3A4C3BC7BD34_1790867655015.zip ], upload done for IB Manager (Data Access):  [ true ]
[2026-10-01 18:14:59.981] [info] [rest_module] [8468] [session_handlers.cpp:90] on_session_renew_post - refresh
[2026-10-01 18:24:59.993] [info] [rest_module] [8468] [session_handlers.cpp:90] on_session_renew_post - refresh
[2026-10-01 18:34:58.751] [info] [rest_module] [8468] [session_handlers.cpp:90] on_session_renew_post - refresh
[2026-10-01 18:44:58.764] [info] [rest_module] [8468] [session_handlers.cpp:90] on_session_renew_post - refresh
[2026-10-01 18:54:58.773] [info] [rest_module] [8468] [session_handlers.cpp:90] on_session_renew_post - refresh
[2026-10-01 19:04:58.776] [info] [rest_module] [8468] [session_handlers.cpp:90] on_session_renew_post - refresh
[2026-10-01 19:14:15.007] [info] [rest_database] [8468] [BuildsDatabaseImpl.cpp:258] Builds Database: Deleting tables history records after telemetry gZip file was created [ C:\Program Files (x86)\Incredibuild\\Temp\BuildsDB_AB42BA03-531E-4A75-828B-3A4C3BC7BD34_1790871255003.gz ].
[2026-10-01 19:14:15.016] [info] [rest_database] [8468] [CoordinatorDatabaseImpl.cpp:839] Coordinator Database: Deleting tables history records after telemetry gZip file was created [ C:\Program Files (x86)\Incredibuild\\Temp\CoordinatorDB_AB42BA03-531E-4A75-828B-3A4C3BC7BD34_1790871255003.gz ]. Purge all data = false
[2026-10-01 19:14:15.017] [info] [rest_telemetry] [8468] [TelemetryManagement.hpp:82] buildDbEmpty: [ true ]
[2026-10-01 19:14:16.033] [info] [rest_telemetry] [8468] [TelemetryManagement.hpp:122] Telemetry upload completed for gZip files:[ C:\Program Files (x86)\Incredibuild\\Temp\BuildsDB_AB42BA03-531E-4A75-828B-3A4C3BC7BD34_1790871255003.gz ], [ C:\Program Files (x86)\Incredibuild\\Temp\CoordinatorDB_AB42BA03-531E-4A75-828B-3A4C3BC7BD34_1790871255003.gz ], upload done for S3:  [ true ]
[2026-10-01 19:14:16.061] [info] [rest_telemetry] [8468] [TelemetryManagement.hpp:137] Telemetry upload completed for zip file:[ C:\Program Files (x86)\Incredibuild\\Temp\DBFiles_AB42BA03-531E-4A75-828B-3A4C3BC7BD34_1790871255003.zip ], upload done for IB Manager (Data Access):  [ true ]
[2026-10-01 19:14:58.786] [info] [rest_module] [8468] [session_handlers.cpp:90] on_session_renew_post - refresh
[2026-10-01 19:24:58.790] [info] [rest_module] [8468] [session_handlers.cpp:90] on_session_renew_post - refresh
[2026-10-01 19:34:58.803] [info] [rest_module] [8468] [session_handlers.cpp:90] on_session_renew_post - refresh
[2026-10-01 19:44:58.808] [info] [rest_module] [8468] [session_handlers.cpp:90] on_session_renew_post - refresh
[2026-10-01 19:54:58.810] [info] [rest_module] [8468] [session_handlers.cpp:90] on_session_renew_post - refresh
[2026-10-01 20:04:58.818] [info] [rest_module] [8468] [session_handlers.cpp:90] on_session_renew_post - refresh
[2026-10-01 20:14:16.009] [info] [rest_database] [8468] [BuildsDatabaseImpl.cpp:258] Builds Database: Deleting tables history records after telemetry gZip file was created [ C:\Program Files (x86)\Incredibuild\\Temp\BuildsDB_AB42BA03-531E-4A75-828B-3A4C3BC7BD34_1790874856005.gz ].
[2026-10-01 20:14:16.016] [info] [rest_database] [8468] [CoordinatorDatabaseImpl.cpp:839] Coordinator Database: Deleting tables history records after telemetry gZip file was created [ C:\Program Files (x86)\Incredibuild\\Temp\CoordinatorDB_AB42BA03-531E-4A75-828B-3A4C3BC7BD34_1790874856005.gz ]. Purge all data = false
[2026-10-01 20:14:16.017] [info] [rest_telemetry] [8468] [TelemetryManagement.hpp:82] buildDbEmpty: [ true ]
[2026-10-01 20:14:16.897] [info] [rest_telemetry] [8468] [TelemetryManagement.hpp:122] Telemetry upload completed for gZip files:[ C:\Program Files (x86)\Incredibuild\\Temp\BuildsDB_AB42BA03-531E-4A75-828B-3A4C3BC7BD34_1790874856005.gz ], [ C:\Program Files (x86)\Incredibuild\\Temp\CoordinatorDB_AB42BA03-531E-4A75-828B-3A4C3BC7BD34_1790874856005.gz ], upload done for S3:  [ true ]
[2026-10-01 20:14:16.918] [info] [rest_telemetry] [8468] [TelemetryManagement.hpp:137] Telemetry upload completed for zip file:[ C:\Program Files (x86)\Incredibuild\\Temp\DBFiles_AB42BA03-531E-4A75-828B-3A4C3BC7BD34_1790874856005.zip ], upload done for IB Manager (Data Access):  [ true ]
[2026-10-01 20:14:58.823] [info] [rest_module] [8468] [session_handlers.cpp:90] on_session_renew_post - refresh
[2026-10-01 20:24:58.825] [info] [rest_module] [8468] [session_handlers.cpp:90] on_session_renew_post - refresh
[2026-10-01 20:34:58.832] [info] [rest_module] [8468] [session_handlers.cpp:90] on_session_renew_post - refresh
[2026-10-01 20:44:58.842] [info] [rest_module] [8468] [session_handlers.cpp:90] on_session_renew_post - refresh
[2026-10-01 20:54:58.847] [info] [rest_module] [8468] [session_handlers.cpp:90] on_session_renew_post - refresh
[2026-10-01 21:04:58.857] [info] [rest_module] [8468] [session_handlers.cpp:90] on_session_renew_post - refresh
[2026-10-01 21:14:16.012] [info] [rest_database] [8468] [BuildsDatabaseImpl.cpp:258] Builds Database: Deleting tables history records after telemetry gZip file was created [ C:\Program Files (x86)\Incredibuild\\Temp\BuildsDB_AB42BA03-531E-4A75-828B-3A4C3BC7BD34_1790878456007.gz ].
[2026-10-01 21:14:16.018] [info] [rest_database] [8468] [CoordinatorDatabaseImpl.cpp:839] Coordinator Database: Deleting tables history records after telemetry gZip file was created [ C:\Program Files (x86)\Incredibuild\\Temp\CoordinatorDB_AB42BA03-531E-4A75-828B-3A4C3BC7BD34_1790878456007.gz ]. Purge all data = false
[2026-10-01 21:14:16.019] [info] [rest_telemetry] [8468] [TelemetryManagement.hpp:82] buildDbEmpty: [ true ]
[2026-10-01 21:14:17.704] [info] [rest_telemetry] [8468] [TelemetryManagement.hpp:122] Telemetry upload completed for gZip files:[ C:\Program Files (x86)\Incredibuild\\Temp\BuildsDB_AB42BA03-531E-4A75-828B-3A4C3BC7BD34_1790878456007.gz ], [ C:\Program Files (x86)\Incredibuild\\Temp\CoordinatorDB_AB42BA03-531E-4A75-828B-3A4C3BC7BD34_1790878456007.gz ], upload done for S3:  [ true ]
[2026-10-01 21:14:17.732] [info] [rest_telemetry] [8468] [TelemetryManagement.hpp:137] Telemetry upload completed for zip file:[ C:\Program Files (x86)\Incredibuild\\Temp\DBFiles_AB42BA03-531E-4A75-828B-3A4C3BC7BD34_1790878456007.zip ], upload done for IB Manager (Data Access):  [ true ]
[2026-10-01 21:14:58.866] [info] [rest_module] [8468] [session_handlers.cpp:90] on_session_renew_post - refresh
[2026-10-01 21:24:58.870] [info] [rest_module] [8468] [session_handlers.cpp:90] on_session_renew_post - refresh
[2026-10-01 21:34:58.871] [info] [rest_module] [8468] [session_handlers.cpp:90] on_session_renew_post - refresh
[2026-10-01 21:44:58.884] [info] [rest_module] [8468] [session_handlers.cpp:90] on_session_renew_post - refresh
[2026-10-01 22:34:17.052] [info] [rest_database] [8468] [BuildsDatabaseImpl.cpp:258] Builds Database: Deleting tables history records after telemetry gZip file was created [ C:\Program Files (x86)\Incredibuild\\Temp\BuildsDB_AB42BA03-531E-4A75-828B-3A4C3BC7BD34_1790883255501.gz ].
[2026-10-01 22:34:17.106] [info] [rest_database] [8468] [CoordinatorDatabaseImpl.cpp:839] Coordinator Database: Deleting tables history records after telemetry gZip file was created [ C:\Program Files (x86)\Incredibuild\\Temp\CoordinatorDB_AB42BA03-531E-4A75-828B-3A4C3BC7BD34_1790883255501.gz ]. Purge all data = false
[2026-10-01 22:34:17.107] [info] [rest_telemetry] [8468] [TelemetryManagement.hpp:82] buildDbEmpty: [ true ]
[2026-10-01 22:34:17.115] [warning] [rest_business_logic] [8468] [rest_api.cpp:124] Fail to authenticate: Timeout
[2026-10-01 22:34:17.115] [warning] [rest_module] [8468] [logger_adapter.hpp:39] [connection:3990] try to write response, while socket is closed
[2026-10-01 22:34:17.135] [info] [rest_module] [8468] [session_handlers.cpp:90] on_session_renew_post - refresh
[2026-10-01 22:34:17.143] [warning] [rest_business_logic] [8468] [rest_api.cpp:124] Fail to authenticate: Fail to authenticate
[2026-10-01 22:34:17.151] [warning] [rest_business_logic] [8468] [rest_api.cpp:124] Fail to authenticate: Fail to authenticate
[2026-10-01 22:34:17.157] [warning] [rest_business_logic] [8468] [rest_api.cpp:124] Fail to authenticate: Fail to authenticate
[2026-10-01 22:34:17.163] [warning] [rest_business_logic] [8468] [rest_api.cpp:124] Fail to authenticate: Fail to authenticate
[2026-10-01 22:34:17.171] [warning] [rest_business_logic] [8468] [rest_api.cpp:124] Fail to authenticate: Fail to authenticate
[2026-10-01 22:34:17.171] [error] [rest_telemetry] [8468] [TelemetryManagement.cpp:341] Error resolving domain name: telemetry.incredibuild.com, error: No such host is known
[2026-10-01 22:34:17.171] [error] [rest_telemetry] [8468] [TelemetryManagement.cpp:448] Handling Proxy Setup failed
[2026-10-01 22:34:17.171] [error] [rest_telemetry] [8468] [TelemetryManagement.hpp:113] Failed uploading Telemetry gZip file to S3 [ C:\Program Files (x86)\Incredibuild\\Temp\CoordinatorDB_AB42BA03-531E-4A75-828B-3A4C3BC7BD34_1790883255501.gz ], upload done: [ true ]
[2026-10-01 22:34:17.189] [warning] [rest_business_logic] [8468] [rest_api.cpp:124] Fail to authenticate: Fail to authenticate
[2026-10-01 22:34:17.197] [warning] [rest_business_logic] [8468] [rest_api.cpp:124] Fail to authenticate: Fail to authenticate
[2026-10-01 22:34:17.199] [warning] [rest_business_logic] [8468] [rest_api.cpp:124] Fail to authenticate: Fail to authenticate
[2026-10-01 22:34:17.200] [warning] [rest_business_logic] [8468] [rest_api.cpp:124] Fail to authenticate: Fail to authenticate
[2026-10-01 22:34:17.201] [info] [rest_module] [8468] [session_handlers.cpp:30] on_session_create_post - login
[2026-10-01 22:34:17.213] [info] [rest_business_logic] [8468] [business_logic_relayer.cpp:592] Added new history buffer
[2026-10-01 22:34:17.213] [info] [rest_business_logic] [8468] [business_logic_relayer.cpp:821] Remove diff buffers
[2026-10-01 22:34:17.245] [info] [rest_telemetry] [8468] [TelemetryManagement.hpp:137] Telemetry upload completed for zip file:[ C:\Program Files (x86)\Incredibuild\\Temp\DBFiles_AB42BA03-531E-4A75-828B-3A4C3BC7BD34_1790883255501.zip ], upload done for IB Manager (Data Access):  [ true ]
[2026-10-01 22:34:17.260] [error] [rest_telemetry] [8468] [TelemetryManagement.cpp:341] Error resolving domain name: telemetry.incredibuild.com, error: No such host is known
[2026-10-01 22:34:17.260] [error] [rest_telemetry] [8468] [TelemetryManagement.cpp:448] Handling Proxy Setup failed
[2026-10-01 22:34:17.268] [error] [rest_telemetry] [8468] [TelemetryManagement.cpp:341] Error resolving domain name: telemetry.incredibuild.com, error: No such host is known
[2026-10-01 22:34:17.268] [error] [rest_telemetry] [8468] [TelemetryManagement.cpp:448] Handling Proxy Setup failed
[2026-10-01 22:44:16.874] [info] [rest_module] [8468] [session_handlers.cpp:90] on_session_renew_post - refresh
[2026-10-01 22:54:16.888] [info] [rest_module] [8468] [session_handlers.cpp:90] on_session_renew_post - refresh
[2026-10-01 23:04:16.893] [info] [rest_module] [8468] [session_handlers.cpp:90] on_session_renew_post - refresh
[2026-10-01 23:14:16.901] [info] [rest_module] [8468] [session_handlers.cpp:90] on_session_renew_post - refresh
[2026-10-01 23:24:16.910] [info] [rest_module] [8468] [session_handlers.cpp:90] on_session_renew_post - refresh
[2026-10-01 23:34:16.911] [info] [rest_module] [8468] [session_handlers.cpp:90] on_session_renew_post - refresh
[2026-10-01 23:34:17.018] [info] [rest_database] [8468] [BuildsDatabaseImpl.cpp:258] Builds Database: Deleting tables history records after telemetry gZip file was created [ C:\Program Files (x86)\Incredibuild\\Temp\BuildsDB_AB42BA03-531E-4A75-828B-3A4C3BC7BD34_1790886857014.gz ].
[2026-10-01 23:34:17.023] [info] [rest_database] [8468] [CoordinatorDatabaseImpl.cpp:839] Coordinator Database: Deleting tables history records after telemetry gZip file was created [ C:\Program Files (x86)\Incredibuild\\Temp\CoordinatorDB_AB42BA03-531E-4A75-828B-3A4C3BC7BD34_1790886857014.gz ]. Purge all data = false
[2026-10-01 23:34:17.023] [info] [rest_telemetry] [8468] [TelemetryManagement.hpp:82] buildDbEmpty: [ true ]
[2026-10-01 23:34:17.615] [info] [rest_telemetry] [8468] [TelemetryManagement.hpp:122] Telemetry upload completed for gZip files:[ C:\Program Files (x86)\Incredibuild\\Temp\BuildsDB_AB42BA03-531E-4A75-828B-3A4C3BC7BD34_1790886857014.gz ], [ C:\Program Files (x86)\Incredibuild\\Temp\CoordinatorDB_AB42BA03-531E-4A75-828B-3A4C3BC7BD34_1790886857014.gz ], upload done for S3:  [ true ]
[2026-10-01 23:34:17.637] [info] [rest_telemetry] [8468] [TelemetryManagement.hpp:137] Telemetry upload completed for zip file:[ C:\Program Files (x86)\Incredibuild\\Temp\DBFiles_AB42BA03-531E-4A75-828B-3A4C3BC7BD34_1790886857014.zip ], upload done for IB Manager (Data Access):  [ true ]
[2026-10-01 23:44:16.915] [info] [rest_module] [8468] [session_handlers.cpp:90] on_session_renew_post - refresh
[2026-10-01 23:54:16.929] [info] [rest_module] [8468] [session_handlers.cpp:90] on_session_renew_post - refresh
[2026-10-02 00:04:16.933] [info] [rest_module] [8468] [session_handlers.cpp:90] on_session_renew_post - refresh
[2026-10-02 00:14:16.947] [info] [rest_module] [8468] [session_handlers.cpp:90] on_session_renew_post - refresh
[2026-10-02 00:24:16.953] [info] [rest_module] [8468] [session_handlers.cpp:90] on_session_renew_post - refresh
[2026-10-02 00:34:16.955] [info] [rest_module] [8468] [session_handlers.cpp:90] on_session_renew_post - refresh
[2026-10-02 00:34:18.010] [info] [rest_database] [8468] [BuildsDatabaseImpl.cpp:258] Builds Database: Deleting tables history records after telemetry gZip file was created [ C:\Program Files (x86)\Incredibuild\\Temp\BuildsDB_AB42BA03-531E-4A75-828B-3A4C3BC7BD34_1790890458005.gz ].
[2026-10-02 00:34:18.018] [info] [rest_database] [8468] [CoordinatorDatabaseImpl.cpp:839] Coordinator Database: Deleting tables history records after telemetry gZip file was created [ C:\Program Files (x86)\Incredibuild\\Temp\CoordinatorDB_AB42BA03-531E-4A75-828B-3A4C3BC7BD34_1790890458005.gz ]. Purge all data = false
[2026-10-02 00:34:18.019] [info] [rest_telemetry] [8468] [TelemetryManagement.hpp:82] buildDbEmpty: [ true ]
[2026-10-02 00:34:18.691] [info] [rest_telemetry] [8468] [TelemetryManagement.hpp:122] Telemetry upload completed for gZip files:[ C:\Program Files (x86)\Incredibuild\\Temp\BuildsDB_AB42BA03-531E-4A75-828B-3A4C3BC7BD34_1790890458005.gz ], [ C:\Program Files (x86)\Incredibuild\\Temp\CoordinatorDB_AB42BA03-531E-4A75-828B-3A4C3BC7BD34_1790890458005.gz ], upload done for S3:  [ true ]
[2026-10-02 00:34:18.715] [info] [rest_telemetry] [8468] [TelemetryManagement.hpp:137] Telemetry upload completed for zip file:[ C:\Program Files (x86)\Incredibuild\\Temp\DBFiles_AB42BA03-531E-4A75-828B-3A4C3BC7BD34_1790890458005.zip ], upload done for IB Manager (Data Access):  [ true ]
[2026-10-02 00:44:16.972] [info] [rest_module] [8468] [session_handlers.cpp:90] on_session_renew_post - refresh
[2026-10-02 00:54:16.971] [info] [rest_module] [8468] [session_handlers.cpp:90] on_session_renew_post - refresh
[2026-10-02 01:04:16.971] [info] [rest_module] [8468] [session_handlers.cpp:90] on_session_renew_post - refresh
[2026-10-02 01:14:16.985] [info] [rest_module] [8468] [session_handlers.cpp:90] on_session_renew_post - refresh
[2026-10-02 01:24:16.993] [info] [rest_module] [8468] [session_handlers.cpp:90] on_session_renew_post - refresh
[2026-10-02 01:34:17.002] [info] [rest_module] [8468] [session_handlers.cpp:90] on_session_renew_post - refresh
[2026-10-02 01:34:18.014] [info] [rest_database] [8468] [BuildsDatabaseImpl.cpp:258] Builds Database: Deleting tables history records after telemetry gZip file was created [ C:\Program Files (x86)\Incredibuild\\Temp\BuildsDB_AB42BA03-531E-4A75-828B-3A4C3BC7BD34_1790894058010.gz ].
[2026-10-02 01:34:18.020] [info] [rest_database] [8468] [CoordinatorDatabaseImpl.cpp:839] Coordinator Database: Deleting tables history records after telemetry gZip file was created [ C:\Program Files (x86)\Incredibuild\\Temp\CoordinatorDB_AB42BA03-531E-4A75-828B-3A4C3BC7BD34_1790894058010.gz ]. Purge all data = false
[2026-10-02 01:34:18.020] [info] [rest_telemetry] [8468] [TelemetryManagement.hpp:82] buildDbEmpty: [ true ]
[2026-10-02 01:34:18.732] [info] [rest_telemetry] [8468] [TelemetryManagement.hpp:122] Telemetry upload completed for gZip files:[ C:\Program Files (x86)\Incredibuild\\Temp\BuildsDB_AB42BA03-531E-4A75-828B-3A4C3BC7BD34_1790894058010.gz ], [ C:\Program Files (x86)\Incredibuild\\Temp\CoordinatorDB_AB42BA03-531E-4A75-828B-3A4C3BC7BD34_1790894058010.gz ], upload done for S3:  [ true ]
[2026-10-02 01:34:18.747] [info] [rest_telemetry] [8468] [TelemetryManagement.hpp:137] Telemetry upload completed for zip file:[ C:\Program Files (x86)\Incredibuild\\Temp\DBFiles_AB42BA03-531E-4A75-828B-3A4C3BC7BD34_1790894058010.zip ], upload done for IB Manager (Data Access):  [ true ]
[2026-10-02 01:44:17.015] [info] [rest_module] [8468] [session_handlers.cpp:90] on_session_renew_post - refresh
[2026-10-02 01:54:17.025] [info] [rest_module] [8468] [session_handlers.cpp:90] on_session_renew_post - refresh
[2026-10-02 02:04:17.026] [info] [rest_module] [8468] [session_handlers.cpp:90] on_session_renew_post - refresh
[2026-10-02 02:14:17.036] [info] [rest_module] [8468] [session_handlers.cpp:90] on_session_renew_post - refresh
[2026-10-02 02:24:17.038] [info] [rest_module] [8468] [session_handlers.cpp:90] on_session_renew_post - refresh
[2026-10-02 02:34:17.047] [info] [rest_module] [8468] [session_handlers.cpp:90] on_session_renew_post - refresh
[2026-10-02 02:34:18.011] [info] [rest_database] [8468] [BuildsDatabaseImpl.cpp:258] Builds Database: Deleting tables history records after telemetry gZip file was created [ C:\Program Files (x86)\Incredibuild\\Temp\BuildsDB_AB42BA03-531E-4A75-828B-3A4C3BC7BD34_1790897658007.gz ].
[2026-10-02 02:34:18.022] [info] [rest_database] [8468] [CoordinatorDatabaseImpl.cpp:839] Coordinator Database: Deleting tables history records after telemetry gZip file was created [ C:\Program Files (x86)\Incredibuild\\Temp\CoordinatorDB_AB42BA03-531E-4A75-828B-3A4C3BC7BD34_1790897658007.gz ]. Purge all data = false
[2026-10-02 02:34:18.023] [info] [rest_telemetry] [8468] [TelemetryManagement.hpp:82] buildDbEmpty: [ true ]
[2026-10-02 02:34:18.639] [info] [rest_telemetry] [8468] [TelemetryManagement.hpp:122] Telemetry upload completed for gZip files:[ C:\Program Files (x86)\Incredibuild\\Temp\BuildsDB_AB42BA03-531E-4A75-828B-3A4C3BC7BD34_1790897658007.gz ], [ C:\Program Files (x86)\Incredibuild\\Temp\CoordinatorDB_AB42BA03-531E-4A75-828B-3A4C3BC7BD34_1790897658007.gz ], upload done for S3:  [ true ]
[2026-10-02 02:34:18.673] [info] [rest_telemetry] [8468] [TelemetryManagement.hpp:137] Telemetry upload completed for zip file:[ C:\Program Files (x86)\Incredibuild\\Temp\DBFiles_AB42BA03-531E-4A75-828B-3A4C3BC7BD34_1790897658007.zip ], upload done for IB Manager (Data Access):  [ true ]
[2026-10-02 02:44:17.060] [info] [rest_module] [8468] [session_handlers.cpp:90] on_session_renew_post - refresh
[2026-10-02 02:54:17.058] [info] [rest_module] [8468] [session_handlers.cpp:90] on_session_renew_post - refresh
[2026-10-02 03:04:17.067] [info] [rest_module] [8468] [session_handlers.cpp:90] on_session_renew_post - refresh
[2026-10-02 03:14:17.081] [info] [rest_module] [8468] [session_handlers.cpp:90] on_session_renew_post - refresh
[2026-10-02 03:24:17.086] [info] [rest_module] [8468] [session_handlers.cpp:90] on_session_renew_post - refresh
[2026-10-02 03:34:17.083] [info] [rest_module] [8468] [session_handlers.cpp:90] on_session_renew_post - refresh
[2026-10-02 03:34:18.011] [info] [rest_database] [8468] [BuildsDatabaseImpl.cpp:258] Builds Database: Deleting tables history records after telemetry gZip file was created [ C:\Program Files (x86)\Incredibuild\\Temp\BuildsDB_AB42BA03-531E-4A75-828B-3A4C3BC7BD34_1790901258005.gz ].
[2026-10-02 03:34:18.018] [info] [rest_database] [8468] [CoordinatorDatabaseImpl.cpp:839] Coordinator Database: Deleting tables history records after telemetry gZip file was created [ C:\Program Files (x86)\Incredibuild\\Temp\CoordinatorDB_AB42BA03-531E-4A75-828B-3A4C3BC7BD34_1790901258005.gz ]. Purge all data = false
[2026-10-02 03:34:18.018] [info] [rest_telemetry] [8468] [TelemetryManagement.hpp:82] buildDbEmpty: [ true ]
[2026-10-02 03:34:18.596] [info] [rest_telemetry] [8468] [TelemetryManagement.hpp:122] Telemetry upload completed for gZip files:[ C:\Program Files (x86)\Incredibuild\\Temp\BuildsDB_AB42BA03-531E-4A75-828B-3A4C3BC7BD34_1790901258005.gz ], [ C:\Program Files (x86)\Incredibuild\\Temp\CoordinatorDB_AB42BA03-531E-4A75-828B-3A4C3BC7BD34_1790901258005.gz ], upload done for S3:  [ true ]
[2026-10-02 03:34:18.618] [info] [rest_telemetry] [8468] [TelemetryManagement.hpp:137] Telemetry upload completed for zip file:[ C:\Program Files (x86)\Incredibuild\\Temp\DBFiles_AB42BA03-531E-4A75-828B-3A4C3BC7BD34_1790901258005.zip ], upload done for IB Manager (Data Access):  [ true ]
[2026-10-02 03:44:17.096] [info] [rest_module] [8468] [session_handlers.cpp:90] on_session_renew_post - refresh
[2026-10-02 03:54:17.099] [info] [rest_module] [8468] [session_handlers.cpp:90] on_session_renew_post - refresh
[2026-10-02 04:04:17.103] [info] [rest_module] [8468] [session_handlers.cpp:90] on_session_renew_post - refresh
[2026-10-02 04:14:17.118] [info] [rest_module] [8468] [session_handlers.cpp:90] on_session_renew_post - refresh
[2026-10-02 04:24:17.133] [info] [rest_module] [8468] [session_handlers.cpp:90] on_session_renew_post - refresh
[2026-10-02 04:34:17.143] [info] [rest_module] [8468] [session_handlers.cpp:90] on_session_renew_post - refresh
[2026-10-02 04:34:18.015] [info] [rest_database] [8468] [BuildsDatabaseImpl.cpp:258] Builds Database: Deleting tables history records after telemetry gZip file was created [ C:\Program Files (x86)\Incredibuild\\Temp\BuildsDB_AB42BA03-531E-4A75-828B-3A4C3BC7BD34_1790904858008.gz ].
[2026-10-02 04:34:18.022] [info] [rest_database] [8468] [CoordinatorDatabaseImpl.cpp:839] Coordinator Database: Deleting tables history records after telemetry gZip file was created [ C:\Program Files (x86)\Incredibuild\\Temp\CoordinatorDB_AB42BA03-531E-4A75-828B-3A4C3BC7BD34_1790904858008.gz ]. Purge all data = false
[2026-10-02 04:34:18.022] [info] [rest_telemetry] [8468] [TelemetryManagement.hpp:82] buildDbEmpty: [ true ]
[2026-10-02 04:34:18.664] [info] [rest_telemetry] [8468] [TelemetryManagement.hpp:122] Telemetry upload completed for gZip files:[ C:\Program Files (x86)\Incredibuild\\Temp\BuildsDB_AB42BA03-531E-4A75-828B-3A4C3BC7BD34_1790904858008.gz ], [ C:\Program Files (x86)\Incredibuild\\Temp\CoordinatorDB_AB42BA03-531E-4A75-828B-3A4C3BC7BD34_1790904858008.gz ], upload done for S3:  [ true ]
[2026-10-02 04:34:18.685] [info] [rest_telemetry] [8468] [TelemetryManagement.hpp:137] Telemetry upload completed for zip file:[ C:\Program Files (x86)\Incredibuild\\Temp\DBFiles_AB42BA03-531E-4A75-828B-3A4C3BC7BD34_1790904858008.zip ], upload done for IB Manager (Data Access):  [ true ]
[2026-10-02 04:44:17.144] [info] [rest_module] [8468] [session_handlers.cpp:90] on_session_renew_post - refresh
[2026-10-02 04:54:17.154] [info] [rest_module] [8468] [session_handlers.cpp:90] on_session_renew_post - refresh
[2026-10-02 05:04:17.153] [info] [rest_module] [8468] [session_handlers.cpp:90] on_session_renew_post - refresh
[2026-10-02 05:14:17.169] [info] [rest_module] [8468] [session_handlers.cpp:90] on_session_renew_post - refresh
[2026-10-02 05:24:17.173] [info] [rest_module] [8468] [session_handlers.cpp:90] on_session_renew_post - refresh
[2026-10-02 05:34:17.172] [info] [rest_module] [8468] [session_handlers.cpp:90] on_session_renew_post - refresh
[2026-10-02 05:34:18.014] [info] [rest_database] [8468] [BuildsDatabaseImpl.cpp:258] Builds Database: Deleting tables history records after telemetry gZip file was created [ C:\Program Files (x86)\Incredibuild\\Temp\BuildsDB_AB42BA03-531E-4A75-828B-3A4C3BC7BD34_1790908458009.gz ].
[2026-10-02 05:34:18.021] [info] [rest_database] [8468] [CoordinatorDatabaseImpl.cpp:839] Coordinator Database: Deleting tables history records after telemetry gZip file was created [ C:\Program Files (x86)\Incredibuild\\Temp\CoordinatorDB_AB42BA03-531E-4A75-828B-3A4C3BC7BD34_1790908458009.gz ]. Purge all data = false
[2026-10-02 05:34:18.021] [info] [rest_telemetry] [8468] [TelemetryManagement.hpp:82] buildDbEmpty: [ true ]
[2026-10-02 05:34:18.627] [info] [rest_telemetry] [8468] [TelemetryManagement.hpp:122] Telemetry upload completed for gZip files:[ C:\Program Files (x86)\Incredibuild\\Temp\BuildsDB_AB42BA03-531E-4A75-828B-3A4C3BC7BD34_1790908458009.gz ], [ C:\Program Files (x86)\Incredibuild\\Temp\CoordinatorDB_AB42BA03-531E-4A75-828B-3A4C3BC7BD34_1790908458009.gz ], upload done for S3:  [ true ]
[2026-10-02 05:34:18.650] [info] [rest_telemetry] [8468] [TelemetryManagement.hpp:137] Telemetry upload completed for zip file:[ C:\Program Files (x86)\Incredibuild\\Temp\DBFiles_AB42BA03-531E-4A75-828B-3A4C3BC7BD34_1790908458009.zip ], upload done for IB Manager (Data Access):  [ true ]
[2026-10-02 05:44:17.179] [info] [rest_module] [8468] [session_handlers.cpp:90] on_session_renew_post - refresh
[2026-10-02 05:54:17.187] [info] [rest_module] [8468] [session_handlers.cpp:90] on_session_renew_post - refresh
[2026-10-02 06:04:17.198] [info] [rest_module] [8468] [session_handlers.cpp:90] on_session_renew_post - refresh
[2026-10-02 06:14:17.200] [info] [rest_module] [8468] [session_handlers.cpp:90] on_session_renew_post - refresh
[2026-10-02 06:24:17.212] [info] [rest_module] [8468] [session_handlers.cpp:90] on_session_renew_post - refresh
[2026-10-02 06:34:17.218] [info] [rest_module] [8468] [session_handlers.cpp:90] on_session_renew_post - refresh
[2026-10-02 06:34:18.012] [info] [rest_database] [8468] [BuildsDatabaseImpl.cpp:258] Builds Database: Deleting tables history records after telemetry gZip file was created [ C:\Program Files (x86)\Incredibuild\\Temp\BuildsDB_AB42BA03-531E-4A75-828B-3A4C3BC7BD34_1790912058005.gz ].
[2026-10-02 06:34:18.019] [info] [rest_database] [8468] [CoordinatorDatabaseImpl.cpp:839] Coordinator Database: Deleting tables history records after telemetry gZip file was created [ C:\Program Files (x86)\Incredibuild\\Temp\CoordinatorDB_AB42BA03-531E-4A75-828B-3A4C3BC7BD34_1790912058005.gz ]. Purge all data = false
[2026-10-02 06:34:18.020] [info] [rest_telemetry] [8468] [TelemetryManagement.hpp:82] buildDbEmpty: [ true ]
[2026-10-02 06:34:18.621] [info] [rest_telemetry] [8468] [TelemetryManagement.hpp:122] Telemetry upload completed for gZip files:[ C:\Program Files (x86)\Incredibuild\\Temp\BuildsDB_AB42BA03-531E-4A75-828B-3A4C3BC7BD34_1790912058005.gz ], [ C:\Program Files (x86)\Incredibuild\\Temp\CoordinatorDB_AB42BA03-531E-4A75-828B-3A4C3BC7BD34_1790912058005.gz ], upload done for S3:  [ true ]
[2026-10-02 06:34:18.641] [info] [rest_telemetry] [8468] [TelemetryManagement.hpp:137] Telemetry upload completed for zip file:[ C:\Program Files (x86)\Incredibuild\\Temp\DBFiles_AB42BA03-531E-4A75-828B-3A4C3BC7BD34_1790912058005.zip ], upload done for IB Manager (Data Access):  [ true ]
[2026-10-02 06:44:17.228] [info] [rest_module] [8468] [session_handlers.cpp:90] on_session_renew_post - refresh
[2026-10-02 06:54:17.238] [info] [rest_module] [8468] [session_handlers.cpp:90] on_session_renew_post - refresh
[2026-10-02 07:04:17.248] [info] [rest_module] [8468] [session_handlers.cpp:90] on_session_renew_post - refresh
[2026-10-02 07:14:17.251] [info] [rest_module] [8468] [session_handlers.cpp:90] on_session_renew_post - refresh
[2026-10-02 07:24:17.266] [info] [rest_module] [8468] [session_handlers.cpp:90] on_session_renew_post - refresh
[2026-10-02 07:34:17.272] [info] [rest_module] [8468] [session_handlers.cpp:90] on_session_renew_post - refresh
[2026-10-02 07:34:18.019] [info] [rest_database] [8468] [BuildsDatabaseImpl.cpp:258] Builds Database: Deleting tables history records after telemetry gZip file was created [ C:\Program Files (x86)\Incredibuild\\Temp\BuildsDB_AB42BA03-531E-4A75-828B-3A4C3BC7BD34_1790915658012.gz ].
[2026-10-02 07:34:18.025] [info] [rest_database] [8468] [CoordinatorDatabaseImpl.cpp:839] Coordinator Database: Deleting tables history records after telemetry gZip file was created [ C:\Program Files (x86)\Incredibuild\\Temp\CoordinatorDB_AB42BA03-531E-4A75-828B-3A4C3BC7BD34_1790915658012.gz ]. Purge all data = false
[2026-10-02 07:34:18.025] [info] [rest_telemetry] [8468] [TelemetryManagement.hpp:82] buildDbEmpty: [ true ]
[2026-10-02 07:34:18.710] [info] [rest_telemetry] [8468] [TelemetryManagement.hpp:122] Telemetry upload completed for gZip files:[ C:\Program Files (x86)\Incredibuild\\Temp\BuildsDB_AB42BA03-531E-4A75-828B-3A4C3BC7BD34_1790915658012.gz ], [ C:\Program Files (x86)\Incredibuild\\Temp\CoordinatorDB_AB42BA03-531E-4A75-828B-3A4C3BC7BD34_1790915658012.gz ], upload done for S3:  [ true ]
[2026-10-02 07:34:18.733] [info] [rest_telemetry] [8468] [TelemetryManagement.hpp:137] Telemetry upload completed for zip file:[ C:\Program Files (x86)\Incredibuild\\Temp\DBFiles_AB42BA03-531E-4A75-828B-3A4C3BC7BD34_1790915658012.zip ], upload done for IB Manager (Data Access):  [ true ]
[2026-10-02 07:44:17.286] [info] [rest_module] [8468] [session_handlers.cpp:90] on_session_renew_post - refresh
[2026-10-02 07:54:17.286] [info] [rest_module] [8468] [session_handlers.cpp:90] on_session_renew_post - refresh
[2026-10-02 08:04:17.290] [info] [rest_module] [8468] [session_handlers.cpp:90] on_session_renew_post - refresh
[2026-10-02 08:14:17.298] [info] [rest_module] [8468] [session_handlers.cpp:90] on_session_renew_post - refresh
[2026-10-02 08:24:17.302] [info] [rest_module] [8468] [session_handlers.cpp:90] on_session_renew_post - refresh
[2026-10-02 08:34:17.303] [info] [rest_module] [8468] [session_handlers.cpp:90] on_session_renew_post - refresh
[2026-10-02 08:34:18.010] [info] [rest_database] [8468] [BuildsDatabaseImpl.cpp:258] Builds Database: Deleting tables history records after telemetry gZip file was created [ C:\Program Files (x86)\Incredibuild\\Temp\BuildsDB_AB42BA03-531E-4A75-828B-3A4C3BC7BD34_1790919258005.gz ].
[2026-10-02 08:34:18.016] [info] [rest_database] [8468] [CoordinatorDatabaseImpl.cpp:839] Coordinator Database: Deleting tables history records after telemetry gZip file was created [ C:\Program Files (x86)\Incredibuild\\Temp\CoordinatorDB_AB42BA03-531E-4A75-828B-3A4C3BC7BD34_1790919258005.gz ]. Purge all data = false
[2026-10-02 08:34:18.017] [info] [rest_telemetry] [8468] [TelemetryManagement.hpp:82] buildDbEmpty: [ true ]
[2026-10-02 08:34:18.623] [info] [rest_telemetry] [8468] [TelemetryManagement.hpp:122] Telemetry upload completed for gZip files:[ C:\Program Files (x86)\Incredibuild\\Temp\BuildsDB_AB42BA03-531E-4A75-828B-3A4C3BC7BD34_1790919258005.gz ], [ C:\Program Files (x86)\Incredibuild\\Temp\CoordinatorDB_AB42BA03-531E-4A75-828B-3A4C3BC7BD34_1790919258005.gz ], upload done for S3:  [ true ]
[2026-10-02 08:34:18.649] [info] [rest_telemetry] [8468] [TelemetryManagement.hpp:137] Telemetry upload completed for zip file:[ C:\Program Files (x86)\Incredibuild\\Temp\DBFiles_AB42BA03-531E-4A75-828B-3A4C3BC7BD34_1790919258005.zip ], upload done for IB Manager (Data Access):  [ true ]
[2026-10-02 08:44:17.305] [info] [rest_module] [8468] [session_handlers.cpp:90] on_session_renew_post - refresh
[2026-10-02 08:54:17.323] [info] [rest_module] [8468] [session_handlers.cpp:90] on_session_renew_post - refresh
[2026-10-02 09:04:17.330] [info] [rest_module] [8468] [session_handlers.cpp:90] on_session_renew_post - refresh
[2026-10-02 09:14:17.344] [info] [rest_module] [8468] [session_handlers.cpp:90] on_session_renew_post - refresh
[2026-10-02 09:24:17.351] [info] [rest_module] [8468] [session_handlers.cpp:90] on_session_renew_post - refresh
[2026-10-02 09:34:17.366] [info] [rest_module] [8468] [session_handlers.cpp:90] on_session_renew_post - refresh
[2026-10-02 09:34:18.018] [info] [rest_database] [8468] [BuildsDatabaseImpl.cpp:258] Builds Database: Deleting tables history records after telemetry gZip file was created [ C:\Program Files (x86)\Incredibuild\\Temp\BuildsDB_AB42BA03-531E-4A75-828B-3A4C3BC7BD34_1790922858014.gz ].
[2026-10-02 09:34:18.024] [info] [rest_database] [8468] [CoordinatorDatabaseImpl.cpp:839] Coordinator Database: Deleting tables history records after telemetry gZip file was created [ C:\Program Files (x86)\Incredibuild\\Temp\CoordinatorDB_AB42BA03-531E-4A75-828B-3A4C3BC7BD34_1790922858014.gz ]. Purge all data = false
[2026-10-02 09:34:18.025] [info] [rest_telemetry] [8468] [TelemetryManagement.hpp:82] buildDbEmpty: [ true ]
[2026-10-02 09:34:18.704] [info] [rest_telemetry] [8468] [TelemetryManagement.hpp:122] Telemetry upload completed for gZip files:[ C:\Program Files (x86)\Incredibuild\\Temp\BuildsDB_AB42BA03-531E-4A75-828B-3A4C3BC7BD34_1790922858014.gz ], [ C:\Program Files (x86)\Incredibuild\\Temp\CoordinatorDB_AB42BA03-531E-4A75-828B-3A4C3BC7BD34_1790922858014.gz ], upload done for S3:  [ true ]
[2026-10-02 09:34:18.730] [info] [rest_telemetry] [8468] [TelemetryManagement.hpp:137] Telemetry upload completed for zip file:[ C:\Program Files (x86)\Incredibuild\\Temp\DBFiles_AB42BA03-531E-4A75-828B-3A4C3BC7BD34_1790922858014.zip ], upload done for IB Manager (Data Access):  [ true ]
[2026-10-02 09:44:17.381] [info] [rest_module] [8468] [session_handlers.cpp:90] on_session_renew_post - refresh
[2026-10-02 09:54:17.384] [info] [rest_module] [8468] [session_handlers.cpp:90] on_session_renew_post - refresh
[2026-10-02 10:04:17.392] [info] [rest_module] [8468] [session_handlers.cpp:90] on_session_renew_post - refresh
[2026-10-02 10:14:17.400] [info] [rest_module] [8468] [session_handlers.cpp:90] on_session_renew_post - refresh
[2026-10-02 10:21:44.575] [warning] [rest_business_logic] [8468] [rest_api.cpp:137] Fail to authenticate - no authorization field
[2026-10-02 10:24:17.408] [info] [rest_module] [8468] [session_handlers.cpp:90] on_session_renew_post - refresh
[2026-10-02 10:34:17.411] [info] [rest_module] [8468] [session_handlers.cpp:90] on_session_renew_post - refresh
[2026-10-02 10:34:18.012] [info] [rest_database] [8468] [BuildsDatabaseImpl.cpp:258] Builds Database: Deleting tables history records after telemetry gZip file was created [ C:\Program Files (x86)\Incredibuild\\Temp\BuildsDB_AB42BA03-531E-4A75-828B-3A4C3BC7BD34_1790926458008.gz ].
[2026-10-02 10:34:18.047] [info] [rest_database] [8468] [CoordinatorDatabaseImpl.cpp:839] Coordinator Database: Deleting tables history records after telemetry gZip file was created [ C:\Program Files (x86)\Incredibuild\\Temp\CoordinatorDB_AB42BA03-531E-4A75-828B-3A4C3BC7BD34_1790926458008.gz ]. Purge all data = false
[2026-10-02 10:34:18.050] [info] [rest_telemetry] [8468] [TelemetryManagement.hpp:82] buildDbEmpty: [ false ]
[2026-10-02 10:34:19.996] [info] [rest_telemetry] [8468] [TelemetryManagement.hpp:122] Telemetry upload completed for gZip files:[ C:\Program Files (x86)\Incredibuild\\Temp\BuildsDB_AB42BA03-531E-4A75-828B-3A4C3BC7BD34_1790926458008.gz ], [ C:\Program Files (x86)\Incredibuild\\Temp\CoordinatorDB_AB42BA03-531E-4A75-828B-3A4C3BC7BD34_1790926458008.gz ], upload done for S3:  [ true ]
[2026-10-02 10:34:20.054] [info] [rest_telemetry] [8468] [TelemetryManagement.hpp:137] Telemetry upload completed for zip file:[ C:\Program Files (x86)\Incredibuild\\Temp\DBFiles_AB42BA03-531E-4A75-828B-3A4C3BC7BD34_1790926458008.zip ], upload done for IB Manager (Data Access):  [ true ]
[2026-10-02 10:44:17.427] [info] [rest_module] [8468] [session_handlers.cpp:90] on_session_renew_post - refresh
[2026-10-02 10:54:17.428] [info] [rest_module] [8468] [session_handlers.cpp:90] on_session_renew_post - refresh
[2026-10-02 11:04:17.440] [info] [rest_module] [8468] [session_handlers.cpp:90] on_session_renew_post - refresh
[2026-10-02 11:14:17.443] [info] [rest_module] [8468] [session_handlers.cpp:90] on_session_renew_post - refresh
[2026-10-02 11:24:17.449] [info] [rest_module] [8468] [session_handlers.cpp:90] on_session_renew_post - refresh
[2026-10-02 11:34:17.454] [info] [rest_module] [8468] [session_handlers.cpp:90] on_session_renew_post - refresh
[2026-10-02 11:34:20.007] [info] [rest_database] [8468] [BuildsDatabaseImpl.cpp:258] Builds Database: Deleting tables history records after telemetry gZip file was created [ C:\Program Files (x86)\Incredibuild\\Temp\BuildsDB_AB42BA03-531E-4A75-828B-3A4C3BC7BD34_1790930060000.gz ].
[2026-10-02 11:34:20.014] [info] [rest_database] [8468] [CoordinatorDatabaseImpl.cpp:839] Coordinator Database: Deleting tables history records after telemetry gZip file was created [ C:\Program Files (x86)\Incredibuild\\Temp\CoordinatorDB_AB42BA03-531E-4A75-828B-3A4C3BC7BD34_1790930060000.gz ]. Purge all data = false
[2026-10-02 11:34:20.017] [info] [rest_telemetry] [8468] [TelemetryManagement.hpp:82] buildDbEmpty: [ false ]
[2026-10-02 11:34:21.237] [info] [rest_telemetry] [8468] [TelemetryManagement.hpp:122] Telemetry upload completed for gZip files:[ C:\Program Files (x86)\Incredibuild\\Temp\BuildsDB_AB42BA03-531E-4A75-828B-3A4C3BC7BD34_1790930060000.gz ], [ C:\Program Files (x86)\Incredibuild\\Temp\CoordinatorDB_AB42BA03-531E-4A75-828B-3A4C3BC7BD34_1790930060000.gz ], upload done for S3:  [ true ]
[2026-10-02 11:34:21.262] [info] [rest_telemetry] [8468] [TelemetryManagement.hpp:137] Telemetry upload completed for zip file:[ C:\Program Files (x86)\Incredibuild\\Temp\DBFiles_AB42BA03-531E-4A75-828B-3A4C3BC7BD34_1790930060000.zip ], upload done for IB Manager (Data Access):  [ true ]
[2026-10-02 11:44:17.466] [info] [rest_module] [8468] [session_handlers.cpp:90] on_session_renew_post - refresh
[2026-10-02 11:54:17.479] [info] [rest_module] [8468] [session_handlers.cpp:90] on_session_renew_post - refresh
[2026-10-02 12:04:17.492] [info] [rest_module] [8468] [session_handlers.cpp:90] on_session_renew_post - refresh
[2026-10-02 12:14:17.504] [info] [rest_module] [8468] [session_handlers.cpp:90] on_session_renew_post - refresh
[2026-10-02 12:24:17.517] [info] [rest_module] [8468] [session_handlers.cpp:90] on_session_renew_post - refresh
[2026-10-02 12:34:17.532] [info] [rest_module] [8468] [session_handlers.cpp:90] on_session_renew_post - refresh
[2026-10-02 12:34:21.010] [info] [rest_database] [8468] [BuildsDatabaseImpl.cpp:258] Builds Database: Deleting tables history records after telemetry gZip file was created [ C:\Program Files (x86)\Incredibuild\\Temp\BuildsDB_AB42BA03-531E-4A75-828B-3A4C3BC7BD34_1790933661004.gz ].
[2026-10-02 12:34:21.017] [info] [rest_database] [8468] [CoordinatorDatabaseImpl.cpp:839] Coordinator Database: Deleting tables history records after telemetry gZip file was created [ C:\Program Files (x86)\Incredibuild\\Temp\CoordinatorDB_AB42BA03-531E-4A75-828B-3A4C3BC7BD34_1790933661004.gz ]. Purge all data = false
[2026-10-02 12:34:21.020] [info] [rest_telemetry] [8468] [TelemetryManagement.hpp:82] buildDbEmpty: [ false ]
[2026-10-02 12:34:22.340] [info] [rest_telemetry] [8468] [TelemetryManagement.hpp:122] Telemetry upload completed for gZip files:[ C:\Program Files (x86)\Incredibuild\\Temp\BuildsDB_AB42BA03-531E-4A75-828B-3A4C3BC7BD34_1790933661004.gz ], [ C:\Program Files (x86)\Incredibuild\\Temp\CoordinatorDB_AB42BA03-531E-4A75-828B-3A4C3BC7BD34_1790933661004.gz ], upload done for S3:  [ true ]
[2026-10-02 12:34:22.371] [info] [rest_telemetry] [8468] [TelemetryManagement.hpp:137] Telemetry upload completed for zip file:[ C:\Program Files (x86)\Incredibuild\\Temp\DBFiles_AB42BA03-531E-4A75-828B-3A4C3BC7BD34_1790933661004.zip ], upload done for IB Manager (Data Access):  [ true ]
[2026-10-02 12:44:17.533] [info] [rest_module] [8468] [session_handlers.cpp:90] on_session_renew_post - refresh
[2026-10-02 12:54:17.550] [info] [rest_module] [8468] [session_handlers.cpp:90] on_session_renew_post - refresh
[2026-10-02 13:04:17.556] [info] [rest_module] [8468] [session_handlers.cpp:90] on_session_renew_post - refresh
[2026-10-02 13:14:17.567] [info] [rest_module] [8468] [session_handlers.cpp:90] on_session_renew_post - refresh
[2026-10-02 13:24:17.575] [info] [rest_module] [8468] [session_handlers.cpp:90] on_session_renew_post - refresh
[2026-10-02 13:34:17.591] [info] [rest_module] [8468] [session_handlers.cpp:90] on_session_renew_post - refresh
[2026-10-02 13:34:22.013] [info] [rest_database] [8468] [BuildsDatabaseImpl.cpp:258] Builds Database: Deleting tables history records after telemetry gZip file was created [ C:\Program Files (x86)\Incredibuild\\Temp\BuildsDB_AB42BA03-531E-4A75-828B-3A4C3BC7BD34_1790937262006.gz ].
[2026-10-02 13:34:22.020] [info] [rest_database] [8468] [CoordinatorDatabaseImpl.cpp:839] Coordinator Database: Deleting tables history records after telemetry gZip file was created [ C:\Program Files (x86)\Incredibuild\\Temp\CoordinatorDB_AB42BA03-531E-4A75-828B-3A4C3BC7BD34_1790937262006.gz ]. Purge all data = false
[2026-10-02 13:34:22.021] [info] [rest_telemetry] [8468] [TelemetryManagement.hpp:82] buildDbEmpty: [ true ]
[2026-10-02 13:34:22.795] [info] [rest_telemetry] [8468] [TelemetryManagement.hpp:122] Telemetry upload completed for gZip files:[ C:\Program Files (x86)\Incredibuild\\Temp\BuildsDB_AB42BA03-531E-4A75-828B-3A4C3BC7BD34_1790937262006.gz ], [ C:\Program Files (x86)\Incredibuild\\Temp\CoordinatorDB_AB42BA03-531E-4A75-828B-3A4C3BC7BD34_1790937262006.gz ], upload done for S3:  [ true ]
[2026-10-02 13:34:22.822] [info] [rest_telemetry] [8468] [TelemetryManagement.hpp:137] Telemetry upload completed for zip file:[ C:\Program Files (x86)\Incredibuild\\Temp\DBFiles_AB42BA03-531E-4A75-828B-3A4C3BC7BD34_1790937262006.zip ], upload done for IB Manager (Data Access):  [ true ]
[2026-10-02 13:44:17.594] [info] [rest_module] [8468] [session_handlers.cpp:90] on_session_renew_post - refresh
[2026-10-02 13:54:17.596] [info] [rest_module] [8468] [session_handlers.cpp:90] on_session_renew_post - refresh
[2026-10-02 14:04:17.600] [info] [rest_module] [8468] [session_handlers.cpp:90] on_session_renew_post - refresh
[2026-10-02 14:14:17.605] [info] [rest_module] [8468] [session_handlers.cpp:90] on_session_renew_post - refresh
[2026-10-02 14:24:17.621] [info] [rest_module] [8468] [session_handlers.cpp:90] on_session_renew_post - refresh
[2026-10-02 14:34:17.634] [info] [rest_module] [8468] [session_handlers.cpp:90] on_session_renew_post - refresh
[2026-10-02 14:34:22.009] [info] [rest_database] [8468] [BuildsDatabaseImpl.cpp:258] Builds Database: Deleting tables history records after telemetry gZip file was created [ C:\Program Files (x86)\Incredibuild\\Temp\BuildsDB_AB42BA03-531E-4A75-828B-3A4C3BC7BD34_1790940862003.gz ].
[2026-10-02 14:34:22.016] [info] [rest_database] [8468] [CoordinatorDatabaseImpl.cpp:839] Coordinator Database: Deleting tables history records after telemetry gZip file was created [ C:\Program Files (x86)\Incredibuild\\Temp\CoordinatorDB_AB42BA03-531E-4A75-828B-3A4C3BC7BD34_1790940862003.gz ]. Purge all data = false
[2026-10-02 14:34:22.016] [info] [rest_telemetry] [8468] [TelemetryManagement.hpp:82] buildDbEmpty: [ true ]
[2026-10-02 14:34:22.717] [info] [rest_telemetry] [8468] [TelemetryManagement.hpp:122] Telemetry upload completed for gZip files:[ C:\Program Files (x86)\Incredibuild\\Temp\BuildsDB_AB42BA03-531E-4A75-828B-3A4C3BC7BD34_1790940862003.gz ], [ C:\Program Files (x86)\Incredibuild\\Temp\CoordinatorDB_AB42BA03-531E-4A75-828B-3A4C3BC7BD34_1790940862003.gz ], upload done for S3:  [ true ]
[2026-10-02 14:34:22.744] [info] [rest_telemetry] [8468] [TelemetryManagement.hpp:137] Telemetry upload completed for zip file:[ C:\Program Files (x86)\Incredibuild\\Temp\DBFiles_AB42BA03-531E-4A75-828B-3A4C3BC7BD34_1790940862003.zip ], upload done for IB Manager (Data Access):  [ true ]
[2026-10-02 14:44:17.649] [info] [rest_module] [8468] [session_handlers.cpp:90] on_session_renew_post - refresh
[2026-10-02 14:54:17.650] [info] [rest_module] [8468] [session_handlers.cpp:90] on_session_renew_post - refresh
[2026-10-02 15:04:17.658] [info] [rest_module] [8468] [session_handlers.cpp:90] on_session_renew_post - refresh
[2026-10-02 15:14:17.660] [info] [rest_module] [8468] [session_handlers.cpp:90] on_session_renew_post - refresh
[2026-10-02 15:24:17.676] [info] [rest_module] [8468] [session_handlers.cpp:90] on_session_renew_post - refresh
[2026-10-02 15:34:17.678] [info] [rest_module] [8468] [session_handlers.cpp:90] on_session_renew_post - refresh
[2026-10-02 15:34:22.013] [info] [rest_database] [8468] [BuildsDatabaseImpl.cpp:258] Builds Database: Deleting tables history records after telemetry gZip file was created [ C:\Program Files (x86)\Incredibuild\\Temp\BuildsDB_AB42BA03-531E-4A75-828B-3A4C3BC7BD34_1790944462005.gz ].
[2026-10-02 15:34:22.020] [info] [rest_database] [8468] [CoordinatorDatabaseImpl.cpp:839] Coordinator Database: Deleting tables history records after telemetry gZip file was created [ C:\Program Files (x86)\Incredibuild\\Temp\CoordinatorDB_AB42BA03-531E-4A75-828B-3A4C3BC7BD34_1790944462005.gz ]. Purge all data = false
[2026-10-02 15:34:22.021] [info] [rest_telemetry] [8468] [TelemetryManagement.hpp:82] buildDbEmpty: [ true ]
[2026-10-02 15:34:22.690] [info] [rest_telemetry] [8468] [TelemetryManagement.hpp:122] Telemetry upload completed for gZip files:[ C:\Program Files (x86)\Incredibuild\\Temp\BuildsDB_AB42BA03-531E-4A75-828B-3A4C3BC7BD34_1790944462005.gz ], [ C:\Program Files (x86)\Incredibuild\\Temp\CoordinatorDB_AB42BA03-531E-4A75-828B-3A4C3BC7BD34_1790944462005.gz ], upload done for S3:  [ true ]
[2026-10-02 15:34:22.717] [info] [rest_telemetry] [8468] [TelemetryManagement.hpp:137] Telemetry upload completed for zip file:[ C:\Program Files (x86)\Incredibuild\\Temp\DBFiles_AB42BA03-531E-4A75-828B-3A4C3BC7BD34_1790944462005.zip ], upload done for IB Manager (Data Access):  [ true ]
[2026-10-02 15:44:17.683] [info] [rest_module] [8468] [session_handlers.cpp:90] on_session_renew_post - refresh
[2026-10-02 15:54:17.692] [info] [rest_module] [8468] [session_handlers.cpp:90] on_session_renew_post - refresh
[2026-10-02 16:04:17.709] [info] [rest_module] [8468] [session_handlers.cpp:90] on_session_renew_post - refresh
[2026-10-02 16:14:17.709] [info] [rest_module] [8468] [session_handlers.cpp:90] on_session_renew_post - refresh
[2026-10-02 16:24:17.725] [info] [rest_module] [8468] [session_handlers.cpp:90] on_session_renew_post - refresh
[2026-10-02 16:34:17.723] [info] [rest_module] [8468] [session_handlers.cpp:90] on_session_renew_post - refresh
[2026-10-02 16:34:22.017] [info] [rest_database] [8468] [BuildsDatabaseImpl.cpp:258] Builds Database: Deleting tables history records after telemetry gZip file was created [ C:\Program Files (x86)\Incredibuild\\Temp\BuildsDB_AB42BA03-531E-4A75-828B-3A4C3BC7BD34_1790948062011.gz ].
[2026-10-02 16:34:22.023] [info] [rest_database] [8468] [CoordinatorDatabaseImpl.cpp:839] Coordinator Database: Deleting tables history records after telemetry gZip file was created [ C:\Program Files (x86)\Incredibuild\\Temp\CoordinatorDB_AB42BA03-531E-4A75-828B-3A4C3BC7BD34_1790948062011.gz ]. Purge all data = false
[2026-10-02 16:34:22.024] [info] [rest_telemetry] [8468] [TelemetryManagement.hpp:82] buildDbEmpty: [ true ]
[2026-10-02 16:34:22.723] [info] [rest_telemetry] [8468] [TelemetryManagement.hpp:122] Telemetry upload completed for gZip files:[ C:\Program Files (x86)\Incredibuild\\Temp\BuildsDB_AB42BA03-531E-4A75-828B-3A4C3BC7BD34_1790948062011.gz ], [ C:\Program Files (x86)\Incredibuild\\Temp\CoordinatorDB_AB42BA03-531E-4A75-828B-3A4C3BC7BD34_1790948062011.gz ], upload done for S3:  [ true ]
[2026-10-02 16:34:22.748] [info] [rest_telemetry] [8468] [TelemetryManagement.hpp:137] Telemetry upload completed for zip file:[ C:\Program Files (x86)\Incredibuild\\Temp\DBFiles_AB42BA03-531E-4A75-828B-3A4C3BC7BD34_1790948062011.zip ], upload done for IB Manager (Data Access):  [ true ]
[2026-10-02 16:44:17.736] [info] [rest_module] [8468] [session_handlers.cpp:90] on_session_renew_post - refresh
[2026-10-02 16:54:17.740] [info] [rest_module] [8468] [session_handlers.cpp:90] on_session_renew_post - refresh
[2026-10-02 17:04:17.752] [info] [rest_module] [8468] [session_handlers.cpp:90] on_session_renew_post - refresh
[2026-10-02 17:14:17.765] [info] [rest_module] [8468] [session_handlers.cpp:90] on_session_renew_post - refresh
[2026-10-02 17:24:17.775] [info] [rest_module] [8468] [session_handlers.cpp:90] on_session_renew_post - refresh
[2026-10-02 17:34:17.775] [info] [rest_module] [8468] [session_handlers.cpp:90] on_session_renew_post - refresh
[2026-10-02 17:34:22.013] [info] [rest_database] [8468] [BuildsDatabaseImpl.cpp:258] Builds Database: Deleting tables history records after telemetry gZip file was created [ C:\Program Files (x86)\Incredibuild\\Temp\BuildsDB_AB42BA03-531E-4A75-828B-3A4C3BC7BD34_1790951662009.gz ].
[2026-10-02 17:34:22.020] [info] [rest_database] [8468] [CoordinatorDatabaseImpl.cpp:839] Coordinator Database: Deleting tables history records after telemetry gZip file was created [ C:\Program Files (x86)\Incredibuild\\Temp\CoordinatorDB_AB42BA03-531E-4A75-828B-3A4C3BC7BD34_1790951662009.gz ]. Purge all data = false
[2026-10-02 17:34:22.020] [info] [rest_telemetry] [8468] [TelemetryManagement.hpp:82] buildDbEmpty: [ true ]
[2026-10-02 17:34:22.646] [info] [rest_telemetry] [8468] [TelemetryManagement.hpp:122] Telemetry upload completed for gZip files:[ C:\Program Files (x86)\Incredibuild\\Temp\BuildsDB_AB42BA03-531E-4A75-828B-3A4C3BC7BD34_1790951662009.gz ], [ C:\Program Files (x86)\Incredibuild\\Temp\CoordinatorDB_AB42BA03-531E-4A75-828B-3A4C3BC7BD34_1790951662009.gz ], upload done for S3:  [ true ]
[2026-10-02 17:34:22.672] [info] [rest_telemetry] [8468] [TelemetryManagement.hpp:137] Telemetry upload completed for zip file:[ C:\Program Files (x86)\Incredibuild\\Temp\DBFiles_AB42BA03-531E-4A75-828B-3A4C3BC7BD34_1790951662009.zip ], upload done for IB Manager (Data Access):  [ true ]
[2026-10-02 17:44:17.777] [info] [rest_module] [8468] [session_handlers.cpp:90] on_session_renew_post - refresh
